{
"type": "FeatureCollection",
"name": "geo_38_5",
"crs": { "type": "name", "properties": { "name": "urn:ogc:def:crs:OGC:1.3:CRS84" } },
"features": [
{ "type": "Feature", "properties": { "ID": 3853840640795, "正式名称": "Ｓ薬局　周布店", "機関区分": 5, "都道府県コード": 38, "市区町村コード": 206, "所在地": "愛媛県西条市周布７３番６", "緯度": 33.91259, "経度": 133.085386, "url": "https://www.iryou.teikyouseido.mhlw.go.jp/znk-web/juminkanja/S2430/initialize?prefCd=38&kikanCd=3840640795&kikanKbn=5", "url2": null, "内容": "Ｓ薬局　周布店【5:薬局】愛媛県西条市周布７３番６" }, "geometry": { "type": "Point", "coordinates": [ 133.085386, 33.91259 ] } },
{ "type": "Feature", "properties": { "ID": 3857380000030, "正式名称": "鈴木薬局", "機関区分": 5, "都道府県コード": 38, "市区町村コード": 213, "所在地": "愛媛県四国中央市金生町下分２２２６", "緯度": 33.999362, "経度": 133.588493, "url": "https://www.iryou.teikyouseido.mhlw.go.jp/znk-web/juminkanja/S2430/initialize?prefCd=38&kikanCd=7380000030&kikanKbn=5", "url2": "http://www.suzuki-sizenyaku.com/", "内容": "鈴木薬局【5:薬局】愛媛県四国中央市金生町下分２２２６" }, "geometry": { "type": "Point", "coordinates": [ 133.588493, 33.999362 ] } },
{ "type": "Feature", "properties": { "ID": 3857380000090, "正式名称": "有限会社大西薬局", "機関区分": 5, "都道府県コード": 38, "市区町村コード": 213, "所在地": "愛媛県四国中央市中之庄町１５９３", "緯度": 33.972158, "経度": 133.531943, "url": "https://www.iryou.teikyouseido.mhlw.go.jp/znk-web/juminkanja/S2430/initialize?prefCd=38&kikanCd=7380000090&kikanKbn=5", "url2": null, "内容": "有限会社大西薬局【5:薬局】愛媛県四国中央市中之庄町１５９３" }, "geometry": { "type": "Point", "coordinates": [ 133.531943, 33.972158 ] } },
{ "type": "Feature", "properties": { "ID": 3857380000120, "正式名称": "しんぎ薬局", "機関区分": 5, "都道府県コード": 38, "市区町村コード": 213, "所在地": "愛媛県四国中央市土居町中村１１２１－５", "緯度": 33.958518, "経度": 133.429424, "url": "https://www.iryou.teikyouseido.mhlw.go.jp/znk-web/juminkanja/S2430/initialize?prefCd=38&kikanCd=7380000120&kikanKbn=5", "url2": "http://www.shokokai.or.jp/38/383021S0012/index.htm#sin52909", "内容": "しんぎ薬局【5:薬局】愛媛県四国中央市土居町中村１１２１－５" }, "geometry": { "type": "Point", "coordinates": [ 133.429424, 33.958518 ] } },
{ "type": "Feature", "properties": { "ID": 3857380000180, "正式名称": "さくら薬局土居店", "機関区分": 5, "都道府県コード": 38, "市区町村コード": 213, "所在地": "愛媛県四国中央市土居町中村１２５４－１", "緯度": 33.957685, "経度": 133.430924, "url": "https://www.iryou.teikyouseido.mhlw.go.jp/znk-web/juminkanja/S2430/initialize?prefCd=38&kikanCd=7380000180&kikanKbn=5", "url2": "http://www.chono.co.jp/", "内容": "さくら薬局土居店【5:薬局】愛媛県四国中央市土居町中村１２５４－１" }, "geometry": { "type": "Point", "coordinates": [ 133.430924, 33.957685 ] } },
{ "type": "Feature", "properties": { "ID": 3857380000190, "正式名称": "ふじ薬局", "機関区分": 5, "都道府県コード": 38, "市区町村コード": 213, "所在地": "愛媛県四国中央市川之江町２２７０－７", "緯度": 34.012126, "経度": 133.580437, "url": "https://www.iryou.teikyouseido.mhlw.go.jp/znk-web/juminkanja/S2430/initialize?prefCd=38&kikanCd=7380000190&kikanKbn=5", "url2": null, "内容": "ふじ薬局【5:薬局】愛媛県四国中央市川之江町２２７０－７" }, "geometry": { "type": "Point", "coordinates": [ 133.580437, 34.012126 ] } },
{ "type": "Feature", "properties": { "ID": 3857380000230, "正式名称": "しみず薬局", "機関区分": 5, "都道府県コード": 38, "市区町村コード": 213, "所在地": "愛媛県四国中央市村松町４７８－２９", "緯度": 33.991962, "経度": 133.559662, "url": "https://www.iryou.teikyouseido.mhlw.go.jp/znk-web/juminkanja/S2430/initialize?prefCd=38&kikanCd=7380000230&kikanKbn=5", "url2": null, "内容": "しみず薬局【5:薬局】愛媛県四国中央市村松町４７８－２９" }, "geometry": { "type": "Point", "coordinates": [ 133.559662, 33.991962 ] } },
{ "type": "Feature", "properties": { "ID": 3857380000240, "正式名称": "エンジェル薬局", "機関区分": 5, "都道府県コード": 38, "市区町村コード": 213, "所在地": "愛媛県四国中央市妻鳥町１６６５番地１", "緯度": 33.991295, "経度": 133.567828, "url": "https://www.iryou.teikyouseido.mhlw.go.jp/znk-web/juminkanja/S2430/initialize?prefCd=38&kikanCd=7380000240&kikanKbn=5", "url2": "https://angel-smile-family.com", "内容": "エンジェル薬局【5:薬局】愛媛県四国中央市妻鳥町１６６５番地１" }, "geometry": { "type": "Point", "coordinates": [ 133.567828, 33.991295 ] } },
{ "type": "Feature", "properties": { "ID": 3857380000250, "正式名称": "日本調剤　川之江薬局", "機関区分": 5, "都道府県コード": 38, "市区町村コード": 213, "所在地": "愛媛県四国中央市川之江町２３２５番１", "緯度": 34.012154, "経度": 133.580992, "url": "https://www.iryou.teikyouseido.mhlw.go.jp/znk-web/juminkanja/S2430/initialize?prefCd=38&kikanCd=7380000250&kikanKbn=5", "url2": "http://www.nicho.co.jp", "内容": "日本調剤　川之江薬局【5:薬局】愛媛県四国中央市川之江町２３２５番１" }, "geometry": { "type": "Point", "coordinates": [ 133.580992, 34.012154 ] } },
{ "type": "Feature", "properties": { "ID": 3857380000330, "正式名称": "有限会社愛生堂薬局", "機関区分": 5, "都道府県コード": 38, "市区町村コード": 205, "所在地": "愛媛県新居浜市菊本町１丁目２－２２", "緯度": 33.971264, "経度": 133.283824, "url": "https://www.iryou.teikyouseido.mhlw.go.jp/znk-web/juminkanja/S2430/initialize?prefCd=38&kikanCd=7380000330&kikanKbn=5", "url2": null, "内容": "有限会社愛生堂薬局【5:薬局】愛媛県新居浜市菊本町１丁目２－２２" }, "geometry": { "type": "Point", "coordinates": [ 133.283824, 33.971264 ] } },
{ "type": "Feature", "properties": { "ID": 3857380000370, "正式名称": "西之端薬局", "機関区分": 5, "都道府県コード": 38, "市区町村コード": 205, "所在地": "愛媛県新居浜市中萩町１－５", "緯度": 33.931546, "経度": 133.284548, "url": "https://www.iryou.teikyouseido.mhlw.go.jp/znk-web/juminkanja/S2430/initialize?prefCd=38&kikanCd=7380000370&kikanKbn=5", "url2": "https://niihama.mypl.net/shop/00000348284/", "内容": "西之端薬局【5:薬局】愛媛県新居浜市中萩町１－５" }, "geometry": { "type": "Point", "coordinates": [ 133.284548, 33.931546 ] } },
{ "type": "Feature", "properties": { "ID": 3857380000400, "正式名称": "光琳堂薬局", "機関区分": 5, "都道府県コード": 38, "市区町村コード": 205, "所在地": "愛媛県新居浜市北新町１－３", "緯度": 33.959321, "経度": 133.274242, "url": "https://www.iryou.teikyouseido.mhlw.go.jp/znk-web/juminkanja/S2430/initialize?prefCd=38&kikanCd=7380000400&kikanKbn=5", "url2": "korindo-pharmacy.com", "内容": "光琳堂薬局【5:薬局】愛媛県新居浜市北新町１－３" }, "geometry": { "type": "Point", "coordinates": [ 133.274242, 33.959321 ] } },
{ "type": "Feature", "properties": { "ID": 3857380000480, "正式名称": "若水ハロー薬局", "機関区分": 5, "都道府県コード": 38, "市区町村コード": 205, "所在地": "愛媛県新居浜市若水町１丁目７－１６", "緯度": 33.965987, "経度": 133.278825, "url": "https://www.iryou.teikyouseido.mhlw.go.jp/znk-web/juminkanja/S2430/initialize?prefCd=38&kikanCd=7380000480&kikanKbn=5", "url2": "http://www.hello-pha.jp", "内容": "若水ハロー薬局【5:薬局】愛媛県新居浜市若水町１丁目７－１６" }, "geometry": { "type": "Point", "coordinates": [ 133.278825, 33.965987 ] } },
{ "type": "Feature", "properties": { "ID": 3857380000520, "正式名称": "フロンティア薬局松木町店", "機関区分": 5, "都道府県コード": 38, "市区町村コード": 205, "所在地": "愛媛県新居浜市松木町３－７　水野ビル１Ｆ", "緯度": 33.941796, "経度": 133.292881, "url": "https://www.iryou.teikyouseido.mhlw.go.jp/znk-web/juminkanja/S2430/initialize?prefCd=38&kikanCd=7380000520&kikanKbn=5", "url2": null, "内容": "フロンティア薬局松木町店【5:薬局】愛媛県新居浜市松木町３－７　水野ビル１Ｆ" }, "geometry": { "type": "Point", "coordinates": [ 133.292881, 33.941796 ] } },
{ "type": "Feature", "properties": { "ID": 3857380000630, "正式名称": "すずや薬局", "機関区分": 5, "都道府県コード": 38, "市区町村コード": 206, "所在地": "愛媛県西条市小松町新屋敷甲３５２－１", "緯度": 33.896658, "経度": 133.116786, "url": "https://www.iryou.teikyouseido.mhlw.go.jp/znk-web/juminkanja/S2430/initialize?prefCd=38&kikanCd=7380000630&kikanKbn=5", "url2": null, "内容": "すずや薬局【5:薬局】愛媛県西条市小松町新屋敷甲３５２－１" }, "geometry": { "type": "Point", "coordinates": [ 133.116786, 33.896658 ] } },
{ "type": "Feature", "properties": { "ID": 3857380000640, "正式名称": "あさひ調剤薬局", "機関区分": 5, "都道府県コード": 38, "市区町村コード": 206, "所在地": "愛媛県西条市三津屋南９－４７", "緯度": 33.932043, "経度": 133.089092, "url": "https://www.iryou.teikyouseido.mhlw.go.jp/znk-web/juminkanja/S2430/initialize?prefCd=38&kikanCd=7380000640&kikanKbn=5", "url2": "http://www.asahiyak.server-shared.com/", "内容": "あさひ調剤薬局【5:薬局】愛媛県西条市三津屋南９－４７" }, "geometry": { "type": "Point", "coordinates": [ 133.089092, 33.932043 ] } },
{ "type": "Feature", "properties": { "ID": 3857380000670, "正式名称": "そがめ薬局", "機関区分": 5, "都道府県コード": 38, "市区町村コード": 206, "所在地": "愛媛県西条市樋之口２２－７", "緯度": 33.915074, "経度": 133.170253, "url": "https://www.iryou.teikyouseido.mhlw.go.jp/znk-web/juminkanja/S2430/initialize?prefCd=38&kikanCd=7380000670&kikanKbn=5", "url2": null, "内容": "そがめ薬局【5:薬局】愛媛県西条市樋之口２２－７" }, "geometry": { "type": "Point", "coordinates": [ 133.170253, 33.915074 ] } },
{ "type": "Feature", "properties": { "ID": 3857380000680, "正式名称": "庄野薬局中央店", "機関区分": 5, "都道府県コード": 38, "市区町村コード": 206, "所在地": "愛媛県西条市朔日市７９９－１", "緯度": 33.928989, "経度": 133.179807, "url": "https://www.iryou.teikyouseido.mhlw.go.jp/znk-web/juminkanja/S2430/initialize?prefCd=38&kikanCd=7380000680&kikanKbn=5", "url2": "http://shono-pharmacy.com/", "内容": "庄野薬局中央店【5:薬局】愛媛県西条市朔日市７９９－１" }, "geometry": { "type": "Point", "coordinates": [ 133.179807, 33.928989 ] } },
{ "type": "Feature", "properties": { "ID": 3857380000690, "正式名称": "守谷薬局", "機関区分": 5, "都道府県コード": 38, "市区町村コード": 206, "所在地": "愛媛県西条市朔日市７９９－１", "緯度": 33.92885, "経度": 133.180002, "url": "https://www.iryou.teikyouseido.mhlw.go.jp/znk-web/juminkanja/S2430/initialize?prefCd=38&kikanCd=7380000690&kikanKbn=5", "url2": null, "内容": "守谷薬局【5:薬局】愛媛県西条市朔日市７９９－１" }, "geometry": { "type": "Point", "coordinates": [ 133.180002, 33.92885 ] } },
{ "type": "Feature", "properties": { "ID": 3857380000730, "正式名称": "そがめ薬局大町店", "機関区分": 5, "都道府県コード": 38, "市区町村コード": 206, "所在地": "愛媛県西条市大町７７２－２", "緯度": 33.91413, "経度": 133.190168, "url": "https://www.iryou.teikyouseido.mhlw.go.jp/znk-web/juminkanja/S2430/initialize?prefCd=38&kikanCd=7380000730&kikanKbn=5", "url2": null, "内容": "そがめ薬局大町店【5:薬局】愛媛県西条市大町７７２－２" }, "geometry": { "type": "Point", "coordinates": [ 133.190168, 33.91413 ] } },
{ "type": "Feature", "properties": { "ID": 3857380000750, "正式名称": "ヒアサ薬局　周布店", "機関区分": 5, "都道府県コード": 38, "市区町村コード": 206, "所在地": "愛媛県西条市周布７６０－９", "緯度": 33.917767, "経度": 133.078483, "url": "https://www.iryou.teikyouseido.mhlw.go.jp/znk-web/juminkanja/S2430/initialize?prefCd=38&kikanCd=7380000750&kikanKbn=5", "url2": "http://www13.plala.or.jp/hiasayakkyoku/index.html", "内容": "ヒアサ薬局　周布店【5:薬局】愛媛県西条市周布７６０－９" }, "geometry": { "type": "Point", "coordinates": [ 133.078483, 33.917767 ] } },
{ "type": "Feature", "properties": { "ID": 3857380000760, "正式名称": "日本調剤壬生川薬局", "機関区分": 5, "都道府県コード": 38, "市区町村コード": 206, "所在地": "愛媛県西条市壬生川１２５", "緯度": 33.931987, "経度": 133.07926, "url": "https://www.iryou.teikyouseido.mhlw.go.jp/znk-web/juminkanja/S2430/initialize?prefCd=38&kikanCd=7380000760&kikanKbn=5", "url2": "http//www.nicho.co.jp/", "内容": "日本調剤壬生川薬局【5:薬局】愛媛県西条市壬生川１２５" }, "geometry": { "type": "Point", "coordinates": [ 133.07926, 33.931987 ] } },
{ "type": "Feature", "properties": { "ID": 3857380000780, "正式名称": "西条調剤薬局", "機関区分": 5, "都道府県コード": 38, "市区町村コード": 206, "所在地": "愛媛県西条市大町５４０番地４", "緯度": 33.919824, "経度": 133.190862, "url": "https://www.iryou.teikyouseido.mhlw.go.jp/znk-web/juminkanja/S2430/initialize?prefCd=38&kikanCd=7380000780&kikanKbn=5", "url2": "https://saijyo-yakkyoku.info", "内容": "西条調剤薬局【5:薬局】愛媛県西条市大町５４０番地４" }, "geometry": { "type": "Point", "coordinates": [ 133.190862, 33.919824 ] } },
{ "type": "Feature", "properties": { "ID": 3857380000810, "正式名称": "そがめ薬局上原店", "機関区分": 5, "都道府県コード": 38, "市区町村コード": 205, "所在地": "愛媛県新居浜市上原三丁目１番２９号", "緯度": 33.925603, "経度": 133.280577, "url": "https://www.iryou.teikyouseido.mhlw.go.jp/znk-web/juminkanja/S2430/initialize?prefCd=38&kikanCd=7380000810&kikanKbn=5", "url2": null, "内容": "そがめ薬局上原店【5:薬局】愛媛県新居浜市上原三丁目１番２９号" }, "geometry": { "type": "Point", "coordinates": [ 133.280577, 33.925603 ] } },
{ "type": "Feature", "properties": { "ID": 3857380000820, "正式名称": "さくら薬局中央店", "機関区分": 5, "都道府県コード": 38, "市区町村コード": 205, "所在地": "愛媛県新居浜市坂井町３丁目６番２号", "緯度": 33.944101, "経度": 133.294353, "url": "https://www.iryou.teikyouseido.mhlw.go.jp/znk-web/juminkanja/S2430/initialize?prefCd=38&kikanCd=7380000820&kikanKbn=5", "url2": "http://www.chono.co.jp/", "内容": "さくら薬局中央店【5:薬局】愛媛県新居浜市坂井町３丁目６番２号" }, "geometry": { "type": "Point", "coordinates": [ 133.294353, 33.944101 ] } },
{ "type": "Feature", "properties": { "ID": 3857380000830, "正式名称": "チェリー薬局土橋店", "機関区分": 5, "都道府県コード": 38, "市区町村コード": 205, "所在地": "愛媛県新居浜市土橋１丁目８番２０号", "緯度": 33.935602, "経度": 133.292464, "url": "https://www.iryou.teikyouseido.mhlw.go.jp/znk-web/juminkanja/S2430/initialize?prefCd=38&kikanCd=7380000830&kikanKbn=5", "url2": "http://www.cherry-sw.com/", "内容": "チェリー薬局土橋店【5:薬局】愛媛県新居浜市土橋１丁目８番２０号" }, "geometry": { "type": "Point", "coordinates": [ 133.292464, 33.935602 ] } },
{ "type": "Feature", "properties": { "ID": 3857380000840, "正式名称": "ヒアサ薬局壬生川店", "機関区分": 5, "都道府県コード": 38, "市区町村コード": 206, "所在地": "愛媛県西条市周布４８６番４", "緯度": 33.92871, "経度": 133.078177, "url": "https://www.iryou.teikyouseido.mhlw.go.jp/znk-web/juminkanja/S2430/initialize?prefCd=38&kikanCd=7380000840&kikanKbn=5", "url2": "http://www13.plala.or.jp/hiasayakkyoku/", "内容": "ヒアサ薬局壬生川店【5:薬局】愛媛県西条市周布４８６番４" }, "geometry": { "type": "Point", "coordinates": [ 133.078177, 33.92871 ] } },
{ "type": "Feature", "properties": { "ID": 3857380000850, "正式名称": "千葉薬局", "機関区分": 5, "都道府県コード": 38, "市区町村コード": 205, "所在地": "愛媛県新居浜市東田２丁目甲１８４１－１", "緯度": 33.93838, "経度": 133.317767, "url": "https://www.iryou.teikyouseido.mhlw.go.jp/znk-web/juminkanja/S2430/initialize?prefCd=38&kikanCd=7380000850&kikanKbn=5", "url2": null, "内容": "千葉薬局【5:薬局】愛媛県新居浜市東田２丁目甲１８４１－１" }, "geometry": { "type": "Point", "coordinates": [ 133.317767, 33.93838 ] } },
{ "type": "Feature", "properties": { "ID": 3857380000860, "正式名称": "やませみ薬局", "機関区分": 5, "都道府県コード": 38, "市区町村コード": 205, "所在地": "愛媛県新居浜市喜光地町１丁目１４－１０", "緯度": 33.934519, "経度": 133.302547, "url": "https://www.iryou.teikyouseido.mhlw.go.jp/znk-web/juminkanja/S2430/initialize?prefCd=38&kikanCd=7380000860&kikanKbn=5", "url2": "http://www.agusto.co.jp", "内容": "やませみ薬局【5:薬局】愛媛県新居浜市喜光地町１丁目１４－１０" }, "geometry": { "type": "Point", "coordinates": [ 133.302547, 33.934519 ] } },
{ "type": "Feature", "properties": { "ID": 3857380000910, "正式名称": "あかり調剤薬局", "機関区分": 5, "都道府県コード": 38, "市区町村コード": 206, "所在地": "愛媛県西条市円海寺１番地２", "緯度": 33.93146, "経度": 133.078982, "url": "https://www.iryou.teikyouseido.mhlw.go.jp/znk-web/juminkanja/S2430/initialize?prefCd=38&kikanCd=7380000910&kikanKbn=5", "url2": "http://rengedou.sakura..ne.jp", "内容": "あかり調剤薬局【5:薬局】愛媛県西条市円海寺１番地２" }, "geometry": { "type": "Point", "coordinates": [ 133.078982, 33.93146 ] } },
{ "type": "Feature", "properties": { "ID": 3857380000920, "正式名称": "フクダ薬局西之端店", "機関区分": 5, "都道府県コード": 38, "市区町村コード": 205, "所在地": "愛媛県新居浜市中村１丁目５番３８号", "緯度": 33.932019, "経度": 133.285909, "url": "https://www.iryou.teikyouseido.mhlw.go.jp/znk-web/juminkanja/S2430/initialize?prefCd=38&kikanCd=7380000920&kikanKbn=5", "url2": null, "内容": "フクダ薬局西之端店【5:薬局】愛媛県新居浜市中村１丁目５番３８号" }, "geometry": { "type": "Point", "coordinates": [ 133.285909, 33.932019 ] } },
{ "type": "Feature", "properties": { "ID": 3857380000960, "正式名称": "むらやま薬局", "機関区分": 5, "都道府県コード": 38, "市区町村コード": 205, "所在地": "愛媛県新居浜市船木甲４３２２番地３", "緯度": 33.936755, "経度": 133.325877, "url": "https://www.iryou.teikyouseido.mhlw.go.jp/znk-web/juminkanja/S2430/initialize?prefCd=38&kikanCd=7380000960&kikanKbn=5", "url2": null, "内容": "むらやま薬局【5:薬局】愛媛県新居浜市船木甲４３２２番地３" }, "geometry": { "type": "Point", "coordinates": [ 133.325877, 33.936755 ] } },
{ "type": "Feature", "properties": { "ID": 3857380000990, "正式名称": "菅薬局", "機関区分": 5, "都道府県コード": 38, "市区町村コード": 205, "所在地": "愛媛県新居浜市宇高町３丁目１２－２２", "緯度": 33.979264, "経度": 133.30435, "url": "https://www.iryou.teikyouseido.mhlw.go.jp/znk-web/juminkanja/S2430/initialize?prefCd=38&kikanCd=7380000990&kikanKbn=5", "url2": null, "内容": "菅薬局【5:薬局】愛媛県新居浜市宇高町３丁目１２－２２" }, "geometry": { "type": "Point", "coordinates": [ 133.30435, 33.979264 ] } },
{ "type": "Feature", "properties": { "ID": 3857380001000, "正式名称": "中萩薬局", "機関区分": 5, "都道府県コード": 38, "市区町村コード": 205, "所在地": "愛媛県新居浜市中萩町２－３", "緯度": 33.931741, "経度": 133.284604, "url": "https://www.iryou.teikyouseido.mhlw.go.jp/znk-web/juminkanja/S2430/initialize?prefCd=38&kikanCd=7380001000&kikanKbn=5", "url2": "http://www.agusto.co.jp/", "内容": "中萩薬局【5:薬局】愛媛県新居浜市中萩町２－３" }, "geometry": { "type": "Point", "coordinates": [ 133.284604, 33.931741 ] } },
{ "type": "Feature", "properties": { "ID": 3857380001030, "正式名称": "リブラ薬局", "機関区分": 5, "都道府県コード": 38, "市区町村コード": 206, "所在地": "愛媛県西条市小松町新屋敷甲２０９－６", "緯度": 33.894242, "経度": 133.116481, "url": "https://www.iryou.teikyouseido.mhlw.go.jp/znk-web/juminkanja/S2430/initialize?prefCd=38&kikanCd=7380001030&kikanKbn=5", "url2": null, "内容": "リブラ薬局【5:薬局】愛媛県西条市小松町新屋敷甲２０９－６" }, "geometry": { "type": "Point", "coordinates": [ 133.116481, 33.894242 ] } },
{ "type": "Feature", "properties": { "ID": 3857380001040, "正式名称": "もりや調剤薬局", "機関区分": 5, "都道府県コード": 38, "市区町村コード": 206, "所在地": "愛媛県西条市朔日市３１０－２", "緯度": 33.927434, "経度": 133.19039, "url": "https://www.iryou.teikyouseido.mhlw.go.jp/znk-web/juminkanja/S2430/initialize?prefCd=38&kikanCd=7380001040&kikanKbn=5", "url2": null, "内容": "もりや調剤薬局【5:薬局】愛媛県西条市朔日市３１０－２" }, "geometry": { "type": "Point", "coordinates": [ 133.19039, 33.927434 ] } },
{ "type": "Feature", "properties": { "ID": 3857380001060, "正式名称": "桑原薬局", "機関区分": 5, "都道府県コード": 38, "市区町村コード": 206, "所在地": "愛媛県西条市壬生川６５－１、６５－２", "緯度": 33.935753, "経度": 133.085126, "url": "https://www.iryou.teikyouseido.mhlw.go.jp/znk-web/juminkanja/S2430/initialize?prefCd=38&kikanCd=7380001060&kikanKbn=5", "url2": "https://kuwabara-yakkyoku.info/", "内容": "桑原薬局【5:薬局】愛媛県西条市壬生川６５－１、６５－２" }, "geometry": { "type": "Point", "coordinates": [ 133.085126, 33.935753 ] } },
{ "type": "Feature", "properties": { "ID": 3857380001070, "正式名称": "きんぐ調剤薬局　八幡", "機関区分": 5, "都道府県コード": 38, "市区町村コード": 205, "所在地": "愛媛県新居浜市八幡２丁目５－６", "緯度": 33.981208, "経度": 133.307877, "url": "https://www.iryou.teikyouseido.mhlw.go.jp/znk-web/juminkanja/S2430/initialize?prefCd=38&kikanCd=7380001070&kikanKbn=5", "url2": null, "内容": "きんぐ調剤薬局　八幡【5:薬局】愛媛県新居浜市八幡２丁目５－６" }, "geometry": { "type": "Point", "coordinates": [ 133.307877, 33.981208 ] } },
{ "type": "Feature", "properties": { "ID": 3857380001080, "正式名称": "にこにこ薬局角野店", "機関区分": 5, "都道府県コード": 38, "市区町村コード": 205, "所在地": "愛媛県新居浜市中西町６－４５", "緯度": 33.927464, "経度": 133.300575, "url": "https://www.iryou.teikyouseido.mhlw.go.jp/znk-web/juminkanja/S2430/initialize?prefCd=38&kikanCd=7380001080&kikanKbn=5", "url2": "https://www.act-ph.co.jp/", "内容": "にこにこ薬局角野店【5:薬局】愛媛県新居浜市中西町６－４５" }, "geometry": { "type": "Point", "coordinates": [ 133.300575, 33.927464 ] } },
{ "type": "Feature", "properties": { "ID": 3857380001100, "正式名称": "そがめ薬局壬生川店", "機関区分": 5, "都道府県コード": 38, "市区町村コード": 206, "所在地": "愛媛県西条市壬生川１２３－１", "緯度": 33.932098, "経度": 133.079426, "url": "https://www.iryou.teikyouseido.mhlw.go.jp/znk-web/juminkanja/S2430/initialize?prefCd=38&kikanCd=7380001100&kikanKbn=5", "url2": null, "内容": "そがめ薬局壬生川店【5:薬局】愛媛県西条市壬生川１２３－１" }, "geometry": { "type": "Point", "coordinates": [ 133.079426, 33.932098 ] } },
{ "type": "Feature", "properties": { "ID": 3857380001110, "正式名称": "チェリー薬局", "機関区分": 5, "都道府県コード": 38, "市区町村コード": 205, "所在地": "愛媛県新居浜市松神子３丁目４番４３号", "緯度": 33.973487, "経度": 133.326237, "url": "https://www.iryou.teikyouseido.mhlw.go.jp/znk-web/juminkanja/S2430/initialize?prefCd=38&kikanCd=7380001110&kikanKbn=5", "url2": "http://www.cherry-sw.com", "内容": "チェリー薬局【5:薬局】愛媛県新居浜市松神子３丁目４番４３号" }, "geometry": { "type": "Point", "coordinates": [ 133.326237, 33.973487 ] } },
{ "type": "Feature", "properties": { "ID": 3857380001120, "正式名称": "わかば調剤薬局", "機関区分": 5, "都道府県コード": 38, "市区町村コード": 206, "所在地": "愛媛県西条市周布９２２－２", "緯度": 33.915211, "経度": 133.080788, "url": "https://www.iryou.teikyouseido.mhlw.go.jp/znk-web/juminkanja/S2430/initialize?prefCd=38&kikanCd=7380001120&kikanKbn=5", "url2": null, "内容": "わかば調剤薬局【5:薬局】愛媛県西条市周布９２２－２" }, "geometry": { "type": "Point", "coordinates": [ 133.080788, 33.915211 ] } },
{ "type": "Feature", "properties": { "ID": 3857380001180, "正式名称": "平野屋薬局", "機関区分": 5, "都道府県コード": 38, "市区町村コード": 202, "所在地": "愛媛県今治市北宝来町２丁目２－２２", "緯度": 34.065055, "経度": 132.994538, "url": "https://www.iryou.teikyouseido.mhlw.go.jp/znk-web/juminkanja/S2430/initialize?prefCd=38&kikanCd=7380001180&kikanKbn=5", "url2": "2257220603050", "内容": "平野屋薬局【5:薬局】愛媛県今治市北宝来町２丁目２－２２" }, "geometry": { "type": "Point", "coordinates": [ 132.994538, 34.065055 ] } },
{ "type": "Feature", "properties": { "ID": 3857380001210, "正式名称": "今治薬局", "機関区分": 5, "都道府県コード": 38, "市区町村コード": 202, "所在地": "愛媛県今治市常盤町２丁目１－８", "緯度": 34.067832, "経度": 133.003177, "url": "https://www.iryou.teikyouseido.mhlw.go.jp/znk-web/juminkanja/S2430/initialize?prefCd=38&kikanCd=7380001210&kikanKbn=5", "url2": null, "内容": "今治薬局【5:薬局】愛媛県今治市常盤町２丁目１－８" }, "geometry": { "type": "Point", "coordinates": [ 133.003177, 34.067832 ] } },
{ "type": "Feature", "properties": { "ID": 3857380001220, "正式名称": "岩城薬局", "機関区分": 5, "都道府県コード": 38, "市区町村コード": 356, "所在地": "愛媛県越智郡上島町岩城１８８２", "緯度": 34.245483, "経度": 133.144157, "url": "https://www.iryou.teikyouseido.mhlw.go.jp/znk-web/juminkanja/S2430/initialize?prefCd=38&kikanCd=7380001220&kikanKbn=5", "url2": null, "内容": "岩城薬局【5:薬局】愛媛県越智郡上島町岩城１８８２" }, "geometry": { "type": "Point", "coordinates": [ 133.144157, 34.245483 ] } },
{ "type": "Feature", "properties": { "ID": 3857380001250, "正式名称": "おぐに薬局大西店", "機関区分": 5, "都道府県コード": 38, "市区町村コード": 202, "所在地": "愛媛県今治市大西町紺原甲８２６－１", "緯度": 34.067051, "経度": 132.938114, "url": "https://www.iryou.teikyouseido.mhlw.go.jp/znk-web/juminkanja/S2430/initialize?prefCd=38&kikanCd=7380001250&kikanKbn=5", "url2": "http://www.oguni-pharmacy.com", "内容": "おぐに薬局大西店【5:薬局】愛媛県今治市大西町紺原甲８２６－１" }, "geometry": { "type": "Point", "coordinates": [ 132.938114, 34.067051 ] } },
{ "type": "Feature", "properties": { "ID": 3857380001270, "正式名称": "香川薬局", "機関区分": 5, "都道府県コード": 38, "市区町村コード": 202, "所在地": "愛媛県今治市常盤町７丁目１－３５", "緯度": 34.056556, "経度": 132.989623, "url": "https://www.iryou.teikyouseido.mhlw.go.jp/znk-web/juminkanja/S2430/initialize?prefCd=38&kikanCd=7380001270&kikanKbn=5", "url2": null, "内容": "香川薬局【5:薬局】愛媛県今治市常盤町７丁目１－３５" }, "geometry": { "type": "Point", "coordinates": [ 132.989623, 34.056556 ] } },
{ "type": "Feature", "properties": { "ID": 3857380001280, "正式名称": "鴨頭薬局", "機関区分": 5, "都道府県コード": 38, "市区町村コード": 202, "所在地": "愛媛県今治市栄町４丁目２－２６", "緯度": 34.070082, "経度": 132.999427, "url": "https://www.iryou.teikyouseido.mhlw.go.jp/znk-web/juminkanja/S2430/initialize?prefCd=38&kikanCd=7380001280&kikanKbn=5", "url2": null, "内容": "鴨頭薬局【5:薬局】愛媛県今治市栄町４丁目２－２６" }, "geometry": { "type": "Point", "coordinates": [ 132.999427, 34.070082 ] } },
{ "type": "Feature", "properties": { "ID": 3857380001290, "正式名称": "カモ調剤薬局", "機関区分": 5, "都道府県コード": 38, "市区町村コード": 202, "所在地": "愛媛県今治市高市甲２６６－１", "緯度": 34.028031, "経度": 133.008261, "url": "https://www.iryou.teikyouseido.mhlw.go.jp/znk-web/juminkanja/S2430/initialize?prefCd=38&kikanCd=7380001290&kikanKbn=5", "url2": "https://kamochozaiyakkyoku,wixsite.com/my-site-1", "内容": "カモ調剤薬局【5:薬局】愛媛県今治市高市甲２６６－１" }, "geometry": { "type": "Point", "coordinates": [ 133.008261, 34.028031 ] } },
{ "type": "Feature", "properties": { "ID": 3857380001350, "正式名称": "寺尾薬局", "機関区分": 5, "都道府県コード": 38, "市区町村コード": 202, "所在地": "愛媛県今治市常盤町３丁目２－８", "緯度": 34.066749, "経度": 133.000899, "url": "https://www.iryou.teikyouseido.mhlw.go.jp/znk-web/juminkanja/S2430/initialize?prefCd=38&kikanCd=7380001350&kikanKbn=5", "url2": null, "内容": "寺尾薬局【5:薬局】愛媛県今治市常盤町３丁目２－８" }, "geometry": { "type": "Point", "coordinates": [ 133.000899, 34.066749 ] } },
{ "type": "Feature", "properties": { "ID": 3857380001360, "正式名称": "寺尾別宮薬局", "機関区分": 5, "都道府県コード": 38, "市区町村コード": 202, "所在地": "愛媛県今治市別宮町３丁目７－２２", "緯度": 34.069243, "経度": 132.994452, "url": "https://www.iryou.teikyouseido.mhlw.go.jp/znk-web/juminkanja/S2430/initialize?prefCd=38&kikanCd=7380001360&kikanKbn=5", "url2": null, "内容": "寺尾別宮薬局【5:薬局】愛媛県今治市別宮町３丁目７－２２" }, "geometry": { "type": "Point", "coordinates": [ 132.994452, 34.069243 ] } },
{ "type": "Feature", "properties": { "ID": 3857380001420, "正式名称": "文化堂薬局高市店", "機関区分": 5, "都道府県コード": 38, "市区町村コード": 202, "所在地": "愛媛県今治市高市甲２１－２", "緯度": 34.031281, "経度": 133.01115, "url": "https://www.iryou.teikyouseido.mhlw.go.jp/znk-web/juminkanja/S2430/initialize?prefCd=38&kikanCd=7380001420&kikanKbn=5", "url2": null, "内容": "文化堂薬局高市店【5:薬局】愛媛県今治市高市甲２１－２" }, "geometry": { "type": "Point", "coordinates": [ 133.01115, 34.031281 ] } },
{ "type": "Feature", "properties": { "ID": 3857380001450, "正式名称": "丸益薬局", "機関区分": 5, "都道府県コード": 38, "市区町村コード": 202, "所在地": "愛媛県今治市吉海町八幡５８－３", "緯度": 34.146519, "経度": 133.044669, "url": "https://www.iryou.teikyouseido.mhlw.go.jp/znk-web/juminkanja/S2430/initialize?prefCd=38&kikanCd=7380001450&kikanKbn=5", "url2": null, "内容": "丸益薬局【5:薬局】愛媛県今治市吉海町八幡５８－３" }, "geometry": { "type": "Point", "coordinates": [ 133.044669, 34.146519 ] } },
{ "type": "Feature", "properties": { "ID": 3857380001470, "正式名称": "レデイ薬局　今治東店", "機関区分": 5, "都道府県コード": 38, "市区町村コード": 202, "所在地": "愛媛県今治市東村５丁目９番３３号", "緯度": 34.03802, "経度": 133.021613, "url": "https://www.iryou.teikyouseido.mhlw.go.jp/znk-web/juminkanja/S2430/initialize?prefCd=38&kikanCd=7380001470&kikanKbn=5", "url2": "http://www.lady-drug.co.jp", "内容": "レデイ薬局　今治東店【5:薬局】愛媛県今治市東村５丁目９番３３号" }, "geometry": { "type": "Point", "coordinates": [ 133.021613, 34.03802 ] } },
{ "type": "Feature", "properties": { "ID": 3857380001490, "正式名称": "矢野調剤薬局", "機関区分": 5, "都道府県コード": 38, "市区町村コード": 202, "所在地": "愛媛県今治市桜井２丁目６－２３", "緯度": 34.02038, "経度": 133.037216, "url": "https://www.iryou.teikyouseido.mhlw.go.jp/znk-web/juminkanja/S2430/initialize?prefCd=38&kikanCd=7380001490&kikanKbn=5", "url2": null, "内容": "矢野調剤薬局【5:薬局】愛媛県今治市桜井２丁目６－２３" }, "geometry": { "type": "Point", "coordinates": [ 133.037216, 34.02038 ] } },
{ "type": "Feature", "properties": { "ID": 3857380001500, "正式名称": "有限会社矢野薬局", "機関区分": 5, "都道府県コード": 38, "市区町村コード": 202, "所在地": "愛媛県今治市南宝来町２丁目２－１", "緯度": 34.060611, "経度": 132.999483, "url": "https://www.iryou.teikyouseido.mhlw.go.jp/znk-web/juminkanja/S2430/initialize?prefCd=38&kikanCd=7380001500&kikanKbn=5", "url2": null, "内容": "有限会社矢野薬局【5:薬局】愛媛県今治市南宝来町２丁目２－１" }, "geometry": { "type": "Point", "coordinates": [ 132.999483, 34.060611 ] } },
{ "type": "Feature", "properties": { "ID": 3857380001530, "正式名称": "有限会社渡辺峰松堂薬局", "機関区分": 5, "都道府県コード": 38, "市区町村コード": 202, "所在地": "愛媛県今治市常盤町３丁目６－７", "緯度": 34.06611, "経度": 132.999788, "url": "https://www.iryou.teikyouseido.mhlw.go.jp/znk-web/juminkanja/S2430/initialize?prefCd=38&kikanCd=7380001530&kikanKbn=5", "url2": null, "内容": "有限会社渡辺峰松堂薬局【5:薬局】愛媛県今治市常盤町３丁目６－７" }, "geometry": { "type": "Point", "coordinates": [ 132.999788, 34.06611 ] } },
{ "type": "Feature", "properties": { "ID": 3857380001540, "正式名称": "ひまわり薬局", "機関区分": 5, "都道府県コード": 38, "市区町村コード": 202, "所在地": "愛媛県今治市波方町樋口甲１６８２－３", "緯度": 34.099002, "経度": 132.950279, "url": "https://www.iryou.teikyouseido.mhlw.go.jp/znk-web/juminkanja/S2430/initialize?prefCd=38&kikanCd=7380001540&kikanKbn=5", "url2": null, "内容": "ひまわり薬局【5:薬局】愛媛県今治市波方町樋口甲１６８２－３" }, "geometry": { "type": "Point", "coordinates": [ 132.950279, 34.099002 ] } },
{ "type": "Feature", "properties": { "ID": 3857380001590, "正式名称": "有津おかもと薬局", "機関区分": 5, "都道府県コード": 38, "市区町村コード": 202, "所在地": "愛媛県今治市伯方町有津甲２３３０－２", "緯度": 34.202586, "経度": 133.09261, "url": "https://www.iryou.teikyouseido.mhlw.go.jp/znk-web/juminkanja/S2430/initialize?prefCd=38&kikanCd=7380001590&kikanKbn=5", "url2": "https://www.okamotopha.com/", "内容": "有津おかもと薬局【5:薬局】愛媛県今治市伯方町有津甲２３３０－２" }, "geometry": { "type": "Point", "coordinates": [ 133.09261, 34.202586 ] } },
{ "type": "Feature", "properties": { "ID": 3857380001610, "正式名称": "あさひ薬局", "機関区分": 5, "都道府県コード": 38, "市区町村コード": 202, "所在地": "愛媛県今治市高部甲５２６番地６", "緯度": 34.094579, "経度": 132.975233, "url": "https://www.iryou.teikyouseido.mhlw.go.jp/znk-web/juminkanja/S2430/initialize?prefCd=38&kikanCd=7380001610&kikanKbn=5", "url2": "http://www.asahiyak.server-shared.com/", "内容": "あさひ薬局【5:薬局】愛媛県今治市高部甲５２６番地６" }, "geometry": { "type": "Point", "coordinates": [ 132.975233, 34.094579 ] } },
{ "type": "Feature", "properties": { "ID": 3857380001630, "正式名称": "くすのき調剤薬局", "機関区分": 5, "都道府県コード": 38, "市区町村コード": 202, "所在地": "愛媛県今治市菊間町浜１０３９番地３", "緯度": 34.037583, "経度": 132.845108, "url": "https://www.iryou.teikyouseido.mhlw.go.jp/znk-web/juminkanja/S2430/initialize?prefCd=38&kikanCd=7380001630&kikanKbn=5", "url2": null, "内容": "くすのき調剤薬局【5:薬局】愛媛県今治市菊間町浜１０３９番地３" }, "geometry": { "type": "Point", "coordinates": [ 132.845108, 34.037583 ] } },
{ "type": "Feature", "properties": { "ID": 3857380001650, "正式名称": "べつみょう薬局", "機関区分": 5, "都道府県コード": 38, "市区町村コード": 202, "所在地": "愛媛県今治市別名字中河原１９９番１", "緯度": 34.042363, "経度": 132.976624, "url": "https://www.iryou.teikyouseido.mhlw.go.jp/znk-web/juminkanja/S2430/initialize?prefCd=38&kikanCd=7380001650&kikanKbn=5", "url2": "http://www.healinglavie.com/betsumyou/", "内容": "べつみょう薬局【5:薬局】愛媛県今治市別名字中河原１９９番１" }, "geometry": { "type": "Point", "coordinates": [ 132.976624, 34.042363 ] } },
{ "type": "Feature", "properties": { "ID": 3857380001670, "正式名称": "西山薬局", "機関区分": 5, "都道府県コード": 38, "市区町村コード": 202, "所在地": "愛媛県今治市本町５丁目６－５", "緯度": 34.073748, "経度": 132.998732, "url": "https://www.iryou.teikyouseido.mhlw.go.jp/znk-web/juminkanja/S2430/initialize?prefCd=38&kikanCd=7380001670&kikanKbn=5", "url2": null, "内容": "西山薬局【5:薬局】愛媛県今治市本町５丁目６－５" }, "geometry": { "type": "Point", "coordinates": [ 132.998732, 34.073748 ] } },
{ "type": "Feature", "properties": { "ID": 3857380001680, "正式名称": "近見調剤薬局", "機関区分": 5, "都道府県コード": 38, "市区町村コード": 202, "所在地": "愛媛県今治市石井町４丁目６－２５", "緯度": 34.085123, "経度": 132.987491, "url": "https://www.iryou.teikyouseido.mhlw.go.jp/znk-web/juminkanja/S2430/initialize?prefCd=38&kikanCd=7380001680&kikanKbn=5", "url2": null, "内容": "近見調剤薬局【5:薬局】愛媛県今治市石井町４丁目６－２５" }, "geometry": { "type": "Point", "coordinates": [ 132.987491, 34.085123 ] } },
{ "type": "Feature", "properties": { "ID": 3857380001690, "正式名称": "今治けんこう薬局", "機関区分": 5, "都道府県コード": 38, "市区町村コード": 202, "所在地": "愛媛県今治市常盤町５丁目３－３９", "緯度": 34.060583, "経度": 132.994067, "url": "https://www.iryou.teikyouseido.mhlw.go.jp/znk-web/juminkanja/S2430/initialize?prefCd=38&kikanCd=7380001690&kikanKbn=5", "url2": null, "内容": "今治けんこう薬局【5:薬局】愛媛県今治市常盤町５丁目３－３９" }, "geometry": { "type": "Point", "coordinates": [ 132.994067, 34.060583 ] } },
{ "type": "Feature", "properties": { "ID": 3857380001710, "正式名称": "グリーン薬局", "機関区分": 5, "都道府県コード": 38, "市区町村コード": 202, "所在地": "愛媛県今治市伯方町木浦甲３４４８－１", "緯度": 34.20407, "経度": 133.112772, "url": "https://www.iryou.teikyouseido.mhlw.go.jp/znk-web/juminkanja/S2430/initialize?prefCd=38&kikanCd=7380001710&kikanKbn=5", "url2": null, "内容": "グリーン薬局【5:薬局】愛媛県今治市伯方町木浦甲３４４８－１" }, "geometry": { "type": "Point", "coordinates": [ 133.112772, 34.20407 ] } },
{ "type": "Feature", "properties": { "ID": 3857380001720, "正式名称": "いけだ薬局", "機関区分": 5, "都道府県コード": 38, "市区町村コード": 202, "所在地": "愛媛県今治市北日吉町１丁目２５番５号", "緯度": 34.064416, "経度": 132.99215, "url": "https://www.iryou.teikyouseido.mhlw.go.jp/znk-web/juminkanja/S2430/initialize?prefCd=38&kikanCd=7380001720&kikanKbn=5", "url2": "http://www.healinglavie.com/ikeda/", "内容": "いけだ薬局【5:薬局】愛媛県今治市北日吉町１丁目２５番５号" }, "geometry": { "type": "Point", "coordinates": [ 132.99215, 34.064416 ] } },
{ "type": "Feature", "properties": { "ID": 3857380001730, "正式名称": "さくら薬局今治店", "機関区分": 5, "都道府県コード": 38, "市区町村コード": 202, "所在地": "愛媛県今治市共栄町２丁目２－１", "緯度": 34.067832, "経度": 132.999871, "url": "https://www.iryou.teikyouseido.mhlw.go.jp/znk-web/juminkanja/S2430/initialize?prefCd=38&kikanCd=7380001730&kikanKbn=5", "url2": null, "内容": "さくら薬局今治店【5:薬局】愛媛県今治市共栄町２丁目２－１" }, "geometry": { "type": "Point", "coordinates": [ 132.999871, 34.067832 ] } },
{ "type": "Feature", "properties": { "ID": 3857380001740, "正式名称": "すみむら薬局", "機関区分": 5, "都道府県コード": 38, "市区町村コード": 202, "所在地": "愛媛県今治市大西町紺原甲３０３番３", "緯度": 34.064833, "経度": 132.9939, "url": "https://www.iryou.teikyouseido.mhlw.go.jp/znk-web/juminkanja/S2430/initialize?prefCd=38&kikanCd=7380001740&kikanKbn=5", "url2": "https://r.goope.jp/sr-38-382021s0148/", "内容": "すみむら薬局【5:薬局】愛媛県今治市大西町紺原甲３０３番３" }, "geometry": { "type": "Point", "coordinates": [ 132.9939, 34.064833 ] } },
{ "type": "Feature", "properties": { "ID": 3857380001750, "正式名称": "こまち調剤薬局", "機関区分": 5, "都道府県コード": 38, "市区町村コード": 202, "所在地": "愛媛県今治市南日吉町２丁目３番地３６号", "緯度": 34.056602, "経度": 132.99123, "url": "https://www.iryou.teikyouseido.mhlw.go.jp/znk-web/juminkanja/S2430/initialize?prefCd=38&kikanCd=7380001750&kikanKbn=5", "url2": null, "内容": "こまち調剤薬局【5:薬局】愛媛県今治市南日吉町２丁目３番地３６号" }, "geometry": { "type": "Point", "coordinates": [ 132.99123, 34.056602 ] } },
{ "type": "Feature", "properties": { "ID": 3857380001780, "正式名称": "上浦ハート薬局", "機関区分": 5, "都道府県コード": 38, "市区町村コード": 202, "所在地": "愛媛県今治市上浦町井口５２９７－１", "緯度": 34.262784, "経度": 133.035026, "url": "https://www.iryou.teikyouseido.mhlw.go.jp/znk-web/juminkanja/S2430/initialize?prefCd=38&kikanCd=7380001780&kikanKbn=5", "url2": "https://kanadai-medical.jp/", "内容": "上浦ハート薬局【5:薬局】愛媛県今治市上浦町井口５２９７－１" }, "geometry": { "type": "Point", "coordinates": [ 133.035026, 34.262784 ] } },
{ "type": "Feature", "properties": { "ID": 3857380001790, "正式名称": "しまなみ薬局", "機関区分": 5, "都道府県コード": 38, "市区町村コード": 202, "所在地": "愛媛県今治市北日吉町１丁目１４－７", "緯度": 34.065305, "経度": 132.990955, "url": "https://www.iryou.teikyouseido.mhlw.go.jp/znk-web/juminkanja/S2430/initialize?prefCd=38&kikanCd=7380001790&kikanKbn=5", "url2": "http://www.agusto.co.jp", "内容": "しまなみ薬局【5:薬局】愛媛県今治市北日吉町１丁目１４－７" }, "geometry": { "type": "Point", "coordinates": [ 132.990955, 34.065305 ] } },
{ "type": "Feature", "properties": { "ID": 3857380001810, "正式名称": "平野拝志薬局", "機関区分": 5, "都道府県コード": 38, "市区町村コード": 202, "所在地": "愛媛県今治市喜田村６丁目５－１４", "緯度": 34.042724, "経度": 133.024009, "url": "https://www.iryou.teikyouseido.mhlw.go.jp/znk-web/juminkanja/S2430/initialize?prefCd=38&kikanCd=7380001810&kikanKbn=5", "url2": "2257220603050", "内容": "平野拝志薬局【5:薬局】愛媛県今治市喜田村６丁目５－１４" }, "geometry": { "type": "Point", "coordinates": [ 133.024009, 34.042724 ] } },
{ "type": "Feature", "properties": { "ID": 3857380001860, "正式名称": "コスモ調剤薬局松木店", "機関区分": 5, "都道府県コード": 38, "市区町村コード": 202, "所在地": "愛媛県今治市松木字五反地２９－１３", "緯度": 34.032791, "経度": 133.007125, "url": "https://www.iryou.teikyouseido.mhlw.go.jp/znk-web/juminkanja/S2430/initialize?prefCd=38&kikanCd=7380001860&kikanKbn=5", "url2": null, "内容": "コスモ調剤薬局松木店【5:薬局】愛媛県今治市松木字五反地２９－１３" }, "geometry": { "type": "Point", "coordinates": [ 133.007125, 34.032791 ] } },
{ "type": "Feature", "properties": { "ID": 3857380001870, "正式名称": "みどり薬局", "機関区分": 5, "都道府県コード": 38, "市区町村コード": 202, "所在地": "愛媛県今治市北日吉町１丁目１４－７", "緯度": 34.065239, "経度": 132.990967, "url": "https://www.iryou.teikyouseido.mhlw.go.jp/znk-web/juminkanja/S2430/initialize?prefCd=38&kikanCd=7380001870&kikanKbn=5", "url2": "http://www.agusto.co.jp", "内容": "みどり薬局【5:薬局】愛媛県今治市北日吉町１丁目１４－７" }, "geometry": { "type": "Point", "coordinates": [ 132.990967, 34.065239 ] } },
{ "type": "Feature", "properties": { "ID": 3857380001900, "正式名称": "平野あさくら薬局", "機関区分": 5, "都道府県コード": 38, "市区町村コード": 202, "所在地": "愛媛県今治市朝倉下甲４５２－３", "緯度": 33.997674, "経度": 133.019512, "url": "https://www.iryou.teikyouseido.mhlw.go.jp/znk-web/juminkanja/S2430/initialize?prefCd=38&kikanCd=7380001900&kikanKbn=5", "url2": "2257220603050", "内容": "平野あさくら薬局【5:薬局】愛媛県今治市朝倉下甲４５２－３" }, "geometry": { "type": "Point", "coordinates": [ 133.019512, 33.997674 ] } },
{ "type": "Feature", "properties": { "ID": 3857380001930, "正式名称": "よこがわら薬局", "機関区分": 5, "都道府県コード": 38, "市区町村コード": 215, "所在地": "愛媛県東温市横河原３４２", "緯度": 33.802503, "経度": 132.884331, "url": "https://www.iryou.teikyouseido.mhlw.go.jp/znk-web/juminkanja/S2430/initialize?prefCd=38&kikanCd=7380001930&kikanKbn=5", "url2": null, "内容": "よこがわら薬局【5:薬局】愛媛県東温市横河原３４２" }, "geometry": { "type": "Point", "coordinates": [ 132.884331, 33.802503 ] } },
{ "type": "Feature", "properties": { "ID": 3857380001940, "正式名称": "株式会社澤田薬局", "機関区分": 5, "都道府県コード": 38, "市区町村コード": 386, "所在地": "愛媛県上浮穴郡久万高原町久万１７１－１", "緯度": 33.654542, "経度": 132.903398, "url": "https://www.iryou.teikyouseido.mhlw.go.jp/znk-web/juminkanja/S2430/initialize?prefCd=38&kikanCd=7380001940&kikanKbn=5", "url2": "http://www.meltyclub.com/sawada/", "内容": "株式会社澤田薬局【5:薬局】愛媛県上浮穴郡久万高原町久万１７１－１" }, "geometry": { "type": "Point", "coordinates": [ 132.903398, 33.654542 ] } },
{ "type": "Feature", "properties": { "ID": 3857380001950, "正式名称": "あい薬局", "機関区分": 5, "都道府県コード": 38, "市区町村コード": 215, "所在地": "愛媛県東温市志津川１６４－１", "緯度": 33.804433, "経度": 132.878648, "url": "https://www.iryou.teikyouseido.mhlw.go.jp/znk-web/juminkanja/S2430/initialize?prefCd=38&kikanCd=7380001950&kikanKbn=5", "url2": "https://www.ai-okusuri.com/", "内容": "あい薬局【5:薬局】愛媛県東温市志津川１６４－１" }, "geometry": { "type": "Point", "coordinates": [ 132.878648, 33.804433 ] } },
{ "type": "Feature", "properties": { "ID": 3857380001960, "正式名称": "エビスヤ薬局志津川店", "機関区分": 5, "都道府県コード": 38, "市区町村コード": 215, "所在地": "愛媛県東温市志津川１７１", "緯度": 33.804275, "経度": 132.879893, "url": "https://www.iryou.teikyouseido.mhlw.go.jp/znk-web/juminkanja/S2430/initialize?prefCd=38&kikanCd=7380001960&kikanKbn=5", "url2": "http://ebisuya-pharmacy.com/", "内容": "エビスヤ薬局志津川店【5:薬局】愛媛県東温市志津川１７１" }, "geometry": { "type": "Point", "coordinates": [ 132.879893, 33.804275 ] } },
{ "type": "Feature", "properties": { "ID": 3857380001970, "正式名称": "あい薬局東店", "機関区分": 5, "都道府県コード": 38, "市区町村コード": 215, "所在地": "愛媛県東温市野田２丁目４８５－３", "緯度": 33.793137, "経度": 132.837675, "url": "https://www.iryou.teikyouseido.mhlw.go.jp/znk-web/juminkanja/S2430/initialize?prefCd=38&kikanCd=7380001970&kikanKbn=5", "url2": "www.ai-okusuri.com", "内容": "あい薬局東店【5:薬局】愛媛県東温市野田２丁目４８５－３" }, "geometry": { "type": "Point", "coordinates": [ 132.837675, 33.793137 ] } },
{ "type": "Feature", "properties": { "ID": 3857380001990, "正式名称": "しんかわ駅前薬局", "機関区分": 5, "都道府県コード": 38, "市区町村コード": 210, "所在地": "愛媛県伊予市下吾川１９９４－２", "緯度": 33.771553, "経度": 132.704271, "url": "https://www.iryou.teikyouseido.mhlw.go.jp/znk-web/juminkanja/S2430/initialize?prefCd=38&kikanCd=7380001990&kikanKbn=5", "url2": null, "内容": "しんかわ駅前薬局【5:薬局】愛媛県伊予市下吾川１９９４－２" }, "geometry": { "type": "Point", "coordinates": [ 132.704271, 33.771553 ] } },
{ "type": "Feature", "properties": { "ID": 3857380002020, "正式名称": "サンアイ調剤薬局", "機関区分": 5, "都道府県コード": 38, "市区町村コード": 401, "所在地": "愛媛県伊予郡松前町北黒田１８５－１２", "緯度": 33.781941, "経度": 132.711492, "url": "https://www.iryou.teikyouseido.mhlw.go.jp/znk-web/juminkanja/S2430/initialize?prefCd=38&kikanCd=7380002020&kikanKbn=5", "url2": null, "内容": "サンアイ調剤薬局【5:薬局】愛媛県伊予郡松前町北黒田１８５－１２" }, "geometry": { "type": "Point", "coordinates": [ 132.711492, 33.781941 ] } },
{ "type": "Feature", "properties": { "ID": 3857380002040, "正式名称": "ベル薬局いよ松前店", "機関区分": 5, "都道府県コード": 38, "市区町村コード": 401, "所在地": "愛媛県伊予郡松前町筒井１５９３－３", "緯度": 33.788913, "経度": 132.701298, "url": "https://www.iryou.teikyouseido.mhlw.go.jp/znk-web/juminkanja/S2430/initialize?prefCd=38&kikanCd=7380002040&kikanKbn=5", "url2": null, "内容": "ベル薬局いよ松前店【5:薬局】愛媛県伊予郡松前町筒井１５９３－３" }, "geometry": { "type": "Point", "coordinates": [ 132.701298, 33.788913 ] } },
{ "type": "Feature", "properties": { "ID": 3857380002050, "正式名称": "彩生薬局", "機関区分": 5, "都道府県コード": 38, "市区町村コード": 402, "所在地": "愛媛県伊予郡砥部町麻生５－４", "緯度": 33.780228, "経度": 132.787671, "url": "https://www.iryou.teikyouseido.mhlw.go.jp/znk-web/juminkanja/S2430/initialize?prefCd=38&kikanCd=7380002050&kikanKbn=5", "url2": null, "内容": "彩生薬局【5:薬局】愛媛県伊予郡砥部町麻生５－４" }, "geometry": { "type": "Point", "coordinates": [ 132.787671, 33.780228 ] } },
{ "type": "Feature", "properties": { "ID": 3857380002060, "正式名称": "こみなと薬局", "機関区分": 5, "都道府県コード": 38, "市区町村コード": 210, "所在地": "愛媛県伊予市米湊１３５９－３", "緯度": 33.749472, "経度": 132.703605, "url": "https://www.iryou.teikyouseido.mhlw.go.jp/znk-web/juminkanja/S2430/initialize?prefCd=38&kikanCd=7380002060&kikanKbn=5", "url2": null, "内容": "こみなと薬局【5:薬局】愛媛県伊予市米湊１３５９－３" }, "geometry": { "type": "Point", "coordinates": [ 132.703605, 33.749472 ] } },
{ "type": "Feature", "properties": { "ID": 3857380002070, "正式名称": "テイクとりのき薬局", "機関区分": 5, "都道府県コード": 38, "市区町村コード": 210, "所在地": "愛媛県伊予市下吾川３８０－１１２", "緯度": 33.769359, "経度": 132.711242, "url": "https://www.iryou.teikyouseido.mhlw.go.jp/znk-web/juminkanja/S2430/initialize?prefCd=38&kikanCd=7380002070&kikanKbn=5", "url2": "http://www.take-dis.jp/", "内容": "テイクとりのき薬局【5:薬局】愛媛県伊予市下吾川３８０－１１２" }, "geometry": { "type": "Point", "coordinates": [ 132.711242, 33.769359 ] } },
{ "type": "Feature", "properties": { "ID": 3857380002090, "正式名称": "久万調剤薬局", "機関区分": 5, "都道府県コード": 38, "市区町村コード": 386, "所在地": "愛媛県上浮穴郡久万高原町久万３２－２", "緯度": 33.654014, "経度": 132.90512, "url": "https://www.iryou.teikyouseido.mhlw.go.jp/znk-web/juminkanja/S2430/initialize?prefCd=38&kikanCd=7380002090&kikanKbn=5", "url2": "http://www.meltyclub.com/kuma/", "内容": "久万調剤薬局【5:薬局】愛媛県上浮穴郡久万高原町久万３２－２" }, "geometry": { "type": "Point", "coordinates": [ 132.90512, 33.654014 ] } },
{ "type": "Feature", "properties": { "ID": 3857380002100, "正式名称": "有限会社ひろ調剤薬局田窪駅前店", "機関区分": 5, "都道府県コード": 38, "市区町村コード": 215, "所在地": "愛媛県東温市田窪２０２７", "緯度": 33.793359, "経度": 132.865867, "url": "https://www.iryou.teikyouseido.mhlw.go.jp/znk-web/juminkanja/S2430/initialize?prefCd=38&kikanCd=7380002100&kikanKbn=5", "url2": "http://www.hiro-pharmacy.com/", "内容": "有限会社ひろ調剤薬局田窪駅前店【5:薬局】愛媛県東温市田窪２０２７" }, "geometry": { "type": "Point", "coordinates": [ 132.865867, 33.793359 ] } },
{ "type": "Feature", "properties": { "ID": 3857380002110, "正式名称": "有限会社ひろ調剤薬局砥部店", "機関区分": 5, "都道府県コード": 38, "市区町村コード": 402, "所在地": "愛媛県伊予郡砥部町高尾田６３５－４", "緯度": 33.78086, "経度": 132.797068, "url": "https://www.iryou.teikyouseido.mhlw.go.jp/znk-web/juminkanja/S2430/initialize?prefCd=38&kikanCd=7380002110&kikanKbn=5", "url2": "http://www.hiro-pharmacy.com/", "内容": "有限会社ひろ調剤薬局砥部店【5:薬局】愛媛県伊予郡砥部町高尾田６３５－４" }, "geometry": { "type": "Point", "coordinates": [ 132.797068, 33.78086 ] } },
{ "type": "Feature", "properties": { "ID": 3857380002120, "正式名称": "わかば薬局", "機関区分": 5, "都道府県コード": 38, "市区町村コード": 215, "所在地": "愛媛県東温市志津川１６０－１", "緯度": 33.804747, "経度": 132.878421, "url": "https://www.iryou.teikyouseido.mhlw.go.jp/znk-web/juminkanja/S2430/initialize?prefCd=38&kikanCd=7380002120&kikanKbn=5", "url2": null, "内容": "わかば薬局【5:薬局】愛媛県東温市志津川１６０－１" }, "geometry": { "type": "Point", "coordinates": [ 132.878421, 33.804747 ] } },
{ "type": "Feature", "properties": { "ID": 3857380002130, "正式名称": "あおば薬局", "機関区分": 5, "都道府県コード": 38, "市区町村コード": 210, "所在地": "愛媛県伊予市下吾川馬塚９４４－３", "緯度": 33.764637, "経度": 132.708701, "url": "https://www.iryou.teikyouseido.mhlw.go.jp/znk-web/juminkanja/S2430/initialize?prefCd=38&kikanCd=7380002130&kikanKbn=5", "url2": null, "内容": "あおば薬局【5:薬局】愛媛県伊予市下吾川馬塚９４４－３" }, "geometry": { "type": "Point", "coordinates": [ 132.708701, 33.764637 ] } },
{ "type": "Feature", "properties": { "ID": 3857380002150, "正式名称": "大間ひまわり薬局", "機関区分": 5, "都道府県コード": 38, "市区町村コード": 401, "所在地": "愛媛県伊予郡松前町大字大間１６４－３", "緯度": 33.798256, "経度": 132.735904, "url": "https://www.iryou.teikyouseido.mhlw.go.jp/znk-web/juminkanja/S2430/initialize?prefCd=38&kikanCd=7380002150&kikanKbn=5", "url2": "https://himawari-pharmacy-masaki.com", "内容": "大間ひまわり薬局【5:薬局】愛媛県伊予郡松前町大字大間１６４－３" }, "geometry": { "type": "Point", "coordinates": [ 132.735904, 33.798256 ] } },
{ "type": "Feature", "properties": { "ID": 3857380002160, "正式名称": "レデイいよ米湊調剤薬局", "機関区分": 5, "都道府県コード": 38, "市区町村コード": 210, "所在地": "愛媛県伊予市米湊１３７２番地１", "緯度": 33.749417, "経度": 132.702272, "url": "https://www.iryou.teikyouseido.mhlw.go.jp/znk-web/juminkanja/S2430/initialize?prefCd=38&kikanCd=7380002160&kikanKbn=5", "url2": "http://www.lady-drug.co.jp/", "内容": "レデイいよ米湊調剤薬局【5:薬局】愛媛県伊予市米湊１３７２番地１" }, "geometry": { "type": "Point", "coordinates": [ 132.702272, 33.749417 ] } },
{ "type": "Feature", "properties": { "ID": 3857380002170, "正式名称": "しげのぶ薬局", "機関区分": 5, "都道府県コード": 38, "市区町村コード": 215, "所在地": "愛媛県東温市志津川甲１５５８番地１", "緯度": 33.802636, "経度": 132.872061, "url": "https://www.iryou.teikyouseido.mhlw.go.jp/znk-web/juminkanja/S2430/initialize?prefCd=38&kikanCd=7380002170&kikanKbn=5", "url2": null, "内容": "しげのぶ薬局【5:薬局】愛媛県東温市志津川甲１５５８番地１" }, "geometry": { "type": "Point", "coordinates": [ 132.872061, 33.802636 ] } },
{ "type": "Feature", "properties": { "ID": 3857380002190, "正式名称": "アルファーマ薬局", "機関区分": 5, "都道府県コード": 38, "市区町村コード": 401, "所在地": "愛媛県伊予郡松前町筒井９４７番地４", "緯度": 33.786302, "経度": 132.712991, "url": "https://www.iryou.teikyouseido.mhlw.go.jp/znk-web/juminkanja/S2430/initialize?prefCd=38&kikanCd=7380002190&kikanKbn=5", "url2": "https://alpharma-ph.com", "内容": "アルファーマ薬局【5:薬局】愛媛県伊予郡松前町筒井９４７番地４" }, "geometry": { "type": "Point", "coordinates": [ 132.712991, 33.786302 ] } },
{ "type": "Feature", "properties": { "ID": 3857380002210, "正式名称": "伊予なの花薬局", "機関区分": 5, "都道府県コード": 38, "市区町村コード": 210, "所在地": "愛媛県伊予市下吾川字池田８９２－７", "緯度": 33.762915, "経度": 132.707076, "url": "https://www.iryou.teikyouseido.mhlw.go.jp/znk-web/juminkanja/S2430/initialize?prefCd=38&kikanCd=7380002210&kikanKbn=5", "url2": "http://i-pharmacy.jp/store/nanohana", "内容": "伊予なの花薬局【5:薬局】愛媛県伊予市下吾川字池田８９２－７" }, "geometry": { "type": "Point", "coordinates": [ 132.707076, 33.762915 ] } },
{ "type": "Feature", "properties": { "ID": 3857380002230, "正式名称": "みなと薬局", "機関区分": 5, "都道府県コード": 38, "市区町村コード": 215, "所在地": "愛媛県東温市横河原３８７－４１", "緯度": 33.800415, "経度": 132.881782, "url": "https://www.iryou.teikyouseido.mhlw.go.jp/znk-web/juminkanja/S2430/initialize?prefCd=38&kikanCd=7380002230&kikanKbn=5", "url2": null, "内容": "みなと薬局【5:薬局】愛媛県東温市横河原３８７－４１" }, "geometry": { "type": "Point", "coordinates": [ 132.881782, 33.800415 ] } },
{ "type": "Feature", "properties": { "ID": 3857380002240, "正式名称": "エビスヤ薬局", "機関区分": 5, "都道府県コード": 38, "市区町村コード": 215, "所在地": "愛媛県東温市北方２２０４", "緯度": 33.79986, "経度": 132.912113, "url": "https://www.iryou.teikyouseido.mhlw.go.jp/znk-web/juminkanja/S2430/initialize?prefCd=38&kikanCd=7380002240&kikanKbn=5", "url2": "http://ebisuya-pharmacy.com", "内容": "エビスヤ薬局【5:薬局】愛媛県東温市北方２２０４" }, "geometry": { "type": "Point", "coordinates": [ 132.912113, 33.79986 ] } },
{ "type": "Feature", "properties": { "ID": 3857380002250, "正式名称": "光琳堂薬局川内店", "機関区分": 5, "都道府県コード": 38, "市区町村コード": 215, "所在地": "愛媛県東温市南方７２２", "緯度": 33.797614, "経度": 132.910731, "url": "https://www.iryou.teikyouseido.mhlw.go.jp/znk-web/juminkanja/S2430/initialize?prefCd=38&kikanCd=7380002250&kikanKbn=5", "url2": "korindo-pharmacy.com", "内容": "光琳堂薬局川内店【5:薬局】愛媛県東温市南方７２２" }, "geometry": { "type": "Point", "coordinates": [ 132.910731, 33.797614 ] } },
{ "type": "Feature", "properties": { "ID": 3857380002260, "正式名称": "ひまわり薬局", "機関区分": 5, "都道府県コード": 38, "市区町村コード": 401, "所在地": "愛媛県伊予郡松前町恵久美７９４－３", "緯度": 33.798412, "経度": 132.725962, "url": "https://www.iryou.teikyouseido.mhlw.go.jp/znk-web/juminkanja/S2430/initialize?prefCd=38&kikanCd=7380002260&kikanKbn=5", "url2": "https://himawari-pharmacy-masaki.com", "内容": "ひまわり薬局【5:薬局】愛媛県伊予郡松前町恵久美７９４－３" }, "geometry": { "type": "Point", "coordinates": [ 132.725962, 33.798412 ] } },
{ "type": "Feature", "properties": { "ID": 3857380002270, "正式名称": "トップ薬局松前店", "機関区分": 5, "都道府県コード": 38, "市区町村コード": 401, "所在地": "愛媛県伊予郡松前町大溝５１０－８", "緯度": 33.780168, "経度": 132.720803, "url": "https://www.iryou.teikyouseido.mhlw.go.jp/znk-web/juminkanja/S2430/initialize?prefCd=38&kikanCd=7380002270&kikanKbn=5", "url2": null, "内容": "トップ薬局松前店【5:薬局】愛媛県伊予郡松前町大溝５１０－８" }, "geometry": { "type": "Point", "coordinates": [ 132.720803, 33.780168 ] } },
{ "type": "Feature", "properties": { "ID": 3857380002280, "正式名称": "マルニ薬局川内店", "機関区分": 5, "都道府県コード": 38, "市区町村コード": 215, "所在地": "愛媛県東温市北方２８８１－５", "緯度": 33.800415, "経度": 132.89917, "url": "https://www.iryou.teikyouseido.mhlw.go.jp/znk-web/juminkanja/S2430/initialize?prefCd=38&kikanCd=7380002280&kikanKbn=5", "url2": null, "内容": "マルニ薬局川内店【5:薬局】愛媛県東温市北方２８８１－５" }, "geometry": { "type": "Point", "coordinates": [ 132.89917, 33.800415 ] } },
{ "type": "Feature", "properties": { "ID": 3857380002320, "正式名称": "テイクえくび薬局", "機関区分": 5, "都道府県コード": 38, "市区町村コード": 401, "所在地": "愛媛県伊予郡松前町恵久美７１８番地５", "緯度": 33.795829, "経度": 132.724796, "url": "https://www.iryou.teikyouseido.mhlw.go.jp/znk-web/juminkanja/S2430/initialize?prefCd=38&kikanCd=7380002320&kikanKbn=5", "url2": "www.take-dis.jp", "内容": "テイクえくび薬局【5:薬局】愛媛県伊予郡松前町恵久美７１８番地５" }, "geometry": { "type": "Point", "coordinates": [ 132.724796, 33.795829 ] } },
{ "type": "Feature", "properties": { "ID": 3857380002330, "正式名称": "フラワー薬局", "機関区分": 5, "都道府県コード": 38, "市区町村コード": 402, "所在地": "愛媛県伊予郡砥部町高尾田２９５", "緯度": 33.783509, "経度": 132.796622, "url": "https://www.iryou.teikyouseido.mhlw.go.jp/znk-web/juminkanja/S2430/initialize?prefCd=38&kikanCd=7380002330&kikanKbn=5", "url2": "https://flower-pharmacy.com/pharmacy/tobe.html", "内容": "フラワー薬局【5:薬局】愛媛県伊予郡砥部町高尾田２９５" }, "geometry": { "type": "Point", "coordinates": [ 132.796622, 33.783509 ] } },
{ "type": "Feature", "properties": { "ID": 3857380002340, "正式名称": "岡井薬局", "機関区分": 5, "都道府県コード": 38, "市区町村コード": 210, "所在地": "愛媛県伊予市灘町３０１番地２", "緯度": 33.755916, "経度": 132.698966, "url": "https://www.iryou.teikyouseido.mhlw.go.jp/znk-web/juminkanja/S2430/initialize?prefCd=38&kikanCd=7380002340&kikanKbn=5", "url2": "http://www.okaiyakkyoku.com/", "内容": "岡井薬局【5:薬局】愛媛県伊予市灘町３０１番地２" }, "geometry": { "type": "Point", "coordinates": [ 132.698966, 33.755916 ] } },
{ "type": "Feature", "properties": { "ID": 3857380002350, "正式名称": "おぐに薬局　砥部店", "機関区分": 5, "都道府県コード": 38, "市区町村コード": 402, "所在地": "愛媛県伊予郡砥部町大南１９９番地", "緯度": 33.739253, "経度": 132.794153, "url": "https://www.iryou.teikyouseido.mhlw.go.jp/znk-web/juminkanja/S2430/initialize?prefCd=38&kikanCd=7380002350&kikanKbn=5", "url2": "www.oguni-pharmacy.com", "内容": "おぐに薬局　砥部店【5:薬局】愛媛県伊予郡砥部町大南１９９番地" }, "geometry": { "type": "Point", "coordinates": [ 132.794153, 33.739253 ] } },
{ "type": "Feature", "properties": { "ID": 3857380002360, "正式名称": "トマト薬局　伊予店", "機関区分": 5, "都道府県コード": 38, "市区町村コード": 210, "所在地": "愛媛県伊予市米湊７９１－２", "緯度": 33.759471, "経度": 132.704471, "url": "https://www.iryou.teikyouseido.mhlw.go.jp/znk-web/juminkanja/S2430/initialize?prefCd=38&kikanCd=7380002360&kikanKbn=5", "url2": "https://www.kk-tomato.com/", "内容": "トマト薬局　伊予店【5:薬局】愛媛県伊予市米湊７９１－２" }, "geometry": { "type": "Point", "coordinates": [ 132.704471, 33.759471 ] } },
{ "type": "Feature", "properties": { "ID": 3857380002370, "正式名称": "有限会社　中野薬局", "機関区分": 5, "都道府県コード": 38, "市区町村コード": 207, "所在地": "愛媛県大洲市中村２１０番３８", "緯度": 33.516883, "経度": 132.545407, "url": "https://www.iryou.teikyouseido.mhlw.go.jp/znk-web/juminkanja/S2430/initialize?prefCd=38&kikanCd=7380002370&kikanKbn=5", "url2": "https://kanponakano.official.jp", "内容": "有限会社　中野薬局【5:薬局】愛媛県大洲市中村２１０番３８" }, "geometry": { "type": "Point", "coordinates": [ 132.545407, 33.516883 ] } },
{ "type": "Feature", "properties": { "ID": 3857380002390, "正式名称": "大洲薬局", "機関区分": 5, "都道府県コード": 38, "市区町村コード": 207, "所在地": "愛媛県大洲市常磐町８７－１", "緯度": 33.514495, "経度": 132.545934, "url": "https://www.iryou.teikyouseido.mhlw.go.jp/znk-web/juminkanja/S2430/initialize?prefCd=38&kikanCd=7380002390&kikanKbn=5", "url2": null, "内容": "大洲薬局【5:薬局】愛媛県大洲市常磐町８７－１" }, "geometry": { "type": "Point", "coordinates": [ 132.545934, 33.514495 ] } },
{ "type": "Feature", "properties": { "ID": 3857380002430, "正式名称": "ハロー薬局", "機関区分": 5, "都道府県コード": 38, "市区町村コード": 207, "所在地": "愛媛県大洲市田口甲３７２番地２", "緯度": 33.519522, "経度": 132.549878, "url": "https://www.iryou.teikyouseido.mhlw.go.jp/znk-web/juminkanja/S2430/initialize?prefCd=38&kikanCd=7380002430&kikanKbn=5", "url2": "https://peraichi.com/landing_pages/view/ozu-hello", "内容": "ハロー薬局【5:薬局】愛媛県大洲市田口甲３７２番地２" }, "geometry": { "type": "Point", "coordinates": [ 132.549878, 33.519522 ] } },
{ "type": "Feature", "properties": { "ID": 3857380002440, "正式名称": "村上薬局", "機関区分": 5, "都道府県コード": 38, "市区町村コード": 207, "所在地": "愛媛県大洲市長浜甲２７６", "緯度": 33.6124, "経度": 132.480908, "url": "https://www.iryou.teikyouseido.mhlw.go.jp/znk-web/juminkanja/S2430/initialize?prefCd=38&kikanCd=7380002440&kikanKbn=5", "url2": null, "内容": "村上薬局【5:薬局】愛媛県大洲市長浜甲２７６" }, "geometry": { "type": "Point", "coordinates": [ 132.480908, 33.6124 ] } },
{ "type": "Feature", "properties": { "ID": 3857380002500, "正式名称": "わたなべ薬局", "機関区分": 5, "都道府県コード": 38, "市区町村コード": 204, "所在地": "愛媛県八幡浜市１１６３－１", "緯度": 33.457637, "経度": 132.427038, "url": "https://www.iryou.teikyouseido.mhlw.go.jp/znk-web/juminkanja/S2430/initialize?prefCd=38&kikanCd=7380002500&kikanKbn=5", "url2": null, "内容": "わたなべ薬局【5:薬局】愛媛県八幡浜市１１６３－１" }, "geometry": { "type": "Point", "coordinates": [ 132.427038, 33.457637 ] } },
{ "type": "Feature", "properties": { "ID": 3857380002510, "正式名称": "カメオカ薬局", "機関区分": 5, "都道府県コード": 38, "市区町村コード": 204, "所在地": "愛媛県八幡浜市新町２丁目２４９－１", "緯度": 33.459276, "経度": 132.42428, "url": "https://www.iryou.teikyouseido.mhlw.go.jp/znk-web/juminkanja/S2430/initialize?prefCd=38&kikanCd=7380002510&kikanKbn=5", "url2": null, "内容": "カメオカ薬局【5:薬局】愛媛県八幡浜市新町２丁目２４９－１" }, "geometry": { "type": "Point", "coordinates": [ 132.42428, 33.459276 ] } },
{ "type": "Feature", "properties": { "ID": 3857380002520, "正式名称": "池田薬局", "機関区分": 5, "都道府県コード": 38, "市区町村コード": 204, "所在地": "愛媛県八幡浜市新町３丁目２５８－２", "緯度": 33.459748, "経度": 132.42428, "url": "https://www.iryou.teikyouseido.mhlw.go.jp/znk-web/juminkanja/S2430/initialize?prefCd=38&kikanCd=7380002520&kikanKbn=5", "url2": null, "内容": "池田薬局【5:薬局】愛媛県八幡浜市新町３丁目２５８－２" }, "geometry": { "type": "Point", "coordinates": [ 132.42428, 33.459748 ] } },
{ "type": "Feature", "properties": { "ID": 3857380002570, "正式名称": "紅屋薬局", "機関区分": 5, "都道府県コード": 38, "市区町村コード": 214, "所在地": "愛媛県西予市三瓶町朝立１－４３８－５７", "緯度": 33.381562, "経度": 132.421173, "url": "https://www.iryou.teikyouseido.mhlw.go.jp/znk-web/juminkanja/S2430/initialize?prefCd=38&kikanCd=7380002570&kikanKbn=5", "url2": null, "内容": "紅屋薬局【5:薬局】愛媛県西予市三瓶町朝立１－４３８－５７" }, "geometry": { "type": "Point", "coordinates": [ 132.421173, 33.381562 ] } },
{ "type": "Feature", "properties": { "ID": 3857380002620, "正式名称": "フロンティア薬局　宇和町店", "機関区分": 5, "都道府県コード": 38, "市区町村コード": 214, "所在地": "愛媛県西予市宇和町卯之町５－２４１－１", "緯度": 33.357955, "経度": 132.524703, "url": "https://www.iryou.teikyouseido.mhlw.go.jp/znk-web/juminkanja/S2430/initialize?prefCd=38&kikanCd=7380002620&kikanKbn=5", "url2": "http://www.frontier-ph.com", "内容": "フロンティア薬局　宇和町店【5:薬局】愛媛県西予市宇和町卯之町５－２４１－１" }, "geometry": { "type": "Point", "coordinates": [ 132.524703, 33.357955 ] } },
{ "type": "Feature", "properties": { "ID": 3857380002630, "正式名称": "オレンジ薬局", "機関区分": 5, "都道府県コード": 38, "市区町村コード": 214, "所在地": "愛媛県西予市三瓶町朝立２番耕地１－４５", "緯度": 33.384562, "経度": 132.425089, "url": "https://www.iryou.teikyouseido.mhlw.go.jp/znk-web/juminkanja/S2430/initialize?prefCd=38&kikanCd=7380002630&kikanKbn=5", "url2": null, "内容": "オレンジ薬局【5:薬局】愛媛県西予市三瓶町朝立２番耕地１－４５" }, "geometry": { "type": "Point", "coordinates": [ 132.425089, 33.384562 ] } },
{ "type": "Feature", "properties": { "ID": 3857380002660, "正式名称": "有限会社まつもと調剤薬局", "機関区分": 5, "都道府県コード": 38, "市区町村コード": 204, "所在地": "愛媛県八幡浜市大平１番耕地７７４番地６松本ビル１階", "緯度": 33.467525, "経度": 132.425363, "url": "https://www.iryou.teikyouseido.mhlw.go.jp/znk-web/juminkanja/S2430/initialize?prefCd=38&kikanCd=7380002660&kikanKbn=5", "url2": null, "内容": "有限会社まつもと調剤薬局【5:薬局】愛媛県八幡浜市大平１番耕地７７４番地６松本ビル１階" }, "geometry": { "type": "Point", "coordinates": [ 132.425363, 33.467525 ] } },
{ "type": "Feature", "properties": { "ID": 3857380002690, "正式名称": "とみす薬局", "機関区分": 5, "都道府県コード": 38, "市区町村コード": 207, "所在地": "愛媛県大洲市東大洲７－１", "緯度": 33.515717, "経度": 132.550684, "url": "https://www.iryou.teikyouseido.mhlw.go.jp/znk-web/juminkanja/S2430/initialize?prefCd=38&kikanCd=7380002690&kikanKbn=5", "url2": "http://i-pharmacy.jp/", "内容": "とみす薬局【5:薬局】愛媛県大洲市東大洲７－１" }, "geometry": { "type": "Point", "coordinates": [ 132.550684, 33.515717 ] } },
{ "type": "Feature", "properties": { "ID": 3857380002720, "正式名称": "ソフィー薬局", "機関区分": 5, "都道府県コード": 38, "市区町村コード": 204, "所在地": "愛媛県八幡浜市船場通３８４番地", "緯度": 33.460054, "経度": 132.423586, "url": "https://www.iryou.teikyouseido.mhlw.go.jp/znk-web/juminkanja/S2430/initialize?prefCd=38&kikanCd=7380002720&kikanKbn=5", "url2": null, "内容": "ソフィー薬局【5:薬局】愛媛県八幡浜市船場通３８４番地" }, "geometry": { "type": "Point", "coordinates": [ 132.423586, 33.460054 ] } },
{ "type": "Feature", "properties": { "ID": 3857380002730, "正式名称": "日本調剤　西予薬局", "機関区分": 5, "都道府県コード": 38, "市区町村コード": 214, "所在地": "愛媛県西予市野村町野村１１－６８－２", "緯度": 33.372404, "経度": 132.641969, "url": "https://www.iryou.teikyouseido.mhlw.go.jp/znk-web/juminkanja/S2430/initialize?prefCd=38&kikanCd=7380002730&kikanKbn=5", "url2": "http://www.nicho.co.jp/", "内容": "日本調剤　西予薬局【5:薬局】愛媛県西予市野村町野村１１－６８－２" }, "geometry": { "type": "Point", "coordinates": [ 132.641969, 33.372404 ] } },
{ "type": "Feature", "properties": { "ID": 3857380002740, "正式名称": "フロンティア薬局　野村店", "機関区分": 5, "都道府県コード": 38, "市区町村コード": 214, "所在地": "愛媛県西予市野村町野村９－２－２", "緯度": 33.372178, "経度": 132.641961, "url": "https://www.iryou.teikyouseido.mhlw.go.jp/znk-web/juminkanja/S2430/initialize?prefCd=38&kikanCd=7380002740&kikanKbn=5", "url2": "http://www.frontier-ph.com/", "内容": "フロンティア薬局　野村店【5:薬局】愛媛県西予市野村町野村９－２－２" }, "geometry": { "type": "Point", "coordinates": [ 132.641961, 33.372178 ] } },
{ "type": "Feature", "properties": { "ID": 3857380002750, "正式名称": "クローバー薬局", "機関区分": 5, "都道府県コード": 38, "市区町村コード": 207, "所在地": "愛媛県大洲市東若宮１４番１１", "緯度": 33.53041, "経度": 132.565654, "url": "https://www.iryou.teikyouseido.mhlw.go.jp/znk-web/juminkanja/S2430/initialize?prefCd=38&kikanCd=7380002750&kikanKbn=5", "url2": "https://kurobar.mystrikingly.com", "内容": "クローバー薬局【5:薬局】愛媛県大洲市東若宮１４番１１" }, "geometry": { "type": "Point", "coordinates": [ 132.565654, 33.53041 ] } },
{ "type": "Feature", "properties": { "ID": 3857380002770, "正式名称": "とも調剤薬局", "機関区分": 5, "都道府県コード": 38, "市区町村コード": 214, "所在地": "愛媛県西予市宇和町上松葉１４６番地１", "緯度": 33.384091, "経度": 132.500583, "url": "https://www.iryou.teikyouseido.mhlw.go.jp/znk-web/juminkanja/S2430/initialize?prefCd=38&kikanCd=7380002770&kikanKbn=5", "url2": "https://kenshin-pharmacy.com/", "内容": "とも調剤薬局【5:薬局】愛媛県西予市宇和町上松葉１４６番地１" }, "geometry": { "type": "Point", "coordinates": [ 132.500583, 33.384091 ] } },
{ "type": "Feature", "properties": { "ID": 3857380002780, "正式名称": "みのり薬局", "機関区分": 5, "都道府県コード": 38, "市区町村コード": 214, "所在地": "愛媛県西予市宇和町卯之町１丁目３７８", "緯度": 33.367482, "経度": 132.508333, "url": "https://www.iryou.teikyouseido.mhlw.go.jp/znk-web/juminkanja/S2430/initialize?prefCd=38&kikanCd=7380002780&kikanKbn=5", "url2": null, "内容": "みのり薬局【5:薬局】愛媛県西予市宇和町卯之町１丁目３７８" }, "geometry": { "type": "Point", "coordinates": [ 132.508333, 33.367482 ] } },
{ "type": "Feature", "properties": { "ID": 3857380002800, "正式名称": "八幡浜中央薬局", "機関区分": 5, "都道府県コード": 38, "市区町村コード": 204, "所在地": "愛媛県八幡浜市江戸岡一丁目８７０番地３", "緯度": 33.458027, "経度": 132.433252, "url": "https://www.iryou.teikyouseido.mhlw.go.jp/znk-web/juminkanja/S2430/initialize?prefCd=38&kikanCd=7380002800&kikanKbn=5", "url2": null, "内容": "八幡浜中央薬局【5:薬局】愛媛県八幡浜市江戸岡一丁目８７０番地３" }, "geometry": { "type": "Point", "coordinates": [ 132.433252, 33.458027 ] } },
{ "type": "Feature", "properties": { "ID": 3857380002810, "正式名称": "よつば薬局　駅前西通店", "機関区分": 5, "都道府県コード": 38, "市区町村コード": 204, "所在地": "愛媛県八幡浜市江戸岡１丁目７－１５", "緯度": 33.457832, "経度": 132.434724, "url": "https://www.iryou.teikyouseido.mhlw.go.jp/znk-web/juminkanja/S2430/initialize?prefCd=38&kikanCd=7380002810&kikanKbn=5", "url2": null, "内容": "よつば薬局　駅前西通店【5:薬局】愛媛県八幡浜市江戸岡１丁目７－１５" }, "geometry": { "type": "Point", "coordinates": [ 132.434724, 33.457832 ] } },
{ "type": "Feature", "properties": { "ID": 3857380002820, "正式名称": "しらはま薬局", "機関区分": 5, "都道府県コード": 38, "市区町村コード": 204, "所在地": "愛媛県八幡浜市白浜通１５３６番地２２０", "緯度": 33.464637, "経度": 132.424447, "url": "https://www.iryou.teikyouseido.mhlw.go.jp/znk-web/juminkanja/S2430/initialize?prefCd=38&kikanCd=7380002820&kikanKbn=5", "url2": null, "内容": "しらはま薬局【5:薬局】愛媛県八幡浜市白浜通１５３６番地２２０" }, "geometry": { "type": "Point", "coordinates": [ 132.424447, 33.464637 ] } },
{ "type": "Feature", "properties": { "ID": 3857380002840, "正式名称": "卯之町薬局", "機関区分": 5, "都道府県コード": 38, "市区町村コード": 214, "所在地": "愛媛県西予市宇和町卯之町４丁目３８９番地", "緯度": 33.361751, "経度": 132.515581, "url": "https://www.iryou.teikyouseido.mhlw.go.jp/znk-web/juminkanja/S2430/initialize?prefCd=38&kikanCd=7380002840&kikanKbn=5", "url2": "https://www.i-pharmacy.jp/pharmacy/%e5%8d%af%e4%b9%8b%e7%94%ba%e8%96%ac%e5%b1%80/", "内容": "卯之町薬局【5:薬局】愛媛県西予市宇和町卯之町４丁目３８９番地" }, "geometry": { "type": "Point", "coordinates": [ 132.515581, 33.361751 ] } },
{ "type": "Feature", "properties": { "ID": 3857380002860, "正式名称": "藤崎薬局", "機関区分": 5, "都道府県コード": 38, "市区町村コード": 422, "所在地": "愛媛県喜多郡内子町内子１９３６", "緯度": 33.552048, "経度": 132.652479, "url": "https://www.iryou.teikyouseido.mhlw.go.jp/znk-web/juminkanja/S2430/initialize?prefCd=38&kikanCd=7380002860&kikanKbn=5", "url2": null, "内容": "藤崎薬局【5:薬局】愛媛県喜多郡内子町内子１９３６" }, "geometry": { "type": "Point", "coordinates": [ 132.652479, 33.552048 ] } },
{ "type": "Feature", "properties": { "ID": 3857380002890, "正式名称": "おだ調剤薬局", "機関区分": 5, "都道府県コード": 38, "市区町村コード": 422, "所在地": "愛媛県喜多郡内子町小田１２６", "緯度": 33.566605, "経度": 132.801966, "url": "https://www.iryou.teikyouseido.mhlw.go.jp/znk-web/juminkanja/S2430/initialize?prefCd=38&kikanCd=7380002890&kikanKbn=5", "url2": "https://cliph.biz/store_introduction/oda/", "内容": "おだ調剤薬局【5:薬局】愛媛県喜多郡内子町小田１２６" }, "geometry": { "type": "Point", "coordinates": [ 132.801966, 33.566605 ] } },
{ "type": "Feature", "properties": { "ID": 3857380002920, "正式名称": "そうごう薬局　八幡浜店", "機関区分": 5, "都道府県コード": 38, "市区町村コード": 204, "所在地": "愛媛県八幡浜市大平１番耕地６４４番地", "緯度": 33.46772, "経度": 132.42528, "url": "https://www.iryou.teikyouseido.mhlw.go.jp/znk-web/juminkanja/S2430/initialize?prefCd=38&kikanCd=7380002920&kikanKbn=5", "url2": "http://www.sogo-medical.co.jp", "内容": "そうごう薬局　八幡浜店【5:薬局】愛媛県八幡浜市大平１番耕地６４４番地" }, "geometry": { "type": "Point", "coordinates": [ 132.42528, 33.46772 ] } },
{ "type": "Feature", "properties": { "ID": 3857380002940, "正式名称": "そうごう薬局　港町店", "機関区分": 5, "都道府県コード": 38, "市区町村コード": 204, "所在地": "愛媛県八幡浜市港町４１６番地１", "緯度": 33.461526, "経度": 132.423391, "url": "https://www.iryou.teikyouseido.mhlw.go.jp/znk-web/juminkanja/S2430/initialize?prefCd=38&kikanCd=7380002940&kikanKbn=5", "url2": "http://www.sogo-medical.co.jp/sogopharmacy/", "内容": "そうごう薬局　港町店【5:薬局】愛媛県八幡浜市港町４１６番地１" }, "geometry": { "type": "Point", "coordinates": [ 132.423391, 33.461526 ] } },
{ "type": "Feature", "properties": { "ID": 3857380002950, "正式名称": "くれよん薬局", "機関区分": 5, "都道府県コード": 38, "市区町村コード": 207, "所在地": "愛媛県大洲市東大洲７４番地３", "緯度": 33.516179, "経度": 132.55263, "url": "https://www.iryou.teikyouseido.mhlw.go.jp/znk-web/juminkanja/S2430/initialize?prefCd=38&kikanCd=7380002950&kikanKbn=5", "url2": null, "内容": "くれよん薬局【5:薬局】愛媛県大洲市東大洲７４番地３" }, "geometry": { "type": "Point", "coordinates": [ 132.55263, 33.516179 ] } },
{ "type": "Feature", "properties": { "ID": 3857380002960, "正式名称": "あさひ堂薬局", "機関区分": 5, "都道府県コード": 38, "市区町村コード": 422, "所在地": "愛媛県喜多郡内子町内子２２３０", "緯度": 33.554076, "経度": 132.654007, "url": "https://www.iryou.teikyouseido.mhlw.go.jp/znk-web/juminkanja/S2430/initialize?prefCd=38&kikanCd=7380002960&kikanKbn=5", "url2": "http://asahido-ph.com/", "内容": "あさひ堂薬局【5:薬局】愛媛県喜多郡内子町内子２２３０" }, "geometry": { "type": "Point", "coordinates": [ 132.654007, 33.554076 ] } },
{ "type": "Feature", "properties": { "ID": 3857380003000, "正式名称": "ニコニコ薬局古町店", "機関区分": 5, "都道府県コード": 38, "市区町村コード": 506, "所在地": "愛媛県南宇和郡愛南町城辺甲２３０１", "緯度": 32.960916, "経度": 132.574791, "url": "https://www.iryou.teikyouseido.mhlw.go.jp/znk-web/juminkanja/S2430/initialize?prefCd=38&kikanCd=7380003000&kikanKbn=5", "url2": null, "内容": "ニコニコ薬局古町店【5:薬局】愛媛県南宇和郡愛南町城辺甲２３０１" }, "geometry": { "type": "Point", "coordinates": [ 132.574791, 32.960916 ] } },
{ "type": "Feature", "properties": { "ID": 3857380003020, "正式名称": "ホリバタ薬局", "機関区分": 5, "都道府県コード": 38, "市区町村コード": 203, "所在地": "愛媛県宇和島市堀端町１－１８", "緯度": 33.216877, "経度": 132.567682, "url": "https://www.iryou.teikyouseido.mhlw.go.jp/znk-web/juminkanja/S2430/initialize?prefCd=38&kikanCd=7380003020&kikanKbn=5", "url2": "http://i-pharmacy.jp/", "内容": "ホリバタ薬局【5:薬局】愛媛県宇和島市堀端町１－１８" }, "geometry": { "type": "Point", "coordinates": [ 132.567682, 33.216877 ] } },
{ "type": "Feature", "properties": { "ID": 3857380003030, "正式名称": "ワレイ薬局", "機関区分": 5, "都道府県コード": 38, "市区町村コード": 203, "所在地": "愛媛県宇和島市和霊元町４丁目２－１２", "緯度": 33.22942, "経度": 132.567951, "url": "https://www.iryou.teikyouseido.mhlw.go.jp/znk-web/juminkanja/S2430/initialize?prefCd=38&kikanCd=7380003030&kikanKbn=5", "url2": "http://www.i-pharmacy.jp/", "内容": "ワレイ薬局【5:薬局】愛媛県宇和島市和霊元町４丁目２－１２" }, "geometry": { "type": "Point", "coordinates": [ 132.567951, 33.22942 ] } },
{ "type": "Feature", "properties": { "ID": 3857380003050, "正式名称": "有限会社ウチマスファーマシー並松調剤薬局", "機関区分": 5, "都道府県コード": 38, "市区町村コード": 203, "所在地": "愛媛県宇和島市並松１丁目１－４０", "緯度": 33.208547, "経度": 132.558169, "url": "https://www.iryou.teikyouseido.mhlw.go.jp/znk-web/juminkanja/S2430/initialize?prefCd=38&kikanCd=7380003050&kikanKbn=5", "url2": null, "内容": "有限会社ウチマスファーマシー並松調剤薬局【5:薬局】愛媛県宇和島市並松１丁目１－４０" }, "geometry": { "type": "Point", "coordinates": [ 132.558169, 33.208547 ] } },
{ "type": "Feature", "properties": { "ID": 3857380003060, "正式名称": "ひまわり薬局", "機関区分": 5, "都道府県コード": 38, "市区町村コード": 203, "所在地": "愛媛県宇和島市新町１丁目３－５", "緯度": 33.222054, "経度": 132.566918, "url": "https://www.iryou.teikyouseido.mhlw.go.jp/znk-web/juminkanja/S2430/initialize?prefCd=38&kikanCd=7380003060&kikanKbn=5", "url2": null, "内容": "ひまわり薬局【5:薬局】愛媛県宇和島市新町１丁目３－５" }, "geometry": { "type": "Point", "coordinates": [ 132.566918, 33.222054 ] } },
{ "type": "Feature", "properties": { "ID": 3857380003080, "正式名称": "ダテ薬局", "機関区分": 5, "都道府県コード": 38, "市区町村コード": 203, "所在地": "愛媛県宇和島市丸之内３丁目２－１", "緯度": 33.217374, "経度": 132.563182, "url": "https://www.iryou.teikyouseido.mhlw.go.jp/znk-web/juminkanja/S2430/initialize?prefCd=38&kikanCd=7380003080&kikanKbn=5", "url2": "http://www.apotry.net", "内容": "ダテ薬局【5:薬局】愛媛県宇和島市丸之内３丁目２－１" }, "geometry": { "type": "Point", "coordinates": [ 132.563182, 33.217374 ] } },
{ "type": "Feature", "properties": { "ID": 3857380003100, "正式名称": "ちかなが薬局", "機関区分": 5, "都道府県コード": 38, "市区町村コード": 488, "所在地": "愛媛県北宇和郡鬼北町近永１５２８－４", "緯度": 33.252297, "経度": 132.678149, "url": "https://www.iryou.teikyouseido.mhlw.go.jp/znk-web/juminkanja/S2430/initialize?prefCd=38&kikanCd=7380003100&kikanKbn=5", "url2": "https://www.i-pharmacy.jp/pharmacy/%e3%81%a1%e3%81%8b%e3%81%aa%e3%81%8c%e8%96%ac%e5%b1%80/", "内容": "ちかなが薬局【5:薬局】愛媛県北宇和郡鬼北町近永１５２８－４" }, "geometry": { "type": "Point", "coordinates": [ 132.678149, 33.252297 ] } },
{ "type": "Feature", "properties": { "ID": 3857380003110, "正式名称": "つしま調剤薬局", "機関区分": 5, "都道府県コード": 38, "市区町村コード": 203, "所在地": "愛媛県宇和島市津島町高田甲５９７", "緯度": 33.134729, "経度": 132.523954, "url": "https://www.iryou.teikyouseido.mhlw.go.jp/znk-web/juminkanja/S2430/initialize?prefCd=38&kikanCd=7380003110&kikanKbn=5", "url2": null, "内容": "つしま調剤薬局【5:薬局】愛媛県宇和島市津島町高田甲５９７" }, "geometry": { "type": "Point", "coordinates": [ 132.523954, 33.134729 ] } },
{ "type": "Feature", "properties": { "ID": 3857380003120, "正式名称": "なんぐん薬局", "機関区分": 5, "都道府県コード": 38, "市区町村コード": 506, "所在地": "愛媛県南宇和郡愛南町城辺甲２４６３－２", "緯度": 32.9633, "経度": 132.584365, "url": "https://www.iryou.teikyouseido.mhlw.go.jp/znk-web/juminkanja/S2430/initialize?prefCd=38&kikanCd=7380003120&kikanKbn=5", "url2": null, "内容": "なんぐん薬局【5:薬局】愛媛県南宇和郡愛南町城辺甲２４６３－２" }, "geometry": { "type": "Point", "coordinates": [ 132.584365, 32.9633 ] } },
{ "type": "Feature", "properties": { "ID": 3857380003130, "正式名称": "明石薬局", "機関区分": 5, "都道府県コード": 38, "市区町村コード": 506, "所在地": "愛媛県南宇和郡愛南町城辺甲２４６３－２", "緯度": 32.9633, "経度": 132.584365, "url": "https://www.iryou.teikyouseido.mhlw.go.jp/znk-web/juminkanja/S2430/initialize?prefCd=38&kikanCd=7380003130&kikanKbn=5", "url2": "https://akashi-ph.com/", "内容": "明石薬局【5:薬局】愛媛県南宇和郡愛南町城辺甲２４６３－２" }, "geometry": { "type": "Point", "coordinates": [ 132.584365, 32.9633 ] } },
{ "type": "Feature", "properties": { "ID": 3857380003150, "正式名称": "ひろみ薬局", "機関区分": 5, "都道府県コード": 38, "市区町村コード": 488, "所在地": "愛媛県北宇和郡鬼北町近永４９１番地１", "緯度": 33.257999, "経度": 132.684593, "url": "https://www.iryou.teikyouseido.mhlw.go.jp/znk-web/juminkanja/S2430/initialize?prefCd=38&kikanCd=7380003150&kikanKbn=5", "url2": "http://www.myph.jp/f_380008/", "内容": "ひろみ薬局【5:薬局】愛媛県北宇和郡鬼北町近永４９１番地１" }, "geometry": { "type": "Point", "coordinates": [ 132.684593, 33.257999 ] } },
{ "type": "Feature", "properties": { "ID": 3857380003160, "正式名称": "みかん薬局", "機関区分": 5, "都道府県コード": 38, "市区町村コード": 203, "所在地": "愛媛県宇和島市吉田町北小路甲２００番地１", "緯度": 33.282131, "経度": 132.540501, "url": "https://www.iryou.teikyouseido.mhlw.go.jp/znk-web/juminkanja/S2430/initialize?prefCd=38&kikanCd=7380003160&kikanKbn=5", "url2": "http://i-pharmacy.jp/store/mikan/", "内容": "みかん薬局【5:薬局】愛媛県宇和島市吉田町北小路甲２００番地１" }, "geometry": { "type": "Point", "coordinates": [ 132.540501, 33.282131 ] } },
{ "type": "Feature", "properties": { "ID": 3857380003170, "正式名称": "フロンティア薬局松野店", "機関区分": 5, "都道府県コード": 38, "市区町村コード": 484, "所在地": "愛媛県北宇和郡松野町延野々１４１１番地１", "緯度": 33.23125, "経度": 132.707851, "url": "https://www.iryou.teikyouseido.mhlw.go.jp/znk-web/juminkanja/S2430/initialize?prefCd=38&kikanCd=7380003170&kikanKbn=5", "url2": "http://www.frontier-ph.com/index.html", "内容": "フロンティア薬局松野店【5:薬局】愛媛県北宇和郡松野町延野々１４１１番地１" }, "geometry": { "type": "Point", "coordinates": [ 132.707851, 33.23125 ] } },
{ "type": "Feature", "properties": { "ID": 3857380003200, "正式名称": "コスモス薬局", "機関区分": 5, "都道府県コード": 38, "市区町村コード": 203, "所在地": "愛媛県宇和島市三間町宮野下７０４番地", "緯度": 33.290282, "経度": 132.608838, "url": "https://www.iryou.teikyouseido.mhlw.go.jp/znk-web/juminkanja/S2430/initialize?prefCd=38&kikanCd=7380003200&kikanKbn=5", "url2": "https://nijinomori-ph.com/", "内容": "コスモス薬局【5:薬局】愛媛県宇和島市三間町宮野下７０４番地" }, "geometry": { "type": "Point", "coordinates": [ 132.608838, 33.290282 ] } },
{ "type": "Feature", "properties": { "ID": 3857380003210, "正式名称": "白雲薬局", "機関区分": 5, "都道府県コード": 38, "市区町村コード": 203, "所在地": "愛媛県宇和島市広小路１番３４号", "緯度": 33.21711, "経度": 132.568446, "url": "https://www.iryou.teikyouseido.mhlw.go.jp/znk-web/juminkanja/S2430/initialize?prefCd=38&kikanCd=7380003210&kikanKbn=5", "url2": "https://phstr.co.jp/company/profile/", "内容": "白雲薬局【5:薬局】愛媛県宇和島市広小路１番３４号" }, "geometry": { "type": "Point", "coordinates": [ 132.568446, 33.21711 ] } },
{ "type": "Feature", "properties": { "ID": 3857380003220, "正式名称": "いわまつ薬局", "機関区分": 5, "都道府県コード": 38, "市区町村コード": 203, "所在地": "愛媛県宇和島市津島町高田丙５４２", "緯度": 33.122925, "経度": 132.517547, "url": "https://www.iryou.teikyouseido.mhlw.go.jp/znk-web/juminkanja/S2430/initialize?prefCd=38&kikanCd=7380003220&kikanKbn=5", "url2": "http://www.apotry.net", "内容": "いわまつ薬局【5:薬局】愛媛県宇和島市津島町高田丙５４２" }, "geometry": { "type": "Point", "coordinates": [ 132.517547, 33.122925 ] } },
{ "type": "Feature", "properties": { "ID": 3857380003230, "正式名称": "たんぽぽ薬局　宇和島店", "機関区分": 5, "都道府県コード": 38, "市区町村コード": 203, "所在地": "愛媛県宇和島市丸之内２丁目１－５", "緯度": 33.216919, "経度": 132.565307, "url": "https://www.iryou.teikyouseido.mhlw.go.jp/znk-web/juminkanja/S2430/initialize?prefCd=38&kikanCd=7380003230&kikanKbn=5", "url2": "http://www.tanpopo-ph.co.jp/", "内容": "たんぽぽ薬局　宇和島店【5:薬局】愛媛県宇和島市丸之内２丁目１－５" }, "geometry": { "type": "Point", "coordinates": [ 132.565307, 33.216919 ] } },
{ "type": "Feature", "properties": { "ID": 3857380003250, "正式名称": "芝薬局", "機関区分": 5, "都道府県コード": 38, "市区町村コード": 488, "所在地": "愛媛県北宇和郡鬼北町近永９６１", "緯度": 33.255719, "経度": 132.676963, "url": "https://www.iryou.teikyouseido.mhlw.go.jp/znk-web/juminkanja/S2430/initialize?prefCd=38&kikanCd=7380003250&kikanKbn=5", "url2": null, "内容": "芝薬局【5:薬局】愛媛県北宇和郡鬼北町近永９６１" }, "geometry": { "type": "Point", "coordinates": [ 132.676963, 33.255719 ] } },
{ "type": "Feature", "properties": { "ID": 3857380003260, "正式名称": "あんず薬局", "機関区分": 5, "都道府県コード": 38, "市区町村コード": 203, "所在地": "愛媛県宇和島市桜町２－５２", "緯度": 33.21573, "経度": 132.565529, "url": "https://www.iryou.teikyouseido.mhlw.go.jp/znk-web/juminkanja/S2430/initialize?prefCd=38&kikanCd=7380003260&kikanKbn=5", "url2": "https://www.i-pharmacy.jp/", "内容": "あんず薬局【5:薬局】愛媛県宇和島市桜町２－５２" }, "geometry": { "type": "Point", "coordinates": [ 132.565529, 33.21573 ] } },
{ "type": "Feature", "properties": { "ID": 3857380003270, "正式名称": "アタゴ薬局", "機関区分": 5, "都道府県コード": 38, "市区町村コード": 203, "所在地": "愛媛県宇和島市広小路１－４３", "緯度": 33.217555, "経度": 132.569085, "url": "https://www.iryou.teikyouseido.mhlw.go.jp/znk-web/juminkanja/S2430/initialize?prefCd=38&kikanCd=7380003270&kikanKbn=5", "url2": "http://i-pharmacy.jp/company/summary/", "内容": "アタゴ薬局【5:薬局】愛媛県宇和島市広小路１－４３" }, "geometry": { "type": "Point", "coordinates": [ 132.569085, 33.217555 ] } },
{ "type": "Feature", "properties": { "ID": 3857380003280, "正式名称": "京町薬局", "機関区分": 5, "都道府県コード": 38, "市区町村コード": 203, "所在地": "愛媛県宇和島市京町１－８", "緯度": 33.216277, "経度": 132.569502, "url": "https://www.iryou.teikyouseido.mhlw.go.jp/znk-web/juminkanja/S2430/initialize?prefCd=38&kikanCd=7380003280&kikanKbn=5", "url2": "http://i-pharmacy.jp/", "内容": "京町薬局【5:薬局】愛媛県宇和島市京町１－８" }, "geometry": { "type": "Point", "coordinates": [ 132.569502, 33.216277 ] } },
{ "type": "Feature", "properties": { "ID": 3857380003300, "正式名称": "ときわ調剤薬局", "機関区分": 5, "都道府県コード": 38, "市区町村コード": 506, "所在地": "愛媛県南宇和郡愛南町御荘平城２３１１", "緯度": 32.963282, "経度": 132.561676, "url": "https://www.iryou.teikyouseido.mhlw.go.jp/znk-web/juminkanja/S2430/initialize?prefCd=38&kikanCd=7380003300&kikanKbn=5", "url2": null, "内容": "ときわ調剤薬局【5:薬局】愛媛県南宇和郡愛南町御荘平城２３１１" }, "geometry": { "type": "Point", "coordinates": [ 132.561676, 32.963282 ] } },
{ "type": "Feature", "properties": { "ID": 3857380003320, "正式名称": "虹の森薬局", "機関区分": 5, "都道府県コード": 38, "市区町村コード": 484, "所在地": "愛媛県北宇和郡松野町延野々１４４８－１", "緯度": 33.230677, "経度": 132.708748, "url": "https://www.iryou.teikyouseido.mhlw.go.jp/znk-web/juminkanja/S2430/initialize?prefCd=38&kikanCd=7380003320&kikanKbn=5", "url2": "https://nijinomori-ph.com/", "内容": "虹の森薬局【5:薬局】愛媛県北宇和郡松野町延野々１４４８－１" }, "geometry": { "type": "Point", "coordinates": [ 132.708748, 33.230677 ] } },
{ "type": "Feature", "properties": { "ID": 3857380003330, "正式名称": "日本調剤　南楽薬局", "機関区分": 5, "都道府県コード": 38, "市区町村コード": 203, "所在地": "愛媛県宇和島市津島町高田丙１０－１", "緯度": 33.122895, "経度": 132.520211, "url": "https://www.iryou.teikyouseido.mhlw.go.jp/znk-web/juminkanja/S2430/initialize?prefCd=38&kikanCd=7380003330&kikanKbn=5", "url2": "http://www.nicho.co.jp", "内容": "日本調剤　南楽薬局【5:薬局】愛媛県宇和島市津島町高田丙１０－１" }, "geometry": { "type": "Point", "coordinates": [ 132.520211, 33.122895 ] } },
{ "type": "Feature", "properties": { "ID": 3857380003340, "正式名称": "フロンティア薬局　宇和島店", "機関区分": 5, "都道府県コード": 38, "市区町村コード": 203, "所在地": "愛媛県宇和島市丸之内２丁目１－４", "緯度": 33.216916, "経度": 132.565419, "url": "https://www.iryou.teikyouseido.mhlw.go.jp/znk-web/juminkanja/S2430/initialize?prefCd=38&kikanCd=7380003340&kikanKbn=5", "url2": "http://www.frontier-ph.com/index.html", "内容": "フロンティア薬局　宇和島店【5:薬局】愛媛県宇和島市丸之内２丁目１－４" }, "geometry": { "type": "Point", "coordinates": [ 132.565419, 33.216916 ] } },
{ "type": "Feature", "properties": { "ID": 3857380003370, "正式名称": "はまゆう薬局", "機関区分": 5, "都道府県コード": 38, "市区町村コード": 203, "所在地": "愛媛県宇和島市御殿町４－１９", "緯度": 33.216805, "経度": 132.564391, "url": "https://www.iryou.teikyouseido.mhlw.go.jp/znk-web/juminkanja/S2430/initialize?prefCd=38&kikanCd=7380003370&kikanKbn=5", "url2": null, "内容": "はまゆう薬局【5:薬局】愛媛県宇和島市御殿町４－１９" }, "geometry": { "type": "Point", "coordinates": [ 132.564391, 33.216805 ] } },
{ "type": "Feature", "properties": { "ID": 3857380003380, "正式名称": "青空薬局", "機関区分": 5, "都道府県コード": 38, "市区町村コード": 203, "所在地": "愛媛県宇和島市柿原甲１３５２番４", "緯度": 33.237858, "経度": 132.583833, "url": "https://www.iryou.teikyouseido.mhlw.go.jp/znk-web/juminkanja/S2430/initialize?prefCd=38&kikanCd=7380003380&kikanKbn=5", "url2": null, "内容": "青空薬局【5:薬局】愛媛県宇和島市柿原甲１３５２番４" }, "geometry": { "type": "Point", "coordinates": [ 132.583833, 33.237858 ] } },
{ "type": "Feature", "properties": { "ID": 3857380003390, "正式名称": "さつき薬局", "機関区分": 5, "都道府県コード": 38, "市区町村コード": 506, "所在地": "愛媛県南宇和郡愛南町御荘平城３５６６番地", "緯度": 32.962508, "経度": 132.57257, "url": "https://www.iryou.teikyouseido.mhlw.go.jp/znk-web/juminkanja/S2430/initialize?prefCd=38&kikanCd=7380003390&kikanKbn=5", "url2": null, "内容": "さつき薬局【5:薬局】愛媛県南宇和郡愛南町御荘平城３５６６番地" }, "geometry": { "type": "Point", "coordinates": [ 132.57257, 32.962508 ] } },
{ "type": "Feature", "properties": { "ID": 3857380003410, "正式名称": "ひかり薬局", "機関区分": 5, "都道府県コード": 38, "市区町村コード": 488, "所在地": "愛媛県北宇和郡鬼北町近永１５０２－１", "緯度": 33.252692, "経度": 132.676825, "url": "https://www.iryou.teikyouseido.mhlw.go.jp/znk-web/juminkanja/S2430/initialize?prefCd=38&kikanCd=7380003410&kikanKbn=5", "url2": null, "内容": "ひかり薬局【5:薬局】愛媛県北宇和郡鬼北町近永１５０２－１" }, "geometry": { "type": "Point", "coordinates": [ 132.676825, 33.252692 ] } },
{ "type": "Feature", "properties": { "ID": 3857380003420, "正式名称": "みゆき薬局", "機関区分": 5, "都道府県コード": 38, "市区町村コード": 203, "所在地": "愛媛県宇和島市御幸町２丁目１－１３", "緯度": 33.226385, "経度": 132.564057, "url": "https://www.iryou.teikyouseido.mhlw.go.jp/znk-web/juminkanja/S2430/initialize?prefCd=38&kikanCd=7380003420&kikanKbn=5", "url2": "http://i-pharmacy.jp/store/miyuki/", "内容": "みゆき薬局【5:薬局】愛媛県宇和島市御幸町２丁目１－１３" }, "geometry": { "type": "Point", "coordinates": [ 132.564057, 33.226385 ] } },
{ "type": "Feature", "properties": { "ID": 3857380003440, "正式名称": "清保堂薬局", "機関区分": 5, "都道府県コード": 38, "市区町村コード": 201, "所在地": "愛媛県松山市久米窪田町６５６－１", "緯度": 33.806274, "経度": 132.812038, "url": "https://www.iryou.teikyouseido.mhlw.go.jp/znk-web/juminkanja/S2430/initialize?prefCd=38&kikanCd=7380003440&kikanKbn=5", "url2": "https://www.seihodo-ehime.com", "内容": "清保堂薬局【5:薬局】愛媛県松山市久米窪田町６５６－１" }, "geometry": { "type": "Point", "coordinates": [ 132.812038, 33.806274 ] } },
{ "type": "Feature", "properties": { "ID": 3857380003450, "正式名称": "アイリス薬局三津店", "機関区分": 5, "都道府県コード": 38, "市区町村コード": 201, "所在地": "愛媛県松山市若葉町７－２２", "緯度": 33.85714, "経度": 132.716455, "url": "https://www.iryou.teikyouseido.mhlw.go.jp/znk-web/juminkanja/S2430/initialize?prefCd=38&kikanCd=7380003450&kikanKbn=5", "url2": null, "内容": "アイリス薬局三津店【5:薬局】愛媛県松山市若葉町７－２２" }, "geometry": { "type": "Point", "coordinates": [ 132.716455, 33.85714 ] } },
{ "type": "Feature", "properties": { "ID": 3857380003460, "正式名称": "石井薬局", "機関区分": 5, "都道府県コード": 38, "市区町村コード": 201, "所在地": "愛媛県松山市東石井六丁目２－１", "緯度": 33.809467, "経度": 132.778346, "url": "https://www.iryou.teikyouseido.mhlw.go.jp/znk-web/juminkanja/S2430/initialize?prefCd=38&kikanCd=7380003460&kikanKbn=5", "url2": "http://www.agusto.co.jp/", "内容": "石井薬局【5:薬局】愛媛県松山市東石井六丁目２－１" }, "geometry": { "type": "Point", "coordinates": [ 132.778346, 33.809467 ] } },
{ "type": "Feature", "properties": { "ID": 3857380003490, "正式名称": "レデイ薬局六軒家店", "機関区分": 5, "都道府県コード": 38, "市区町村コード": 201, "所在地": "愛媛県松山市六軒家町４－２３", "緯度": 33.851518, "経度": 132.751763, "url": "https://www.iryou.teikyouseido.mhlw.go.jp/znk-web/juminkanja/S2430/initialize?prefCd=38&kikanCd=7380003490&kikanKbn=5", "url2": "http://www.lady-drug.co.jp/", "内容": "レデイ薬局六軒家店【5:薬局】愛媛県松山市六軒家町４－２３" }, "geometry": { "type": "Point", "coordinates": [ 132.751763, 33.851518 ] } },
{ "type": "Feature", "properties": { "ID": 3857380003540, "正式名称": "有限会社ゆかわ薬局", "機関区分": 5, "都道府県コード": 38, "市区町村コード": 201, "所在地": "愛媛県松山市鹿峰１８８－２", "緯度": 33.94234, "経度": 132.768921, "url": "https://www.iryou.teikyouseido.mhlw.go.jp/znk-web/juminkanja/S2430/initialize?prefCd=38&kikanCd=7380003540&kikanKbn=5", "url2": null, "内容": "有限会社ゆかわ薬局【5:薬局】愛媛県松山市鹿峰１８８－２" }, "geometry": { "type": "Point", "coordinates": [ 132.768921, 33.94234 ] } },
{ "type": "Feature", "properties": { "ID": 3857380003570, "正式名称": "有限会社みどり調剤薬局", "機関区分": 5, "都道府県コード": 38, "市区町村コード": 201, "所在地": "愛媛県松山市三番町６丁目２－１５", "緯度": 33.837135, "経度": 132.760998, "url": "https://www.iryou.teikyouseido.mhlw.go.jp/znk-web/juminkanja/S2430/initialize?prefCd=38&kikanCd=7380003570&kikanKbn=5", "url2": "https://midori-chouzai.com", "内容": "有限会社みどり調剤薬局【5:薬局】愛媛県松山市三番町６丁目２－１５" }, "geometry": { "type": "Point", "coordinates": [ 132.760998, 33.837135 ] } },
{ "type": "Feature", "properties": { "ID": 3857380003700, "正式名称": "ツルヤ薬局", "機関区分": 5, "都道府県コード": 38, "市区町村コード": 201, "所在地": "愛媛県松山市大街道２丁目４－４", "緯度": 33.840269, "経度": 132.769929, "url": "https://www.iryou.teikyouseido.mhlw.go.jp/znk-web/juminkanja/S2430/initialize?prefCd=38&kikanCd=7380003700&kikanKbn=5", "url2": null, "内容": "ツルヤ薬局【5:薬局】愛媛県松山市大街道２丁目４－４" }, "geometry": { "type": "Point", "coordinates": [ 132.769929, 33.840269 ] } },
{ "type": "Feature", "properties": { "ID": 3857380003740, "正式名称": "友岡薬局", "機関区分": 5, "都道府県コード": 38, "市区町村コード": 201, "所在地": "愛媛県松山市立花１ー１－５", "緯度": 33.830382, "経度": 132.772873, "url": "https://www.iryou.teikyouseido.mhlw.go.jp/znk-web/juminkanja/S2430/initialize?prefCd=38&kikanCd=7380003740&kikanKbn=5", "url2": "https://draku-store-tomooka.com", "内容": "友岡薬局【5:薬局】愛媛県松山市立花１ー１－５" }, "geometry": { "type": "Point", "coordinates": [ 132.772873, 33.830382 ] } },
{ "type": "Feature", "properties": { "ID": 3857380003750, "正式名称": "トマト薬局西垣生店", "機関区分": 5, "都道府県コード": 38, "市区町村コード": 201, "所在地": "愛媛県松山市西垣生町７７１－１１", "緯度": 33.814465, "経度": 132.707074, "url": "https://www.iryou.teikyouseido.mhlw.go.jp/znk-web/juminkanja/S2430/initialize?prefCd=38&kikanCd=7380003750&kikanKbn=5", "url2": "https://www.kk-tomato.com/", "内容": "トマト薬局西垣生店【5:薬局】愛媛県松山市西垣生町７７１－１１" }, "geometry": { "type": "Point", "coordinates": [ 132.707074, 33.814465 ] } },
{ "type": "Feature", "properties": { "ID": 3857380003770, "正式名称": "ティーズ薬局北久米店", "機関区分": 5, "都道府県コード": 38, "市区町村コード": 201, "所在地": "愛媛県松山市北久米町２４６－２", "緯度": 33.819494, "経度": 132.798622, "url": "https://www.iryou.teikyouseido.mhlw.go.jp/znk-web/juminkanja/S2430/initialize?prefCd=38&kikanCd=7380003770&kikanKbn=5", "url2": "http://ts-ph.co.jp", "内容": "ティーズ薬局北久米店【5:薬局】愛媛県松山市北久米町２４６－２" }, "geometry": { "type": "Point", "coordinates": [ 132.798622, 33.819494 ] } },
{ "type": "Feature", "properties": { "ID": 3857380003800, "正式名称": "ティーズ薬局福音寺店", "機関区分": 5, "都道府県コード": 38, "市区町村コード": 201, "所在地": "愛媛県松山市福音寺町２７－３", "緯度": 33.819494, "経度": 132.794455, "url": "https://www.iryou.teikyouseido.mhlw.go.jp/znk-web/juminkanja/S2430/initialize?prefCd=38&kikanCd=7380003800&kikanKbn=5", "url2": "http://ts-ph.co.jp/", "内容": "ティーズ薬局福音寺店【5:薬局】愛媛県松山市福音寺町２７－３" }, "geometry": { "type": "Point", "coordinates": [ 132.794455, 33.819494 ] } },
{ "type": "Feature", "properties": { "ID": 3857380003830, "正式名称": "しらさぎ薬局問屋町店", "機関区分": 5, "都道府県コード": 38, "市区町村コード": 201, "所在地": "愛媛県松山市問屋町１－１７", "緯度": 33.862894, "経度": 132.751572, "url": "https://www.iryou.teikyouseido.mhlw.go.jp/znk-web/juminkanja/S2430/initialize?prefCd=38&kikanCd=7380003830&kikanKbn=5", "url2": "https://www.shirasagi-drugstore.co.jp", "内容": "しらさぎ薬局問屋町店【5:薬局】愛媛県松山市問屋町１－１７" }, "geometry": { "type": "Point", "coordinates": [ 132.751572, 33.862894 ] } },
{ "type": "Feature", "properties": { "ID": 3857380003840, "正式名称": "サン薬局束本", "機関区分": 5, "都道府県コード": 38, "市区町村コード": 201, "所在地": "愛媛県松山市束本１丁目６－２１", "緯度": 33.833604, "経度": 132.786705, "url": "https://www.iryou.teikyouseido.mhlw.go.jp/znk-web/juminkanja/S2430/initialize?prefCd=38&kikanCd=7380003840&kikanKbn=5", "url2": null, "内容": "サン薬局束本【5:薬局】愛媛県松山市束本１丁目６－２１" }, "geometry": { "type": "Point", "coordinates": [ 132.786705, 33.833604 ] } },
{ "type": "Feature", "properties": { "ID": 3857380003850, "正式名称": "皇漢堂薬局", "機関区分": 5, "都道府県コード": 38, "市区町村コード": 201, "所在地": "愛媛県松山市束本２丁目１１－２２", "緯度": 33.828688, "経度": 132.78765, "url": "https://www.iryou.teikyouseido.mhlw.go.jp/znk-web/juminkanja/S2430/initialize?prefCd=38&kikanCd=7380003850&kikanKbn=5", "url2": "http://iyocom.jp/koukando/", "内容": "皇漢堂薬局【5:薬局】愛媛県松山市束本２丁目１１－２２" }, "geometry": { "type": "Point", "coordinates": [ 132.78765, 33.828688 ] } },
{ "type": "Feature", "properties": { "ID": 3857380003870, "正式名称": "キッズ薬局小坂店", "機関区分": 5, "都道府県コード": 38, "市区町村コード": 201, "所在地": "愛媛県松山市小坂５丁目７－１０　アングル１ｓｔビル１Ｆ", "緯度": 33.824938, "経度": 132.779984, "url": "https://www.iryou.teikyouseido.mhlw.go.jp/znk-web/juminkanja/S2430/initialize?prefCd=38&kikanCd=7380003870&kikanKbn=5", "url2": "http://www.kk-kids.com/", "内容": "キッズ薬局小坂店【5:薬局】愛媛県松山市小坂５丁目７－１０　アングル１ｓｔビル１Ｆ" }, "geometry": { "type": "Point", "coordinates": [ 132.779984, 33.824938 ] } },
{ "type": "Feature", "properties": { "ID": 3857380003880, "正式名称": "健生薬局中一万店", "機関区分": 5, "都道府県コード": 38, "市区町村コード": 201, "所在地": "愛媛県松山市中一万町６－１２　ハウス中一万１階", "緯度": 33.847035, "経度": 132.774147, "url": "https://www.iryou.teikyouseido.mhlw.go.jp/znk-web/juminkanja/S2430/initialize?prefCd=38&kikanCd=7380003880&kikanKbn=5", "url2": "http://kensei-farma.jimdo.com/", "内容": "健生薬局中一万店【5:薬局】愛媛県松山市中一万町６－１２　ハウス中一万１階" }, "geometry": { "type": "Point", "coordinates": [ 132.774147, 33.847035 ] } },
{ "type": "Feature", "properties": { "ID": 3857380003910, "正式名称": "おぐに調剤薬局北条", "機関区分": 5, "都道府県コード": 38, "市区町村コード": 201, "所在地": "愛媛県松山市北条辻８２５－６", "緯度": 33.965506, "経度": 132.775728, "url": "https://www.iryou.teikyouseido.mhlw.go.jp/znk-web/juminkanja/S2430/initialize?prefCd=38&kikanCd=7380003910&kikanKbn=5", "url2": "http://www.oguni-pharmacy.com", "内容": "おぐに調剤薬局北条【5:薬局】愛媛県松山市北条辻８２５－６" }, "geometry": { "type": "Point", "coordinates": [ 132.775728, 33.965506 ] } },
{ "type": "Feature", "properties": { "ID": 3857380003920, "正式名称": "おかべ薬局", "機関区分": 5, "都道府県コード": 38, "市区町村コード": 201, "所在地": "愛媛県松山市土手内９６－８", "緯度": 33.968895, "経度": 132.773006, "url": "https://www.iryou.teikyouseido.mhlw.go.jp/znk-web/juminkanja/S2430/initialize?prefCd=38&kikanCd=7380003920&kikanKbn=5", "url2": "https://okabe-yakkyoku.hp.peraichi.com/", "内容": "おかべ薬局【5:薬局】愛媛県松山市土手内９６－８" }, "geometry": { "type": "Point", "coordinates": [ 132.773006, 33.968895 ] } },
{ "type": "Feature", "properties": { "ID": 3857380003940, "正式名称": "オレンジ薬局", "機関区分": 5, "都道府県コード": 38, "市区町村コード": 201, "所在地": "愛媛県松山市久米窪田町１１７０－１", "緯度": 33.80894, "経度": 132.806594, "url": "https://www.iryou.teikyouseido.mhlw.go.jp/znk-web/juminkanja/S2430/initialize?prefCd=38&kikanCd=7380003940&kikanKbn=5", "url2": null, "内容": "オレンジ薬局【5:薬局】愛媛県松山市久米窪田町１１７０－１" }, "geometry": { "type": "Point", "coordinates": [ 132.806594, 33.80894 ] } },
{ "type": "Feature", "properties": { "ID": 3857380004010, "正式名称": "春日漢方薬局", "機関区分": 5, "都道府県コード": 38, "市区町村コード": 201, "所在地": "愛媛県松山市古川北３丁目１３－２２", "緯度": 33.810994, "経度": 132.763132, "url": "https://www.iryou.teikyouseido.mhlw.go.jp/znk-web/juminkanja/S2430/initialize?prefCd=38&kikanCd=7380004010&kikanKbn=5", "url2": null, "内容": "春日漢方薬局【5:薬局】愛媛県松山市古川北３丁目１３－２２" }, "geometry": { "type": "Point", "coordinates": [ 132.763132, 33.810994 ] } },
{ "type": "Feature", "properties": { "ID": 3857380004020, "正式名称": "トマト薬局保免店", "機関区分": 5, "都道府県コード": 38, "市区町村コード": 201, "所在地": "愛媛県松山市保免中３丁目８－２４", "緯度": 33.815383, "経度": 132.748543, "url": "https://www.iryou.teikyouseido.mhlw.go.jp/znk-web/juminkanja/S2430/initialize?prefCd=38&kikanCd=7380004020&kikanKbn=5", "url2": "https://www.kk-tomato.com/", "内容": "トマト薬局保免店【5:薬局】愛媛県松山市保免中３丁目８－２４" }, "geometry": { "type": "Point", "coordinates": [ 132.748543, 33.815383 ] } },
{ "type": "Feature", "properties": { "ID": 3857380004070, "正式名称": "いずみ薬局高岡店", "機関区分": 5, "都道府県コード": 38, "市区町村コード": 201, "所在地": "愛媛県松山市高岡町４２８－２", "緯度": 33.826631, "経度": 132.718489, "url": "https://www.iryou.teikyouseido.mhlw.go.jp/znk-web/juminkanja/S2430/initialize?prefCd=38&kikanCd=7380004070&kikanKbn=5", "url2": "http://izumi-pharmacy.la.coocan.jp/", "内容": "いずみ薬局高岡店【5:薬局】愛媛県松山市高岡町４２８－２" }, "geometry": { "type": "Point", "coordinates": [ 132.718489, 33.826631 ] } },
{ "type": "Feature", "properties": { "ID": 3857380004110, "正式名称": "えばら薬局", "機関区分": 5, "都道府県コード": 38, "市区町村コード": 201, "所在地": "愛媛県松山市小村町７５－７", "緯度": 33.777888, "経度": 132.81465, "url": "https://www.iryou.teikyouseido.mhlw.go.jp/znk-web/juminkanja/S2430/initialize?prefCd=38&kikanCd=7380004110&kikanKbn=5", "url2": null, "内容": "えばら薬局【5:薬局】愛媛県松山市小村町７５－７" }, "geometry": { "type": "Point", "coordinates": [ 132.81465, 33.777888 ] } },
{ "type": "Feature", "properties": { "ID": 3857380004120, "正式名称": "オリーブ薬局", "機関区分": 5, "都道府県コード": 38, "市区町村コード": 201, "所在地": "愛媛県松山市岩崎町２丁目９－７", "緯度": 33.846552, "経度": 132.784468, "url": "https://www.iryou.teikyouseido.mhlw.go.jp/znk-web/juminkanja/S2430/initialize?prefCd=38&kikanCd=7380004120&kikanKbn=5", "url2": null, "内容": "オリーブ薬局【5:薬局】愛媛県松山市岩崎町２丁目９－７" }, "geometry": { "type": "Point", "coordinates": [ 132.784468, 33.846552 ] } },
{ "type": "Feature", "properties": { "ID": 3857380004130, "正式名称": "ゆかわ薬局道後店", "機関区分": 5, "都道府県コード": 38, "市区町村コード": 201, "所在地": "愛媛県松山市道後町１丁目２－１２", "緯度": 33.848491, "経度": 132.783038, "url": "https://www.iryou.teikyouseido.mhlw.go.jp/znk-web/juminkanja/S2430/initialize?prefCd=38&kikanCd=7380004130&kikanKbn=5", "url2": null, "内容": "ゆかわ薬局道後店【5:薬局】愛媛県松山市道後町１丁目２－１２" }, "geometry": { "type": "Point", "coordinates": [ 132.783038, 33.848491 ] } },
{ "type": "Feature", "properties": { "ID": 3857380004140, "正式名称": "レデイ中央調剤薬局", "機関区分": 5, "都道府県コード": 38, "市区町村コード": 201, "所在地": "愛媛県松山市末広町１０－２", "緯度": 33.832715, "経度": 132.764068, "url": "https://www.iryou.teikyouseido.mhlw.go.jp/znk-web/juminkanja/S2430/initialize?prefCd=38&kikanCd=7380004140&kikanKbn=5", "url2": "http://www.lady-drug.co.jp/", "内容": "レデイ中央調剤薬局【5:薬局】愛媛県松山市末広町１０－２" }, "geometry": { "type": "Point", "coordinates": [ 132.764068, 33.832715 ] } },
{ "type": "Feature", "properties": { "ID": 3857380004190, "正式名称": "リボン薬局", "機関区分": 5, "都道府県コード": 38, "市区町村コード": 201, "所在地": "愛媛県松山市室町７３－２", "緯度": 33.831548, "経度": 132.763652, "url": "https://www.iryou.teikyouseido.mhlw.go.jp/znk-web/juminkanja/S2430/initialize?prefCd=38&kikanCd=7380004190&kikanKbn=5", "url2": "https://www.ribon-okusuri.com", "内容": "リボン薬局【5:薬局】愛媛県松山市室町７３－２" }, "geometry": { "type": "Point", "coordinates": [ 132.763652, 33.831548 ] } },
{ "type": "Feature", "properties": { "ID": 3857380004200, "正式名称": "有限会社ひろ調剤薬局北土居店", "機関区分": 5, "都道府県コード": 38, "市区町村コード": 201, "所在地": "愛媛県松山市北土居３丁目１２番１３号", "緯度": 33.804162, "経度": 132.785151, "url": "https://www.iryou.teikyouseido.mhlw.go.jp/znk-web/juminkanja/S2430/initialize?prefCd=38&kikanCd=7380004200&kikanKbn=5", "url2": "http://www.hiro-pharmacy.com/", "内容": "有限会社ひろ調剤薬局北土居店【5:薬局】愛媛県松山市北土居３丁目１２番１３号" }, "geometry": { "type": "Point", "coordinates": [ 132.785151, 33.804162 ] } },
{ "type": "Feature", "properties": { "ID": 3857380004220, "正式名称": "有限会社ひろ調剤薬局北斎院店", "機関区分": 5, "都道府県コード": 38, "市区町村コード": 201, "所在地": "愛媛県松山市北斎院町９２８－２", "緯度": 33.840981, "経度": 132.724437, "url": "https://www.iryou.teikyouseido.mhlw.go.jp/znk-web/juminkanja/S2430/initialize?prefCd=38&kikanCd=7380004220&kikanKbn=5", "url2": "http://www.hiro-pharmacy.com/", "内容": "有限会社ひろ調剤薬局北斎院店【5:薬局】愛媛県松山市北斎院町９２８－２" }, "geometry": { "type": "Point", "coordinates": [ 132.724437, 33.840981 ] } },
{ "type": "Feature", "properties": { "ID": 3857380004260, "正式名称": "おおかめ調剤薬局", "機関区分": 5, "都道府県コード": 38, "市区町村コード": 201, "所在地": "愛媛県松山市森松町９４７－３", "緯度": 33.794997, "経度": 132.794429, "url": "https://www.iryou.teikyouseido.mhlw.go.jp/znk-web/juminkanja/S2430/initialize?prefCd=38&kikanCd=7380004260&kikanKbn=5", "url2": "https://ookame-tenohira.com", "内容": "おおかめ調剤薬局【5:薬局】愛媛県松山市森松町９４７－３" }, "geometry": { "type": "Point", "coordinates": [ 132.794429, 33.794997 ] } },
{ "type": "Feature", "properties": { "ID": 3857380004270, "正式名称": "かいてき調剤薬局桑原店", "機関区分": 5, "都道府県コード": 38, "市区町村コード": 201, "所在地": "愛媛県松山市桑原６丁目４－２９", "緯度": 33.83189, "経度": 132.789298, "url": "https://www.iryou.teikyouseido.mhlw.go.jp/znk-web/juminkanja/S2430/initialize?prefCd=38&kikanCd=7380004270&kikanKbn=5", "url2": "kaiteki-pharma.co.jp", "内容": "かいてき調剤薬局桑原店【5:薬局】愛媛県松山市桑原６丁目４－２９" }, "geometry": { "type": "Point", "coordinates": [ 132.789298, 33.83189 ] } },
{ "type": "Feature", "properties": { "ID": 3857380004300, "正式名称": "みかん薬局", "機関区分": 5, "都道府県コード": 38, "市区町村コード": 201, "所在地": "愛媛県松山市山西町１５２－１８", "緯度": 33.853008, "経度": 132.727159, "url": "https://www.iryou.teikyouseido.mhlw.go.jp/znk-web/juminkanja/S2430/initialize?prefCd=38&kikanCd=7380004300&kikanKbn=5", "url2": null, "内容": "みかん薬局【5:薬局】愛媛県松山市山西町１５２－１８" }, "geometry": { "type": "Point", "coordinates": [ 132.727159, 33.853008 ] } },
{ "type": "Feature", "properties": { "ID": 3857380004310, "正式名称": "アイリス薬局祝谷店", "機関区分": 5, "都道府県コード": 38, "市区町村コード": 201, "所在地": "愛媛県松山市祝谷２丁目１２番３２号", "緯度": 33.85565, "経度": 132.781913, "url": "https://www.iryou.teikyouseido.mhlw.go.jp/znk-web/juminkanja/S2430/initialize?prefCd=38&kikanCd=7380004310&kikanKbn=5", "url2": null, "内容": "アイリス薬局祝谷店【5:薬局】愛媛県松山市祝谷２丁目１２番３２号" }, "geometry": { "type": "Point", "coordinates": [ 132.781913, 33.85565 ] } },
{ "type": "Feature", "properties": { "ID": 3857380004320, "正式名称": "えひめ調剤薬局", "機関区分": 5, "都道府県コード": 38, "市区町村コード": 201, "所在地": "愛媛県松山市末広町１１－１１光玉ビル１Ｆ", "緯度": 33.832548, "経度": 132.763763, "url": "https://www.iryou.teikyouseido.mhlw.go.jp/znk-web/juminkanja/S2430/initialize?prefCd=38&kikanCd=7380004320&kikanKbn=5", "url2": null, "内容": "えひめ調剤薬局【5:薬局】愛媛県松山市末広町１１－１１光玉ビル１Ｆ" }, "geometry": { "type": "Point", "coordinates": [ 132.763763, 33.832548 ] } },
{ "type": "Feature", "properties": { "ID": 3857380004330, "正式名称": "かいてき調剤薬局六軒家店", "機関区分": 5, "都道府県コード": 38, "市区町村コード": 201, "所在地": "愛媛県松山市六軒家町３番２４号", "緯度": 33.851423, "経度": 132.749774, "url": "https://www.iryou.teikyouseido.mhlw.go.jp/znk-web/juminkanja/S2430/initialize?prefCd=38&kikanCd=7380004330&kikanKbn=5", "url2": "kaiteki-pharma.co.jp", "内容": "かいてき調剤薬局六軒家店【5:薬局】愛媛県松山市六軒家町３番２４号" }, "geometry": { "type": "Point", "coordinates": [ 132.749774, 33.851423 ] } },
{ "type": "Feature", "properties": { "ID": 3857380004340, "正式名称": "松山調剤薬局築山店", "機関区分": 5, "都道府県コード": 38, "市区町村コード": 201, "所在地": "愛媛県松山市築山町７－１０　渡部ビル１Ｆ", "緯度": 33.838503, "経度": 132.778528, "url": "https://www.iryou.teikyouseido.mhlw.go.jp/znk-web/juminkanja/S2430/initialize?prefCd=38&kikanCd=7380004340&kikanKbn=5", "url2": null, "内容": "松山調剤薬局築山店【5:薬局】愛媛県松山市築山町７－１０　渡部ビル１Ｆ" }, "geometry": { "type": "Point", "coordinates": [ 132.778528, 33.838503 ] } },
{ "type": "Feature", "properties": { "ID": 3857380004350, "正式名称": "トマト薬局北梅本店", "機関区分": 5, "都道府県コード": 38, "市区町村コード": 201, "所在地": "愛媛県松山市北梅本町３３０２－４", "緯度": 33.798625, "経度": 132.844263, "url": "https://www.iryou.teikyouseido.mhlw.go.jp/znk-web/juminkanja/S2430/initialize?prefCd=38&kikanCd=7380004350&kikanKbn=5", "url2": "https://www.kk-tomato.com", "内容": "トマト薬局北梅本店【5:薬局】愛媛県松山市北梅本町３３０２－４" }, "geometry": { "type": "Point", "coordinates": [ 132.844263, 33.798625 ] } },
{ "type": "Feature", "properties": { "ID": 3857380004360, "正式名称": "日本調剤松山南薬局", "機関区分": 5, "都道府県コード": 38, "市区町村コード": 201, "所在地": "愛媛県松山市朝生田町１－５－１５　プラザＧ＆Ｋ　１階", "緯度": 33.823637, "経度": 132.774299, "url": "https://www.iryou.teikyouseido.mhlw.go.jp/znk-web/juminkanja/S2430/initialize?prefCd=38&kikanCd=7380004360&kikanKbn=5", "url2": "http://www.nicho.co.jp/", "内容": "日本調剤松山南薬局【5:薬局】愛媛県松山市朝生田町１－５－１５　プラザＧ＆Ｋ　１階" }, "geometry": { "type": "Point", "coordinates": [ 132.774299, 33.823637 ] } },
{ "type": "Feature", "properties": { "ID": 3857380004370, "正式名称": "フラワー薬局千舟町店", "機関区分": 5, "都道府県コード": 38, "市区町村コード": 201, "所在地": "愛媛県松山市千舟町四丁目３－４", "緯度": 33.836602, "経度": 132.765356, "url": "https://www.iryou.teikyouseido.mhlw.go.jp/znk-web/juminkanja/S2430/initialize?prefCd=38&kikanCd=7380004370&kikanKbn=5", "url2": "flower-pharmacy.com", "内容": "フラワー薬局千舟町店【5:薬局】愛媛県松山市千舟町四丁目３－４" }, "geometry": { "type": "Point", "coordinates": [ 132.765356, 33.836602 ] } },
{ "type": "Feature", "properties": { "ID": 3857380004380, "正式名称": "ドレミ薬局はなみずき通り店", "機関区分": 5, "都道府県コード": 38, "市区町村コード": 201, "所在地": "愛媛県松山市古川北２丁目１０－３", "緯度": 33.8128, "経度": 132.765264, "url": "https://www.iryou.teikyouseido.mhlw.go.jp/znk-web/juminkanja/S2430/initialize?prefCd=38&kikanCd=7380004380&kikanKbn=5", "url2": null, "内容": "ドレミ薬局はなみずき通り店【5:薬局】愛媛県松山市古川北２丁目１０－３" }, "geometry": { "type": "Point", "coordinates": [ 132.765264, 33.8128 ] } },
{ "type": "Feature", "properties": { "ID": 3857380004390, "正式名称": "かしま薬局", "機関区分": 5, "都道府県コード": 38, "市区町村コード": 201, "所在地": "愛媛県松山市常竹甲３７８－３", "緯度": 33.939898, "経度": 132.774479, "url": "https://www.iryou.teikyouseido.mhlw.go.jp/znk-web/juminkanja/S2430/initialize?prefCd=38&kikanCd=7380004390&kikanKbn=5", "url2": null, "内容": "かしま薬局【5:薬局】愛媛県松山市常竹甲３７８－３" }, "geometry": { "type": "Point", "coordinates": [ 132.774479, 33.939898 ] } },
{ "type": "Feature", "properties": { "ID": 3857380004420, "正式名称": "清保堂薬局がんセンター前", "機関区分": 5, "都道府県コード": 38, "市区町村コード": 201, "所在地": "愛媛県松山市南梅本町甲１９８－１", "緯度": 33.797328, "経度": 132.839494, "url": "https://www.iryou.teikyouseido.mhlw.go.jp/znk-web/juminkanja/S2430/initialize?prefCd=38&kikanCd=7380004420&kikanKbn=5", "url2": "https://www.seihodo-ehime.com/", "内容": "清保堂薬局がんセンター前【5:薬局】愛媛県松山市南梅本町甲１９８－１" }, "geometry": { "type": "Point", "coordinates": [ 132.839494, 33.797328 ] } },
{ "type": "Feature", "properties": { "ID": 3857380004430, "正式名称": "コスモ薬局", "機関区分": 5, "都道府県コード": 38, "市区町村コード": 201, "所在地": "愛媛県松山市南梅本町甲２００－１", "緯度": 33.797886, "経度": 132.839369, "url": "https://www.iryou.teikyouseido.mhlw.go.jp/znk-web/juminkanja/S2430/initialize?prefCd=38&kikanCd=7380004430&kikanKbn=5", "url2": "http://cosmo-pharmacy.net", "内容": "コスモ薬局【5:薬局】愛媛県松山市南梅本町甲２００－１" }, "geometry": { "type": "Point", "coordinates": [ 132.839369, 33.797886 ] } },
{ "type": "Feature", "properties": { "ID": 3857380004440, "正式名称": "日本調剤　平和通薬局", "機関区分": 5, "都道府県コード": 38, "市区町村コード": 201, "所在地": "愛媛県松山市平和通１丁目５－１４　Ｆ・フォリスト１階", "緯度": 33.847658, "経度": 132.773039, "url": "https://www.iryou.teikyouseido.mhlw.go.jp/znk-web/juminkanja/S2430/initialize?prefCd=38&kikanCd=7380004440&kikanKbn=5", "url2": "http://www.nicho.co.jp/tenpo/tyushikoku/yakkyoku/post_252.html", "内容": "日本調剤　平和通薬局【5:薬局】愛媛県松山市平和通１丁目５－１４　Ｆ・フォリスト１階" }, "geometry": { "type": "Point", "coordinates": [ 132.773039, 33.847658 ] } },
{ "type": "Feature", "properties": { "ID": 3857380004500, "正式名称": "ヒロセ薬局", "機関区分": 5, "都道府県コード": 38, "市区町村コード": 201, "所在地": "愛媛県松山市勝岡町３４－１", "緯度": 33.896346, "経度": 132.729652, "url": "https://www.iryou.teikyouseido.mhlw.go.jp/znk-web/juminkanja/S2430/initialize?prefCd=38&kikanCd=7380004500&kikanKbn=5", "url2": null, "内容": "ヒロセ薬局【5:薬局】愛媛県松山市勝岡町３４－１" }, "geometry": { "type": "Point", "coordinates": [ 132.729652, 33.896346 ] } },
{ "type": "Feature", "properties": { "ID": 3857380004530, "正式名称": "クローバー薬局立花店", "機関区分": 5, "都道府県コード": 38, "市区町村コード": 201, "所在地": "愛媛県松山市立花三丁目３－４３", "緯度": 33.826104, "経度": 132.774096, "url": "https://www.iryou.teikyouseido.mhlw.go.jp/znk-web/juminkanja/S2430/initialize?prefCd=38&kikanCd=7380004530&kikanKbn=5", "url2": "http://www.cloverpharma.co.jp", "内容": "クローバー薬局立花店【5:薬局】愛媛県松山市立花三丁目３－４３" }, "geometry": { "type": "Point", "coordinates": [ 132.774096, 33.826104 ] } },
{ "type": "Feature", "properties": { "ID": 3857380004540, "正式名称": "かいてき調剤薬局平井店", "機関区分": 5, "都道府県コード": 38, "市区町村コード": 201, "所在地": "愛媛県松山市平井町甲３２３６番地３", "緯度": 33.811599, "経度": 132.822121, "url": "https://www.iryou.teikyouseido.mhlw.go.jp/znk-web/juminkanja/S2430/initialize?prefCd=38&kikanCd=7380004540&kikanKbn=5", "url2": "https://www.kaiteki-pharma.co.jp/", "内容": "かいてき調剤薬局平井店【5:薬局】愛媛県松山市平井町甲３２３６番地３" }, "geometry": { "type": "Point", "coordinates": [ 132.822121, 33.811599 ] } },
{ "type": "Feature", "properties": { "ID": 3857380004570, "正式名称": "ライフケア薬局　東野店", "機関区分": 5, "都道府県コード": 38, "市区町村コード": 201, "所在地": "愛媛県松山市東野二丁目２番７号", "緯度": 33.840353, "経度": 132.798843, "url": "https://www.iryou.teikyouseido.mhlw.go.jp/znk-web/juminkanja/S2430/initialize?prefCd=38&kikanCd=7380004570&kikanKbn=5", "url2": "http://www.homemedicare.jp", "内容": "ライフケア薬局　東野店【5:薬局】愛媛県松山市東野二丁目２番７号" }, "geometry": { "type": "Point", "coordinates": [ 132.798843, 33.840353 ] } },
{ "type": "Feature", "properties": { "ID": 3857380004580, "正式名称": "同源堂東薬局", "機関区分": 5, "都道府県コード": 38, "市区町村コード": 201, "所在地": "愛媛県松山市一番町二丁目９番地１０　永戸ビル１階", "緯度": 33.842026, "経度": 132.771096, "url": "https://www.iryou.teikyouseido.mhlw.go.jp/znk-web/juminkanja/S2430/initialize?prefCd=38&kikanCd=7380004580&kikanKbn=5", "url2": null, "内容": "同源堂東薬局【5:薬局】愛媛県松山市一番町二丁目９番地１０　永戸ビル１階" }, "geometry": { "type": "Point", "coordinates": [ 132.771096, 33.842026 ] } },
{ "type": "Feature", "properties": { "ID": 3857380004590, "正式名称": "やなぎ堂薬局柳井町店", "機関区分": 5, "都道府県コード": 38, "市区町村コード": 201, "所在地": "愛媛県松山市柳井町一丁目１４番地１", "緯度": 33.834187, "経度": 132.769401, "url": "https://www.iryou.teikyouseido.mhlw.go.jp/znk-web/juminkanja/S2430/initialize?prefCd=38&kikanCd=7380004590&kikanKbn=5", "url2": null, "内容": "やなぎ堂薬局柳井町店【5:薬局】愛媛県松山市柳井町一丁目１４番地１" }, "geometry": { "type": "Point", "coordinates": [ 132.769401, 33.834187 ] } },
{ "type": "Feature", "properties": { "ID": 3857380004600, "正式名称": "ハッピー薬局　石手白石店", "機関区分": 5, "都道府県コード": 38, "市区町村コード": 201, "所在地": "愛媛県松山市石手白石甲１０５番地３", "緯度": 33.844436, "経度": 132.80037, "url": "https://www.iryou.teikyouseido.mhlw.go.jp/znk-web/juminkanja/S2430/initialize?prefCd=38&kikanCd=7380004600&kikanKbn=5", "url2": "http://www.happy-pharmacy.com/", "内容": "ハッピー薬局　石手白石店【5:薬局】愛媛県松山市石手白石甲１０５番地３" }, "geometry": { "type": "Point", "coordinates": [ 132.80037, 33.844436 ] } },
{ "type": "Feature", "properties": { "ID": 3857380004610, "正式名称": "愛らんど薬局　立花店", "機関区分": 5, "都道府県コード": 38, "市区町村コード": 201, "所在地": "愛媛県松山市祇園町１番４４号", "緯度": 33.827521, "経度": 132.774679, "url": "https://www.iryou.teikyouseido.mhlw.go.jp/znk-web/juminkanja/S2430/initialize?prefCd=38&kikanCd=7380004610&kikanKbn=5", "url2": null, "内容": "愛らんど薬局　立花店【5:薬局】愛媛県松山市祇園町１番４４号" }, "geometry": { "type": "Point", "coordinates": [ 132.774679, 33.827521 ] } },
{ "type": "Feature", "properties": { "ID": 3857380004630, "正式名称": "北条薬局", "機関区分": 5, "都道府県コード": 38, "市区町村コード": 201, "所在地": "愛媛県松山市北条辻２６８番４", "緯度": 33.973839, "経度": 132.775616, "url": "https://www.iryou.teikyouseido.mhlw.go.jp/znk-web/juminkanja/S2430/initialize?prefCd=38&kikanCd=7380004630&kikanKbn=5", "url2": "http://www.agusto.co.jp", "内容": "北条薬局【5:薬局】愛媛県松山市北条辻２６８番４" }, "geometry": { "type": "Point", "coordinates": [ 132.775616, 33.973839 ] } },
{ "type": "Feature", "properties": { "ID": 3857380004640, "正式名称": "健生薬局　山越店", "機関区分": 5, "都道府県コード": 38, "市区町村コード": 201, "所在地": "愛媛県松山市山越五丁目１３番１４号", "緯度": 33.861961, "経度": 132.751235, "url": "https://www.iryou.teikyouseido.mhlw.go.jp/znk-web/juminkanja/S2430/initialize?prefCd=38&kikanCd=7380004640&kikanKbn=5", "url2": "http://kensei-farma.jimdo.com/", "内容": "健生薬局　山越店【5:薬局】愛媛県松山市山越五丁目１３番１４号" }, "geometry": { "type": "Point", "coordinates": [ 132.751235, 33.861961 ] } },
{ "type": "Feature", "properties": { "ID": 3857380004650, "正式名称": "ハッピー薬局　朝生田店", "機関区分": 5, "都道府県コード": 38, "市区町村コード": 201, "所在地": "愛媛県松山市朝生田町一丁目４番１４号　コンフォルトビル１階", "緯度": 33.823716, "経度": 132.773762, "url": "https://www.iryou.teikyouseido.mhlw.go.jp/znk-web/juminkanja/S2430/initialize?prefCd=38&kikanCd=7380004650&kikanKbn=5", "url2": "http://www.happy-pharmacy.com/", "内容": "ハッピー薬局　朝生田店【5:薬局】愛媛県松山市朝生田町一丁目４番１４号　コンフォルトビル１階" }, "geometry": { "type": "Point", "coordinates": [ 132.773762, 33.823716 ] } },
{ "type": "Feature", "properties": { "ID": 3857380004690, "正式名称": "あさひ調剤薬局　つばき店", "機関区分": 5, "都道府県コード": 38, "市区町村コード": 201, "所在地": "愛媛県松山市越智三丁目９番７号", "緯度": 33.809803, "経度": 132.780271, "url": "https://www.iryou.teikyouseido.mhlw.go.jp/znk-web/juminkanja/S2430/initialize?prefCd=38&kikanCd=7380004690&kikanKbn=5", "url2": "http://www.117-asahi.com/", "内容": "あさひ調剤薬局　つばき店【5:薬局】愛媛県松山市越智三丁目９番７号" }, "geometry": { "type": "Point", "coordinates": [ 132.780271, 33.809803 ] } },
{ "type": "Feature", "properties": { "ID": 3857380004710, "正式名称": "同仁堂漢方薬局", "機関区分": 5, "都道府県コード": 38, "市区町村コード": 201, "所在地": "愛媛県松山市築山町８番１９号", "緯度": 33.838159, "経度": 132.778845, "url": "https://www.iryou.teikyouseido.mhlw.go.jp/znk-web/juminkanja/S2430/initialize?prefCd=38&kikanCd=7380004710&kikanKbn=5", "url2": "https://www.e-dojindo.com", "内容": "同仁堂漢方薬局【5:薬局】愛媛県松山市築山町８番１９号" }, "geometry": { "type": "Point", "coordinates": [ 132.778845, 33.838159 ] } },
{ "type": "Feature", "properties": { "ID": 3857380004790, "正式名称": "健生薬局", "機関区分": 5, "都道府県コード": 38, "市区町村コード": 201, "所在地": "愛媛県松山市三番町５丁目９－１１", "緯度": 33.838158, "経度": 132.763929, "url": "https://www.iryou.teikyouseido.mhlw.go.jp/znk-web/juminkanja/S2430/initialize?prefCd=38&kikanCd=7380004790&kikanKbn=5", "url2": "http://kensei-farma.jimdo.com/", "内容": "健生薬局【5:薬局】愛媛県松山市三番町５丁目９－１１" }, "geometry": { "type": "Point", "coordinates": [ 132.763929, 33.838158 ] } },
{ "type": "Feature", "properties": { "ID": 3857380004800, "正式名称": "近藤薬局", "機関区分": 5, "都道府県コード": 38, "市区町村コード": 201, "所在地": "愛媛県松山市土橋町１６－１", "緯度": 33.834436, "経度": 132.756458, "url": "https://www.iryou.teikyouseido.mhlw.go.jp/znk-web/juminkanja/S2430/initialize?prefCd=38&kikanCd=7380004800&kikanKbn=5", "url2": null, "内容": "近藤薬局【5:薬局】愛媛県松山市土橋町１６－１" }, "geometry": { "type": "Point", "coordinates": [ 132.756458, 33.834436 ] } },
{ "type": "Feature", "properties": { "ID": 3857380004830, "正式名称": "有限会社東雲薬局", "機関区分": 5, "都道府県コード": 38, "市区町村コード": 201, "所在地": "愛媛県松山市大街道３丁目２－４３", "緯度": 33.84385, "経度": 132.771414, "url": "https://www.iryou.teikyouseido.mhlw.go.jp/znk-web/juminkanja/S2430/initialize?prefCd=38&kikanCd=7380004830&kikanKbn=5", "url2": null, "内容": "有限会社東雲薬局【5:薬局】愛媛県松山市大街道３丁目２－４３" }, "geometry": { "type": "Point", "coordinates": [ 132.771414, 33.84385 ] } },
{ "type": "Feature", "properties": { "ID": 3857380004840, "正式名称": "有限会社センター薬局", "機関区分": 5, "都道府県コード": 38, "市区町村コード": 201, "所在地": "愛媛県松山市会津町１１番地", "緯度": 33.863015, "経度": 132.726423, "url": "https://www.iryou.teikyouseido.mhlw.go.jp/znk-web/juminkanja/S2430/initialize?prefCd=38&kikanCd=7380004840&kikanKbn=5", "url2": "http://centeryakkyoku.com", "内容": "有限会社センター薬局【5:薬局】愛媛県松山市会津町１１番地" }, "geometry": { "type": "Point", "coordinates": [ 132.726423, 33.863015 ] } },
{ "type": "Feature", "properties": { "ID": 3857380004860, "正式名称": "重長薬局", "機関区分": 5, "都道府県コード": 38, "市区町村コード": 201, "所在地": "愛媛県松山市由良町１１５３－３", "緯度": 33.903581, "経度": 132.681515, "url": "https://www.iryou.teikyouseido.mhlw.go.jp/znk-web/juminkanja/S2430/initialize?prefCd=38&kikanCd=7380004860&kikanKbn=5", "url2": "https://www.shigenaga-p.co.jp", "内容": "重長薬局【5:薬局】愛媛県松山市由良町１１５３－３" }, "geometry": { "type": "Point", "coordinates": [ 132.681515, 33.903581 ] } },
{ "type": "Feature", "properties": { "ID": 3857380004880, "正式名称": "ふくおんじ薬局", "機関区分": 5, "都道府県コード": 38, "市区町村コード": 201, "所在地": "愛媛県松山市松末２丁目２－２８", "緯度": 33.824893, "経度": 132.78977, "url": "https://www.iryou.teikyouseido.mhlw.go.jp/znk-web/juminkanja/S2430/initialize?prefCd=38&kikanCd=7380004880&kikanKbn=5", "url2": null, "内容": "ふくおんじ薬局【5:薬局】愛媛県松山市松末２丁目２－２８" }, "geometry": { "type": "Point", "coordinates": [ 132.78977, 33.824893 ] } },
{ "type": "Feature", "properties": { "ID": 3857380004930, "正式名称": "しらさぎ薬局本町店", "機関区分": 5, "都道府県コード": 38, "市区町村コード": 201, "所在地": "愛媛県松山市本町６丁目６－７　ロータリー本町１階", "緯度": 33.853073, "経度": 132.758568, "url": "https://www.iryou.teikyouseido.mhlw.go.jp/znk-web/juminkanja/S2430/initialize?prefCd=38&kikanCd=7380004930&kikanKbn=5", "url2": "http://www.shirasagi-drugstore.co.jp", "内容": "しらさぎ薬局本町店【5:薬局】愛媛県松山市本町６丁目６－７　ロータリー本町１階" }, "geometry": { "type": "Point", "coordinates": [ 132.758568, 33.853073 ] } },
{ "type": "Feature", "properties": { "ID": 3857380004940, "正式名称": "マイ薬局", "機関区分": 5, "都道府県コード": 38, "市区町村コード": 201, "所在地": "愛媛県松山市喜与町１丁目３番地１", "緯度": 33.843325, "経度": 132.773789, "url": "https://www.iryou.teikyouseido.mhlw.go.jp/znk-web/juminkanja/S2430/initialize?prefCd=38&kikanCd=7380004940&kikanKbn=5", "url2": null, "内容": "マイ薬局【5:薬局】愛媛県松山市喜与町１丁目３番地１" }, "geometry": { "type": "Point", "coordinates": [ 132.773789, 33.843325 ] } },
{ "type": "Feature", "properties": { "ID": 3857380004950, "正式名称": "江戸茂薬局土橋南店", "機関区分": 5, "都道府県コード": 38, "市区町村コード": 201, "所在地": "愛媛県松山市土橋町７番地－１", "緯度": 33.833242, "経度": 132.756624, "url": "https://www.iryou.teikyouseido.mhlw.go.jp/znk-web/juminkanja/S2430/initialize?prefCd=38&kikanCd=7380004950&kikanKbn=5", "url2": null, "内容": "江戸茂薬局土橋南店【5:薬局】愛媛県松山市土橋町７番地－１" }, "geometry": { "type": "Point", "coordinates": [ 132.756624, 33.833242 ] } },
{ "type": "Feature", "properties": { "ID": 3857380004960, "正式名称": "あおぞら薬局", "機関区分": 5, "都道府県コード": 38, "市区町村コード": 201, "所在地": "愛媛県松山市西長戸町２７４番地３", "緯度": 33.868873, "経度": 132.743119, "url": "https://www.iryou.teikyouseido.mhlw.go.jp/znk-web/juminkanja/S2430/initialize?prefCd=38&kikanCd=7380004960&kikanKbn=5", "url2": null, "内容": "あおぞら薬局【5:薬局】愛媛県松山市西長戸町２７４番地３" }, "geometry": { "type": "Point", "coordinates": [ 132.743119, 33.868873 ] } },
{ "type": "Feature", "properties": { "ID": 3857380005020, "正式名称": "有限会社ライフハウス村上薬局", "機関区分": 5, "都道府県コード": 38, "市区町村コード": 201, "所在地": "愛媛県松山市道後樋又３番３号", "緯度": 33.85174, "経度": 132.773206, "url": "https://www.iryou.teikyouseido.mhlw.go.jp/znk-web/juminkanja/S2430/initialize?prefCd=38&kikanCd=7380005020&kikanKbn=5", "url2": null, "内容": "有限会社ライフハウス村上薬局【5:薬局】愛媛県松山市道後樋又３番３号" }, "geometry": { "type": "Point", "coordinates": [ 132.773206, 33.85174 ] } },
{ "type": "Feature", "properties": { "ID": 3857380005050, "正式名称": "友岡薬局平井店", "機関区分": 5, "都道府県コード": 38, "市区町村コード": 201, "所在地": "愛媛県松山市平井町甲２３５１", "緯度": 33.810524, "経度": 132.822953, "url": "https://www.iryou.teikyouseido.mhlw.go.jp/znk-web/juminkanja/S2430/initialize?prefCd=38&kikanCd=7380005050&kikanKbn=5", "url2": "http://draku-store-tomooka.com/", "内容": "友岡薬局平井店【5:薬局】愛媛県松山市平井町甲２３５１" }, "geometry": { "type": "Point", "coordinates": [ 132.822953, 33.810524 ] } },
{ "type": "Feature", "properties": { "ID": 3857380005060, "正式名称": "江戸茂薬局　本店", "機関区分": 5, "都道府県コード": 38, "市区町村コード": 201, "所在地": "愛媛県松山市土橋町１８－１", "緯度": 33.834405, "経度": 132.75709, "url": "https://www.iryou.teikyouseido.mhlw.go.jp/znk-web/juminkanja/S2430/initialize?prefCd=38&kikanCd=7380005060&kikanKbn=5", "url2": null, "内容": "江戸茂薬局　本店【5:薬局】愛媛県松山市土橋町１８－１" }, "geometry": { "type": "Point", "coordinates": [ 132.75709, 33.834405 ] } },
{ "type": "Feature", "properties": { "ID": 3857380005070, "正式名称": "ファミリー薬局", "機関区分": 5, "都道府県コード": 38, "市区町村コード": 201, "所在地": "愛媛県松山市和気町１丁目１２５－６", "緯度": 33.889998, "経度": 132.739425, "url": "https://www.iryou.teikyouseido.mhlw.go.jp/znk-web/juminkanja/S2430/initialize?prefCd=38&kikanCd=7380005070&kikanKbn=5", "url2": null, "内容": "ファミリー薬局【5:薬局】愛媛県松山市和気町１丁目１２５－６" }, "geometry": { "type": "Point", "coordinates": [ 132.739425, 33.889998 ] } },
{ "type": "Feature", "properties": { "ID": 3857380005080, "正式名称": "ゆりあ調剤薬局", "機関区分": 5, "都道府県コード": 38, "市区町村コード": 201, "所在地": "愛媛県松山市久万ノ台５６０－２", "緯度": 33.862826, "経度": 132.741444, "url": "https://www.iryou.teikyouseido.mhlw.go.jp/znk-web/juminkanja/S2430/initialize?prefCd=38&kikanCd=7380005080&kikanKbn=5", "url2": "http://www.yuria-pharmacy.com/", "内容": "ゆりあ調剤薬局【5:薬局】愛媛県松山市久万ノ台５６０－２" }, "geometry": { "type": "Point", "coordinates": [ 132.741444, 33.862826 ] } },
{ "type": "Feature", "properties": { "ID": 3857380005110, "正式名称": "あい薬局　南店", "機関区分": 5, "都道府県コード": 38, "市区町村コード": 201, "所在地": "愛媛県松山市和泉南１丁目５－６", "緯度": 33.817772, "経度": 132.766069, "url": "https://www.iryou.teikyouseido.mhlw.go.jp/znk-web/juminkanja/S2430/initialize?prefCd=38&kikanCd=7380005110&kikanKbn=5", "url2": "http://www.ai-okusuri.com/", "内容": "あい薬局　南店【5:薬局】愛媛県松山市和泉南１丁目５－６" }, "geometry": { "type": "Point", "coordinates": [ 132.766069, 33.817772 ] } },
{ "type": "Feature", "properties": { "ID": 3857380005120, "正式名称": "レデイ薬局　拓川店", "機関区分": 5, "都道府県コード": 38, "市区町村コード": 201, "所在地": "愛媛県松山市拓川町２－３", "緯度": 33.824965, "経度": 132.765596, "url": "https://www.iryou.teikyouseido.mhlw.go.jp/znk-web/juminkanja/S2430/initialize?prefCd=38&kikanCd=7380005120&kikanKbn=5", "url2": "http://www.lady-drug.co.jp/", "内容": "レデイ薬局　拓川店【5:薬局】愛媛県松山市拓川町２－３" }, "geometry": { "type": "Point", "coordinates": [ 132.765596, 33.824965 ] } },
{ "type": "Feature", "properties": { "ID": 3857380005160, "正式名称": "杖の淵調剤薬局", "機関区分": 5, "都道府県コード": 38, "市区町村コード": 201, "所在地": "愛媛県松山市高井町１２０９－３", "緯度": 33.799774, "経度": 132.807677, "url": "https://www.iryou.teikyouseido.mhlw.go.jp/znk-web/juminkanja/S2430/initialize?prefCd=38&kikanCd=7380005160&kikanKbn=5", "url2": "https://cliph.biz/store_introduction/jyounofuchi/", "内容": "杖の淵調剤薬局【5:薬局】愛媛県松山市高井町１２０９－３" }, "geometry": { "type": "Point", "coordinates": [ 132.807677, 33.799774 ] } },
{ "type": "Feature", "properties": { "ID": 3857380005170, "正式名称": "ひかり調剤薬局", "機関区分": 5, "都道府県コード": 38, "市区町村コード": 201, "所在地": "愛媛県松山市保免西３丁目９－２０", "緯度": 33.815105, "経度": 132.743071, "url": "https://www.iryou.teikyouseido.mhlw.go.jp/znk-web/juminkanja/S2430/initialize?prefCd=38&kikanCd=7380005170&kikanKbn=5", "url2": null, "内容": "ひかり調剤薬局【5:薬局】愛媛県松山市保免西３丁目９－２０" }, "geometry": { "type": "Point", "coordinates": [ 132.743071, 33.815105 ] } },
{ "type": "Feature", "properties": { "ID": 3857380005180, "正式名称": "レデイ薬局　新空港通り店", "機関区分": 5, "都道府県コード": 38, "市区町村コード": 201, "所在地": "愛媛県松山市南江戸４丁目３－３７", "緯度": 33.837575, "経度": 132.739737, "url": "https://www.iryou.teikyouseido.mhlw.go.jp/znk-web/juminkanja/S2430/initialize?prefCd=38&kikanCd=7380005180&kikanKbn=5", "url2": "http://www.lady-drug.co.jp/", "内容": "レデイ薬局　新空港通り店【5:薬局】愛媛県松山市南江戸４丁目３－３７" }, "geometry": { "type": "Point", "coordinates": [ 132.739737, 33.837575 ] } },
{ "type": "Feature", "properties": { "ID": 3857380005190, "正式名称": "オール調剤薬局", "機関区分": 5, "都道府県コード": 38, "市区町村コード": 201, "所在地": "愛媛県松山市中須賀１丁目１－２２", "緯度": 33.864433, "経度": 132.725431, "url": "https://www.iryou.teikyouseido.mhlw.go.jp/znk-web/juminkanja/S2430/initialize?prefCd=38&kikanCd=7380005190&kikanKbn=5", "url2": "https://all-pharmacy.setomedi.com/", "内容": "オール調剤薬局【5:薬局】愛媛県松山市中須賀１丁目１－２２" }, "geometry": { "type": "Point", "coordinates": [ 132.725431, 33.864433 ] } },
{ "type": "Feature", "properties": { "ID": 3857380005270, "正式名称": "松山ハロー薬局", "機関区分": 5, "都道府県コード": 38, "市区町村コード": 201, "所在地": "愛媛県松山市来住町１１００－１", "緯度": 33.809662, "経度": 132.798039, "url": "https://www.iryou.teikyouseido.mhlw.go.jp/znk-web/juminkanja/S2430/initialize?prefCd=38&kikanCd=7380005270&kikanKbn=5", "url2": "http://www.hello-pha.jp", "内容": "松山ハロー薬局【5:薬局】愛媛県松山市来住町１１００－１" }, "geometry": { "type": "Point", "coordinates": [ 132.798039, 33.809662 ] } },
{ "type": "Feature", "properties": { "ID": 3857380005290, "正式名称": "あすか調剤薬局", "機関区分": 5, "都道府県コード": 38, "市区町村コード": 201, "所在地": "愛媛県松山市西垣生町４７５－３", "緯度": 33.810355, "経度": 132.703685, "url": "https://www.iryou.teikyouseido.mhlw.go.jp/znk-web/juminkanja/S2430/initialize?prefCd=38&kikanCd=7380005290&kikanKbn=5", "url2": null, "内容": "あすか調剤薬局【5:薬局】愛媛県松山市西垣生町４７５－３" }, "geometry": { "type": "Point", "coordinates": [ 132.703685, 33.810355 ] } },
{ "type": "Feature", "properties": { "ID": 3857380005330, "正式名称": "れんげ堂薬局丹原店", "機関区分": 5, "都道府県コード": 38, "市区町村コード": 206, "所在地": "愛媛県西条市丹原町願連寺２７６－１", "緯度": 33.908823, "経度": 133.063623, "url": "https://www.iryou.teikyouseido.mhlw.go.jp/znk-web/juminkanja/S2430/initialize?prefCd=38&kikanCd=7380005330&kikanKbn=5", "url2": "http://rengedou-pharmacy.com/", "内容": "れんげ堂薬局丹原店【5:薬局】愛媛県西条市丹原町願連寺２７６－１" }, "geometry": { "type": "Point", "coordinates": [ 133.063623, 33.908823 ] } },
{ "type": "Feature", "properties": { "ID": 3857380005350, "正式名称": "今治おかもと薬局", "機関区分": 5, "都道府県コード": 38, "市区町村コード": 202, "所在地": "愛媛県今治市南高下町３丁目２番１０号", "緯度": 34.049585, "経度": 133.014954, "url": "https://www.iryou.teikyouseido.mhlw.go.jp/znk-web/juminkanja/S2430/initialize?prefCd=38&kikanCd=7380005350&kikanKbn=5", "url2": "https://www.okamotopha.com", "内容": "今治おかもと薬局【5:薬局】愛媛県今治市南高下町３丁目２番１０号" }, "geometry": { "type": "Point", "coordinates": [ 133.014954, 34.049585 ] } },
{ "type": "Feature", "properties": { "ID": 3857380005370, "正式名称": "久万調剤薬局　ふれあいロード店", "機関区分": 5, "都道府県コード": 38, "市区町村コード": 386, "所在地": "愛媛県上浮穴郡久万高原町久万１２８１－１", "緯度": 33.655347, "経度": 132.900621, "url": "https://www.iryou.teikyouseido.mhlw.go.jp/znk-web/juminkanja/S2430/initialize?prefCd=38&kikanCd=7380005370&kikanKbn=5", "url2": "meltyclub.com/kuma", "内容": "久万調剤薬局　ふれあいロード店【5:薬局】愛媛県上浮穴郡久万高原町久万１２８１－１" }, "geometry": { "type": "Point", "coordinates": [ 132.900621, 33.655347 ] } },
{ "type": "Feature", "properties": { "ID": 3857380005380, "正式名称": "あさひ調剤薬局ひがし店", "機関区分": 5, "都道府県コード": 38, "市区町村コード": 215, "所在地": "愛媛県東温市田窪字海稲１４９５番地３", "緯度": 33.791582, "経度": 132.864645, "url": "https://www.iryou.teikyouseido.mhlw.go.jp/znk-web/juminkanja/S2430/initialize?prefCd=38&kikanCd=7380005380&kikanKbn=5", "url2": "http://www.117-asahi.com/", "内容": "あさひ調剤薬局ひがし店【5:薬局】愛媛県東温市田窪字海稲１４９５番地３" }, "geometry": { "type": "Point", "coordinates": [ 132.864645, 33.791582 ] } },
{ "type": "Feature", "properties": { "ID": 3857380005390, "正式名称": "チェリー薬局垣生店", "機関区分": 5, "都道府県コード": 38, "市区町村コード": 205, "所在地": "愛媛県新居浜市垣生１丁目７番２１号", "緯度": 33.982097, "経度": 133.318015, "url": "https://www.iryou.teikyouseido.mhlw.go.jp/znk-web/juminkanja/S2430/initialize?prefCd=38&kikanCd=7380005390&kikanKbn=5", "url2": "http://www.myph.jp/cherry/pc/index.html", "内容": "チェリー薬局垣生店【5:薬局】愛媛県新居浜市垣生１丁目７番２１号" }, "geometry": { "type": "Point", "coordinates": [ 133.318015, 33.982097 ] } },
{ "type": "Feature", "properties": { "ID": 3857380005400, "正式名称": "ユウユウ薬局", "機関区分": 5, "都道府県コード": 38, "市区町村コード": 213, "所在地": "愛媛県四国中央市妻鳥町１５４７－１", "緯度": 33.989684, "経度": 133.571327, "url": "https://www.iryou.teikyouseido.mhlw.go.jp/znk-web/juminkanja/S2430/initialize?prefCd=38&kikanCd=7380005400&kikanKbn=5", "url2": null, "内容": "ユウユウ薬局【5:薬局】愛媛県四国中央市妻鳥町１５４７－１" }, "geometry": { "type": "Point", "coordinates": [ 133.571327, 33.989684 ] } },
{ "type": "Feature", "properties": { "ID": 3857380005410, "正式名称": "そうごう薬局三島店", "機関区分": 5, "都道府県コード": 38, "市区町村コード": 213, "所在地": "愛媛県四国中央市中之庄町２８４－１", "緯度": 33.97488, "経度": 133.530415, "url": "https://www.iryou.teikyouseido.mhlw.go.jp/znk-web/juminkanja/S2430/initialize?prefCd=38&kikanCd=7380005410&kikanKbn=5", "url2": "https://shop.sogo-pharmacy.jp/detail/284/", "内容": "そうごう薬局三島店【5:薬局】愛媛県四国中央市中之庄町２８４－１" }, "geometry": { "type": "Point", "coordinates": [ 133.530415, 33.97488 ] } },
{ "type": "Feature", "properties": { "ID": 3857380005430, "正式名称": "アイビー薬局", "機関区分": 5, "都道府県コード": 38, "市区町村コード": 207, "所在地": "愛媛県大洲市東大洲１０番地３", "緯度": 33.516356, "経度": 132.550267, "url": "https://www.iryou.teikyouseido.mhlw.go.jp/znk-web/juminkanja/S2430/initialize?prefCd=38&kikanCd=7380005430&kikanKbn=5", "url2": "https://ivy-pharm.jp/", "内容": "アイビー薬局【5:薬局】愛媛県大洲市東大洲１０番地３" }, "geometry": { "type": "Point", "coordinates": [ 132.550267, 33.516356 ] } },
{ "type": "Feature", "properties": { "ID": 3857380005460, "正式名称": "クローバー薬局西条店", "機関区分": 5, "都道府県コード": 38, "市区町村コード": 206, "所在地": "愛媛県西条市喜多川４２７番地２", "緯度": 33.916963, "経度": 133.174058, "url": "https://www.iryou.teikyouseido.mhlw.go.jp/znk-web/juminkanja/S2430/initialize?prefCd=38&kikanCd=7380005460&kikanKbn=5", "url2": "http://www.cloverpharma.co.jp/", "内容": "クローバー薬局西条店【5:薬局】愛媛県西条市喜多川４２７番地２" }, "geometry": { "type": "Point", "coordinates": [ 133.174058, 33.916963 ] } },
{ "type": "Feature", "properties": { "ID": 3857380005490, "正式名称": "よつば薬局　東若宮店", "機関区分": 5, "都道府県コード": 38, "市区町村コード": 207, "所在地": "愛媛県大洲市東若宮１６番２", "緯度": 33.528549, "経度": 132.564766, "url": "https://www.iryou.teikyouseido.mhlw.go.jp/znk-web/juminkanja/S2430/initialize?prefCd=38&kikanCd=7380005490&kikanKbn=5", "url2": null, "内容": "よつば薬局　東若宮店【5:薬局】愛媛県大洲市東若宮１６番２" }, "geometry": { "type": "Point", "coordinates": [ 132.564766, 33.528549 ] } },
{ "type": "Feature", "properties": { "ID": 3857380005500, "正式名称": "なぎさ薬局", "機関区分": 5, "都道府県コード": 38, "市区町村コード": 204, "所在地": "愛媛県八幡浜市産業通６番２７号", "緯度": 33.455488, "経度": 132.431927, "url": "https://www.iryou.teikyouseido.mhlw.go.jp/znk-web/juminkanja/S2430/initialize?prefCd=38&kikanCd=7380005500&kikanKbn=5", "url2": null, "内容": "なぎさ薬局【5:薬局】愛媛県八幡浜市産業通６番２７号" }, "geometry": { "type": "Point", "coordinates": [ 132.431927, 33.455488 ] } },
{ "type": "Feature", "properties": { "ID": 3857380005510, "正式名称": "さかろく調剤薬局", "機関区分": 5, "都道府県コード": 38, "市区町村コード": 204, "所在地": "愛媛県八幡浜市向灘字高城２２９－４０", "緯度": 33.467164, "経度": 132.425336, "url": "https://www.iryou.teikyouseido.mhlw.go.jp/znk-web/juminkanja/S2430/initialize?prefCd=38&kikanCd=7380005510&kikanKbn=5", "url2": "http://www.nanohana-ph.jp", "内容": "さかろく調剤薬局【5:薬局】愛媛県八幡浜市向灘字高城２２９－４０" }, "geometry": { "type": "Point", "coordinates": [ 132.425336, 33.467164 ] } },
{ "type": "Feature", "properties": { "ID": 3857380005530, "正式名称": "コスモ薬局道後店", "機関区分": 5, "都道府県コード": 38, "市区町村コード": 201, "所在地": "愛媛県松山市道後町２丁目１番６号　烏谷ビル１階", "緯度": 33.847658, "経度": 132.782205, "url": "https://www.iryou.teikyouseido.mhlw.go.jp/znk-web/juminkanja/S2430/initialize?prefCd=38&kikanCd=7380005530&kikanKbn=5", "url2": "http://cosmo-pharmacy.net/", "内容": "コスモ薬局道後店【5:薬局】愛媛県松山市道後町２丁目１番６号　烏谷ビル１階" }, "geometry": { "type": "Point", "coordinates": [ 132.782205, 33.847658 ] } },
{ "type": "Feature", "properties": { "ID": 3857380005550, "正式名称": "ひだまり調剤薬局", "機関区分": 5, "都道府県コード": 38, "市区町村コード": 201, "所在地": "愛媛県松山市高岡町６２８番地１", "緯度": 33.830825, "経度": 132.716933, "url": "https://www.iryou.teikyouseido.mhlw.go.jp/znk-web/juminkanja/S2430/initialize?prefCd=38&kikanCd=7380005550&kikanKbn=5", "url2": "http://di-pharmacy.com/", "内容": "ひだまり調剤薬局【5:薬局】愛媛県松山市高岡町６２８番地１" }, "geometry": { "type": "Point", "coordinates": [ 132.716933, 33.830825 ] } },
{ "type": "Feature", "properties": { "ID": 3857380005570, "正式名称": "なの花薬局梅本店", "機関区分": 5, "都道府県コード": 38, "市区町村コード": 201, "所在地": "愛媛県松山市南梅本町甲２０１番地１", "緯度": 33.797581, "経度": 132.839453, "url": "https://www.iryou.teikyouseido.mhlw.go.jp/znk-web/juminkanja/S2430/initialize?prefCd=38&kikanCd=7380005570&kikanKbn=5", "url2": "https://www.nanohana-ph.jp/", "内容": "なの花薬局梅本店【5:薬局】愛媛県松山市南梅本町甲２０１番地１" }, "geometry": { "type": "Point", "coordinates": [ 132.839453, 33.797581 ] } },
{ "type": "Feature", "properties": { "ID": 3857380005580, "正式名称": "有限会社久万ノ台薬局", "機関区分": 5, "都道府県コード": 38, "市区町村コード": 201, "所在地": "愛媛県松山市古三津３丁目４番１０号", "緯度": 33.856934, "経度": 132.730737, "url": "https://www.iryou.teikyouseido.mhlw.go.jp/znk-web/juminkanja/S2430/initialize?prefCd=38&kikanCd=7380005580&kikanKbn=5", "url2": null, "内容": "有限会社久万ノ台薬局【5:薬局】愛媛県松山市古三津３丁目４番１０号" }, "geometry": { "type": "Point", "coordinates": [ 132.730737, 33.856934 ] } },
{ "type": "Feature", "properties": { "ID": 3857380005600, "正式名称": "あさひ調剤薬局くわばら店", "機関区分": 5, "都道府県コード": 38, "市区町村コード": 201, "所在地": "愛媛県松山市桑原４丁目８番８号", "緯度": 33.833187, "経度": 132.793066, "url": "https://www.iryou.teikyouseido.mhlw.go.jp/znk-web/juminkanja/S2430/initialize?prefCd=38&kikanCd=7380005600&kikanKbn=5", "url2": "http://www.117-asahi.com", "内容": "あさひ調剤薬局くわばら店【5:薬局】愛媛県松山市桑原４丁目８番８号" }, "geometry": { "type": "Point", "coordinates": [ 132.793066, 33.833187 ] } },
{ "type": "Feature", "properties": { "ID": 3857380005610, "正式名称": "トマト薬局三番町店", "機関区分": 5, "都道府県コード": 38, "市区町村コード": 201, "所在地": "愛媛県松山市三番町３丁目６番地２　エービーズスクエア１Ｆ", "緯度": 33.837714, "経度": 132.769345, "url": "https://www.iryou.teikyouseido.mhlw.go.jp/znk-web/juminkanja/S2430/initialize?prefCd=38&kikanCd=7380005610&kikanKbn=5", "url2": "https://www.kk-tomato.com", "内容": "トマト薬局三番町店【5:薬局】愛媛県松山市三番町３丁目６番地２　エービーズスクエア１Ｆ" }, "geometry": { "type": "Point", "coordinates": [ 132.769345, 33.837714 ] } },
{ "type": "Feature", "properties": { "ID": 3857380005630, "正式名称": "桑の実薬局", "機関区分": 5, "都道府県コード": 38, "市区町村コード": 201, "所在地": "愛媛県松山市桑原４丁目１６番１３号", "緯度": 33.830751, "経度": 132.795728, "url": "https://www.iryou.teikyouseido.mhlw.go.jp/znk-web/juminkanja/S2430/initialize?prefCd=38&kikanCd=7380005630&kikanKbn=5", "url2": "https://www.i-pharmacy.jp/pharmacy/%e6%a1%91%e3%81%ae%e5%ae%9f%e8%96%ac%e5%b1%80/", "内容": "桑の実薬局【5:薬局】愛媛県松山市桑原４丁目１６番１３号" }, "geometry": { "type": "Point", "coordinates": [ 132.795728, 33.830751 ] } },
{ "type": "Feature", "properties": { "ID": 3857380005640, "正式名称": "レデイ薬局　鷹子店", "機関区分": 5, "都道府県コード": 38, "市区町村コード": 201, "所在地": "愛媛県松山市久米窪田町８３５番地７", "緯度": 33.809079, "経度": 132.813676, "url": "https://www.iryou.teikyouseido.mhlw.go.jp/znk-web/juminkanja/S2430/initialize?prefCd=38&kikanCd=7380005640&kikanKbn=5", "url2": "http://www.lady-drug.co.jp/", "内容": "レデイ薬局　鷹子店【5:薬局】愛媛県松山市久米窪田町８３５番地７" }, "geometry": { "type": "Point", "coordinates": [ 132.813676, 33.809079 ] } },
{ "type": "Feature", "properties": { "ID": 3857380005650, "正式名称": "アイビー薬局　八幡浜店", "機関区分": 5, "都道府県コード": 38, "市区町村コード": 204, "所在地": "愛媛県八幡浜市広瀬１丁目７－１４", "緯度": 33.455999, "経度": 132.425975, "url": "https://www.iryou.teikyouseido.mhlw.go.jp/znk-web/juminkanja/S2430/initialize?prefCd=38&kikanCd=7380005650&kikanKbn=5", "url2": "https://ivy-pharm.jp/concept.php", "内容": "アイビー薬局　八幡浜店【5:薬局】愛媛県八幡浜市広瀬１丁目７－１４" }, "geometry": { "type": "Point", "coordinates": [ 132.425975, 33.455999 ] } },
{ "type": "Feature", "properties": { "ID": 3857380005660, "正式名称": "ひめ薬局　松神子店", "機関区分": 5, "都道府県コード": 38, "市区町村コード": 205, "所在地": "愛媛県新居浜市松神子４丁目１番１３号", "緯度": 33.976403, "経度": 133.321099, "url": "https://www.iryou.teikyouseido.mhlw.go.jp/znk-web/juminkanja/S2430/initialize?prefCd=38&kikanCd=7380005660&kikanKbn=5", "url2": "http://rephpic.com/matsumiko.html", "内容": "ひめ薬局　松神子店【5:薬局】愛媛県新居浜市松神子４丁目１番１３号" }, "geometry": { "type": "Point", "coordinates": [ 133.321099, 33.976403 ] } },
{ "type": "Feature", "properties": { "ID": 3857380005670, "正式名称": "かいてき調剤薬局枝松店", "機関区分": 5, "都道府県コード": 38, "市区町村コード": 201, "所在地": "愛媛県松山市枝松１丁目９番４５号", "緯度": 33.837353, "経度": 132.787205, "url": "https://www.iryou.teikyouseido.mhlw.go.jp/znk-web/juminkanja/S2430/initialize?prefCd=38&kikanCd=7380005670&kikanKbn=5", "url2": "http://kaiteki-pharma.co.jp/", "内容": "かいてき調剤薬局枝松店【5:薬局】愛媛県松山市枝松１丁目９番４５号" }, "geometry": { "type": "Point", "coordinates": [ 132.787205, 33.837353 ] } },
{ "type": "Feature", "properties": { "ID": 3857380005680, "正式名称": "トップ薬局太山寺店", "機関区分": 5, "都道府県コード": 38, "市区町村コード": 201, "所在地": "愛媛県松山市太山寺町１２２４番地５", "緯度": 33.888625, "経度": 132.731485, "url": "https://www.iryou.teikyouseido.mhlw.go.jp/znk-web/juminkanja/S2430/initialize?prefCd=38&kikanCd=7380005680&kikanKbn=5", "url2": null, "内容": "トップ薬局太山寺店【5:薬局】愛媛県松山市太山寺町１２２４番地５" }, "geometry": { "type": "Point", "coordinates": [ 132.731485, 33.888625 ] } },
{ "type": "Feature", "properties": { "ID": 3857380005700, "正式名称": "まろん薬局", "機関区分": 5, "都道府県コード": 38, "市区町村コード": 207, "所在地": "愛媛県大洲市若宮９８８番地２５", "緯度": 33.521161, "経度": 132.553156, "url": "https://www.iryou.teikyouseido.mhlw.go.jp/znk-web/juminkanja/S2430/initialize?prefCd=38&kikanCd=7380005700&kikanKbn=5", "url2": "https://kenshin-pharmacy.com", "内容": "まろん薬局【5:薬局】愛媛県大洲市若宮９８８番地２５" }, "geometry": { "type": "Point", "coordinates": [ 132.553156, 33.521161 ] } },
{ "type": "Feature", "properties": { "ID": 3857380005710, "正式名称": "衛生堂薬局　四国中央店", "機関区分": 5, "都道府県コード": 38, "市区町村コード": 213, "所在地": "愛媛県四国中央市川之江町字枯木２３２４番１", "緯度": 34.012099, "経度": 133.58077, "url": "https://www.iryou.teikyouseido.mhlw.go.jp/znk-web/juminkanja/S2430/initialize?prefCd=38&kikanCd=7380005710&kikanKbn=5", "url2": null, "内容": "衛生堂薬局　四国中央店【5:薬局】愛媛県四国中央市川之江町字枯木２３２４番１" }, "geometry": { "type": "Point", "coordinates": [ 133.58077, 34.012099 ] } },
{ "type": "Feature", "properties": { "ID": 3857380005720, "正式名称": "おれんじ薬局", "機関区分": 5, "都道府県コード": 38, "市区町村コード": 506, "所在地": "愛媛県南宇和郡愛南町城辺甲８番地２", "緯度": 32.960971, "経度": 132.570458, "url": "https://www.iryou.teikyouseido.mhlw.go.jp/znk-web/juminkanja/S2430/initialize?prefCd=38&kikanCd=7380005720&kikanKbn=5", "url2": null, "内容": "おれんじ薬局【5:薬局】愛媛県南宇和郡愛南町城辺甲８番地２" }, "geometry": { "type": "Point", "coordinates": [ 132.570458, 32.960971 ] } },
{ "type": "Feature", "properties": { "ID": 3857380005730, "正式名称": "健生薬局　一番町店", "機関区分": 5, "都道府県コード": 38, "市区町村コード": 201, "所在地": "愛媛県松山市一番町２丁目５番地３０　一番町ＳＡＯＲＩビル２階", "緯度": 33.84113, "経度": 132.771428, "url": "https://www.iryou.teikyouseido.mhlw.go.jp/znk-web/juminkanja/S2430/initialize?prefCd=38&kikanCd=7380005730&kikanKbn=5", "url2": "http://kensei-farma.jimdo.com/", "内容": "健生薬局　一番町店【5:薬局】愛媛県松山市一番町２丁目５番地３０　一番町ＳＡＯＲＩビル２階" }, "geometry": { "type": "Point", "coordinates": [ 132.771428, 33.84113 ] } },
{ "type": "Feature", "properties": { "ID": 3857380005750, "正式名称": "あさひ調剤薬局おおてまち店", "機関区分": 5, "都道府県コード": 38, "市区町村コード": 201, "所在地": "愛媛県松山市大手町２丁目７－７", "緯度": 33.839682, "経度": 132.754835, "url": "https://www.iryou.teikyouseido.mhlw.go.jp/znk-web/juminkanja/S2430/initialize?prefCd=38&kikanCd=7380005750&kikanKbn=5", "url2": "http://www.117-asahi.com/", "内容": "あさひ調剤薬局おおてまち店【5:薬局】愛媛県松山市大手町２丁目７－７" }, "geometry": { "type": "Point", "coordinates": [ 132.754835, 33.839682 ] } },
{ "type": "Feature", "properties": { "ID": 3857380005760, "正式名称": "きぬやま薬局", "機関区分": 5, "都道府県コード": 38, "市区町村コード": 201, "所在地": "愛媛県松山市衣山１丁目２５６－８", "緯度": 33.852518, "経度": 132.744597, "url": "https://www.iryou.teikyouseido.mhlw.go.jp/znk-web/juminkanja/S2430/initialize?prefCd=38&kikanCd=7380005760&kikanKbn=5", "url2": null, "内容": "きぬやま薬局【5:薬局】愛媛県松山市衣山１丁目２５６－８" }, "geometry": { "type": "Point", "coordinates": [ 132.744597, 33.852518 ] } },
{ "type": "Feature", "properties": { "ID": 3857380005770, "正式名称": "そよ風調剤薬局", "機関区分": 5, "都道府県コード": 38, "市区町村コード": 201, "所在地": "愛媛県松山市樽味４丁目２－３３", "緯度": 33.838687, "経度": 132.789844, "url": "https://www.iryou.teikyouseido.mhlw.go.jp/znk-web/juminkanja/S2430/initialize?prefCd=38&kikanCd=7380005770&kikanKbn=5", "url2": "https://cliph.biz/store_introduction/soyokaze/", "内容": "そよ風調剤薬局【5:薬局】愛媛県松山市樽味４丁目２－３３" }, "geometry": { "type": "Point", "coordinates": [ 132.789844, 33.838687 ] } },
{ "type": "Feature", "properties": { "ID": 3857380005780, "正式名称": "チェリー薬局　宮西店", "機関区分": 5, "都道府県コード": 38, "市区町村コード": 205, "所在地": "愛媛県新居浜市宮西町１番１０号", "緯度": 33.959988, "経度": 133.278159, "url": "https://www.iryou.teikyouseido.mhlw.go.jp/znk-web/juminkanja/S2430/initialize?prefCd=38&kikanCd=7380005780&kikanKbn=5", "url2": "http://www.cherry-sw.com/", "内容": "チェリー薬局　宮西店【5:薬局】愛媛県新居浜市宮西町１番１０号" }, "geometry": { "type": "Point", "coordinates": [ 133.278159, 33.959988 ] } },
{ "type": "Feature", "properties": { "ID": 3857380005790, "正式名称": "フクダ薬局　西条店", "機関区分": 5, "都道府県コード": 38, "市区町村コード": 206, "所在地": "愛媛県西条市樋之口４３６番地１４", "緯度": 33.924018, "経度": 133.175197, "url": "https://www.iryou.teikyouseido.mhlw.go.jp/znk-web/juminkanja/S2430/initialize?prefCd=38&kikanCd=7380005790&kikanKbn=5", "url2": null, "内容": "フクダ薬局　西条店【5:薬局】愛媛県西条市樋之口４３６番地１４" }, "geometry": { "type": "Point", "coordinates": [ 133.175197, 33.924018 ] } },
{ "type": "Feature", "properties": { "ID": 3857380005810, "正式名称": "いろは薬局大黒町店", "機関区分": 5, "都道府県コード": 38, "市区町村コード": 204, "所在地": "愛媛県八幡浜市大黒町三丁目１５２６－１５４", "緯度": 33.459082, "経度": 132.422919, "url": "https://www.iryou.teikyouseido.mhlw.go.jp/znk-web/juminkanja/S2430/initialize?prefCd=38&kikanCd=7380005810&kikanKbn=5", "url2": null, "内容": "いろは薬局大黒町店【5:薬局】愛媛県八幡浜市大黒町三丁目１５２６－１５４" }, "geometry": { "type": "Point", "coordinates": [ 132.422919, 33.459082 ] } },
{ "type": "Feature", "properties": { "ID": 3857380005820, "正式名称": "れんげ堂薬局　池田店", "機関区分": 5, "都道府県コード": 38, "市区町村コード": 206, "所在地": "愛媛県西条市丹原町池田１０９－１", "緯度": 33.924405, "経度": 133.072372, "url": "https://www.iryou.teikyouseido.mhlw.go.jp/znk-web/juminkanja/S2430/initialize?prefCd=38&kikanCd=7380005820&kikanKbn=5", "url2": "http://rengedou-pharmacy.com/wp/", "内容": "れんげ堂薬局　池田店【5:薬局】愛媛県西条市丹原町池田１０９－１" }, "geometry": { "type": "Point", "coordinates": [ 133.072372, 33.924405 ] } },
{ "type": "Feature", "properties": { "ID": 3857380005840, "正式名称": "あおぞら調剤薬局", "機関区分": 5, "都道府県コード": 38, "市区町村コード": 202, "所在地": "愛媛県今治市北宝来町２丁目３番地６", "緯度": 34.065777, "経度": 132.994177, "url": "https://www.iryou.teikyouseido.mhlw.go.jp/znk-web/juminkanja/S2430/initialize?prefCd=38&kikanCd=7380005840&kikanKbn=5", "url2": "https://aozora-pharmacy.co.jp/", "内容": "あおぞら調剤薬局【5:薬局】愛媛県今治市北宝来町２丁目３番地６" }, "geometry": { "type": "Point", "coordinates": [ 132.994177, 34.065777 ] } },
{ "type": "Feature", "properties": { "ID": 3857380005850, "正式名称": "ハッピー薬局　三津店", "機関区分": 5, "都道府県コード": 38, "市区町村コード": 201, "所在地": "愛媛県松山市三杉町１番３号　明神海運ビル１Ｆ", "緯度": 33.862266, "経度": 132.722793, "url": "https://www.iryou.teikyouseido.mhlw.go.jp/znk-web/juminkanja/S2430/initialize?prefCd=38&kikanCd=7380005850&kikanKbn=5", "url2": "http://www.happy-pharmacy.com/", "内容": "ハッピー薬局　三津店【5:薬局】愛媛県松山市三杉町１番３号　明神海運ビル１Ｆ" }, "geometry": { "type": "Point", "coordinates": [ 132.722793, 33.862266 ] } },
{ "type": "Feature", "properties": { "ID": 3857380005890, "正式名称": "レデイ薬局　とみす店", "機関区分": 5, "都道府県コード": 38, "市区町村コード": 207, "所在地": "愛媛県大洲市東大洲１４９－３", "緯度": 33.51655, "経度": 132.55585, "url": "https://www.iryou.teikyouseido.mhlw.go.jp/znk-web/juminkanja/S2430/initialize?prefCd=38&kikanCd=7380005890&kikanKbn=5", "url2": "http://www.lady-drug.co.jp/", "内容": "レデイ薬局　とみす店【5:薬局】愛媛県大洲市東大洲１４９－３" }, "geometry": { "type": "Point", "coordinates": [ 132.55585, 33.51655 ] } },
{ "type": "Feature", "properties": { "ID": 3857380005900, "正式名称": "レデイ薬局　れんげ店", "機関区分": 5, "都道府県コード": 38, "市区町村コード": 214, "所在地": "愛媛県西予市宇和町上松葉１６０番１", "緯度": 33.38425, "経度": 132.501795, "url": "https://www.iryou.teikyouseido.mhlw.go.jp/znk-web/juminkanja/S2430/initialize?prefCd=38&kikanCd=7380005900&kikanKbn=5", "url2": "http://www.lady-drug.co.jp/", "内容": "レデイ薬局　れんげ店【5:薬局】愛媛県西予市宇和町上松葉１６０番１" }, "geometry": { "type": "Point", "coordinates": [ 132.501795, 33.38425 ] } },
{ "type": "Feature", "properties": { "ID": 3857380005910, "正式名称": "レデイ薬局　宇和インター店", "機関区分": 5, "都道府県コード": 38, "市区町村コード": 214, "所在地": "愛媛県西予市宇和町卯之町５丁目２６３－１", "緯度": 33.358372, "経度": 132.523555, "url": "https://www.iryou.teikyouseido.mhlw.go.jp/znk-web/juminkanja/S2430/initialize?prefCd=38&kikanCd=7380005910&kikanKbn=5", "url2": "http://www.lady-drug.co.jp/", "内容": "レデイ薬局　宇和インター店【5:薬局】愛媛県西予市宇和町卯之町５丁目２６３－１" }, "geometry": { "type": "Point", "coordinates": [ 132.523555, 33.358372 ] } },
{ "type": "Feature", "properties": { "ID": 3857380005940, "正式名称": "庄野薬局　小松店", "機関区分": 5, "都道府県コード": 38, "市区町村コード": 206, "所在地": "愛媛県西条市小松町妙口甲１５４０番地５", "緯度": 33.896241, "経度": 133.089899, "url": "https://www.iryou.teikyouseido.mhlw.go.jp/znk-web/juminkanja/S2430/initialize?prefCd=38&kikanCd=7380005940&kikanKbn=5", "url2": "https://shono-pharmacy.com", "内容": "庄野薬局　小松店【5:薬局】愛媛県西条市小松町妙口甲１５４０番地５" }, "geometry": { "type": "Point", "coordinates": [ 133.089899, 33.896241 ] } },
{ "type": "Feature", "properties": { "ID": 3857380005950, "正式名称": "レデイ平井調剤薬局", "機関区分": 5, "都道府県コード": 38, "市区町村コード": 201, "所在地": "愛媛県松山市鷹子町４４２番地５", "緯度": 33.812245, "経度": 132.818259, "url": "https://www.iryou.teikyouseido.mhlw.go.jp/znk-web/juminkanja/S2430/initialize?prefCd=38&kikanCd=7380005950&kikanKbn=5", "url2": "http://www.lady-drug.co.jp/", "内容": "レデイ平井調剤薬局【5:薬局】愛媛県松山市鷹子町４４２番地５" }, "geometry": { "type": "Point", "coordinates": [ 132.818259, 33.812245 ] } },
{ "type": "Feature", "properties": { "ID": 3857380005990, "正式名称": "ハロー薬局東大洲店", "機関区分": 5, "都道府県コード": 38, "市区町村コード": 207, "所在地": "愛媛県大洲市東大洲９８７番地２", "緯度": 33.522522, "経度": 132.568071, "url": "https://www.iryou.teikyouseido.mhlw.go.jp/znk-web/juminkanja/S2430/initialize?prefCd=38&kikanCd=7380005990&kikanKbn=5", "url2": "https://peraichi.com/landing_pages/view/ozu-hello", "内容": "ハロー薬局東大洲店【5:薬局】愛媛県大洲市東大洲９８７番地２" }, "geometry": { "type": "Point", "coordinates": [ 132.568071, 33.522522 ] } },
{ "type": "Feature", "properties": { "ID": 3857380006000, "正式名称": "双岩薬局", "機関区分": 5, "都道府県コード": 38, "市区町村コード": 204, "所在地": "愛媛県八幡浜市若山４－２０５－１", "緯度": 33.422725, "経度": 132.455974, "url": "https://www.iryou.teikyouseido.mhlw.go.jp/znk-web/juminkanja/S2430/initialize?prefCd=38&kikanCd=7380006000&kikanKbn=5", "url2": null, "内容": "双岩薬局【5:薬局】愛媛県八幡浜市若山４－２０５－１" }, "geometry": { "type": "Point", "coordinates": [ 132.455974, 33.422725 ] } },
{ "type": "Feature", "properties": { "ID": 3857380006010, "正式名称": "ひめ薬局　余戸西店", "機関区分": 5, "都道府県コード": 38, "市区町村コード": 201, "所在地": "愛媛県松山市余戸西四丁目１５番２号", "緯度": 33.819049, "経度": 132.720323, "url": "https://www.iryou.teikyouseido.mhlw.go.jp/znk-web/juminkanja/S2430/initialize?prefCd=38&kikanCd=7380006010&kikanKbn=5", "url2": "http://rephpic.com/yougonishi.html", "内容": "ひめ薬局　余戸西店【5:薬局】愛媛県松山市余戸西四丁目１５番２号" }, "geometry": { "type": "Point", "coordinates": [ 132.720323, 33.819049 ] } },
{ "type": "Feature", "properties": { "ID": 3857380006020, "正式名称": "うわじま薬局", "機関区分": 5, "都道府県コード": 38, "市区町村コード": 203, "所在地": "愛媛県宇和島市堀端町１－１８", "緯度": 33.216888, "経度": 132.567752, "url": "https://www.iryou.teikyouseido.mhlw.go.jp/znk-web/juminkanja/S2430/initialize?prefCd=38&kikanCd=7380006020&kikanKbn=5", "url2": null, "内容": "うわじま薬局【5:薬局】愛媛県宇和島市堀端町１－１８" }, "geometry": { "type": "Point", "coordinates": [ 132.567752, 33.216888 ] } },
{ "type": "Feature", "properties": { "ID": 3857380006030, "正式名称": "同源堂三番町薬局", "機関区分": 5, "都道府県コード": 38, "市区町村コード": 201, "所在地": "愛媛県松山市三番町４丁目３番地１０", "緯度": 33.837274, "経度": 132.764828, "url": "https://www.iryou.teikyouseido.mhlw.go.jp/znk-web/juminkanja/S2430/initialize?prefCd=38&kikanCd=7380006030&kikanKbn=5", "url2": null, "内容": "同源堂三番町薬局【5:薬局】愛媛県松山市三番町４丁目３番地１０" }, "geometry": { "type": "Point", "coordinates": [ 132.764828, 33.837274 ] } },
{ "type": "Feature", "properties": { "ID": 3857380006050, "正式名称": "愛らんど薬局　上灘店", "機関区分": 5, "都道府県コード": 38, "市区町村コード": 210, "所在地": "愛媛県伊予市双海町上灘甲５３５０番地１０", "緯度": 33.717976, "経度": 132.698885, "url": "https://www.iryou.teikyouseido.mhlw.go.jp/znk-web/juminkanja/S2430/initialize?prefCd=38&kikanCd=7380006050&kikanKbn=5", "url2": "http://www.myph.jp/engel-pharm/", "内容": "愛らんど薬局　上灘店【5:薬局】愛媛県伊予市双海町上灘甲５３５０番地１０" }, "geometry": { "type": "Point", "coordinates": [ 132.698885, 33.717976 ] } },
{ "type": "Feature", "properties": { "ID": 3857380006080, "正式名称": "ナダベ薬局", "機関区分": 5, "都道府県コード": 38, "市区町村コード": 210, "所在地": "愛媛県伊予市灘町１－１５", "緯度": 33.76036, "経度": 132.702632, "url": "https://www.iryou.teikyouseido.mhlw.go.jp/znk-web/juminkanja/S2430/initialize?prefCd=38&kikanCd=7380006080&kikanKbn=5", "url2": null, "内容": "ナダベ薬局【5:薬局】愛媛県伊予市灘町１－１５" }, "geometry": { "type": "Point", "coordinates": [ 132.702632, 33.76036 ] } },
{ "type": "Feature", "properties": { "ID": 3857380006100, "正式名称": "ハッピー薬局　室町店", "機関区分": 5, "都道府県コード": 38, "市区町村コード": 201, "所在地": "愛媛県松山市室町７３番１　ハッピービルディング１階", "緯度": 33.831328, "経度": 132.763617, "url": "https://www.iryou.teikyouseido.mhlw.go.jp/znk-web/juminkanja/S2430/initialize?prefCd=38&kikanCd=7380006100&kikanKbn=5", "url2": "http://www.happy-pharmacy.com", "内容": "ハッピー薬局　室町店【5:薬局】愛媛県松山市室町７３番１　ハッピービルディング１階" }, "geometry": { "type": "Point", "coordinates": [ 132.763617, 33.831328 ] } },
{ "type": "Feature", "properties": { "ID": 3857380006110, "正式名称": "あい薬局　椿店", "機関区分": 5, "都道府県コード": 38, "市区町村コード": 201, "所在地": "愛媛県松山市古川北三丁目３番２４号", "緯度": 33.811639, "経度": 132.767262, "url": "https://www.iryou.teikyouseido.mhlw.go.jp/znk-web/juminkanja/S2430/initialize?prefCd=38&kikanCd=7380006110&kikanKbn=5", "url2": "https://www.ai-okusuri.com", "内容": "あい薬局　椿店【5:薬局】愛媛県松山市古川北三丁目３番２４号" }, "geometry": { "type": "Point", "coordinates": [ 132.767262, 33.811639 ] } },
{ "type": "Feature", "properties": { "ID": 3857380006120, "正式名称": "イオン薬局新居浜店", "機関区分": 5, "都道府県コード": 38, "市区町村コード": 205, "所在地": "愛媛県新居浜市前田町８－８", "緯度": 33.954655, "経度": 133.268326, "url": "https://www.iryou.teikyouseido.mhlw.go.jp/znk-web/juminkanja/S2430/initialize?prefCd=38&kikanCd=7380006120&kikanKbn=5", "url2": null, "内容": "イオン薬局新居浜店【5:薬局】愛媛県新居浜市前田町８－８" }, "geometry": { "type": "Point", "coordinates": [ 133.268326, 33.954655 ] } },
{ "type": "Feature", "properties": { "ID": 3857380006140, "正式名称": "すみの薬局", "機関区分": 5, "都道府県コード": 38, "市区町村コード": 205, "所在地": "愛媛県新居浜市中筋町２丁目１番３号", "緯度": 33.92298, "経度": 133.30184, "url": "https://www.iryou.teikyouseido.mhlw.go.jp/znk-web/juminkanja/S2430/initialize?prefCd=38&kikanCd=7380006140&kikanKbn=5", "url2": null, "内容": "すみの薬局【5:薬局】愛媛県新居浜市中筋町２丁目１番３号" }, "geometry": { "type": "Point", "coordinates": [ 133.30184, 33.92298 ] } },
{ "type": "Feature", "properties": { "ID": 3857380006150, "正式名称": "オー・エム薬局", "機関区分": 5, "都道府県コード": 38, "市区町村コード": 201, "所在地": "愛媛県松山市桑原四丁目１３番４号", "緯度": 33.83166, "経度": 132.795955, "url": "https://www.iryou.teikyouseido.mhlw.go.jp/znk-web/juminkanja/S2430/initialize?prefCd=38&kikanCd=7380006150&kikanKbn=5", "url2": "https://www.marinegroup.jp/detail/%E3%82%AA%E3%83%BC%E3%83%BB%E3%82%A8%E3%83%A0%E8%96%AC%E5%B1%80/", "内容": "オー・エム薬局【5:薬局】愛媛県松山市桑原四丁目１３番４号" }, "geometry": { "type": "Point", "coordinates": [ 132.795955, 33.83166 ] } },
{ "type": "Feature", "properties": { "ID": 3857380006170, "正式名称": "おぐに薬局宮下店", "機関区分": 5, "都道府県コード": 38, "市区町村コード": 202, "所在地": "愛媛県今治市宮下町１丁目１－２１", "緯度": 34.066332, "経度": 132.989483, "url": "https://www.iryou.teikyouseido.mhlw.go.jp/znk-web/juminkanja/S2430/initialize?prefCd=38&kikanCd=7380006170&kikanKbn=5", "url2": "www.oguni-pharmacy.com", "内容": "おぐに薬局宮下店【5:薬局】愛媛県今治市宮下町１丁目１－２１" }, "geometry": { "type": "Point", "coordinates": [ 132.989483, 34.066332 ] } },
{ "type": "Feature", "properties": { "ID": 3857380006190, "正式名称": "レデイ薬局　北高下店", "機関区分": 5, "都道府県コード": 38, "市区町村コード": 202, "所在地": "愛媛県今治市北高下町２丁目１番３号", "緯度": 34.052641, "経度": 133.011234, "url": "https://www.iryou.teikyouseido.mhlw.go.jp/znk-web/juminkanja/S2430/initialize?prefCd=38&kikanCd=7380006190&kikanKbn=5", "url2": "http://www.lady-drug.co.jp/", "内容": "レデイ薬局　北高下店【5:薬局】愛媛県今治市北高下町２丁目１番３号" }, "geometry": { "type": "Point", "coordinates": [ 133.011234, 34.052641 ] } },
{ "type": "Feature", "properties": { "ID": 3857380006210, "正式名称": "アール調剤薬局", "機関区分": 5, "都道府県コード": 38, "市区町村コード": 201, "所在地": "愛媛県松山市森松町１４８番地３", "緯度": 33.791189, "経度": 132.796273, "url": "https://www.iryou.teikyouseido.mhlw.go.jp/znk-web/juminkanja/S2430/initialize?prefCd=38&kikanCd=7380006210&kikanKbn=5", "url2": null, "内容": "アール調剤薬局【5:薬局】愛媛県松山市森松町１４８番地３" }, "geometry": { "type": "Point", "coordinates": [ 132.796273, 33.791189 ] } },
{ "type": "Feature", "properties": { "ID": 3857380006220, "正式名称": "ティーズ薬局　山越店", "機関区分": 5, "都道府県コード": 38, "市区町村コード": 201, "所在地": "愛媛県松山市山越４丁目１番３３号", "緯度": 33.861767, "経度": 132.758845, "url": "https://www.iryou.teikyouseido.mhlw.go.jp/znk-web/juminkanja/S2430/initialize?prefCd=38&kikanCd=7380006220&kikanKbn=5", "url2": "http://ts-ph.co.jp/", "内容": "ティーズ薬局　山越店【5:薬局】愛媛県松山市山越４丁目１番３３号" }, "geometry": { "type": "Point", "coordinates": [ 132.758845, 33.861767 ] } },
{ "type": "Feature", "properties": { "ID": 3857380006230, "正式名称": "江戸茂薬局　竹原店", "機関区分": 5, "都道府県コード": 38, "市区町村コード": 201, "所在地": "愛媛県松山市竹原一丁目３番地１４　山口ビル１階", "緯度": 33.833048, "経度": 132.754819, "url": "https://www.iryou.teikyouseido.mhlw.go.jp/znk-web/juminkanja/S2430/initialize?prefCd=38&kikanCd=7380006230&kikanKbn=5", "url2": null, "内容": "江戸茂薬局　竹原店【5:薬局】愛媛県松山市竹原一丁目３番地１４　山口ビル１階" }, "geometry": { "type": "Point", "coordinates": [ 132.754819, 33.833048 ] } },
{ "type": "Feature", "properties": { "ID": 3857380006280, "正式名称": "城西調剤薬局", "機関区分": 5, "都道府県コード": 38, "市区町村コード": 201, "所在地": "愛媛県松山市空港通七丁目１３番１号", "緯度": 33.828214, "経度": 132.726599, "url": "https://www.iryou.teikyouseido.mhlw.go.jp/znk-web/juminkanja/S2430/initialize?prefCd=38&kikanCd=7380006280&kikanKbn=5", "url2": "http://www.hiro-pharmacy.com/", "内容": "城西調剤薬局【5:薬局】愛媛県松山市空港通七丁目１３番１号" }, "geometry": { "type": "Point", "coordinates": [ 132.726599, 33.828214 ] } },
{ "type": "Feature", "properties": { "ID": 3857380006300, "正式名称": "キッズ薬局　富久店", "機関区分": 5, "都道府県コード": 38, "市区町村コード": 201, "所在地": "愛媛県松山市富久町１１５番地８", "緯度": 33.821326, "経度": 132.732238, "url": "https://www.iryou.teikyouseido.mhlw.go.jp/znk-web/juminkanja/S2430/initialize?prefCd=38&kikanCd=7380006300&kikanKbn=5", "url2": "http://www.kk-kids.com/", "内容": "キッズ薬局　富久店【5:薬局】愛媛県松山市富久町１１５番地８" }, "geometry": { "type": "Point", "coordinates": [ 132.732238, 33.821326 ] } },
{ "type": "Feature", "properties": { "ID": 3857380006350, "正式名称": "明倫薬局", "機関区分": 5, "都道府県コード": 38, "市区町村コード": 203, "所在地": "愛媛県宇和島市広小路２－４０", "緯度": 33.215707, "経度": 132.566605, "url": "https://www.iryou.teikyouseido.mhlw.go.jp/znk-web/juminkanja/S2430/initialize?prefCd=38&kikanCd=7380006350&kikanKbn=5", "url2": "http://www.apotry.net", "内容": "明倫薬局【5:薬局】愛媛県宇和島市広小路２－４０" }, "geometry": { "type": "Point", "coordinates": [ 132.566605, 33.215707 ] } },
{ "type": "Feature", "properties": { "ID": 3857380006370, "正式名称": "あさひ堂薬局　駅前店", "機関区分": 5, "都道府県コード": 38, "市区町村コード": 422, "所在地": "愛媛県喜多郡内子町内子２６２番地", "緯度": 33.548939, "経度": 132.647985, "url": "https://www.iryou.teikyouseido.mhlw.go.jp/znk-web/juminkanja/S2430/initialize?prefCd=38&kikanCd=7380006370&kikanKbn=5", "url2": "http://www.asahido-ph.com", "内容": "あさひ堂薬局　駅前店【5:薬局】愛媛県喜多郡内子町内子２６２番地" }, "geometry": { "type": "Point", "coordinates": [ 132.647985, 33.548939 ] } },
{ "type": "Feature", "properties": { "ID": 3857380006380, "正式名称": "ハッピー薬局　志津川店", "機関区分": 5, "都道府県コード": 38, "市区町村コード": 215, "所在地": "愛媛県東温市志津川１５８０番地２", "緯度": 33.798387, "経度": 132.868645, "url": "https://www.iryou.teikyouseido.mhlw.go.jp/znk-web/juminkanja/S2430/initialize?prefCd=38&kikanCd=7380006380&kikanKbn=5", "url2": "http://www.happy-pharmacy.com/", "内容": "ハッピー薬局　志津川店【5:薬局】愛媛県東温市志津川１５８０番地２" }, "geometry": { "type": "Point", "coordinates": [ 132.868645, 33.798387 ] } },
{ "type": "Feature", "properties": { "ID": 3857380006390, "正式名称": "なでしこ薬局", "機関区分": 5, "都道府県コード": 38, "市区町村コード": 215, "所在地": "愛媛県東温市志津川２４６－１", "緯度": 33.802859, "経度": 132.881532, "url": "https://www.iryou.teikyouseido.mhlw.go.jp/znk-web/juminkanja/S2430/initialize?prefCd=38&kikanCd=7380006390&kikanKbn=5", "url2": "http://i-pharmacy.jp/", "内容": "なでしこ薬局【5:薬局】愛媛県東温市志津川２４６－１" }, "geometry": { "type": "Point", "coordinates": [ 132.881532, 33.802859 ] } },
{ "type": "Feature", "properties": { "ID": 3857380006400, "正式名称": "あけはま薬局", "機関区分": 5, "都道府県コード": 38, "市区町村コード": 214, "所在地": "愛媛県西予市明浜町俵津３番耕地２２２番地６", "緯度": 33.32652, "経度": 132.489363, "url": "https://www.iryou.teikyouseido.mhlw.go.jp/znk-web/juminkanja/S2430/initialize?prefCd=38&kikanCd=7380006400&kikanKbn=5", "url2": null, "内容": "あけはま薬局【5:薬局】愛媛県西予市明浜町俵津３番耕地２２２番地６" }, "geometry": { "type": "Point", "coordinates": [ 132.489363, 33.32652 ] } },
{ "type": "Feature", "properties": { "ID": 3857380006420, "正式名称": "チェリー薬局　中之庄店", "機関区分": 5, "都道府県コード": 38, "市区町村コード": 213, "所在地": "愛媛県四国中央市中之庄町４０１番地１", "緯度": 33.976352, "経度": 133.532013, "url": "https://www.iryou.teikyouseido.mhlw.go.jp/znk-web/juminkanja/S2430/initialize?prefCd=38&kikanCd=7380006420&kikanKbn=5", "url2": "http://www.myph.jp/cherry/pc/", "内容": "チェリー薬局　中之庄店【5:薬局】愛媛県四国中央市中之庄町４０１番地１" }, "geometry": { "type": "Point", "coordinates": [ 133.532013, 33.976352 ] } },
{ "type": "Feature", "properties": { "ID": 3857380006430, "正式名称": "城西調剤薬局伊予店", "機関区分": 5, "都道府県コード": 38, "市区町村コード": 210, "所在地": "愛媛県伊予市米湊８０３番地２４号", "緯度": 33.758471, "経度": 132.704105, "url": "https://www.iryou.teikyouseido.mhlw.go.jp/znk-web/juminkanja/S2430/initialize?prefCd=38&kikanCd=7380006430&kikanKbn=5", "url2": "http://www.hiro-pharmacy.com/", "内容": "城西調剤薬局伊予店【5:薬局】愛媛県伊予市米湊８０３番地２４号" }, "geometry": { "type": "Point", "coordinates": [ 132.704105, 33.758471 ] } },
{ "type": "Feature", "properties": { "ID": 3857380006440, "正式名称": "そがめ薬局神拝店", "機関区分": 5, "都道府県コード": 38, "市区町村コード": 206, "所在地": "愛媛県西条市神拝甲５３８－３", "緯度": 33.91738, "経度": 133.180028, "url": "https://www.iryou.teikyouseido.mhlw.go.jp/znk-web/juminkanja/S2430/initialize?prefCd=38&kikanCd=7380006440&kikanKbn=5", "url2": null, "内容": "そがめ薬局神拝店【5:薬局】愛媛県西条市神拝甲５３８－３" }, "geometry": { "type": "Point", "coordinates": [ 133.180028, 33.91738 ] } },
{ "type": "Feature", "properties": { "ID": 3857380006450, "正式名称": "レデイ薬局　日赤前店", "機関区分": 5, "都道府県コード": 38, "市区町村コード": 201, "所在地": "愛媛県松山市平和通一丁目５番８号　中野スカイコート１Ｆ", "緯度": 33.847694, "経度": 132.773514, "url": "https://www.iryou.teikyouseido.mhlw.go.jp/znk-web/juminkanja/S2430/initialize?prefCd=38&kikanCd=7380006450&kikanKbn=5", "url2": "http://www.lady-drug.co.jp/", "内容": "レデイ薬局　日赤前店【5:薬局】愛媛県松山市平和通一丁目５番８号　中野スカイコート１Ｆ" }, "geometry": { "type": "Point", "coordinates": [ 132.773514, 33.847694 ] } },
{ "type": "Feature", "properties": { "ID": 3857380006460, "正式名称": "鷹の子薬局株式会社", "機関区分": 5, "都道府県コード": 38, "市区町村コード": 201, "所在地": "愛媛県松山市久米窪田町７７４番地４", "緯度": 33.806552, "経度": 132.814149, "url": "https://www.iryou.teikyouseido.mhlw.go.jp/znk-web/juminkanja/S2430/initialize?prefCd=38&kikanCd=7380006460&kikanKbn=5", "url2": null, "内容": "鷹の子薬局株式会社【5:薬局】愛媛県松山市久米窪田町７７４番地４" }, "geometry": { "type": "Point", "coordinates": [ 132.814149, 33.806552 ] } },
{ "type": "Feature", "properties": { "ID": 3857380006480, "正式名称": "てぃーだ薬局", "機関区分": 5, "都道府県コード": 38, "市区町村コード": 202, "所在地": "愛媛県今治市宮下町一丁目１番９号", "緯度": 34.067047, "経度": 132.990148, "url": "https://www.iryou.teikyouseido.mhlw.go.jp/znk-web/juminkanja/S2430/initialize?prefCd=38&kikanCd=7380006480&kikanKbn=5", "url2": "http://www.healinglavie.com/tiida/", "内容": "てぃーだ薬局【5:薬局】愛媛県今治市宮下町一丁目１番９号" }, "geometry": { "type": "Point", "coordinates": [ 132.990148, 34.067047 ] } },
{ "type": "Feature", "properties": { "ID": 3857380006510, "正式名称": "クローバー薬局安城寺店", "機関区分": 5, "都道府県コード": 38, "市区町村コード": 201, "所在地": "愛媛県松山市安城寺町１０７６番地４", "緯度": 33.878709, "経度": 132.741374, "url": "https://www.iryou.teikyouseido.mhlw.go.jp/znk-web/juminkanja/S2430/initialize?prefCd=38&kikanCd=7380006510&kikanKbn=5", "url2": "http://www.cloverpharma.co.jp", "内容": "クローバー薬局安城寺店【5:薬局】愛媛県松山市安城寺町１０７６番地４" }, "geometry": { "type": "Point", "coordinates": [ 132.741374, 33.878709 ] } },
{ "type": "Feature", "properties": { "ID": 3857380006520, "正式名称": "ハッピー薬局　天山店", "機関区分": 5, "都道府県コード": 38, "市区町村コード": 201, "所在地": "愛媛県松山市天山２丁目４－１７　１階", "緯度": 33.818272, "経度": 132.777346, "url": "https://www.iryou.teikyouseido.mhlw.go.jp/znk-web/juminkanja/S2430/initialize?prefCd=38&kikanCd=7380006520&kikanKbn=5", "url2": "http://happy-pharmacy.com/", "内容": "ハッピー薬局　天山店【5:薬局】愛媛県松山市天山２丁目４－１７　１階" }, "geometry": { "type": "Point", "coordinates": [ 132.777346, 33.818272 ] } },
{ "type": "Feature", "properties": { "ID": 3857380006530, "正式名称": "トーヨ調剤薬局", "機関区分": 5, "都道府県コード": 38, "市区町村コード": 206, "所在地": "愛媛県西条市北条１６３７－２", "緯度": 33.926552, "経度": 133.088223, "url": "https://www.iryou.teikyouseido.mhlw.go.jp/znk-web/juminkanja/S2430/initialize?prefCd=38&kikanCd=7380006530&kikanKbn=5", "url2": "http://www.ritsurinn-ph.com/", "内容": "トーヨ調剤薬局【5:薬局】愛媛県西条市北条１６３７－２" }, "geometry": { "type": "Point", "coordinates": [ 133.088223, 33.926552 ] } },
{ "type": "Feature", "properties": { "ID": 3857380006540, "正式名称": "ハッピー薬局　衣山店", "機関区分": 5, "都道府県コード": 38, "市区町村コード": 201, "所在地": "愛媛県松山市衣山一丁目１８８番地", "緯度": 33.85274, "経度": 132.746708, "url": "https://www.iryou.teikyouseido.mhlw.go.jp/znk-web/juminkanja/S2430/initialize?prefCd=38&kikanCd=7380006540&kikanKbn=5", "url2": "http://www.happy-pharmacy.com", "内容": "ハッピー薬局　衣山店【5:薬局】愛媛県松山市衣山一丁目１８８番地" }, "geometry": { "type": "Point", "coordinates": [ 132.746708, 33.85274 ] } },
{ "type": "Feature", "properties": { "ID": 3857380006550, "正式名称": "きんぐ調剤薬局　久保田", "機関区分": 5, "都道府県コード": 38, "市区町村コード": 205, "所在地": "愛媛県新居浜市久保田町２丁目４番２６号", "緯度": 33.955488, "経度": 133.277937, "url": "https://www.iryou.teikyouseido.mhlw.go.jp/znk-web/juminkanja/S2430/initialize?prefCd=38&kikanCd=7380006550&kikanKbn=5", "url2": null, "内容": "きんぐ調剤薬局　久保田【5:薬局】愛媛県新居浜市久保田町２丁目４番２６号" }, "geometry": { "type": "Point", "coordinates": [ 133.277937, 33.955488 ] } },
{ "type": "Feature", "properties": { "ID": 3857380006580, "正式名称": "ひめ薬局　北鳥生店", "機関区分": 5, "都道府県コード": 38, "市区町村コード": 202, "所在地": "愛媛県今治市北鳥生町三丁目４番１２号", "緯度": 34.052834, "経度": 133.007788, "url": "https://www.iryou.teikyouseido.mhlw.go.jp/znk-web/juminkanja/S2430/initialize?prefCd=38&kikanCd=7380006580&kikanKbn=5", "url2": "http://rephpic.com", "内容": "ひめ薬局　北鳥生店【5:薬局】愛媛県今治市北鳥生町三丁目４番１２号" }, "geometry": { "type": "Point", "coordinates": [ 133.007788, 34.052834 ] } },
{ "type": "Feature", "properties": { "ID": 3857380006590, "正式名称": "あいなん薬局", "機関区分": 5, "都道府県コード": 38, "市区町村コード": 506, "所在地": "愛媛県南宇和郡愛南町一本松３３８２－４", "緯度": 32.963661, "経度": 132.648328, "url": "https://www.iryou.teikyouseido.mhlw.go.jp/znk-web/juminkanja/S2430/initialize?prefCd=38&kikanCd=7380006590&kikanKbn=5", "url2": "https://apotry.net", "内容": "あいなん薬局【5:薬局】愛媛県南宇和郡愛南町一本松３３８２－４" }, "geometry": { "type": "Point", "coordinates": [ 132.648328, 32.963661 ] } },
{ "type": "Feature", "properties": { "ID": 3857380006600, "正式名称": "ハッピー薬局　古川北店", "機関区分": 5, "都道府県コード": 38, "市区町村コード": 201, "所在地": "愛媛県松山市古川北３丁目４番２６号", "緯度": 33.811661, "経度": 132.766319, "url": "https://www.iryou.teikyouseido.mhlw.go.jp/znk-web/juminkanja/S2430/initialize?prefCd=38&kikanCd=7380006600&kikanKbn=5", "url2": "http://happy-pharmacy.com/index.shtml", "内容": "ハッピー薬局　古川北店【5:薬局】愛媛県松山市古川北３丁目４番２６号" }, "geometry": { "type": "Point", "coordinates": [ 132.766319, 33.811661 ] } },
{ "type": "Feature", "properties": { "ID": 3857380006610, "正式名称": "トマト薬局　余戸西店", "機関区分": 5, "都道府県コード": 38, "市区町村コード": 201, "所在地": "愛媛県松山市余戸西六丁目１０番４６号", "緯度": 33.818411, "経度": 132.725928, "url": "https://www.iryou.teikyouseido.mhlw.go.jp/znk-web/juminkanja/S2430/initialize?prefCd=38&kikanCd=7380006610&kikanKbn=5", "url2": "https://www.kk-tomato.com/", "内容": "トマト薬局　余戸西店【5:薬局】愛媛県松山市余戸西六丁目１０番４６号" }, "geometry": { "type": "Point", "coordinates": [ 132.725928, 33.818411 ] } },
{ "type": "Feature", "properties": { "ID": 3857380006620, "正式名称": "おおぞら薬局", "機関区分": 5, "都道府県コード": 38, "市区町村コード": 207, "所在地": "愛媛県大洲市東大洲８４－１", "緯度": 33.517951, "経度": 132.551969, "url": "https://www.iryou.teikyouseido.mhlw.go.jp/znk-web/juminkanja/S2430/initialize?prefCd=38&kikanCd=7380006620&kikanKbn=5", "url2": null, "内容": "おおぞら薬局【5:薬局】愛媛県大洲市東大洲８４－１" }, "geometry": { "type": "Point", "coordinates": [ 132.551969, 33.517951 ] } },
{ "type": "Feature", "properties": { "ID": 3857380006630, "正式名称": "トマト薬局　祝谷店", "機関区分": 5, "都道府県コード": 38, "市区町村コード": 201, "所在地": "愛媛県松山市祝谷六丁目１２２４番地１　ジョイフル祝谷１０１号", "緯度": 33.863267, "経度": 132.773788, "url": "https://www.iryou.teikyouseido.mhlw.go.jp/znk-web/juminkanja/S2430/initialize?prefCd=38&kikanCd=7380006630&kikanKbn=5", "url2": "https://www.kk-tomato.com", "内容": "トマト薬局　祝谷店【5:薬局】愛媛県松山市祝谷六丁目１２２４番地１　ジョイフル祝谷１０１号" }, "geometry": { "type": "Point", "coordinates": [ 132.773788, 33.863267 ] } },
{ "type": "Feature", "properties": { "ID": 3857380006640, "正式名称": "アイビー薬局穴井店", "機関区分": 5, "都道府県コード": 38, "市区町村コード": 204, "所在地": "愛媛県八幡浜市穴井３番耕地４０６番地５", "緯度": 33.39881, "経度": 132.398035, "url": "https://www.iryou.teikyouseido.mhlw.go.jp/znk-web/juminkanja/S2430/initialize?prefCd=38&kikanCd=7380006640&kikanKbn=5", "url2": "https://ivy-pharm.jp/", "内容": "アイビー薬局穴井店【5:薬局】愛媛県八幡浜市穴井３番耕地４０６番地５" }, "geometry": { "type": "Point", "coordinates": [ 132.398035, 33.39881 ] } },
{ "type": "Feature", "properties": { "ID": 3857380006660, "正式名称": "ハッピー薬局　富久店", "機関区分": 5, "都道府県コード": 38, "市区町村コード": 201, "所在地": "愛媛県松山市富久町３５８番５", "緯度": 33.822298, "経度": 132.726961, "url": "https://www.iryou.teikyouseido.mhlw.go.jp/znk-web/juminkanja/S2430/initialize?prefCd=38&kikanCd=7380006660&kikanKbn=5", "url2": "http://www.happy-pharmacy.com", "内容": "ハッピー薬局　富久店【5:薬局】愛媛県松山市富久町３５８番５" }, "geometry": { "type": "Point", "coordinates": [ 132.726961, 33.822298 ] } },
{ "type": "Feature", "properties": { "ID": 3857380006690, "正式名称": "ひめ薬局　勝山店", "機関区分": 5, "都道府県コード": 38, "市区町村コード": 201, "所在地": "愛媛県松山市勝山町二丁目９番地１０　レフピックビル１階", "緯度": 33.843649, "経度": 132.775558, "url": "https://www.iryou.teikyouseido.mhlw.go.jp/znk-web/juminkanja/S2430/initialize?prefCd=38&kikanCd=7380006690&kikanKbn=5", "url2": "http://rephpic.com", "内容": "ひめ薬局　勝山店【5:薬局】愛媛県松山市勝山町二丁目９番地１０　レフピックビル１階" }, "geometry": { "type": "Point", "coordinates": [ 132.775558, 33.843649 ] } },
{ "type": "Feature", "properties": { "ID": 3857380006720, "正式名称": "コスモ薬局枝松店", "機関区分": 5, "都道府県コード": 38, "市区町村コード": 201, "所在地": "愛媛県松山市枝松五丁目２番１８号", "緯度": 33.827021, "経度": 132.784761, "url": "https://www.iryou.teikyouseido.mhlw.go.jp/znk-web/juminkanja/S2430/initialize?prefCd=38&kikanCd=7380006720&kikanKbn=5", "url2": "http://cosmo-pharmacy.net/", "内容": "コスモ薬局枝松店【5:薬局】愛媛県松山市枝松五丁目２番１８号" }, "geometry": { "type": "Point", "coordinates": [ 132.784761, 33.827021 ] } },
{ "type": "Feature", "properties": { "ID": 3857380006740, "正式名称": "薬局　日本メディカル", "機関区分": 5, "都道府県コード": 38, "市区町村コード": 215, "所在地": "愛媛県東温市樋口甲１３３７番１", "緯度": 33.804831, "経度": 132.881699, "url": "https://www.iryou.teikyouseido.mhlw.go.jp/znk-web/juminkanja/S2430/initialize?prefCd=38&kikanCd=7380006740&kikanKbn=5", "url2": "https://www.jmsys.co.jp/pharmacy/shop-detail_271/", "内容": "薬局　日本メディカル【5:薬局】愛媛県東温市樋口甲１３３７番１" }, "geometry": { "type": "Point", "coordinates": [ 132.881699, 33.804831 ] } },
{ "type": "Feature", "properties": { "ID": 3857380006750, "正式名称": "レデイ薬局道後店", "機関区分": 5, "都道府県コード": 38, "市区町村コード": 201, "所在地": "愛媛県松山市道後一万３番９号", "緯度": 33.847658, "経度": 132.776511, "url": "https://www.iryou.teikyouseido.mhlw.go.jp/znk-web/juminkanja/S2430/initialize?prefCd=38&kikanCd=7380006750&kikanKbn=5", "url2": "http://www.lady-drug.co.jp/", "内容": "レデイ薬局道後店【5:薬局】愛媛県松山市道後一万３番９号" }, "geometry": { "type": "Point", "coordinates": [ 132.776511, 33.847658 ] } },
{ "type": "Feature", "properties": { "ID": 3857380006760, "正式名称": "あさひ調剤薬局　くわばら北店", "機関区分": 5, "都道府県コード": 38, "市区町村コード": 201, "所在地": "愛媛県松山市桑原四丁目８番２２号", "緯度": 33.833871, "経度": 132.792653, "url": "https://www.iryou.teikyouseido.mhlw.go.jp/znk-web/juminkanja/S2430/initialize?prefCd=38&kikanCd=7380006760&kikanKbn=5", "url2": "http://www.117-asahi.com", "内容": "あさひ調剤薬局　くわばら北店【5:薬局】愛媛県松山市桑原四丁目８番２２号" }, "geometry": { "type": "Point", "coordinates": [ 132.792653, 33.833871 ] } },
{ "type": "Feature", "properties": { "ID": 3857380006780, "正式名称": "ぽかぽか薬局新居浜店", "機関区分": 5, "都道府県コード": 38, "市区町村コード": 205, "所在地": "愛媛県新居浜市一宮町１－１２－５６", "緯度": 33.959537, "経度": 133.283234, "url": "https://www.iryou.teikyouseido.mhlw.go.jp/znk-web/juminkanja/S2430/initialize?prefCd=38&kikanCd=7380006780&kikanKbn=5", "url2": "https://fesrec-japan.com/store_information2.html", "内容": "ぽかぽか薬局新居浜店【5:薬局】愛媛県新居浜市一宮町１－１２－５６" }, "geometry": { "type": "Point", "coordinates": [ 133.283234, 33.959537 ] } },
{ "type": "Feature", "properties": { "ID": 3857380006790, "正式名称": "ハッピー薬局　古川南店", "機関区分": 5, "都道府県コード": 38, "市区町村コード": 201, "所在地": "愛媛県松山市古川南三丁目１６番２９号", "緯度": 33.805581, "経度": 132.765209, "url": "https://www.iryou.teikyouseido.mhlw.go.jp/znk-web/juminkanja/S2430/initialize?prefCd=38&kikanCd=7380006790&kikanKbn=5", "url2": "http://www.happy-pharmacy.com/", "内容": "ハッピー薬局　古川南店【5:薬局】愛媛県松山市古川南三丁目１６番２９号" }, "geometry": { "type": "Point", "coordinates": [ 132.765209, 33.805581 ] } },
{ "type": "Feature", "properties": { "ID": 3857380006800, "正式名称": "ハッピー薬局　北梅本店", "機関区分": 5, "都道府県コード": 38, "市区町村コード": 201, "所在地": "愛媛県松山市北梅本町甲６６６番地２", "緯度": 33.80501, "経度": 132.837252, "url": "https://www.iryou.teikyouseido.mhlw.go.jp/znk-web/juminkanja/S2430/initialize?prefCd=38&kikanCd=7380006800&kikanKbn=5", "url2": "http://www.happy-pharmacy.com/", "内容": "ハッピー薬局　北梅本店【5:薬局】愛媛県松山市北梅本町甲６６６番地２" }, "geometry": { "type": "Point", "coordinates": [ 132.837252, 33.80501 ] } },
{ "type": "Feature", "properties": { "ID": 3857380006810, "正式名称": "松山薬局　東石井店", "機関区分": 5, "都道府県コード": 38, "市区町村コード": 201, "所在地": "愛媛県松山市東石井三丁目３番７号", "緯度": 33.813884, "経度": 132.781096, "url": "https://www.iryou.teikyouseido.mhlw.go.jp/znk-web/juminkanja/S2430/initialize?prefCd=38&kikanCd=7380006810&kikanKbn=5", "url2": "https://www.matsuyama-ph.com", "内容": "松山薬局　東石井店【5:薬局】愛媛県松山市東石井三丁目３番７号" }, "geometry": { "type": "Point", "coordinates": [ 132.781096, 33.813884 ] } },
{ "type": "Feature", "properties": { "ID": 3857380006820, "正式名称": "おか薬局", "機関区分": 5, "都道府県コード": 38, "市区町村コード": 205, "所在地": "愛媛県新居浜市船木甲４４７５番地１", "緯度": 33.938824, "経度": 133.324072, "url": "https://www.iryou.teikyouseido.mhlw.go.jp/znk-web/juminkanja/S2430/initialize?prefCd=38&kikanCd=7380006820&kikanKbn=5", "url2": null, "内容": "おか薬局【5:薬局】愛媛県新居浜市船木甲４４７５番地１" }, "geometry": { "type": "Point", "coordinates": [ 133.324072, 33.938824 ] } },
{ "type": "Feature", "properties": { "ID": 3857380006830, "正式名称": "立花八丁薬局", "機関区分": 5, "都道府県コード": 38, "市区町村コード": 202, "所在地": "愛媛県今治市八町西五丁目１番２１号", "緯度": 34.042731, "経度": 132.993189, "url": "https://www.iryou.teikyouseido.mhlw.go.jp/znk-web/juminkanja/S2430/initialize?prefCd=38&kikanCd=7380006830&kikanKbn=5", "url2": null, "内容": "立花八丁薬局【5:薬局】愛媛県今治市八町西五丁目１番２１号" }, "geometry": { "type": "Point", "coordinates": [ 132.993189, 34.042731 ] } },
{ "type": "Feature", "properties": { "ID": 3857380006840, "正式名称": "ひなた調剤薬局", "機関区分": 5, "都道府県コード": 38, "市区町村コード": 201, "所在地": "愛媛県松山市本町６－３－３　リマージ本町ビル１階", "緯度": 33.852323, "経度": 132.75854, "url": "https://www.iryou.teikyouseido.mhlw.go.jp/znk-web/juminkanja/S2430/initialize?prefCd=38&kikanCd=7380006840&kikanKbn=5", "url2": null, "内容": "ひなた調剤薬局【5:薬局】愛媛県松山市本町６－３－３　リマージ本町ビル１階" }, "geometry": { "type": "Point", "coordinates": [ 132.75854, 33.852323 ] } },
{ "type": "Feature", "properties": { "ID": 3857380006870, "正式名称": "ハッピー薬局　末町店", "機関区分": 5, "都道府県コード": 38, "市区町村コード": 201, "所在地": "愛媛県松山市末町甲１２番１", "緯度": 33.863798, "経度": 132.8181, "url": "https://www.iryou.teikyouseido.mhlw.go.jp/znk-web/juminkanja/S2430/initialize?prefCd=38&kikanCd=7380006870&kikanKbn=5", "url2": "http://www.happy-pharmacy.com/", "内容": "ハッピー薬局　末町店【5:薬局】愛媛県松山市末町甲１２番１" }, "geometry": { "type": "Point", "coordinates": [ 132.8181, 33.863798 ] } },
{ "type": "Feature", "properties": { "ID": 3857380006880, "正式名称": "あすなろ薬局明屋敷店", "機関区分": 5, "都道府県コード": 38, "市区町村コード": 206, "所在地": "愛媛県西条市明屋敷５６２", "緯度": 33.922541, "経度": 133.175955, "url": "https://www.iryou.teikyouseido.mhlw.go.jp/znk-web/juminkanja/S2430/initialize?prefCd=38&kikanCd=7380006880&kikanKbn=5", "url2": "https://asunaro-tree.jp/", "内容": "あすなろ薬局明屋敷店【5:薬局】愛媛県西条市明屋敷５６２" }, "geometry": { "type": "Point", "coordinates": [ 133.175955, 33.922541 ] } },
{ "type": "Feature", "properties": { "ID": 3857380006890, "正式名称": "伊予レモン薬局", "機関区分": 5, "都道府県コード": 38, "市区町村コード": 210, "所在地": "愛媛県伊予市下吾川９４３－１", "緯度": 33.762999, "経度": 132.707187, "url": "https://www.iryou.teikyouseido.mhlw.go.jp/znk-web/juminkanja/S2430/initialize?prefCd=38&kikanCd=7380006890&kikanKbn=5", "url2": "https://www.i-pharmacy.jp/", "内容": "伊予レモン薬局【5:薬局】愛媛県伊予市下吾川９４３－１" }, "geometry": { "type": "Point", "coordinates": [ 132.707187, 33.762999 ] } },
{ "type": "Feature", "properties": { "ID": 3857380006900, "正式名称": "松山会営薬局", "機関区分": 5, "都道府県コード": 38, "市区町村コード": 201, "所在地": "愛媛県松山市藤原二丁目４番５号", "緯度": 33.829516, "経度": 132.758174, "url": "https://www.iryou.teikyouseido.mhlw.go.jp/znk-web/juminkanja/S2430/initialize?prefCd=38&kikanCd=7380006900&kikanKbn=5", "url2": "http://matsuyamayaku.jp/general/m_pharmacy/", "内容": "松山会営薬局【5:薬局】愛媛県松山市藤原二丁目４番５号" }, "geometry": { "type": "Point", "coordinates": [ 132.758174, 33.829516 ] } },
{ "type": "Feature", "properties": { "ID": 3857380006910, "正式名称": "城西調剤薬局南斎院店", "機関区分": 5, "都道府県コード": 38, "市区町村コード": 201, "所在地": "愛媛県松山市南斎院町５４番地１", "緯度": 33.832186, "経度": 132.738654, "url": "https://www.iryou.teikyouseido.mhlw.go.jp/znk-web/juminkanja/S2430/initialize?prefCd=38&kikanCd=7380006910&kikanKbn=5", "url2": "http://www.hiro-pharmacy.com/", "内容": "城西調剤薬局南斎院店【5:薬局】愛媛県松山市南斎院町５４番地１" }, "geometry": { "type": "Point", "coordinates": [ 132.738654, 33.832186 ] } },
{ "type": "Feature", "properties": { "ID": 3857380006950, "正式名称": "レデイ薬局　馬木店", "機関区分": 5, "都道府県コード": 38, "市区町村コード": 201, "所在地": "愛媛県松山市馬木町２２３０番地４", "緯度": 33.892087, "経度": 132.745265, "url": "https://www.iryou.teikyouseido.mhlw.go.jp/znk-web/juminkanja/S2430/initialize?prefCd=38&kikanCd=7380006950&kikanKbn=5", "url2": "http://www.lady-drug.co.jp/", "内容": "レデイ薬局　馬木店【5:薬局】愛媛県松山市馬木町２２３０番地４" }, "geometry": { "type": "Point", "coordinates": [ 132.745265, 33.892087 ] } },
{ "type": "Feature", "properties": { "ID": 3857380006970, "正式名称": "レデイ薬局　星の岡店", "機関区分": 5, "都道府県コード": 38, "市区町村コード": 201, "所在地": "愛媛県松山市東石井一丁目５番７号", "緯度": 33.818135, "経度": 132.779158, "url": "https://www.iryou.teikyouseido.mhlw.go.jp/znk-web/juminkanja/S2430/initialize?prefCd=38&kikanCd=7380006970&kikanKbn=5", "url2": "http://www.lady-drug.co.jp/", "内容": "レデイ薬局　星の岡店【5:薬局】愛媛県松山市東石井一丁目５番７号" }, "geometry": { "type": "Point", "coordinates": [ 132.779158, 33.818135 ] } },
{ "type": "Feature", "properties": { "ID": 3857380006990, "正式名称": "ぽかぽか薬局溝辺店", "機関区分": 5, "都道府県コード": 38, "市区町村コード": 201, "所在地": "愛媛県松山市溝辺町甲６２７番地", "緯度": 33.851389, "経度": 132.803503, "url": "https://www.iryou.teikyouseido.mhlw.go.jp/znk-web/juminkanja/S2430/initialize?prefCd=38&kikanCd=7380006990&kikanKbn=5", "url2": "https://fesrec-japan.com/store_information.html", "内容": "ぽかぽか薬局溝辺店【5:薬局】愛媛県松山市溝辺町甲６２７番地" }, "geometry": { "type": "Point", "coordinates": [ 132.803503, 33.851389 ] } },
{ "type": "Feature", "properties": { "ID": 3857380007000, "正式名称": "うさぎ薬局", "機関区分": 5, "都道府県コード": 38, "市区町村コード": 202, "所在地": "愛媛県今治市末広町３丁目３－４", "緯度": 34.061333, "経度": 133.004871, "url": "https://www.iryou.teikyouseido.mhlw.go.jp/znk-web/juminkanja/S2430/initialize?prefCd=38&kikanCd=7380007000&kikanKbn=5", "url2": "http://www.hiro-pharmacy.com/", "内容": "うさぎ薬局【5:薬局】愛媛県今治市末広町３丁目３－４" }, "geometry": { "type": "Point", "coordinates": [ 133.004871, 34.061333 ] } },
{ "type": "Feature", "properties": { "ID": 3857380007020, "正式名称": "コスモ薬局　れんげ店", "機関区分": 5, "都道府県コード": 38, "市区町村コード": 214, "所在地": "愛媛県西予市宇和町れんげ９６５－３９", "緯度": 33.384369, "経度": 132.49775, "url": "https://www.iryou.teikyouseido.mhlw.go.jp/znk-web/juminkanja/S2430/initialize?prefCd=38&kikanCd=7380007020&kikanKbn=5", "url2": null, "内容": "コスモ薬局　れんげ店【5:薬局】愛媛県西予市宇和町れんげ９６５－３９" }, "geometry": { "type": "Point", "coordinates": [ 132.49775, 33.384369 ] } },
{ "type": "Feature", "properties": { "ID": 3857380007030, "正式名称": "西予ひまわり薬局", "機関区分": 5, "都道府県コード": 38, "市区町村コード": 214, "所在地": "愛媛県西予市宇和町永長１２３－３", "緯度": 33.385702, "経度": 132.494639, "url": "https://www.iryou.teikyouseido.mhlw.go.jp/znk-web/juminkanja/S2430/initialize?prefCd=38&kikanCd=7380007030&kikanKbn=5", "url2": "http://i-pharmacy.jp/store/seiyohimawari/", "内容": "西予ひまわり薬局【5:薬局】愛媛県西予市宇和町永長１２３－３" }, "geometry": { "type": "Point", "coordinates": [ 132.494639, 33.385702 ] } },
{ "type": "Feature", "properties": { "ID": 3857380007060, "正式名称": "いちょう薬局", "機関区分": 5, "都道府県コード": 38, "市区町村コード": 201, "所在地": "愛媛県松山市平和通一丁目５番地１７", "緯度": 33.847896, "経度": 132.773163, "url": "https://www.iryou.teikyouseido.mhlw.go.jp/znk-web/juminkanja/S2430/initialize?prefCd=38&kikanCd=7380007060&kikanKbn=5", "url2": "http://i-pharmacy.jp/store/icyou", "内容": "いちょう薬局【5:薬局】愛媛県松山市平和通一丁目５番地１７" }, "geometry": { "type": "Point", "coordinates": [ 132.773163, 33.847896 ] } },
{ "type": "Feature", "properties": { "ID": 3857380007090, "正式名称": "たんぽぽ薬局　松山日赤前店", "機関区分": 5, "都道府県コード": 38, "市区町村コード": 201, "所在地": "愛媛県松山市平和通一丁目５番地１５", "緯度": 33.847898, "経度": 132.773105, "url": "https://www.iryou.teikyouseido.mhlw.go.jp/znk-web/juminkanja/S2430/initialize?prefCd=38&kikanCd=7380007090&kikanKbn=5", "url2": "http://www.tanpopo-ph.co.jp/", "内容": "たんぽぽ薬局　松山日赤前店【5:薬局】愛媛県松山市平和通一丁目５番地１５" }, "geometry": { "type": "Point", "coordinates": [ 132.773105, 33.847898 ] } },
{ "type": "Feature", "properties": { "ID": 3857380007100, "正式名称": "松山薬局　石井店", "機関区分": 5, "都道府県コード": 38, "市区町村コード": 201, "所在地": "愛媛県松山市東石井二丁目２２番４５号", "緯度": 33.816822, "経度": 132.778444, "url": "https://www.iryou.teikyouseido.mhlw.go.jp/znk-web/juminkanja/S2430/initialize?prefCd=38&kikanCd=7380007100&kikanKbn=5", "url2": "https://www.matsuyama-ph.com", "内容": "松山薬局　石井店【5:薬局】愛媛県松山市東石井二丁目２２番４５号" }, "geometry": { "type": "Point", "coordinates": [ 132.778444, 33.816822 ] } },
{ "type": "Feature", "properties": { "ID": 3857380007130, "正式名称": "あさがお薬局", "機関区分": 5, "都道府県コード": 38, "市区町村コード": 215, "所在地": "愛媛県東温市志津川甲８５番地６", "緯度": 33.807106, "経度": 132.879793, "url": "https://www.iryou.teikyouseido.mhlw.go.jp/znk-web/juminkanja/S2430/initialize?prefCd=38&kikanCd=7380007130&kikanKbn=5", "url2": null, "内容": "あさがお薬局【5:薬局】愛媛県東温市志津川甲８５番地６" }, "geometry": { "type": "Point", "coordinates": [ 132.879793, 33.807106 ] } },
{ "type": "Feature", "properties": { "ID": 3857380007160, "正式名称": "アリア調剤薬局　東石井店", "機関区分": 5, "都道府県コード": 38, "市区町村コード": 201, "所在地": "愛媛県松山市東石井五丁目７番２４号　１階", "緯度": 33.815111, "経度": 132.777219, "url": "https://www.iryou.teikyouseido.mhlw.go.jp/znk-web/juminkanja/S2430/initialize?prefCd=38&kikanCd=7380007160&kikanKbn=5", "url2": "www.aria.ehime.jp", "内容": "アリア調剤薬局　東石井店【5:薬局】愛媛県松山市東石井五丁目７番２４号　１階" }, "geometry": { "type": "Point", "coordinates": [ 132.777219, 33.815111 ] } },
{ "type": "Feature", "properties": { "ID": 3857380007180, "正式名称": "番町調剤薬局", "機関区分": 5, "都道府県コード": 38, "市区町村コード": 201, "所在地": "愛媛県松山市六軒家町４番１６号　１階", "緯度": 33.851411, "経度": 132.752643, "url": "https://www.iryou.teikyouseido.mhlw.go.jp/znk-web/juminkanja/S2430/initialize?prefCd=38&kikanCd=7380007180&kikanKbn=5", "url2": null, "内容": "番町調剤薬局【5:薬局】愛媛県松山市六軒家町４番１６号　１階" }, "geometry": { "type": "Point", "coordinates": [ 132.752643, 33.851411 ] } },
{ "type": "Feature", "properties": { "ID": 3857380007190, "正式名称": "コスモ薬局　日赤店", "機関区分": 5, "都道府県コード": 38, "市区町村コード": 201, "所在地": "愛媛県松山市平和通一丁目６番地１２　１階", "緯度": 33.847824, "経度": 132.774567, "url": "https://www.iryou.teikyouseido.mhlw.go.jp/znk-web/juminkanja/S2430/initialize?prefCd=38&kikanCd=7380007190&kikanKbn=5", "url2": "http://cosmo-pharmacy.net/", "内容": "コスモ薬局　日赤店【5:薬局】愛媛県松山市平和通一丁目６番地１２　１階" }, "geometry": { "type": "Point", "coordinates": [ 132.774567, 33.847824 ] } },
{ "type": "Feature", "properties": { "ID": 3857380007220, "正式名称": "レデイ薬局　古三津店", "機関区分": 5, "都道府県コード": 38, "市区町村コード": 201, "所在地": "愛媛県松山市古三津二丁目１５番１３号", "緯度": 33.859294, "経度": 132.72832, "url": "https://www.iryou.teikyouseido.mhlw.go.jp/znk-web/juminkanja/S2430/initialize?prefCd=38&kikanCd=7380007220&kikanKbn=5", "url2": "http://www.lady-drug.co.jp/", "内容": "レデイ薬局　古三津店【5:薬局】愛媛県松山市古三津二丁目１５番１３号" }, "geometry": { "type": "Point", "coordinates": [ 132.72832, 33.859294 ] } },
{ "type": "Feature", "properties": { "ID": 3857380010001, "正式名称": "庄野薬局　神拝店", "機関区分": 5, "都道府県コード": 38, "市区町村コード": 206, "所在地": "愛媛県西条市神拝甲２１４番地１", "緯度": 33.913486, "経度": 133.178509, "url": "https://www.iryou.teikyouseido.mhlw.go.jp/znk-web/juminkanja/S2430/initialize?prefCd=38&kikanCd=7380010001&kikanKbn=5", "url2": "http://shono-pharmacy.com", "内容": "庄野薬局　神拝店【5:薬局】愛媛県西条市神拝甲２１４番地１" }, "geometry": { "type": "Point", "coordinates": [ 133.178509, 33.913486 ] } },
{ "type": "Feature", "properties": { "ID": 3857380010004, "正式名称": "ゆかわ薬局　二番町店", "機関区分": 5, "都道府県コード": 38, "市区町村コード": 201, "所在地": "愛媛県松山市二番町三丁目７番地１４　松山ガーデンスクウェア１階", "緯度": 33.840013, "経度": 132.771136, "url": "https://www.iryou.teikyouseido.mhlw.go.jp/znk-web/juminkanja/S2430/initialize?prefCd=38&kikanCd=7380010004&kikanKbn=5", "url2": null, "内容": "ゆかわ薬局　二番町店【5:薬局】愛媛県松山市二番町三丁目７番地１４　松山ガーデンスクウェア１階" }, "geometry": { "type": "Point", "coordinates": [ 132.771136, 33.840013 ] } },
{ "type": "Feature", "properties": { "ID": 3857380010005, "正式名称": "おひさま薬局", "機関区分": 5, "都道府県コード": 38, "市区町村コード": 201, "所在地": "愛媛県松山市竹原二丁目１番５０号　エバーグリーン松山１号館１階", "緯度": 33.831693, "経度": 132.752919, "url": "https://www.iryou.teikyouseido.mhlw.go.jp/znk-web/juminkanja/S2430/initialize?prefCd=38&kikanCd=7380010005&kikanKbn=5", "url2": "https://pharmacy-aozora.com/", "内容": "おひさま薬局【5:薬局】愛媛県松山市竹原二丁目１番５０号　エバーグリーン松山１号館１階" }, "geometry": { "type": "Point", "coordinates": [ 132.752919, 33.831693 ] } },
{ "type": "Feature", "properties": { "ID": 3857380010006, "正式名称": "かいてき調剤薬局　空港通店", "機関区分": 5, "都道府県コード": 38, "市区町村コード": 201, "所在地": "愛媛県松山市空港通二丁目１３番８号　１階", "緯度": 33.828908, "経度": 132.741019, "url": "https://www.iryou.teikyouseido.mhlw.go.jp/znk-web/juminkanja/S2430/initialize?prefCd=38&kikanCd=7380010006&kikanKbn=5", "url2": "http://kaiteki-pharma.co.jp/", "内容": "かいてき調剤薬局　空港通店【5:薬局】愛媛県松山市空港通二丁目１３番８号　１階" }, "geometry": { "type": "Point", "coordinates": [ 132.741019, 33.828908 ] } },
{ "type": "Feature", "properties": { "ID": 3857380010007, "正式名称": "さくら薬局　グランシャリオ", "機関区分": 5, "都道府県コード": 38, "市区町村コード": 205, "所在地": "愛媛県新居浜市一宮町二丁目６番７７号", "緯度": 33.958549, "経度": 133.278456, "url": "https://www.iryou.teikyouseido.mhlw.go.jp/znk-web/juminkanja/S2430/initialize?prefCd=38&kikanCd=7380010007&kikanKbn=5", "url2": "http://chono.co.jp", "内容": "さくら薬局　グランシャリオ【5:薬局】愛媛県新居浜市一宮町二丁目６番７７号" }, "geometry": { "type": "Point", "coordinates": [ 133.278456, 33.958549 ] } },
{ "type": "Feature", "properties": { "ID": 3857380010009, "正式名称": "あさひ調剤薬局　しののめ店", "機関区分": 5, "都道府県コード": 38, "市区町村コード": 201, "所在地": "愛媛県松山市東雲町３番地２　イーストクラウド１階", "緯度": 33.845019, "経度": 132.773689, "url": "https://www.iryou.teikyouseido.mhlw.go.jp/znk-web/juminkanja/S2430/initialize?prefCd=38&kikanCd=7380010009&kikanKbn=5", "url2": "http://www.117-asahi.com/", "内容": "あさひ調剤薬局　しののめ店【5:薬局】愛媛県松山市東雲町３番地２　イーストクラウド１階" }, "geometry": { "type": "Point", "coordinates": [ 132.773689, 33.845019 ] } },
{ "type": "Feature", "properties": { "ID": 3857380010010, "正式名称": "あおば薬局", "機関区分": 5, "都道府県コード": 38, "市区町村コード": 202, "所在地": "愛媛県今治市立花町３丁目７番３０号", "緯度": 34.049906, "経度": 132.998371, "url": "https://www.iryou.teikyouseido.mhlw.go.jp/znk-web/juminkanja/S2430/initialize?prefCd=38&kikanCd=7380010010&kikanKbn=5", "url2": "http://www13.plala.or.jp/hiasayakkyoku/index.html", "内容": "あおば薬局【5:薬局】愛媛県今治市立花町３丁目７番３０号" }, "geometry": { "type": "Point", "coordinates": [ 132.998371, 34.049906 ] } },
{ "type": "Feature", "properties": { "ID": 3857380010011, "正式名称": "ハッピー薬局　末広店", "機関区分": 5, "都道府県コード": 38, "市区町村コード": 201, "所在地": "愛媛県松山市末広町６番地５　ハッピーハートビルディング２階", "緯度": 33.831983, "経度": 132.763545, "url": "https://www.iryou.teikyouseido.mhlw.go.jp/znk-web/juminkanja/S2430/initialize?prefCd=38&kikanCd=7380010011&kikanKbn=5", "url2": "http://www.happy-pharmacy.com/", "内容": "ハッピー薬局　末広店【5:薬局】愛媛県松山市末広町６番地５　ハッピーハートビルディング２階" }, "geometry": { "type": "Point", "coordinates": [ 132.763545, 33.831983 ] } },
{ "type": "Feature", "properties": { "ID": 3857380010012, "正式名称": "平野ごう薬局", "機関区分": 5, "都道府県コード": 38, "市区町村コード": 202, "所在地": "愛媛県今治市郷新屋敷町３丁目１－４２", "緯度": 34.041952, "経度": 133.002268, "url": "https://www.iryou.teikyouseido.mhlw.go.jp/znk-web/juminkanja/S2430/initialize?prefCd=38&kikanCd=7380010012&kikanKbn=5", "url2": "https://www.hirano-pharmacy.co.jp", "内容": "平野ごう薬局【5:薬局】愛媛県今治市郷新屋敷町３丁目１－４２" }, "geometry": { "type": "Point", "coordinates": [ 133.002268, 34.041952 ] } },
{ "type": "Feature", "properties": { "ID": 3857380010013, "正式名称": "チェリー薬局　本郷店", "機関区分": 5, "都道府県コード": 38, "市区町村コード": 205, "所在地": "愛媛県新居浜市本郷３丁目５番３４号", "緯度": 33.93189, "経度": 133.281521, "url": "https://www.iryou.teikyouseido.mhlw.go.jp/znk-web/juminkanja/S2430/initialize?prefCd=38&kikanCd=7380010013&kikanKbn=5", "url2": "http://www.cherry-sw.com/", "内容": "チェリー薬局　本郷店【5:薬局】愛媛県新居浜市本郷３丁目５番３４号" }, "geometry": { "type": "Point", "coordinates": [ 133.281521, 33.93189 ] } },
{ "type": "Feature", "properties": { "ID": 3857380010014, "正式名称": "フロンティア薬局　本郷店", "機関区分": 5, "都道府県コード": 38, "市区町村コード": 205, "所在地": "愛媛県新居浜市本郷３丁目５－３１", "緯度": 33.931545, "経度": 133.281656, "url": "https://www.iryou.teikyouseido.mhlw.go.jp/znk-web/juminkanja/S2430/initialize?prefCd=38&kikanCd=7380010014&kikanKbn=5", "url2": "http://www.frontier-ph.com/", "内容": "フロンティア薬局　本郷店【5:薬局】愛媛県新居浜市本郷３丁目５－３１" }, "geometry": { "type": "Point", "coordinates": [ 133.281656, 33.931545 ] } },
{ "type": "Feature", "properties": { "ID": 3857380010015, "正式名称": "レデイ薬局　新居浜中央店", "機関区分": 5, "都道府県コード": 38, "市区町村コード": 205, "所在地": "愛媛県新居浜市寿町１１番４８号", "緯度": 33.941517, "経度": 133.29963, "url": "https://www.iryou.teikyouseido.mhlw.go.jp/znk-web/juminkanja/S2430/initialize?prefCd=38&kikanCd=7380010015&kikanKbn=5", "url2": "http://www.lady-drug.co.jp/", "内容": "レデイ薬局　新居浜中央店【5:薬局】愛媛県新居浜市寿町１１番４８号" }, "geometry": { "type": "Point", "coordinates": [ 133.29963, 33.941517 ] } },
{ "type": "Feature", "properties": { "ID": 3857380010016, "正式名称": "ていれぎ薬局", "機関区分": 5, "都道府県コード": 38, "市区町村コード": 201, "所在地": "愛媛県松山市来住町１３８９番地１", "緯度": 33.810648, "経度": 132.793975, "url": "https://www.iryou.teikyouseido.mhlw.go.jp/znk-web/juminkanja/S2430/initialize?prefCd=38&kikanCd=7380010016&kikanKbn=5", "url2": "http://i-pharmacy.jp/newspage/", "内容": "ていれぎ薬局【5:薬局】愛媛県松山市来住町１３８９番地１" }, "geometry": { "type": "Point", "coordinates": [ 132.793975, 33.810648 ] } },
{ "type": "Feature", "properties": { "ID": 3857380010017, "正式名称": "そうごう薬局　卯之町店", "機関区分": 5, "都道府県コード": 38, "市区町村コード": 214, "所在地": "愛媛県西予市宇和町卯之町２丁目３００番地", "緯度": 33.364317, "経度": 132.511406, "url": "https://www.iryou.teikyouseido.mhlw.go.jp/znk-web/juminkanja/S2430/initialize?prefCd=38&kikanCd=7380010017&kikanKbn=5", "url2": "https://www.sogo-medical.co.jp/sogopharmacy/shop/view/573", "内容": "そうごう薬局　卯之町店【5:薬局】愛媛県西予市宇和町卯之町２丁目３００番地" }, "geometry": { "type": "Point", "coordinates": [ 132.511406, 33.364317 ] } },
{ "type": "Feature", "properties": { "ID": 3857380010018, "正式名称": "なつ薬局　和泉店", "機関区分": 5, "都道府県コード": 38, "市区町村コード": 201, "所在地": "愛媛県松山市和泉南五丁目１番２１－２号", "緯度": 33.812552, "経度": 132.760396, "url": "https://www.iryou.teikyouseido.mhlw.go.jp/znk-web/juminkanja/S2430/initialize?prefCd=38&kikanCd=7380010018&kikanKbn=5", "url2": null, "内容": "なつ薬局　和泉店【5:薬局】愛媛県松山市和泉南五丁目１番２１－２号" }, "geometry": { "type": "Point", "coordinates": [ 132.760396, 33.812552 ] } },
{ "type": "Feature", "properties": { "ID": 3857380010019, "正式名称": "えびす薬局", "機関区分": 5, "都道府県コード": 38, "市区町村コード": 203, "所在地": "愛媛県宇和島市恵美須町１丁目３ー１０", "緯度": 33.223538, "経度": 132.56451, "url": "https://www.iryou.teikyouseido.mhlw.go.jp/znk-web/juminkanja/S2430/initialize?prefCd=38&kikanCd=7380010019&kikanKbn=5", "url2": "http://www.apotry.net", "内容": "えびす薬局【5:薬局】愛媛県宇和島市恵美須町１丁目３ー１０" }, "geometry": { "type": "Point", "coordinates": [ 132.56451, 33.223538 ] } },
{ "type": "Feature", "properties": { "ID": 3857380010020, "正式名称": "スマイル薬局", "機関区分": 5, "都道府県コード": 38, "市区町村コード": 201, "所在地": "愛媛県松山市和泉北一丁目８番５号", "緯度": 33.82289, "経度": 132.758232, "url": "https://www.iryou.teikyouseido.mhlw.go.jp/znk-web/juminkanja/S2430/initialize?prefCd=38&kikanCd=7380010020&kikanKbn=5", "url2": null, "内容": "スマイル薬局【5:薬局】愛媛県松山市和泉北一丁目８番５号" }, "geometry": { "type": "Point", "coordinates": [ 132.758232, 33.82289 ] } },
{ "type": "Feature", "properties": { "ID": 3857380010021, "正式名称": "アルファ調剤薬局　今治店", "機関区分": 5, "都道府県コード": 38, "市区町村コード": 202, "所在地": "愛媛県今治市南大門町２丁目１番地２１", "緯度": 34.06597, "経度": 132.995574, "url": "https://www.iryou.teikyouseido.mhlw.go.jp/znk-web/juminkanja/S2430/initialize?prefCd=38&kikanCd=7380010021&kikanKbn=5", "url2": "http://alfa-ph.jp/", "内容": "アルファ調剤薬局　今治店【5:薬局】愛媛県今治市南大門町２丁目１番地２１" }, "geometry": { "type": "Point", "coordinates": [ 132.995574, 34.06597 ] } },
{ "type": "Feature", "properties": { "ID": 3857380010022, "正式名称": "みらい薬局　余戸西店", "機関区分": 5, "都道府県コード": 38, "市区町村コード": 201, "所在地": "愛媛県松山市余戸西三丁目１２番１７号", "緯度": 33.815281, "経度": 132.720913, "url": "https://www.iryou.teikyouseido.mhlw.go.jp/znk-web/juminkanja/S2430/initialize?prefCd=38&kikanCd=7380010022&kikanKbn=5", "url2": "http://www.mirai-pharmacy.co.jp/", "内容": "みらい薬局　余戸西店【5:薬局】愛媛県松山市余戸西三丁目１２番１７号" }, "geometry": { "type": "Point", "coordinates": [ 132.720913, 33.815281 ] } },
{ "type": "Feature", "properties": { "ID": 3857380010023, "正式名称": "アイン薬局松山平和通店", "機関区分": 5, "都道府県コード": 38, "市区町村コード": 201, "所在地": "愛媛県松山市平和通一丁目５番地２３　１階", "緯度": 33.847848, "経度": 132.773919, "url": "https://www.iryou.teikyouseido.mhlw.go.jp/znk-web/juminkanja/S2430/initialize?prefCd=38&kikanCd=7380010023&kikanKbn=5", "url2": "http://www/ainj.co.jp", "内容": "アイン薬局松山平和通店【5:薬局】愛媛県松山市平和通一丁目５番地２３　１階" }, "geometry": { "type": "Point", "coordinates": [ 132.773919, 33.847848 ] } },
{ "type": "Feature", "properties": { "ID": 3857380010024, "正式名称": "フロンティア薬局　大洲東店", "機関区分": 5, "都道府県コード": 38, "市区町村コード": 207, "所在地": "愛媛県大洲市東大洲１４１番地", "緯度": 33.51632, "経度": 132.555199, "url": "https://www.iryou.teikyouseido.mhlw.go.jp/znk-web/juminkanja/S2430/initialize?prefCd=38&kikanCd=7380010024&kikanKbn=5", "url2": "https://www.frontier-ph.com/ins-pharmacy/area-search/ehime/ozu-shi/", "内容": "フロンティア薬局　大洲東店【5:薬局】愛媛県大洲市東大洲１４１番地" }, "geometry": { "type": "Point", "coordinates": [ 132.555199, 33.51632 ] } },
{ "type": "Feature", "properties": { "ID": 3857380010025, "正式名称": "快青薬局", "機関区分": 5, "都道府県コード": 38, "市区町村コード": 204, "所在地": "愛媛県八幡浜市１２２８番地５", "緯度": 33.458115, "経度": 132.432381, "url": "https://www.iryou.teikyouseido.mhlw.go.jp/znk-web/juminkanja/S2430/initialize?prefCd=38&kikanCd=7380010025&kikanKbn=5", "url2": "https://www.ikedaya-ehime.com/", "内容": "快青薬局【5:薬局】愛媛県八幡浜市１２２８番地５" }, "geometry": { "type": "Point", "coordinates": [ 132.432381, 33.458115 ] } },
{ "type": "Feature", "properties": { "ID": 3857380010026, "正式名称": "めぐみ薬局", "機関区分": 5, "都道府県コード": 38, "市区町村コード": 201, "所在地": "愛媛県松山市山西町５９５番地５　１階", "緯度": 33.853698, "経度": 132.726661, "url": "https://www.iryou.teikyouseido.mhlw.go.jp/znk-web/juminkanja/S2430/initialize?prefCd=38&kikanCd=7380010026&kikanKbn=5", "url2": null, "内容": "めぐみ薬局【5:薬局】愛媛県松山市山西町５９５番地５　１階" }, "geometry": { "type": "Point", "coordinates": [ 132.726661, 33.853698 ] } },
{ "type": "Feature", "properties": { "ID": 3857380010027, "正式名称": "きずな薬局", "機関区分": 5, "都道府県コード": 38, "市区町村コード": 201, "所在地": "愛媛県松山市千舟町三丁目１番地４　チソクビル３階南室", "緯度": 33.836502, "経度": 132.769399, "url": "https://www.iryou.teikyouseido.mhlw.go.jp/znk-web/juminkanja/S2430/initialize?prefCd=38&kikanCd=7380010027&kikanKbn=5", "url2": null, "内容": "きずな薬局【5:薬局】愛媛県松山市千舟町三丁目１番地４　チソクビル３階南室" }, "geometry": { "type": "Point", "coordinates": [ 132.769399, 33.836502 ] } },
{ "type": "Feature", "properties": { "ID": 3857380010031, "正式名称": "丸之内薬局", "機関区分": 5, "都道府県コード": 38, "市区町村コード": 203, "所在地": "愛媛県宇和島市丸之内１丁目１番９号", "緯度": 33.217844, "経度": 132.56706, "url": "https://www.iryou.teikyouseido.mhlw.go.jp/znk-web/juminkanja/S2430/initialize?prefCd=38&kikanCd=7380010031&kikanKbn=5", "url2": "https://www.i-pharmacy.jp/pharmacy/", "内容": "丸之内薬局【5:薬局】愛媛県宇和島市丸之内１丁目１番９号" }, "geometry": { "type": "Point", "coordinates": [ 132.56706, 33.217844 ] } },
{ "type": "Feature", "properties": { "ID": 3857380010033, "正式名称": "ファミリー薬局　木屋町店", "機関区分": 5, "都道府県コード": 38, "市区町村コード": 201, "所在地": "愛媛県松山市木屋町三丁目１２番地９", "緯度": 33.853844, "経度": 132.759576, "url": "https://www.iryou.teikyouseido.mhlw.go.jp/znk-web/juminkanja/S2430/initialize?prefCd=38&kikanCd=7380010033&kikanKbn=5", "url2": null, "内容": "ファミリー薬局　木屋町店【5:薬局】愛媛県松山市木屋町三丁目１２番地９" }, "geometry": { "type": "Point", "coordinates": [ 132.759576, 33.853844 ] } },
{ "type": "Feature", "properties": { "ID": 3857380010034, "正式名称": "ひだまり調剤薬局　本店", "機関区分": 5, "都道府県コード": 38, "市区町村コード": 201, "所在地": "愛媛県松山市清水町三丁目１５５番地６　１階", "緯度": 33.852659, "経度": 132.763589, "url": "https://www.iryou.teikyouseido.mhlw.go.jp/znk-web/juminkanja/S2430/initialize?prefCd=38&kikanCd=7380010034&kikanKbn=5", "url2": "http://di-pharmacy.com/", "内容": "ひだまり調剤薬局　本店【5:薬局】愛媛県松山市清水町三丁目１５５番地６　１階" }, "geometry": { "type": "Point", "coordinates": [ 132.763589, 33.852659 ] } },
{ "type": "Feature", "properties": { "ID": 3857380010035, "正式名称": "のぞみ薬局", "機関区分": 5, "都道府県コード": 38, "市区町村コード": 201, "所在地": "愛媛県松山市味酒町一丁目４番地９", "緯度": 33.841357, "経度": 132.756146, "url": "https://www.iryou.teikyouseido.mhlw.go.jp/znk-web/juminkanja/S2430/initialize?prefCd=38&kikanCd=7380010035&kikanKbn=5", "url2": "https://pharmacy-aozora.com/", "内容": "のぞみ薬局【5:薬局】愛媛県松山市味酒町一丁目４番地９" }, "geometry": { "type": "Point", "coordinates": [ 132.756146, 33.841357 ] } },
{ "type": "Feature", "properties": { "ID": 3857380010036, "正式名称": "イオン薬局イオンスタイル今治新都市", "機関区分": 5, "都道府県コード": 38, "市区町村コード": 202, "所在地": "愛媛県今治市にぎわい広場１番地１", "緯度": 34.044145, "経度": 132.962332, "url": "https://www.iryou.teikyouseido.mhlw.go.jp/znk-web/juminkanja/S2430/initialize?prefCd=38&kikanCd=7380010036&kikanKbn=5", "url2": null, "内容": "イオン薬局イオンスタイル今治新都市【5:薬局】愛媛県今治市にぎわい広場１番地１" }, "geometry": { "type": "Point", "coordinates": [ 132.962332, 34.044145 ] } },
{ "type": "Feature", "properties": { "ID": 3857380010037, "正式名称": "みかの薬局", "機関区分": 5, "都道府県コード": 38, "市区町村コード": 386, "所在地": "愛媛県上浮穴郡久万高原町上黒岩２９３３－１", "緯度": 33.614941, "経度": 132.976686, "url": "https://www.iryou.teikyouseido.mhlw.go.jp/znk-web/juminkanja/S2430/initialize?prefCd=38&kikanCd=7380010037&kikanKbn=5", "url2": "https://fesrec-japan.com/store_information3.html", "内容": "みかの薬局【5:薬局】愛媛県上浮穴郡久万高原町上黒岩２９３３－１" }, "geometry": { "type": "Point", "coordinates": [ 132.976686, 33.614941 ] } },
{ "type": "Feature", "properties": { "ID": 3857380010038, "正式名称": "ハッピー薬局　空港通店", "機関区分": 5, "都道府県コード": 38, "市区町村コード": 201, "所在地": "愛媛県松山市空港通四丁目７番２号　空港通４丁目ビル１階", "緯度": 33.828646, "経度": 132.734979, "url": "https://www.iryou.teikyouseido.mhlw.go.jp/znk-web/juminkanja/S2430/initialize?prefCd=38&kikanCd=7380010038&kikanKbn=5", "url2": "http://www.happy-pharmacy.com/", "内容": "ハッピー薬局　空港通店【5:薬局】愛媛県松山市空港通四丁目７番２号　空港通４丁目ビル１階" }, "geometry": { "type": "Point", "coordinates": [ 132.734979, 33.828646 ] } },
{ "type": "Feature", "properties": { "ID": 3857380010039, "正式名称": "こうのみ薬局　木屋町店", "機関区分": 5, "都道府県コード": 38, "市区町村コード": 201, "所在地": "愛媛県松山市木屋町三丁目１１番地４", "緯度": 33.853236, "経度": 132.759865, "url": "https://www.iryou.teikyouseido.mhlw.go.jp/znk-web/juminkanja/S2430/initialize?prefCd=38&kikanCd=7380010039&kikanKbn=5", "url2": "https://www.kounomiph.co.jp/", "内容": "こうのみ薬局　木屋町店【5:薬局】愛媛県松山市木屋町三丁目１１番地４" }, "geometry": { "type": "Point", "coordinates": [ 132.759865, 33.853236 ] } },
{ "type": "Feature", "properties": { "ID": 3857380010040, "正式名称": "テイクどいだ薬局", "機関区分": 5, "都道府県コード": 38, "市区町村コード": 201, "所在地": "愛媛県松山市土居田町３１０番地７", "緯度": 33.822145, "経度": 132.747852, "url": "https://www.iryou.teikyouseido.mhlw.go.jp/znk-web/juminkanja/S2430/initialize?prefCd=38&kikanCd=7380010040&kikanKbn=5", "url2": "take-dis.jp", "内容": "テイクどいだ薬局【5:薬局】愛媛県松山市土居田町３１０番地７" }, "geometry": { "type": "Point", "coordinates": [ 132.747852, 33.822145 ] } },
{ "type": "Feature", "properties": { "ID": 3857380010041, "正式名称": "中野薬局", "機関区分": 5, "都道府県コード": 38, "市区町村コード": 201, "所在地": "愛媛県松山市祓川二丁目１１番３号", "緯度": 33.859284, "経度": 132.72224, "url": "https://www.iryou.teikyouseido.mhlw.go.jp/znk-web/juminkanja/S2430/initialize?prefCd=38&kikanCd=7380010041&kikanKbn=5", "url2": "http://www.kigusuri.com/shop/youmeian", "内容": "中野薬局【5:薬局】愛媛県松山市祓川二丁目１１番３号" }, "geometry": { "type": "Point", "coordinates": [ 132.72224, 33.859284 ] } },
{ "type": "Feature", "properties": { "ID": 3857380010042, "正式名称": "イオン薬局イオンスタイル松山", "機関区分": 5, "都道府県コード": 38, "市区町村コード": 201, "所在地": "愛媛県松山市天山一丁目１３番５号　イオンスタイル松山１階", "緯度": 33.82368, "経度": 132.776581, "url": "https://www.iryou.teikyouseido.mhlw.go.jp/znk-web/juminkanja/S2430/initialize?prefCd=38&kikanCd=7380010042&kikanKbn=5", "url2": "https://www.aeon.com/store/%E3%82%A4%E3%82%AA%E3%83%B3/%E3%82%A4%E3%82%AA%E3%83%B3%E3%82%B9%E3%82%BF%E3%82%A4%E3%83%AB%E6%9D%BE%E5%B1%B1/archive/1532920/", "内容": "イオン薬局イオンスタイル松山【5:薬局】愛媛県松山市天山一丁目１３番５号　イオンスタイル松山１階" }, "geometry": { "type": "Point", "coordinates": [ 132.776581, 33.82368 ] } },
{ "type": "Feature", "properties": { "ID": 3857380010043, "正式名称": "ドラッグセイムス西予野村薬局", "機関区分": 5, "都道府県コード": 38, "市区町村コード": 214, "所在地": "愛媛県西予市野村町野村１０号５０３‐１", "緯度": 33.371523, "経度": 132.642843, "url": "https://www.iryou.teikyouseido.mhlw.go.jp/znk-web/juminkanja/S2430/initialize?prefCd=38&kikanCd=7380010043&kikanKbn=5", "url2": null, "内容": "ドラッグセイムス西予野村薬局【5:薬局】愛媛県西予市野村町野村１０号５０３‐１" }, "geometry": { "type": "Point", "coordinates": [ 132.642843, 33.371523 ] } },
{ "type": "Feature", "properties": { "ID": 3857380010044, "正式名称": "城西調剤薬局第二", "機関区分": 5, "都道府県コード": 38, "市区町村コード": 201, "所在地": "愛媛県松山市高岡町８０番地３　１階", "緯度": 33.828022, "経度": 132.726038, "url": "https://www.iryou.teikyouseido.mhlw.go.jp/znk-web/juminkanja/S2430/initialize?prefCd=38&kikanCd=7380010044&kikanKbn=5", "url2": "http://www.hiro-pharmacy.com/", "内容": "城西調剤薬局第二【5:薬局】愛媛県松山市高岡町８０番地３　１階" }, "geometry": { "type": "Point", "coordinates": [ 132.726038, 33.828022 ] } },
{ "type": "Feature", "properties": { "ID": 3857380010046, "正式名称": "そがめ薬局北新町店", "機関区分": 5, "都道府県コード": 38, "市区町村コード": 205, "所在地": "愛媛県新居浜市北新町５－１", "緯度": 33.958801, "経度": 133.272741, "url": "https://www.iryou.teikyouseido.mhlw.go.jp/znk-web/juminkanja/S2430/initialize?prefCd=38&kikanCd=7380010046&kikanKbn=5", "url2": null, "内容": "そがめ薬局北新町店【5:薬局】愛媛県新居浜市北新町５－１" }, "geometry": { "type": "Point", "coordinates": [ 133.272741, 33.958801 ] } },
{ "type": "Feature", "properties": { "ID": 3857380010047, "正式名称": "木屋薬局", "機関区分": 5, "都道府県コード": 38, "市区町村コード": 204, "所在地": "愛媛県八幡浜市大黒町一丁目１５２６番地８２", "緯度": 33.460307, "経度": 132.422912, "url": "https://www.iryou.teikyouseido.mhlw.go.jp/znk-web/juminkanja/S2430/initialize?prefCd=38&kikanCd=7380010047&kikanKbn=5", "url2": null, "内容": "木屋薬局【5:薬局】愛媛県八幡浜市大黒町一丁目１５２６番地８２" }, "geometry": { "type": "Point", "coordinates": [ 132.422912, 33.460307 ] } },
{ "type": "Feature", "properties": { "ID": 3857380010049, "正式名称": "リオン薬局丹原店", "機関区分": 5, "都道府県コード": 38, "市区町村コード": 206, "所在地": "愛媛県西条市丹原町今井１０８番地２", "緯度": 33.901104, "経度": 133.056131, "url": "https://www.iryou.teikyouseido.mhlw.go.jp/znk-web/juminkanja/S2430/initialize?prefCd=38&kikanCd=7380010049&kikanKbn=5", "url2": null, "内容": "リオン薬局丹原店【5:薬局】愛媛県西条市丹原町今井１０８番地２" }, "geometry": { "type": "Point", "coordinates": [ 133.056131, 33.901104 ] } },
{ "type": "Feature", "properties": { "ID": 3857380010054, "正式名称": "レデイ薬局　味酒店", "機関区分": 5, "都道府県コード": 38, "市区町村コード": 201, "所在地": "愛媛県松山市宮西三丁目４番３０号", "緯度": 33.850928, "経度": 132.754312, "url": "https://www.iryou.teikyouseido.mhlw.go.jp/znk-web/juminkanja/S2430/initialize?prefCd=38&kikanCd=7380010054&kikanKbn=5", "url2": "http://www.lady-drug.co.jp/", "内容": "レデイ薬局　味酒店【5:薬局】愛媛県松山市宮西三丁目４番３０号" }, "geometry": { "type": "Point", "coordinates": [ 132.754312, 33.850928 ] } },
{ "type": "Feature", "properties": { "ID": 3857380010055, "正式名称": "レデイ薬局　古川店", "機関区分": 5, "都道府県コード": 38, "市区町村コード": 201, "所在地": "愛媛県松山市古川北一丁目２５番１４号", "緯度": 33.814477, "経度": 132.761072, "url": "https://www.iryou.teikyouseido.mhlw.go.jp/znk-web/juminkanja/S2430/initialize?prefCd=38&kikanCd=7380010055&kikanKbn=5", "url2": null, "内容": "レデイ薬局　古川店【5:薬局】愛媛県松山市古川北一丁目２５番１４号" }, "geometry": { "type": "Point", "coordinates": [ 132.761072, 33.814477 ] } },
{ "type": "Feature", "properties": { "ID": 3857380010057, "正式名称": "まつだ薬局", "機関区分": 5, "都道府県コード": 38, "市区町村コード": 202, "所在地": "愛媛県今治市小泉４丁目１１－１１", "緯度": 34.046514, "経度": 132.97962, "url": "https://www.iryou.teikyouseido.mhlw.go.jp/znk-web/juminkanja/S2430/initialize?prefCd=38&kikanCd=7380010057&kikanKbn=5", "url2": "http://www.hirano-pharmacy.co.jp/", "内容": "まつだ薬局【5:薬局】愛媛県今治市小泉４丁目１１－１１" }, "geometry": { "type": "Point", "coordinates": [ 132.97962, 34.046514 ] } },
{ "type": "Feature", "properties": { "ID": 3857380010058, "正式名称": "あい薬局　西店", "機関区分": 5, "都道府県コード": 38, "市区町村コード": 201, "所在地": "愛媛県松山市石風呂町２１１９番地６７", "緯度": 33.868997, "経度": 132.717266, "url": "https://www.iryou.teikyouseido.mhlw.go.jp/znk-web/juminkanja/S2430/initialize?prefCd=38&kikanCd=7380010058&kikanKbn=5", "url2": null, "内容": "あい薬局　西店【5:薬局】愛媛県松山市石風呂町２１１９番地６７" }, "geometry": { "type": "Point", "coordinates": [ 132.717266, 33.868997 ] } },
{ "type": "Feature", "properties": { "ID": 3857380010060, "正式名称": "あかり薬局　駅前店", "機関区分": 5, "都道府県コード": 38, "市区町村コード": 205, "所在地": "愛媛県新居浜市坂井町二丁目５番４３号", "緯度": 33.949796, "経度": 133.293008, "url": "https://www.iryou.teikyouseido.mhlw.go.jp/znk-web/juminkanja/S2430/initialize?prefCd=38&kikanCd=7380010060&kikanKbn=5", "url2": null, "内容": "あかり薬局　駅前店【5:薬局】愛媛県新居浜市坂井町二丁目５番４３号" }, "geometry": { "type": "Point", "coordinates": [ 133.293008, 33.949796 ] } },
{ "type": "Feature", "properties": { "ID": 3857380010061, "正式名称": "てぃーだ薬局　安城寺店", "機関区分": 5, "都道府県コード": 38, "市区町村コード": 201, "所在地": "愛媛県松山市安城寺町５２２番地３", "緯度": 33.874281, "経度": 132.740706, "url": "https://www.iryou.teikyouseido.mhlw.go.jp/znk-web/juminkanja/S2430/initialize?prefCd=38&kikanCd=7380010061&kikanKbn=5", "url2": "http://www.healinglavie.com/tiida_anjoji/", "内容": "てぃーだ薬局　安城寺店【5:薬局】愛媛県松山市安城寺町５２２番地３" }, "geometry": { "type": "Point", "coordinates": [ 132.740706, 33.874281 ] } },
{ "type": "Feature", "properties": { "ID": 3857380010062, "正式名称": "さくら薬局　中央店", "機関区分": 5, "都道府県コード": 38, "市区町村コード": 201, "所在地": "愛媛県松山市土橋町１３番地１　アイテクノビル１階２階", "緯度": 33.833248, "経度": 132.756123, "url": "https://www.iryou.teikyouseido.mhlw.go.jp/znk-web/juminkanja/S2430/initialize?prefCd=38&kikanCd=7380010062&kikanKbn=5", "url2": "http://sakurapharmacy.com/", "内容": "さくら薬局　中央店【5:薬局】愛媛県松山市土橋町１３番地１　アイテクノビル１階２階" }, "geometry": { "type": "Point", "coordinates": [ 132.756123, 33.833248 ] } },
{ "type": "Feature", "properties": { "ID": 3857380010064, "正式名称": "アルファ調剤薬局　済生会前", "機関区分": 5, "都道府県コード": 38, "市区町村コード": 201, "所在地": "愛媛県松山市山西町８７９番地１０", "緯度": 33.851587, "経度": 132.720667, "url": "https://www.iryou.teikyouseido.mhlw.go.jp/znk-web/juminkanja/S2430/initialize?prefCd=38&kikanCd=7380010064&kikanKbn=5", "url2": "http://alfa-ph.jp/", "内容": "アルファ調剤薬局　済生会前【5:薬局】愛媛県松山市山西町８７９番地１０" }, "geometry": { "type": "Point", "coordinates": [ 132.720667, 33.851587 ] } },
{ "type": "Feature", "properties": { "ID": 3857380010066, "正式名称": "たんぽぽ薬局山西店", "機関区分": 5, "都道府県コード": 38, "市区町村コード": 201, "所在地": "愛媛県松山市山西町８９１番地１階", "緯度": 33.853038, "経度": 132.72112, "url": "https://www.iryou.teikyouseido.mhlw.go.jp/znk-web/juminkanja/S2430/initialize?prefCd=38&kikanCd=7380010066&kikanKbn=5", "url2": "http://www.tanpopo-ph.co.jp", "内容": "たんぽぽ薬局山西店【5:薬局】愛媛県松山市山西町８９１番地１階" }, "geometry": { "type": "Point", "coordinates": [ 132.72112, 33.853038 ] } },
{ "type": "Feature", "properties": { "ID": 3857380010067, "正式名称": "レデイ薬局　和気店", "機関区分": 5, "都道府県コード": 38, "市区町村コード": 201, "所在地": "愛媛県松山市和気町一丁目６３７番地１", "緯度": 33.89657, "経度": 132.736879, "url": "https://www.iryou.teikyouseido.mhlw.go.jp/znk-web/juminkanja/S2430/initialize?prefCd=38&kikanCd=7380010067&kikanKbn=5", "url2": "http://www.lady-drug.co.jp/", "内容": "レデイ薬局　和気店【5:薬局】愛媛県松山市和気町一丁目６３７番地１" }, "geometry": { "type": "Point", "coordinates": [ 132.736879, 33.89657 ] } },
{ "type": "Feature", "properties": { "ID": 3857380010068, "正式名称": "フロンティア薬局　高田店", "機関区分": 5, "都道府県コード": 38, "市区町村コード": 205, "所在地": "愛媛県新居浜市高田１丁目１番６２号", "緯度": 33.966459, "経度": 133.308518, "url": "https://www.iryou.teikyouseido.mhlw.go.jp/znk-web/juminkanja/S2430/initialize?prefCd=38&kikanCd=7380010068&kikanKbn=5", "url2": null, "内容": "フロンティア薬局　高田店【5:薬局】愛媛県新居浜市高田１丁目１番６２号" }, "geometry": { "type": "Point", "coordinates": [ 133.308518, 33.966459 ] } },
{ "type": "Feature", "properties": { "ID": 3857380010069, "正式名称": "フロンティア薬局　中須賀店", "機関区分": 5, "都道府県コード": 38, "市区町村コード": 205, "所在地": "愛媛県新居浜市中須賀町１丁目６番１１号", "緯度": 33.964131, "経度": 133.27233, "url": "https://www.iryou.teikyouseido.mhlw.go.jp/znk-web/juminkanja/S2430/initialize?prefCd=38&kikanCd=7380010069&kikanKbn=5", "url2": "http://www.frontier-ph.com/index.html", "内容": "フロンティア薬局　中須賀店【5:薬局】愛媛県新居浜市中須賀町１丁目６番１１号" }, "geometry": { "type": "Point", "coordinates": [ 133.27233, 33.964131 ] } },
{ "type": "Feature", "properties": { "ID": 3857380010071, "正式名称": "もり薬局", "機関区分": 5, "都道府県コード": 38, "市区町村コード": 202, "所在地": "愛媛県今治市常盤町五丁目２番２３号", "緯度": 34.06066, "経度": 132.994888, "url": "https://www.iryou.teikyouseido.mhlw.go.jp/znk-web/juminkanja/S2430/initialize?prefCd=38&kikanCd=7380010071&kikanKbn=5", "url2": null, "内容": "もり薬局【5:薬局】愛媛県今治市常盤町五丁目２番２３号" }, "geometry": { "type": "Point", "coordinates": [ 132.994888, 34.06066 ] } },
{ "type": "Feature", "properties": { "ID": 3857380010072, "正式名称": "よつば薬局　大洲中央店", "機関区分": 5, "都道府県コード": 38, "市区町村コード": 207, "所在地": "愛媛県大洲市東大洲１６８番地１", "緯度": 33.518414, "経度": 132.554265, "url": "https://www.iryou.teikyouseido.mhlw.go.jp/znk-web/juminkanja/S2430/initialize?prefCd=38&kikanCd=7380010072&kikanKbn=5", "url2": null, "内容": "よつば薬局　大洲中央店【5:薬局】愛媛県大洲市東大洲１６８番地１" }, "geometry": { "type": "Point", "coordinates": [ 132.554265, 33.518414 ] } },
{ "type": "Feature", "properties": { "ID": 3857380010073, "正式名称": "ファースト薬局", "機関区分": 5, "都道府県コード": 38, "市区町村コード": 215, "所在地": "愛媛県東温市田窪３０８番地６", "緯度": 33.791693, "経度": 132.867022, "url": "https://www.iryou.teikyouseido.mhlw.go.jp/znk-web/juminkanja/S2430/initialize?prefCd=38&kikanCd=7380010073&kikanKbn=5", "url2": "http://i-pharmacy.jp/store/first", "内容": "ファースト薬局【5:薬局】愛媛県東温市田窪３０８番地６" }, "geometry": { "type": "Point", "coordinates": [ 132.867022, 33.791693 ] } },
{ "type": "Feature", "properties": { "ID": 3857380010074, "正式名称": "わいわい薬局", "機関区分": 5, "都道府県コード": 38, "市区町村コード": 202, "所在地": "愛媛県今治市南宝来町２丁目７番地２", "緯度": 34.059018, "経度": 133.001667, "url": "https://www.iryou.teikyouseido.mhlw.go.jp/znk-web/juminkanja/S2430/initialize?prefCd=38&kikanCd=7380010074&kikanKbn=5", "url2": "https://www.waiwaiyakkyoku.com/", "内容": "わいわい薬局【5:薬局】愛媛県今治市南宝来町２丁目７番地２" }, "geometry": { "type": "Point", "coordinates": [ 133.001667, 34.059018 ] } },
{ "type": "Feature", "properties": { "ID": 3857380010075, "正式名称": "アイリス薬局南江戸店", "機関区分": 5, "都道府県コード": 38, "市区町村コード": 201, "所在地": "愛媛県松山市南江戸二丁目３番３６号　メゾンハイツ西山１階", "緯度": 33.835199, "経度": 132.746261, "url": "https://www.iryou.teikyouseido.mhlw.go.jp/znk-web/juminkanja/S2430/initialize?prefCd=38&kikanCd=7380010075&kikanKbn=5", "url2": "http://iris-ph.com/index.html", "内容": "アイリス薬局南江戸店【5:薬局】愛媛県松山市南江戸二丁目３番３６号　メゾンハイツ西山１階" }, "geometry": { "type": "Point", "coordinates": [ 132.746261, 33.835199 ] } },
{ "type": "Feature", "properties": { "ID": 3857380010076, "正式名称": "レデイ薬局　余戸店", "機関区分": 5, "都道府県コード": 38, "市区町村コード": 201, "所在地": "愛媛県松山市余戸中四丁目９番１０号", "緯度": 33.817686, "経度": 132.726579, "url": "https://www.iryou.teikyouseido.mhlw.go.jp/znk-web/juminkanja/S2430/initialize?prefCd=38&kikanCd=7380010076&kikanKbn=5", "url2": "http://www.lady-drug.co.jp", "内容": "レデイ薬局　余戸店【5:薬局】愛媛県松山市余戸中四丁目９番１０号" }, "geometry": { "type": "Point", "coordinates": [ 132.726579, 33.817686 ] } },
{ "type": "Feature", "properties": { "ID": 3857380010078, "正式名称": "レデイ薬局　喜田村店", "機関区分": 5, "都道府県コード": 38, "市区町村コード": 202, "所在地": "愛媛県今治市喜田村一丁目５番５号", "緯度": 34.045654, "経度": 133.02014, "url": "https://www.iryou.teikyouseido.mhlw.go.jp/znk-web/juminkanja/S2430/initialize?prefCd=38&kikanCd=7380010078&kikanKbn=5", "url2": null, "内容": "レデイ薬局　喜田村店【5:薬局】愛媛県今治市喜田村一丁目５番５号" }, "geometry": { "type": "Point", "coordinates": [ 133.02014, 34.045654 ] } },
{ "type": "Feature", "properties": { "ID": 3857380010080, "正式名称": "ファーマシィ薬局今治", "機関区分": 5, "都道府県コード": 38, "市区町村コード": 202, "所在地": "愛媛県今治市喜田村７丁目２番４２号", "緯度": 34.044072, "経度": 133.020914, "url": "https://www.iryou.teikyouseido.mhlw.go.jp/znk-web/juminkanja/S2430/initialize?prefCd=38&kikanCd=7380010080&kikanKbn=5", "url2": "https://www.pharmacy-net.co.jp", "内容": "ファーマシィ薬局今治【5:薬局】愛媛県今治市喜田村７丁目２番４２号" }, "geometry": { "type": "Point", "coordinates": [ 133.020914, 34.044072 ] } },
{ "type": "Feature", "properties": { "ID": 3857380010081, "正式名称": "たんぽぽ薬局　今治喜田村店", "機関区分": 5, "都道府県コード": 38, "市区町村コード": 202, "所在地": "愛媛県今治市喜田村七丁目２－４１　１階", "緯度": 34.043905, "経度": 133.020887, "url": "https://www.iryou.teikyouseido.mhlw.go.jp/znk-web/juminkanja/S2430/initialize?prefCd=38&kikanCd=7380010081&kikanKbn=5", "url2": "http://www.tanpopo-ph.co.jp", "内容": "たんぽぽ薬局　今治喜田村店【5:薬局】愛媛県今治市喜田村七丁目２－４１　１階" }, "geometry": { "type": "Point", "coordinates": [ 133.020887, 34.043905 ] } },
{ "type": "Feature", "properties": { "ID": 3857380010083, "正式名称": "はる薬局", "機関区分": 5, "都道府県コード": 38, "市区町村コード": 201, "所在地": "愛媛県松山市井門町４５９番地４", "緯度": 33.800329, "経度": 132.784507, "url": "https://www.iryou.teikyouseido.mhlw.go.jp/znk-web/juminkanja/S2430/initialize?prefCd=38&kikanCd=7380010083&kikanKbn=5", "url2": "https:haru-pharmacy.com", "内容": "はる薬局【5:薬局】愛媛県松山市井門町４５９番地４" }, "geometry": { "type": "Point", "coordinates": [ 132.784507, 33.800329 ] } },
{ "type": "Feature", "properties": { "ID": 3857380010084, "正式名称": "今治みかん薬局", "機関区分": 5, "都道府県コード": 38, "市区町村コード": 202, "所在地": "愛媛県今治市喜田村七丁目２番３７号", "緯度": 34.043737, "経度": 133.020563, "url": "https://www.iryou.teikyouseido.mhlw.go.jp/znk-web/juminkanja/S2430/initialize?prefCd=38&kikanCd=7380010084&kikanKbn=5", "url2": "https://kanadai-medical.jp", "内容": "今治みかん薬局【5:薬局】愛媛県今治市喜田村七丁目２番３７号" }, "geometry": { "type": "Point", "coordinates": [ 133.020563, 34.043737 ] } },
{ "type": "Feature", "properties": { "ID": 3857380010085, "正式名称": "あい薬局三津店", "機関区分": 5, "都道府県コード": 38, "市区町村コード": 201, "所在地": "愛媛県松山市新浜町１番３号", "緯度": 33.869874, "経度": 132.715588, "url": "https://www.iryou.teikyouseido.mhlw.go.jp/znk-web/juminkanja/S2430/initialize?prefCd=38&kikanCd=7380010085&kikanKbn=5", "url2": null, "内容": "あい薬局三津店【5:薬局】愛媛県松山市新浜町１番３号" }, "geometry": { "type": "Point", "coordinates": [ 132.715588, 33.869874 ] } },
{ "type": "Feature", "properties": { "ID": 3857380010086, "正式名称": "薬局ポイントタウン", "機関区分": 5, "都道府県コード": 38, "市区町村コード": 201, "所在地": "愛媛県松山市湊町六丁目２番地４　重長ビル１階", "緯度": 33.836066, "経度": 132.761087, "url": "https://www.iryou.teikyouseido.mhlw.go.jp/znk-web/juminkanja/S2430/initialize?prefCd=38&kikanCd=7380010086&kikanKbn=5", "url2": null, "内容": "薬局ポイントタウン【5:薬局】愛媛県松山市湊町六丁目２番地４　重長ビル１階" }, "geometry": { "type": "Point", "coordinates": [ 132.761087, 33.836066 ] } },
{ "type": "Feature", "properties": { "ID": 3857380010087, "正式名称": "レデイ薬局　天山店", "機関区分": 5, "都道府県コード": 38, "市区町村コード": 201, "所在地": "愛媛県松山市天山三丁目１５番１７号", "緯度": 33.822479, "経度": 132.774005, "url": "https://www.iryou.teikyouseido.mhlw.go.jp/znk-web/juminkanja/S2430/initialize?prefCd=38&kikanCd=7380010087&kikanKbn=5", "url2": "http://www.lady-drug.co.jp/", "内容": "レデイ薬局　天山店【5:薬局】愛媛県松山市天山三丁目１５番１７号" }, "geometry": { "type": "Point", "coordinates": [ 132.774005, 33.822479 ] } },
{ "type": "Feature", "properties": { "ID": 3857380010088, "正式名称": "なごみ薬局", "機関区分": 5, "都道府県コード": 38, "市区町村コード": 201, "所在地": "愛媛県松山市別府町４４２番地２", "緯度": 33.844681, "経度": 132.72244, "url": "https://www.iryou.teikyouseido.mhlw.go.jp/znk-web/juminkanja/S2430/initialize?prefCd=38&kikanCd=7380010088&kikanKbn=5", "url2": null, "内容": "なごみ薬局【5:薬局】愛媛県松山市別府町４４２番地２" }, "geometry": { "type": "Point", "coordinates": [ 132.72244, 33.844681 ] } },
{ "type": "Feature", "properties": { "ID": 3857380010089, "正式名称": "レデイ薬局　問屋町店", "機関区分": 5, "都道府県コード": 38, "市区町村コード": 201, "所在地": "愛媛県松山市問屋町２番４号", "緯度": 33.863421, "経度": 132.751002, "url": "https://www.iryou.teikyouseido.mhlw.go.jp/znk-web/juminkanja/S2430/initialize?prefCd=38&kikanCd=7380010089&kikanKbn=5", "url2": "http://www.lady-drug.co.jp/", "内容": "レデイ薬局　問屋町店【5:薬局】愛媛県松山市問屋町２番４号" }, "geometry": { "type": "Point", "coordinates": [ 132.751002, 33.863421 ] } },
{ "type": "Feature", "properties": { "ID": 3857380010090, "正式名称": "三番町ＳＡＫＵＲＡ薬局", "機関区分": 5, "都道府県コード": 38, "市区町村コード": 201, "所在地": "愛媛県松山市三番町一丁目７番地４　ＶＴビル２階", "緯度": 33.837934, "経度": 132.77449, "url": "https://www.iryou.teikyouseido.mhlw.go.jp/znk-web/juminkanja/S2430/initialize?prefCd=38&kikanCd=7380010090&kikanKbn=5", "url2": null, "内容": "三番町ＳＡＫＵＲＡ薬局【5:薬局】愛媛県松山市三番町一丁目７番地４　ＶＴビル２階" }, "geometry": { "type": "Point", "coordinates": [ 132.77449, 33.837934 ] } },
{ "type": "Feature", "properties": { "ID": 3857380010091, "正式名称": "クローバー薬局北条店", "機関区分": 5, "都道府県コード": 38, "市区町村コード": 201, "所在地": "愛媛県松山市北条辻２０番地５", "緯度": 33.97625, "経度": 132.778425, "url": "https://www.iryou.teikyouseido.mhlw.go.jp/znk-web/juminkanja/S2430/initialize?prefCd=38&kikanCd=7380010091&kikanKbn=5", "url2": "http;//www.cloverpharma.co.jp", "内容": "クローバー薬局北条店【5:薬局】愛媛県松山市北条辻２０番地５" }, "geometry": { "type": "Point", "coordinates": [ 132.778425, 33.97625 ] } },
{ "type": "Feature", "properties": { "ID": 3857380010092, "正式名称": "いいおか薬局", "機関区分": 5, "都道府県コード": 38, "市区町村コード": 206, "所在地": "愛媛県西条市飯岡１２９８番３", "緯度": 33.920647, "経度": 133.235205, "url": "https://www.iryou.teikyouseido.mhlw.go.jp/znk-web/juminkanja/S2430/initialize?prefCd=38&kikanCd=7380010092&kikanKbn=5", "url2": null, "内容": "いいおか薬局【5:薬局】愛媛県西条市飯岡１２９８番３" }, "geometry": { "type": "Point", "coordinates": [ 133.235205, 33.920647 ] } },
{ "type": "Feature", "properties": { "ID": 3857380010093, "正式名称": "レデイ薬局　道後石手店", "機関区分": 5, "都道府県コード": 38, "市区町村コード": 201, "所在地": "愛媛県松山市新石手１０１番地１", "緯度": 33.843861, "経度": 132.798055, "url": "https://www.iryou.teikyouseido.mhlw.go.jp/znk-web/juminkanja/S2430/initialize?prefCd=38&kikanCd=7380010093&kikanKbn=5", "url2": "http://www.lady-drug.co.jp/", "内容": "レデイ薬局　道後石手店【5:薬局】愛媛県松山市新石手１０１番地１" }, "geometry": { "type": "Point", "coordinates": [ 132.798055, 33.843861 ] } },
{ "type": "Feature", "properties": { "ID": 3857380010094, "正式名称": "コスモ調剤薬局　三島店", "機関区分": 5, "都道府県コード": 38, "市区町村コード": 213, "所在地": "愛媛県四国中央市中之庄町１２３番２", "緯度": 33.973833, "経度": 133.529877, "url": "https://www.iryou.teikyouseido.mhlw.go.jp/znk-web/juminkanja/S2430/initialize?prefCd=38&kikanCd=7380010094&kikanKbn=5", "url2": null, "内容": "コスモ調剤薬局　三島店【5:薬局】愛媛県四国中央市中之庄町１２３番２" }, "geometry": { "type": "Point", "coordinates": [ 133.529877, 33.973833 ] } },
{ "type": "Feature", "properties": { "ID": 3857380010095, "正式名称": "ならの木薬局　ビギン", "機関区分": 5, "都道府県コード": 38, "市区町村コード": 202, "所在地": "愛媛県今治市北日吉町一丁目８番１７号", "緯度": 34.063889, "経度": 132.988595, "url": "https://www.iryou.teikyouseido.mhlw.go.jp/znk-web/juminkanja/S2430/initialize?prefCd=38&kikanCd=7380010095&kikanKbn=5", "url2": null, "内容": "ならの木薬局　ビギン【5:薬局】愛媛県今治市北日吉町一丁目８番１７号" }, "geometry": { "type": "Point", "coordinates": [ 132.988595, 34.063889 ] } },
{ "type": "Feature", "properties": { "ID": 3857380010096, "正式名称": "フロンティア薬局　宇和中央店", "機関区分": 5, "都道府県コード": 38, "市区町村コード": 214, "所在地": "愛媛県西予市宇和町卯之町３丁目１４９", "緯度": 33.363654, "経度": 132.512023, "url": "https://www.iryou.teikyouseido.mhlw.go.jp/znk-web/juminkanja/S2430/initialize?prefCd=38&kikanCd=7380010096&kikanKbn=5", "url2": "http://www.frontier-ph.com/", "内容": "フロンティア薬局　宇和中央店【5:薬局】愛媛県西予市宇和町卯之町３丁目１４９" }, "geometry": { "type": "Point", "coordinates": [ 132.512023, 33.363654 ] } },
{ "type": "Feature", "properties": { "ID": 3857380010097, "正式名称": "マルニ薬局平井店", "機関区分": 5, "都道府県コード": 38, "市区町村コード": 201, "所在地": "愛媛県松山市平井町２６１７番地", "緯度": 33.80716, "経度": 132.831664, "url": "https://www.iryou.teikyouseido.mhlw.go.jp/znk-web/juminkanja/S2430/initialize?prefCd=38&kikanCd=7380010097&kikanKbn=5", "url2": null, "内容": "マルニ薬局平井店【5:薬局】愛媛県松山市平井町２６１７番地" }, "geometry": { "type": "Point", "coordinates": [ 132.831664, 33.80716 ] } },
{ "type": "Feature", "properties": { "ID": 3857380010098, "正式名称": "ふるみつ薬局", "機関区分": 5, "都道府県コード": 38, "市区町村コード": 201, "所在地": "愛媛県松山市古三津五丁目４番３１号", "緯度": 33.856229, "経度": 132.727918, "url": "https://www.iryou.teikyouseido.mhlw.go.jp/znk-web/juminkanja/S2430/initialize?prefCd=38&kikanCd=7380010098&kikanKbn=5", "url2": null, "内容": "ふるみつ薬局【5:薬局】愛媛県松山市古三津五丁目４番３１号" }, "geometry": { "type": "Point", "coordinates": [ 132.727918, 33.856229 ] } },
{ "type": "Feature", "properties": { "ID": 3857380010099, "正式名称": "オレンジ薬局", "機関区分": 5, "都道府県コード": 38, "市区町村コード": 205, "所在地": "愛媛県新居浜市中村松木一丁目７番７号", "緯度": 33.941086, "経度": 133.28975, "url": "https://www.iryou.teikyouseido.mhlw.go.jp/znk-web/juminkanja/S2430/initialize?prefCd=38&kikanCd=7380010099&kikanKbn=5", "url2": null, "内容": "オレンジ薬局【5:薬局】愛媛県新居浜市中村松木一丁目７番７号" }, "geometry": { "type": "Point", "coordinates": [ 133.28975, 33.941086 ] } },
{ "type": "Feature", "properties": { "ID": 3857380010100, "正式名称": "ひまわり薬局", "機関区分": 5, "都道府県コード": 38, "市区町村コード": 205, "所在地": "愛媛県新居浜市中村松木一丁目１２番５号", "緯度": 33.94028, "経度": 133.290003, "url": "https://www.iryou.teikyouseido.mhlw.go.jp/znk-web/juminkanja/S2430/initialize?prefCd=38&kikanCd=7380010100&kikanKbn=5", "url2": null, "内容": "ひまわり薬局【5:薬局】愛媛県新居浜市中村松木一丁目１２番５号" }, "geometry": { "type": "Point", "coordinates": [ 133.290003, 33.94028 ] } },
{ "type": "Feature", "properties": { "ID": 3857380010101, "正式名称": "アルファ調剤薬局　横河原店", "機関区分": 5, "都道府県コード": 38, "市区町村コード": 215, "所在地": "愛媛県東温市樋口甲１３７５番地２", "緯度": 33.804535, "経度": 132.882352, "url": "https://www.iryou.teikyouseido.mhlw.go.jp/znk-web/juminkanja/S2430/initialize?prefCd=38&kikanCd=7380010101&kikanKbn=5", "url2": "https://alfa-ph.jp/", "内容": "アルファ調剤薬局　横河原店【5:薬局】愛媛県東温市樋口甲１３７５番地２" }, "geometry": { "type": "Point", "coordinates": [ 132.882352, 33.804535 ] } },
{ "type": "Feature", "properties": { "ID": 3857380010103, "正式名称": "レデイ薬局　波止浜店", "機関区分": 5, "都道府県コード": 38, "市区町村コード": 202, "所在地": "愛媛県今治市内堀１丁目１番８号", "緯度": 34.10295, "経度": 132.967661, "url": "https://www.iryou.teikyouseido.mhlw.go.jp/znk-web/juminkanja/S2430/initialize?prefCd=38&kikanCd=7380010103&kikanKbn=5", "url2": "http://www.lady-drug.co.jp/", "内容": "レデイ薬局　波止浜店【5:薬局】愛媛県今治市内堀１丁目１番８号" }, "geometry": { "type": "Point", "coordinates": [ 132.967661, 34.10295 ] } },
{ "type": "Feature", "properties": { "ID": 3857380010104, "正式名称": "りんご薬局", "機関区分": 5, "都道府県コード": 38, "市区町村コード": 201, "所在地": "愛媛県松山市北条辻６１０番地１", "緯度": 33.967221, "経度": 132.772734, "url": "https://www.iryou.teikyouseido.mhlw.go.jp/znk-web/juminkanja/S2430/initialize?prefCd=38&kikanCd=7380010104&kikanKbn=5", "url2": null, "内容": "りんご薬局【5:薬局】愛媛県松山市北条辻６１０番地１" }, "geometry": { "type": "Point", "coordinates": [ 132.772734, 33.967221 ] } },
{ "type": "Feature", "properties": { "ID": 3857380010106, "正式名称": "みどり薬局", "機関区分": 5, "都道府県コード": 38, "市区町村コード": 207, "所在地": "愛媛県大洲市東大洲１５６５番地１", "緯度": 33.531932, "経度": 132.571516, "url": "https://www.iryou.teikyouseido.mhlw.go.jp/znk-web/juminkanja/S2430/initialize?prefCd=38&kikanCd=7380010106&kikanKbn=5", "url2": "http://ozu-chozai.com/", "内容": "みどり薬局【5:薬局】愛媛県大洲市東大洲１５６５番地１" }, "geometry": { "type": "Point", "coordinates": [ 132.571516, 33.531932 ] } },
{ "type": "Feature", "properties": { "ID": 3857380010109, "正式名称": "ハロー薬局　大洲病院前店", "機関区分": 5, "都道府県コード": 38, "市区町村コード": 207, "所在地": "愛媛県大洲市西大洲甲５８０番地１", "緯度": 33.504368, "経度": 132.523522, "url": "https://www.iryou.teikyouseido.mhlw.go.jp/znk-web/juminkanja/S2430/initialize?prefCd=38&kikanCd=7380010109&kikanKbn=5", "url2": "https://peraichi.com/landing_pages/view/ozu-hello", "内容": "ハロー薬局　大洲病院前店【5:薬局】愛媛県大洲市西大洲甲５８０番地１" }, "geometry": { "type": "Point", "coordinates": [ 132.523522, 33.504368 ] } },
{ "type": "Feature", "properties": { "ID": 3857380010110, "正式名称": "日本調剤　大洲薬局", "機関区分": 5, "都道府県コード": 38, "市区町村コード": 207, "所在地": "愛媛県大洲市西大洲甲５９２番地１", "緯度": 33.50434, "経度": 132.524477, "url": "https://www.iryou.teikyouseido.mhlw.go.jp/znk-web/juminkanja/S2430/initialize?prefCd=38&kikanCd=7380010110&kikanKbn=5", "url2": "https://www.nicho.co.jp/tenpo/oozu/", "内容": "日本調剤　大洲薬局【5:薬局】愛媛県大洲市西大洲甲５９２番地１" }, "geometry": { "type": "Point", "coordinates": [ 132.524477, 33.50434 ] } },
{ "type": "Feature", "properties": { "ID": 3857380010112, "正式名称": "愛光薬局", "機関区分": 5, "都道府県コード": 38, "市区町村コード": 201, "所在地": "愛媛県松山市愛光町１番８号　馬喰田店舗１階西側", "緯度": 33.845206, "経度": 132.750763, "url": "https://www.iryou.teikyouseido.mhlw.go.jp/znk-web/juminkanja/S2430/initialize?prefCd=38&kikanCd=7380010112&kikanKbn=5", "url2": null, "内容": "愛光薬局【5:薬局】愛媛県松山市愛光町１番８号　馬喰田店舗１階西側" }, "geometry": { "type": "Point", "coordinates": [ 132.750763, 33.845206 ] } },
{ "type": "Feature", "properties": { "ID": 3857380010113, "正式名称": "そうごう薬局　松山山越店", "機関区分": 5, "都道府県コード": 38, "市区町村コード": 201, "所在地": "愛媛県松山市山越二丁目１番３１号", "緯度": 33.859584, "経度": 132.759009, "url": "https://www.iryou.teikyouseido.mhlw.go.jp/znk-web/juminkanja/S2430/initialize?prefCd=38&kikanCd=7380010113&kikanKbn=5", "url2": null, "内容": "そうごう薬局　松山山越店【5:薬局】愛媛県松山市山越二丁目１番３１号" }, "geometry": { "type": "Point", "coordinates": [ 132.759009, 33.859584 ] } },
{ "type": "Feature", "properties": { "ID": 3857380010114, "正式名称": "レデイ薬局　中萩店", "機関区分": 5, "都道府県コード": 38, "市区町村コード": 205, "所在地": "愛媛県新居浜市本郷三丁目５番１５号", "緯度": 33.931823, "経度": 133.282678, "url": "https://www.iryou.teikyouseido.mhlw.go.jp/znk-web/juminkanja/S2430/initialize?prefCd=38&kikanCd=7380010114&kikanKbn=5", "url2": "http://www.lady-drug.co.jp/", "内容": "レデイ薬局　中萩店【5:薬局】愛媛県新居浜市本郷三丁目５番１５号" }, "geometry": { "type": "Point", "coordinates": [ 133.282678, 33.931823 ] } },
{ "type": "Feature", "properties": { "ID": 3857380010115, "正式名称": "アイン薬局四国中央店", "機関区分": 5, "都道府県コード": 38, "市区町村コード": 213, "所在地": "愛媛県四国中央市上分町７１４－１", "緯度": 33.991967, "経度": 133.58774, "url": "https://www.iryou.teikyouseido.mhlw.go.jp/znk-web/juminkanja/S2430/initialize?prefCd=38&kikanCd=7380010115&kikanKbn=5", "url2": "https://www.ainj.co.jp/network/detail.html?pdid=784", "内容": "アイン薬局四国中央店【5:薬局】愛媛県四国中央市上分町７１４－１" }, "geometry": { "type": "Point", "coordinates": [ 133.58774, 33.991967 ] } },
{ "type": "Feature", "properties": { "ID": 3857380010116, "正式名称": "クオール薬局　四国中央店", "機関区分": 5, "都道府県コード": 38, "市区町村コード": 213, "所在地": "愛媛県四国中央市上分町７８３－１", "緯度": 33.991037, "経度": 133.58625, "url": "https://www.iryou.teikyouseido.mhlw.go.jp/znk-web/juminkanja/S2430/initialize?prefCd=38&kikanCd=7380010116&kikanKbn=5", "url2": "http://www.qol-net.co.jp/", "内容": "クオール薬局　四国中央店【5:薬局】愛媛県四国中央市上分町７８３－１" }, "geometry": { "type": "Point", "coordinates": [ 133.58625, 33.991037 ] } },
{ "type": "Feature", "properties": { "ID": 3857380010117, "正式名称": "きょうえい薬局", "機関区分": 5, "都道府県コード": 38, "市区町村コード": 202, "所在地": "愛媛県今治市大正町３丁目６－１６", "緯度": 34.070382, "経度": 132.996412, "url": "https://www.iryou.teikyouseido.mhlw.go.jp/znk-web/juminkanja/S2430/initialize?prefCd=38&kikanCd=7380010117&kikanKbn=5", "url2": null, "内容": "きょうえい薬局【5:薬局】愛媛県今治市大正町３丁目６－１６" }, "geometry": { "type": "Point", "coordinates": [ 132.996412, 34.070382 ] } },
{ "type": "Feature", "properties": { "ID": 3857380010120, "正式名称": "レデイ薬局　別府店", "機関区分": 5, "都道府県コード": 38, "市区町村コード": 201, "所在地": "愛媛県松山市別府町４０６番地１", "緯度": 33.848361, "経度": 132.722394, "url": "https://www.iryou.teikyouseido.mhlw.go.jp/znk-web/juminkanja/S2430/initialize?prefCd=38&kikanCd=7380010120&kikanKbn=5", "url2": "http://www.lady-drug.co.jp/", "内容": "レデイ薬局　別府店【5:薬局】愛媛県松山市別府町４０６番地１" }, "geometry": { "type": "Point", "coordinates": [ 132.722394, 33.848361 ] } },
{ "type": "Feature", "properties": { "ID": 3857380010121, "正式名称": "さくら薬局", "機関区分": 5, "都道府県コード": 38, "市区町村コード": 214, "所在地": "愛媛県西予市宇和町卯之町一丁目４４８番１", "緯度": 33.368344, "経度": 132.50836, "url": "https://www.iryou.teikyouseido.mhlw.go.jp/znk-web/juminkanja/S2430/initialize?prefCd=38&kikanCd=7380010121&kikanKbn=5", "url2": "http://i-pharmacy.jp/store/sakura/", "内容": "さくら薬局【5:薬局】愛媛県西予市宇和町卯之町一丁目４４８番１" }, "geometry": { "type": "Point", "coordinates": [ 132.50836, 33.368344 ] } },
{ "type": "Feature", "properties": { "ID": 3857380010123, "正式名称": "すみれ調剤薬局", "機関区分": 5, "都道府県コード": 38, "市区町村コード": 202, "所在地": "愛媛県今治市石井町４丁目５－５０　アイディヒルズ１０２号", "緯度": 34.085828, "経度": 132.988091, "url": "https://www.iryou.teikyouseido.mhlw.go.jp/znk-web/juminkanja/S2430/initialize?prefCd=38&kikanCd=7380010123&kikanKbn=5", "url2": "http://www.ainj.co.jp", "内容": "すみれ調剤薬局【5:薬局】愛媛県今治市石井町４丁目５－５０　アイディヒルズ１０２号" }, "geometry": { "type": "Point", "coordinates": [ 132.988091, 34.085828 ] } },
{ "type": "Feature", "properties": { "ID": 3857380010125, "正式名称": "レデイ薬局　三島金子店", "機関区分": 5, "都道府県コード": 38, "市区町村コード": 213, "所在地": "愛媛県四国中央市三島金子二丁目９番５５号", "緯度": 33.980373, "経度": 133.536728, "url": "https://www.iryou.teikyouseido.mhlw.go.jp/znk-web/juminkanja/S2430/initialize?prefCd=38&kikanCd=7380010125&kikanKbn=5", "url2": "http://www.lady-drug.co.jp/", "内容": "レデイ薬局　三島金子店【5:薬局】愛媛県四国中央市三島金子二丁目９番５５号" }, "geometry": { "type": "Point", "coordinates": [ 133.536728, 33.980373 ] } },
{ "type": "Feature", "properties": { "ID": 3857380010126, "正式名称": "フロンティア薬局　新田町店", "機関区分": 5, "都道府県コード": 38, "市区町村コード": 205, "所在地": "愛媛県新居浜市新田町二丁目２番９号", "緯度": 33.954548, "経度": 133.262183, "url": "https://www.iryou.teikyouseido.mhlw.go.jp/znk-web/juminkanja/S2430/initialize?prefCd=38&kikanCd=7380010126&kikanKbn=5", "url2": null, "内容": "フロンティア薬局　新田町店【5:薬局】愛媛県新居浜市新田町二丁目２番９号" }, "geometry": { "type": "Point", "coordinates": [ 133.262183, 33.954548 ] } },
{ "type": "Feature", "properties": { "ID": 3857380010127, "正式名称": "ゆき薬局", "機関区分": 5, "都道府県コード": 38, "市区町村コード": 201, "所在地": "愛媛県松山市大手町一丁目４番地１　１階", "緯度": 33.839229, "経度": 132.756668, "url": "https://www.iryou.teikyouseido.mhlw.go.jp/znk-web/juminkanja/S2430/initialize?prefCd=38&kikanCd=7380010127&kikanKbn=5", "url2": null, "内容": "ゆき薬局【5:薬局】愛媛県松山市大手町一丁目４番地１　１階" }, "geometry": { "type": "Point", "coordinates": [ 132.756668, 33.839229 ] } },
{ "type": "Feature", "properties": { "ID": 3857380010128, "正式名称": "エンジェル薬局宮川店", "機関区分": 5, "都道府県コード": 38, "市区町村コード": 213, "所在地": "愛媛県四国中央市三島宮川四丁目４番９号", "緯度": 33.980979, "経度": 133.54774, "url": "https://www.iryou.teikyouseido.mhlw.go.jp/znk-web/juminkanja/S2430/initialize?prefCd=38&kikanCd=7380010128&kikanKbn=5", "url2": "https://angel-smile-family.com", "内容": "エンジェル薬局宮川店【5:薬局】愛媛県四国中央市三島宮川四丁目４番９号" }, "geometry": { "type": "Point", "coordinates": [ 133.54774, 33.980979 ] } },
{ "type": "Feature", "properties": { "ID": 3857380010129, "正式名称": "エンジェル薬局　川之江井地店", "機関区分": 5, "都道府県コード": 38, "市区町村コード": 213, "所在地": "愛媛県四国中央市川之江町３３１番１", "緯度": 34.002302, "経度": 133.566207, "url": "https://www.iryou.teikyouseido.mhlw.go.jp/znk-web/juminkanja/S2430/initialize?prefCd=38&kikanCd=7380010129&kikanKbn=5", "url2": null, "内容": "エンジェル薬局　川之江井地店【5:薬局】愛媛県四国中央市川之江町３３１番１" }, "geometry": { "type": "Point", "coordinates": [ 133.566207, 34.002302 ] } },
{ "type": "Feature", "properties": { "ID": 3857380010130, "正式名称": "しんぐう薬局", "機関区分": 5, "都道府県コード": 38, "市区町村コード": 213, "所在地": "愛媛県四国中央市新宮町新宮５０", "緯度": 33.947629, "経度": 133.639603, "url": "https://www.iryou.teikyouseido.mhlw.go.jp/znk-web/juminkanja/S2430/initialize?prefCd=38&kikanCd=7380010130&kikanKbn=5", "url2": "https://angel-smile-family.com", "内容": "しんぐう薬局【5:薬局】愛媛県四国中央市新宮町新宮５０" }, "geometry": { "type": "Point", "coordinates": [ 133.639603, 33.947629 ] } },
{ "type": "Feature", "properties": { "ID": 3857380010134, "正式名称": "アルファ調剤薬局　末広店", "機関区分": 5, "都道府県コード": 38, "市区町村コード": 202, "所在地": "愛媛県今治市末広町一丁目６番地２２", "緯度": 34.064824, "経度": 133.002216, "url": "https://www.iryou.teikyouseido.mhlw.go.jp/znk-web/juminkanja/S2430/initialize?prefCd=38&kikanCd=7380010134&kikanKbn=5", "url2": "https://alfa-ph.jp", "内容": "アルファ調剤薬局　末広店【5:薬局】愛媛県今治市末広町一丁目６番地２２" }, "geometry": { "type": "Point", "coordinates": [ 133.002216, 34.064824 ] } },
{ "type": "Feature", "properties": { "ID": 3857380010135, "正式名称": "新居浜中央薬局", "機関区分": 5, "都道府県コード": 38, "市区町村コード": 205, "所在地": "愛媛県新居浜市南小松原町１３番４０号", "緯度": 33.974854, "経度": 133.293051, "url": "https://www.iryou.teikyouseido.mhlw.go.jp/znk-web/juminkanja/S2430/initialize?prefCd=38&kikanCd=7380010135&kikanKbn=5", "url2": "https://nc-pharm.shopinfo.jp/", "内容": "新居浜中央薬局【5:薬局】愛媛県新居浜市南小松原町１３番４０号" }, "geometry": { "type": "Point", "coordinates": [ 133.293051, 33.974854 ] } },
{ "type": "Feature", "properties": { "ID": 3857380010136, "正式名称": "ハッピー薬局　余戸西店", "機関区分": 5, "都道府県コード": 38, "市区町村コード": 201, "所在地": "愛媛県松山市余戸西三丁目１０番２０号", "緯度": 33.814116, "経度": 132.720287, "url": "https://www.iryou.teikyouseido.mhlw.go.jp/znk-web/juminkanja/S2430/initialize?prefCd=38&kikanCd=7380010136&kikanKbn=5", "url2": "http://happy-pharmacy.com", "内容": "ハッピー薬局　余戸西店【5:薬局】愛媛県松山市余戸西三丁目１０番２０号" }, "geometry": { "type": "Point", "coordinates": [ 132.720287, 33.814116 ] } },
{ "type": "Feature", "properties": { "ID": 3857380010137, "正式名称": "ハッピー薬局　東野店", "機関区分": 5, "都道府県コード": 38, "市区町村コード": 201, "所在地": "愛媛県松山市東野二丁目２番１７号　Ｋ－１５ビル", "緯度": 33.840812, "経度": 132.798721, "url": "https://www.iryou.teikyouseido.mhlw.go.jp/znk-web/juminkanja/S2430/initialize?prefCd=38&kikanCd=7380010137&kikanKbn=5", "url2": "http://www.happy-pharmacy.com/", "内容": "ハッピー薬局　東野店【5:薬局】愛媛県松山市東野二丁目２番１７号　Ｋ－１５ビル" }, "geometry": { "type": "Point", "coordinates": [ 132.798721, 33.840812 ] } },
{ "type": "Feature", "properties": { "ID": 3857380010139, "正式名称": "きずな薬局桑原店", "機関区分": 5, "都道府県コード": 38, "市区町村コード": 201, "所在地": "愛媛県松山市桑原二丁目２番２６号", "緯度": 33.834983, "経度": 132.791637, "url": "https://www.iryou.teikyouseido.mhlw.go.jp/znk-web/juminkanja/S2430/initialize?prefCd=38&kikanCd=7380010139&kikanKbn=5", "url2": null, "内容": "きずな薬局桑原店【5:薬局】愛媛県松山市桑原二丁目２番２６号" }, "geometry": { "type": "Point", "coordinates": [ 132.791637, 33.834983 ] } },
{ "type": "Feature", "properties": { "ID": 3857380010140, "正式名称": "平野みらい薬局", "機関区分": 5, "都道府県コード": 38, "市区町村コード": 202, "所在地": "愛媛県今治市北宝来町２丁目４－６", "緯度": 34.065715, "経度": 132.993521, "url": "https://www.iryou.teikyouseido.mhlw.go.jp/znk-web/juminkanja/S2430/initialize?prefCd=38&kikanCd=7380010140&kikanKbn=5", "url2": "https://www.hirano-pharmacy.co.jp/", "内容": "平野みらい薬局【5:薬局】愛媛県今治市北宝来町２丁目４－６" }, "geometry": { "type": "Point", "coordinates": [ 132.993521, 34.065715 ] } },
{ "type": "Feature", "properties": { "ID": 3857380010141, "正式名称": "エール薬局城辺店", "機関区分": 5, "都道府県コード": 38, "市区町村コード": 506, "所在地": "愛媛県南宇和郡愛南町城辺甲２４８１－１", "緯度": 32.962384, "経度": 132.584852, "url": "https://www.iryou.teikyouseido.mhlw.go.jp/znk-web/juminkanja/S2430/initialize?prefCd=38&kikanCd=7380010141&kikanKbn=5", "url2": "http://www.yell-group.net", "内容": "エール薬局城辺店【5:薬局】愛媛県南宇和郡愛南町城辺甲２４８１－１" }, "geometry": { "type": "Point", "coordinates": [ 132.584852, 32.962384 ] } },
{ "type": "Feature", "properties": { "ID": 3857380010142, "正式名称": "エール薬局一本松店", "機関区分": 5, "都道府県コード": 38, "市区町村コード": 506, "所在地": "愛媛県南宇和郡愛南町一本松５１５７", "緯度": 32.962065, "経度": 132.649102, "url": "https://www.iryou.teikyouseido.mhlw.go.jp/znk-web/juminkanja/S2430/initialize?prefCd=38&kikanCd=7380010142&kikanKbn=5", "url2": "http://www.yell-group.net", "内容": "エール薬局一本松店【5:薬局】愛媛県南宇和郡愛南町一本松５１５７" }, "geometry": { "type": "Point", "coordinates": [ 132.649102, 32.962065 ] } },
{ "type": "Feature", "properties": { "ID": 3857380010144, "正式名称": "コスモ薬局立花店", "機関区分": 5, "都道府県コード": 38, "市区町村コード": 201, "所在地": "愛媛県松山市立花三丁目１０番１９号", "緯度": 33.827367, "経度": 132.772484, "url": "https://www.iryou.teikyouseido.mhlw.go.jp/znk-web/juminkanja/S2430/initialize?prefCd=38&kikanCd=7380010144&kikanKbn=5", "url2": "http://www.cosmo-pharmacy.net", "内容": "コスモ薬局立花店【5:薬局】愛媛県松山市立花三丁目１０番１９号" }, "geometry": { "type": "Point", "coordinates": [ 132.772484, 33.827367 ] } },
{ "type": "Feature", "properties": { "ID": 3857380010145, "正式名称": "有限会社みどり調剤薬局　道後店", "機関区分": 5, "都道府県コード": 38, "市区町村コード": 201, "所在地": "愛媛県松山市道後姫塚乙７番地１　ＭＡＣビル１階", "緯度": 33.84843, "経度": 132.791878, "url": "https://www.iryou.teikyouseido.mhlw.go.jp/znk-web/juminkanja/S2430/initialize?prefCd=38&kikanCd=7380010145&kikanKbn=5", "url2": "http://midori-chouzai.com", "内容": "有限会社みどり調剤薬局　道後店【5:薬局】愛媛県松山市道後姫塚乙７番地１　ＭＡＣビル１階" }, "geometry": { "type": "Point", "coordinates": [ 132.791878, 33.84843 ] } },
{ "type": "Feature", "properties": { "ID": 3857380010146, "正式名称": "鳥生薬局", "機関区分": 5, "都道府県コード": 38, "市区町村コード": 202, "所在地": "愛媛県今治市土橋町１丁目９－２", "緯度": 34.049975, "経度": 133.004814, "url": "https://www.iryou.teikyouseido.mhlw.go.jp/znk-web/juminkanja/S2430/initialize?prefCd=38&kikanCd=7380010146&kikanKbn=5", "url2": null, "内容": "鳥生薬局【5:薬局】愛媛県今治市土橋町１丁目９－２" }, "geometry": { "type": "Point", "coordinates": [ 133.004814, 34.049975 ] } },
{ "type": "Feature", "properties": { "ID": 3857380010147, "正式名称": "かみやま薬局", "機関区分": 5, "都道府県コード": 38, "市区町村コード": 204, "所在地": "愛媛県八幡浜市五反田１－５５－１", "緯度": 33.448865, "経度": 132.434558, "url": "https://www.iryou.teikyouseido.mhlw.go.jp/znk-web/juminkanja/S2430/initialize?prefCd=38&kikanCd=7380010147&kikanKbn=5", "url2": null, "内容": "かみやま薬局【5:薬局】愛媛県八幡浜市五反田１－５５－１" }, "geometry": { "type": "Point", "coordinates": [ 132.434558, 33.448865 ] } },
{ "type": "Feature", "properties": { "ID": 3857380010148, "正式名称": "日本調剤　今治薬局", "機関区分": 5, "都道府県コード": 38, "市区町村コード": 202, "所在地": "愛媛県今治市喜田村７丁目１番５号", "緯度": 34.044905, "経度": 133.020788, "url": "https://www.iryou.teikyouseido.mhlw.go.jp/znk-web/juminkanja/S2430/initialize?prefCd=38&kikanCd=7380010148&kikanKbn=5", "url2": "https://www.nicho.co.jp/tenpo/imabari/", "内容": "日本調剤　今治薬局【5:薬局】愛媛県今治市喜田村７丁目１番５号" }, "geometry": { "type": "Point", "coordinates": [ 133.020788, 34.044905 ] } },
{ "type": "Feature", "properties": { "ID": 3857380010150, "正式名称": "あすなろ薬局　持田店", "機関区分": 5, "都道府県コード": 38, "市区町村コード": 201, "所在地": "愛媛県松山市此花町７番３３号　ＴＭＣビル１階", "緯度": 33.841031, "経度": 132.77939, "url": "https://www.iryou.teikyouseido.mhlw.go.jp/znk-web/juminkanja/S2430/initialize?prefCd=38&kikanCd=7380010150&kikanKbn=5", "url2": "https://aine-ph.co.jp/", "内容": "あすなろ薬局　持田店【5:薬局】愛媛県松山市此花町７番３３号　ＴＭＣビル１階" }, "geometry": { "type": "Point", "coordinates": [ 132.77939, 33.841031 ] } },
{ "type": "Feature", "properties": { "ID": 3857380010151, "正式名称": "いぶき薬局", "機関区分": 5, "都道府県コード": 38, "市区町村コード": 203, "所在地": "愛媛県宇和島市伊吹町甲１１５５番地７", "緯度": 33.237227, "経度": 132.570414, "url": "https://www.iryou.teikyouseido.mhlw.go.jp/znk-web/juminkanja/S2430/initialize?prefCd=38&kikanCd=7380010151&kikanKbn=5", "url2": null, "内容": "いぶき薬局【5:薬局】愛媛県宇和島市伊吹町甲１１５５番地７" }, "geometry": { "type": "Point", "coordinates": [ 132.570414, 33.237227 ] } },
{ "type": "Feature", "properties": { "ID": 3857380010153, "正式名称": "アイン薬局　大町店", "機関区分": 5, "都道府県コード": 38, "市区町村コード": 206, "所在地": "愛媛県西条市大町７０３番地３", "緯度": 33.916365, "経度": 133.185967, "url": "https://www.iryou.teikyouseido.mhlw.go.jp/znk-web/juminkanja/S2430/initialize?prefCd=38&kikanCd=7380010153&kikanKbn=5", "url2": "https://www.ainj.co.jp", "内容": "アイン薬局　大町店【5:薬局】愛媛県西条市大町７０３番地３" }, "geometry": { "type": "Point", "coordinates": [ 133.185967, 33.916365 ] } },
{ "type": "Feature", "properties": { "ID": 3857380010155, "正式名称": "マック山越調剤薬局", "機関区分": 5, "都道府県コード": 38, "市区町村コード": 201, "所在地": "愛媛県松山市山越六丁目７番３８号", "緯度": 33.858089, "経度": 132.751757, "url": "https://www.iryou.teikyouseido.mhlw.go.jp/znk-web/juminkanja/S2430/initialize?prefCd=38&kikanCd=7380010155&kikanKbn=5", "url2": null, "内容": "マック山越調剤薬局【5:薬局】愛媛県松山市山越六丁目７番３８号" }, "geometry": { "type": "Point", "coordinates": [ 132.751757, 33.858089 ] } },
{ "type": "Feature", "properties": { "ID": 3857380010156, "正式名称": "つばさ薬局", "機関区分": 5, "都道府県コード": 38, "市区町村コード": 422, "所在地": "愛媛県喜多郡内子町内子７７８番地１", "緯度": 33.546196, "経度": 132.646342, "url": "https://www.iryou.teikyouseido.mhlw.go.jp/znk-web/juminkanja/S2430/initialize?prefCd=38&kikanCd=7380010156&kikanKbn=5", "url2": "http://tubasa.mystrikingly.com/", "内容": "つばさ薬局【5:薬局】愛媛県喜多郡内子町内子７７８番地１" }, "geometry": { "type": "Point", "coordinates": [ 132.646342, 33.546196 ] } },
{ "type": "Feature", "properties": { "ID": 3857380010157, "正式名称": "レデイ薬局藤原店", "機関区分": 5, "都道府県コード": 38, "市区町村コード": 201, "所在地": "愛媛県松山市真砂町１１４番地１", "緯度": 33.833088, "経度": 132.759645, "url": "https://www.iryou.teikyouseido.mhlw.go.jp/znk-web/juminkanja/S2430/initialize?prefCd=38&kikanCd=7380010157&kikanKbn=5", "url2": null, "内容": "レデイ薬局藤原店【5:薬局】愛媛県松山市真砂町１１４番地１" }, "geometry": { "type": "Point", "coordinates": [ 132.759645, 33.833088 ] } },
{ "type": "Feature", "properties": { "ID": 3857380010158, "正式名称": "すずね薬局", "機関区分": 5, "都道府県コード": 38, "市区町村コード": 207, "所在地": "愛媛県大洲市徳森２２６４－１１", "緯度": 33.519576, "経度": 132.586632, "url": "https://www.iryou.teikyouseido.mhlw.go.jp/znk-web/juminkanja/S2430/initialize?prefCd=38&kikanCd=7380010158&kikanKbn=5", "url2": "https://kenshin-pharmacy.com", "内容": "すずね薬局【5:薬局】愛媛県大洲市徳森２２６４－１１" }, "geometry": { "type": "Point", "coordinates": [ 132.586632, 33.519576 ] } },
{ "type": "Feature", "properties": { "ID": 3857380010159, "正式名称": "レデイ薬局　馬越店", "機関区分": 5, "都道府県コード": 38, "市区町村コード": 202, "所在地": "愛媛県今治市馬越町四丁目３番３９号", "緯度": 34.053659, "経度": 132.98359, "url": "https://www.iryou.teikyouseido.mhlw.go.jp/znk-web/juminkanja/S2430/initialize?prefCd=38&kikanCd=7380010159&kikanKbn=5", "url2": "https://www.lady-drug.co.jp/", "内容": "レデイ薬局　馬越店【5:薬局】愛媛県今治市馬越町四丁目３番３９号" }, "geometry": { "type": "Point", "coordinates": [ 132.98359, 34.053659 ] } },
{ "type": "Feature", "properties": { "ID": 3857380010160, "正式名称": "みんなの薬局　大町店", "機関区分": 5, "都道府県コード": 38, "市区町村コード": 206, "所在地": "愛媛県西条市大町１７６５－４ー１０４", "緯度": 33.918232, "経度": 133.183478, "url": "https://www.iryou.teikyouseido.mhlw.go.jp/znk-web/juminkanja/S2430/initialize?prefCd=38&kikanCd=7380010160&kikanKbn=5", "url2": null, "内容": "みんなの薬局　大町店【5:薬局】愛媛県西条市大町１７６５－４ー１０４" }, "geometry": { "type": "Point", "coordinates": [ 133.183478, 33.918232 ] } },
{ "type": "Feature", "properties": { "ID": 3857380010161, "正式名称": "樽屋おかもと薬局", "機関区分": 5, "都道府県コード": 38, "市区町村コード": 202, "所在地": "愛媛県今治市馬越町１丁目２番２９号", "緯度": 34.054835, "経度": 132.983951, "url": "https://www.iryou.teikyouseido.mhlw.go.jp/znk-web/juminkanja/S2430/initialize?prefCd=38&kikanCd=7380010161&kikanKbn=5", "url2": "http://okamotopha.byoinnavi.jp/", "内容": "樽屋おかもと薬局【5:薬局】愛媛県今治市馬越町１丁目２番２９号" }, "geometry": { "type": "Point", "coordinates": [ 132.983951, 34.054835 ] } },
{ "type": "Feature", "properties": { "ID": 3857380010162, "正式名称": "れんげ堂薬局　みつばち店", "機関区分": 5, "都道府県コード": 38, "市区町村コード": 206, "所在地": "愛媛県西条市周布３４１番２", "緯度": 33.925125, "経度": 133.084894, "url": "https://www.iryou.teikyouseido.mhlw.go.jp/znk-web/juminkanja/S2430/initialize?prefCd=38&kikanCd=7380010162&kikanKbn=5", "url2": "http://rengedou-pharmacy.com/wp/", "内容": "れんげ堂薬局　みつばち店【5:薬局】愛媛県西条市周布３４１番２" }, "geometry": { "type": "Point", "coordinates": [ 133.084894, 33.925125 ] } },
{ "type": "Feature", "properties": { "ID": 3857380010163, "正式名称": "フロンティア薬局　野村おとい店", "機関区分": 5, "都道府県コード": 38, "市区町村コード": 214, "所在地": "愛媛県西予市野村町野村１１－４０３－１", "緯度": 33.372638, "経度": 132.645522, "url": "https://www.iryou.teikyouseido.mhlw.go.jp/znk-web/juminkanja/S2430/initialize?prefCd=38&kikanCd=7380010163&kikanKbn=5", "url2": "http://www.frontier-ph.com/", "内容": "フロンティア薬局　野村おとい店【5:薬局】愛媛県西予市野村町野村１１－４０３－１" }, "geometry": { "type": "Point", "coordinates": [ 132.645522, 33.372638 ] } },
{ "type": "Feature", "properties": { "ID": 3857380010164, "正式名称": "そうごう薬局　松本町店", "機関区分": 5, "都道府県コード": 38, "市区町村コード": 202, "所在地": "愛媛県今治市中日吉町３丁目１－２８", "緯度": 34.058112, "経度": 132.988988, "url": "https://www.iryou.teikyouseido.mhlw.go.jp/znk-web/juminkanja/S2430/initialize?prefCd=38&kikanCd=7380010164&kikanKbn=5", "url2": "https://www.sogo-medical.co.jp/", "内容": "そうごう薬局　松本町店【5:薬局】愛媛県今治市中日吉町３丁目１－２８" }, "geometry": { "type": "Point", "coordinates": [ 132.988988, 34.058112 ] } },
{ "type": "Feature", "properties": { "ID": 3857380010165, "正式名称": "かざなみ薬局", "機関区分": 5, "都道府県コード": 38, "市区町村コード": 204, "所在地": "愛媛県八幡浜市旭町３丁目１５１０番地７３", "緯度": 33.458121, "経度": 132.421625, "url": "https://www.iryou.teikyouseido.mhlw.go.jp/znk-web/juminkanja/S2430/initialize?prefCd=38&kikanCd=7380010165&kikanKbn=5", "url2": null, "内容": "かざなみ薬局【5:薬局】愛媛県八幡浜市旭町３丁目１５１０番地７３" }, "geometry": { "type": "Point", "coordinates": [ 132.421625, 33.458121 ] } },
{ "type": "Feature", "properties": { "ID": 3857380010166, "正式名称": "ほほえみ薬局", "機関区分": 5, "都道府県コード": 38, "市区町村コード": 207, "所在地": "愛媛県大洲市大洲１７８番地", "緯度": 33.507876, "経度": 132.54422, "url": "https://www.iryou.teikyouseido.mhlw.go.jp/znk-web/juminkanja/S2430/initialize?prefCd=38&kikanCd=7380010166&kikanKbn=5", "url2": "http://ozu-chozai.com/", "内容": "ほほえみ薬局【5:薬局】愛媛県大洲市大洲１７８番地" }, "geometry": { "type": "Point", "coordinates": [ 132.54422, 33.507876 ] } },
{ "type": "Feature", "properties": { "ID": 3857380010167, "正式名称": "みゆき薬局", "機関区分": 5, "都道府県コード": 38, "市区町村コード": 201, "所在地": "愛媛県松山市山越三丁目５番２６号", "緯度": 33.860189, "経度": 132.759796, "url": "https://www.iryou.teikyouseido.mhlw.go.jp/znk-web/juminkanja/S2430/initialize?prefCd=38&kikanCd=7380010167&kikanKbn=5", "url2": "https://medical-standard.net/", "内容": "みゆき薬局【5:薬局】愛媛県松山市山越三丁目５番２６号" }, "geometry": { "type": "Point", "coordinates": [ 132.759796, 33.860189 ] } },
{ "type": "Feature", "properties": { "ID": 3857380010168, "正式名称": "マック古川調剤薬局", "機関区分": 5, "都道府県コード": 38, "市区町村コード": 201, "所在地": "愛媛県松山市古川西二丁目８番３５号", "緯度": 33.809316, "経度": 132.758597, "url": "https://www.iryou.teikyouseido.mhlw.go.jp/znk-web/juminkanja/S2430/initialize?prefCd=38&kikanCd=7380010168&kikanKbn=5", "url2": "https://www.daiya-grp.co.jp/service/macchozai/", "内容": "マック古川調剤薬局【5:薬局】愛媛県松山市古川西二丁目８番３５号" }, "geometry": { "type": "Point", "coordinates": [ 132.758597, 33.809316 ] } },
{ "type": "Feature", "properties": { "ID": 3857380010169, "正式名称": "しつかわ薬局", "機関区分": 5, "都道府県コード": 38, "市区町村コード": 215, "所在地": "愛媛県東温市志津川南一丁目１－１４", "緯度": 33.80384, "経度": 132.875969, "url": "https://www.iryou.teikyouseido.mhlw.go.jp/znk-web/juminkanja/S2430/initialize?prefCd=38&kikanCd=7380010169&kikanKbn=5", "url2": null, "内容": "しつかわ薬局【5:薬局】愛媛県東温市志津川南一丁目１－１４" }, "geometry": { "type": "Point", "coordinates": [ 132.875969, 33.80384 ] } },
{ "type": "Feature", "properties": { "ID": 3857380010171, "正式名称": "わかば薬局　本町店", "機関区分": 5, "都道府県コード": 38, "市区町村コード": 201, "所在地": "愛媛県松山市本町四丁目５番地１１", "緯度": 33.848467, "経度": 132.758663, "url": "https://www.iryou.teikyouseido.mhlw.go.jp/znk-web/juminkanja/S2430/initialize?prefCd=38&kikanCd=7380010171&kikanKbn=5", "url2": "https://wakaba-pharmacy.co.jp/", "内容": "わかば薬局　本町店【5:薬局】愛媛県松山市本町四丁目５番地１１" }, "geometry": { "type": "Point", "coordinates": [ 132.758663, 33.848467 ] } },
{ "type": "Feature", "properties": { "ID": 3857380010172, "正式名称": "レデイ薬局　道後樋又店", "機関区分": 5, "都道府県コード": 38, "市区町村コード": 201, "所在地": "愛媛県松山市道後樋又９番１３号", "緯度": 33.852983, "経度": 132.773241, "url": "https://www.iryou.teikyouseido.mhlw.go.jp/znk-web/juminkanja/S2430/initialize?prefCd=38&kikanCd=7380010172&kikanKbn=5", "url2": null, "内容": "レデイ薬局　道後樋又店【5:薬局】愛媛県松山市道後樋又９番１３号" }, "geometry": { "type": "Point", "coordinates": [ 132.773241, 33.852983 ] } },
{ "type": "Feature", "properties": { "ID": 3857380010173, "正式名称": "あおい薬局", "機関区分": 5, "都道府県コード": 38, "市区町村コード": 201, "所在地": "愛媛県松山市花園町４番地１１　吉田ビル１階", "緯度": 33.837499, "経度": 132.762051, "url": "https://www.iryou.teikyouseido.mhlw.go.jp/znk-web/juminkanja/S2430/initialize?prefCd=38&kikanCd=7380010173&kikanKbn=5", "url2": "https://www.aoi-pharmacy2018.com/", "内容": "あおい薬局【5:薬局】愛媛県松山市花園町４番地１１　吉田ビル１階" }, "geometry": { "type": "Point", "coordinates": [ 132.762051, 33.837499 ] } },
{ "type": "Feature", "properties": { "ID": 3857380010174, "正式名称": "みさけ調剤薬局", "機関区分": 5, "都道府県コード": 38, "市区町村コード": 201, "所在地": "愛媛県松山市味酒町二丁目９番地１１", "緯度": 33.844204, "経度": 132.755843, "url": "https://www.iryou.teikyouseido.mhlw.go.jp/znk-web/juminkanja/S2430/initialize?prefCd=38&kikanCd=7380010174&kikanKbn=5", "url2": null, "内容": "みさけ調剤薬局【5:薬局】愛媛県松山市味酒町二丁目９番地１１" }, "geometry": { "type": "Point", "coordinates": [ 132.755843, 33.844204 ] } },
{ "type": "Feature", "properties": { "ID": 3857380010175, "正式名称": "にった薬局", "機関区分": 5, "都道府県コード": 38, "市区町村コード": 401, "所在地": "愛媛県伊予郡松前町出作１８５番地", "緯度": 33.787018, "経度": 132.750565, "url": "https://www.iryou.teikyouseido.mhlw.go.jp/znk-web/juminkanja/S2430/initialize?prefCd=38&kikanCd=7380010175&kikanKbn=5", "url2": null, "内容": "にった薬局【5:薬局】愛媛県伊予郡松前町出作１８５番地" }, "geometry": { "type": "Point", "coordinates": [ 132.750565, 33.787018 ] } },
{ "type": "Feature", "properties": { "ID": 3857380010177, "正式名称": "レデイ薬局大新田店", "機関区分": 5, "都道府県コード": 38, "市区町村コード": 202, "所在地": "愛媛県今治市大新田町五丁目６番４８号", "緯度": 34.081751, "経度": 132.990935, "url": "https://www.iryou.teikyouseido.mhlw.go.jp/znk-web/juminkanja/S2430/initialize?prefCd=38&kikanCd=7380010177&kikanKbn=5", "url2": "http://www.lady-drug.co.jp/", "内容": "レデイ薬局大新田店【5:薬局】愛媛県今治市大新田町五丁目６番４８号" }, "geometry": { "type": "Point", "coordinates": [ 132.990935, 34.081751 ] } },
{ "type": "Feature", "properties": { "ID": 3857380010178, "正式名称": "アイン薬局愛大病院店", "機関区分": 5, "都道府県コード": 38, "市区町村コード": 215, "所在地": "愛媛県東温市志津川４５４", "緯度": 33.799725, "経度": 132.878334, "url": "https://www.iryou.teikyouseido.mhlw.go.jp/znk-web/juminkanja/S2430/initialize?prefCd=38&kikanCd=7380010178&kikanKbn=5", "url2": "https://www.ainj.co.jp/network/list.html?cator=117&cmid=545#dnn_ctr544_ModuleContent", "内容": "アイン薬局愛大病院店【5:薬局】愛媛県東温市志津川４５４" }, "geometry": { "type": "Point", "coordinates": [ 132.878334, 33.799725 ] } },
{ "type": "Feature", "properties": { "ID": 3857380010179, "正式名称": "かいてき調剤薬局小坂店", "機関区分": 5, "都道府県コード": 38, "市区町村コード": 201, "所在地": "愛媛県松山市枝松六丁目１２番１１号　今井マンション１階１号室", "緯度": 33.826486, "経度": 132.783978, "url": "https://www.iryou.teikyouseido.mhlw.go.jp/znk-web/juminkanja/S2430/initialize?prefCd=38&kikanCd=7380010179&kikanKbn=5", "url2": "https://kaiteki-pharma.co.jp/", "内容": "かいてき調剤薬局小坂店【5:薬局】愛媛県松山市枝松六丁目１２番１１号　今井マンション１階１号室" }, "geometry": { "type": "Point", "coordinates": [ 132.783978, 33.826486 ] } },
{ "type": "Feature", "properties": { "ID": 3857380010180, "正式名称": "マック大町調剤薬局", "機関区分": 5, "都道府県コード": 38, "市区町村コード": 206, "所在地": "愛媛県西条市大町４５４番地１", "緯度": 33.919752, "経度": 133.192835, "url": "https://www.iryou.teikyouseido.mhlw.go.jp/znk-web/juminkanja/S2430/initialize?prefCd=38&kikanCd=7380010180&kikanKbn=5", "url2": null, "内容": "マック大町調剤薬局【5:薬局】愛媛県西条市大町４５４番地１" }, "geometry": { "type": "Point", "coordinates": [ 133.192835, 33.919752 ] } },
{ "type": "Feature", "properties": { "ID": 3857380010181, "正式名称": "マック畑寺調剤薬局", "機関区分": 5, "都道府県コード": 38, "市区町村コード": 201, "所在地": "愛媛県松山市畑寺四丁目１３番１９号", "緯度": 33.827316, "経度": 132.798668, "url": "https://www.iryou.teikyouseido.mhlw.go.jp/znk-web/juminkanja/S2430/initialize?prefCd=38&kikanCd=7380010181&kikanKbn=5", "url2": "https://www.daiya-grp.co.jp/service/macchozai/", "内容": "マック畑寺調剤薬局【5:薬局】愛媛県松山市畑寺四丁目１３番１９号" }, "geometry": { "type": "Point", "coordinates": [ 132.798668, 33.827316 ] } },
{ "type": "Feature", "properties": { "ID": 3857380010182, "正式名称": "ウエルシア薬局　四国中央下柏店", "機関区分": 5, "都道府県コード": 38, "市区町村コード": 213, "所在地": "愛媛県四国中央市下柏町６７８－１", "緯度": 33.988159, "経度": 133.563973, "url": "https://www.iryou.teikyouseido.mhlw.go.jp/znk-web/juminkanja/S2430/initialize?prefCd=38&kikanCd=7380010182&kikanKbn=5", "url2": "https://www.welcia-yakkyoku.co.jp/", "内容": "ウエルシア薬局　四国中央下柏店【5:薬局】愛媛県四国中央市下柏町６７８－１" }, "geometry": { "type": "Point", "coordinates": [ 133.563973, 33.988159 ] } },
{ "type": "Feature", "properties": { "ID": 3857380010183, "正式名称": "ウエルシア薬局　四国中央妻鳥店", "機関区分": 5, "都道府県コード": 38, "市区町村コード": 213, "所在地": "愛媛県四国中央市妻鳥町４３５－１", "緯度": 33.993655, "経度": 133.565745, "url": "https://www.iryou.teikyouseido.mhlw.go.jp/znk-web/juminkanja/S2430/initialize?prefCd=38&kikanCd=7380010183&kikanKbn=5", "url2": "https://www.welcia-yakkyoku.co.jp/", "内容": "ウエルシア薬局　四国中央妻鳥店【5:薬局】愛媛県四国中央市妻鳥町４３５－１" }, "geometry": { "type": "Point", "coordinates": [ 133.565745, 33.993655 ] } },
{ "type": "Feature", "properties": { "ID": 3857380010184, "正式名称": "ウエルシア薬局　四国中央川之江店", "機関区分": 5, "都道府県コード": 38, "市区町村コード": 213, "所在地": "愛媛県四国中央市川之江町２９８０－１", "緯度": 34.012238, "経度": 133.582598, "url": "https://www.iryou.teikyouseido.mhlw.go.jp/znk-web/juminkanja/S2430/initialize?prefCd=38&kikanCd=7380010184&kikanKbn=5", "url2": "https://www.welcia-yakkyoku.co.jp/", "内容": "ウエルシア薬局　四国中央川之江店【5:薬局】愛媛県四国中央市川之江町２９８０－１" }, "geometry": { "type": "Point", "coordinates": [ 133.582598, 34.012238 ] } },
{ "type": "Feature", "properties": { "ID": 3857380010185, "正式名称": "ウエルシア薬局　四国中央山田井店", "機関区分": 5, "都道府県コード": 38, "市区町村コード": 213, "所在地": "愛媛県四国中央市金生町山田井乙１７－４", "緯度": 34.006723, "経度": 133.589682, "url": "https://www.iryou.teikyouseido.mhlw.go.jp/znk-web/juminkanja/S2430/initialize?prefCd=38&kikanCd=7380010185&kikanKbn=5", "url2": "https://store.welcia.co.jp/welcia/spot/detail?code=8405C", "内容": "ウエルシア薬局　四国中央山田井店【5:薬局】愛媛県四国中央市金生町山田井乙１７－４" }, "geometry": { "type": "Point", "coordinates": [ 133.589682, 34.006723 ] } },
{ "type": "Feature", "properties": { "ID": 3857380010186, "正式名称": "ウエルシア薬局　四国中央東店", "機関区分": 5, "都道府県コード": 38, "市区町村コード": 213, "所在地": "愛媛県四国中央市金生町山田井１２２４番２", "緯度": 34.010389, "経度": 133.592419, "url": "https://www.iryou.teikyouseido.mhlw.go.jp/znk-web/juminkanja/S2430/initialize?prefCd=38&kikanCd=7380010186&kikanKbn=5", "url2": "https://store.welcia.co.jp/welcia/spot/detail?code=8407C", "内容": "ウエルシア薬局　四国中央東店【5:薬局】愛媛県四国中央市金生町山田井１２２４番２" }, "geometry": { "type": "Point", "coordinates": [ 133.592419, 34.010389 ] } },
{ "type": "Feature", "properties": { "ID": 3857380010188, "正式名称": "レデイ薬局　椿店", "機関区分": 5, "都道府県コード": 38, "市区町村コード": 201, "所在地": "愛媛県松山市古川南一丁目８番３０号", "緯度": 33.80844, "経度": 132.766462, "url": "https://www.iryou.teikyouseido.mhlw.go.jp/znk-web/juminkanja/S2430/initialize?prefCd=38&kikanCd=7380010188&kikanKbn=5", "url2": "https://www.lady-drug.co.jp/shop/?cm=v&id=10926", "内容": "レデイ薬局　椿店【5:薬局】愛媛県松山市古川南一丁目８番３０号" }, "geometry": { "type": "Point", "coordinates": [ 132.766462, 33.80844 ] } },
{ "type": "Feature", "properties": { "ID": 3857380010189, "正式名称": "ウエルシア薬局新居浜中萩店", "機関区分": 5, "都道府県コード": 38, "市区町村コード": 205, "所在地": "愛媛県新居浜市中萩町１番地３７　生活協同組合コープえひめコープ中萩内", "緯度": 33.931579, "経度": 133.283692, "url": "https://www.iryou.teikyouseido.mhlw.go.jp/znk-web/juminkanja/S2430/initialize?prefCd=38&kikanCd=7380010189&kikanKbn=5", "url2": "http://www.welcia-yakkyoku.co.jp", "内容": "ウエルシア薬局新居浜中萩店【5:薬局】愛媛県新居浜市中萩町１番地３７　生活協同組合コープえひめコープ中萩内" }, "geometry": { "type": "Point", "coordinates": [ 133.283692, 33.931579 ] } },
{ "type": "Feature", "properties": { "ID": 3857380010190, "正式名称": "ウエルシア薬局新居浜駅前店", "機関区分": 5, "都道府県コード": 38, "市区町村コード": 205, "所在地": "愛媛県新居浜市坂井町１丁目７番１号", "緯度": 33.947067, "経度": 133.290653, "url": "https://www.iryou.teikyouseido.mhlw.go.jp/znk-web/juminkanja/S2430/initialize?prefCd=38&kikanCd=7380010190&kikanKbn=5", "url2": null, "内容": "ウエルシア薬局新居浜駅前店【5:薬局】愛媛県新居浜市坂井町１丁目７番１号" }, "geometry": { "type": "Point", "coordinates": [ 133.290653, 33.947067 ] } },
{ "type": "Feature", "properties": { "ID": 3857380010191, "正式名称": "ウエルシア薬局新居浜坂井店", "機関区分": 5, "都道府県コード": 38, "市区町村コード": 205, "所在地": "愛媛県新居浜市坂井町３丁目６番２８号", "緯度": 33.944771, "経度": 133.295827, "url": "https://www.iryou.teikyouseido.mhlw.go.jp/znk-web/juminkanja/S2430/initialize?prefCd=38&kikanCd=7380010191&kikanKbn=5", "url2": "https://www.welcia-yakkyoku.co.jp/", "内容": "ウエルシア薬局新居浜坂井店【5:薬局】愛媛県新居浜市坂井町３丁目６番２８号" }, "geometry": { "type": "Point", "coordinates": [ 133.295827, 33.944771 ] } },
{ "type": "Feature", "properties": { "ID": 3857380010192, "正式名称": "ウエルシア薬局愛媛労災病院前店", "機関区分": 5, "都道府県コード": 38, "市区町村コード": 205, "所在地": "愛媛県新居浜市南小松原町１３番３５号", "緯度": 33.974712, "経度": 133.292767, "url": "https://www.iryou.teikyouseido.mhlw.go.jp/znk-web/juminkanja/S2430/initialize?prefCd=38&kikanCd=7380010192&kikanKbn=5", "url2": null, "内容": "ウエルシア薬局愛媛労災病院前店【5:薬局】愛媛県新居浜市南小松原町１３番３５号" }, "geometry": { "type": "Point", "coordinates": [ 133.292767, 33.974712 ] } },
{ "type": "Feature", "properties": { "ID": 3857380010193, "正式名称": "コスモ薬局小坂店", "機関区分": 5, "都道府県コード": 38, "市区町村コード": 201, "所在地": "愛媛県松山市小坂四丁目７番１５号　１階", "緯度": 33.828433, "経度": 132.780935, "url": "https://www.iryou.teikyouseido.mhlw.go.jp/znk-web/juminkanja/S2430/initialize?prefCd=38&kikanCd=7380010193&kikanKbn=5", "url2": "https://cosmo-pharmacy.net", "内容": "コスモ薬局小坂店【5:薬局】愛媛県松山市小坂四丁目７番１５号　１階" }, "geometry": { "type": "Point", "coordinates": [ 132.780935, 33.828433 ] } },
{ "type": "Feature", "properties": { "ID": 3857380010194, "正式名称": "かもめ調剤薬局", "機関区分": 5, "都道府県コード": 38, "市区町村コード": 204, "所在地": "愛媛県八幡浜市昭和通１５１０番地１６４", "緯度": 33.458073, "経度": 132.420222, "url": "https://www.iryou.teikyouseido.mhlw.go.jp/znk-web/juminkanja/S2430/initialize?prefCd=38&kikanCd=7380010194&kikanKbn=5", "url2": null, "内容": "かもめ調剤薬局【5:薬局】愛媛県八幡浜市昭和通１５１０番地１６４" }, "geometry": { "type": "Point", "coordinates": [ 132.420222, 33.458073 ] } },
{ "type": "Feature", "properties": { "ID": 3857380010196, "正式名称": "薬寿マリン薬局", "機関区分": 5, "都道府県コード": 38, "市区町村コード": 204, "所在地": "愛媛県八幡浜市大平１番耕地７７４番地５", "緯度": 33.467413, "経度": 132.425564, "url": "https://www.iryou.teikyouseido.mhlw.go.jp/znk-web/juminkanja/S2430/initialize?prefCd=38&kikanCd=7380010196&kikanKbn=5", "url2": null, "内容": "薬寿マリン薬局【5:薬局】愛媛県八幡浜市大平１番耕地７７４番地５" }, "geometry": { "type": "Point", "coordinates": [ 132.425564, 33.467413 ] } },
{ "type": "Feature", "properties": { "ID": 3857380010198, "正式名称": "トミオカ薬局", "機関区分": 5, "都道府県コード": 38, "市区町村コード": 206, "所在地": "愛媛県西条市大町１０２番地１", "緯度": 33.907861, "経度": 133.192201, "url": "https://www.iryou.teikyouseido.mhlw.go.jp/znk-web/juminkanja/S2430/initialize?prefCd=38&kikanCd=7380010198&kikanKbn=5", "url2": null, "内容": "トミオカ薬局【5:薬局】愛媛県西条市大町１０２番地１" }, "geometry": { "type": "Point", "coordinates": [ 133.192201, 33.907861 ] } },
{ "type": "Feature", "properties": { "ID": 3857380010200, "正式名称": "松山中央薬局", "機関区分": 5, "都道府県コード": 38, "市区町村コード": 201, "所在地": "愛媛県松山市久万ノ台２３０番地１", "緯度": 33.859338, "経度": 132.748549, "url": "https://www.iryou.teikyouseido.mhlw.go.jp/znk-web/juminkanja/S2430/initialize?prefCd=38&kikanCd=7380010200&kikanKbn=5", "url2": "http://i-pharmacy.jp/", "内容": "松山中央薬局【5:薬局】愛媛県松山市久万ノ台２３０番地１" }, "geometry": { "type": "Point", "coordinates": [ 132.748549, 33.859338 ] } },
{ "type": "Feature", "properties": { "ID": 3857380010201, "正式名称": "アイリス薬局たるみ店", "機関区分": 5, "都道府県コード": 38, "市区町村コード": 201, "所在地": "愛媛県松山市樽味二丁目８番３３－２号", "緯度": 33.841272, "経度": 132.793174, "url": "https://www.iryou.teikyouseido.mhlw.go.jp/znk-web/juminkanja/S2430/initialize?prefCd=38&kikanCd=7380010201&kikanKbn=5", "url2": "http://iris-ph.com/index.html", "内容": "アイリス薬局たるみ店【5:薬局】愛媛県松山市樽味二丁目８番３３－２号" }, "geometry": { "type": "Point", "coordinates": [ 132.793174, 33.841272 ] } },
{ "type": "Feature", "properties": { "ID": 3857380010202, "正式名称": "よつば薬局　西予野村店", "機関区分": 5, "都道府県コード": 38, "市区町村コード": 214, "所在地": "愛媛県西予市野村町野村１１号１１７－８", "緯度": 33.371903, "経度": 132.644566, "url": "https://www.iryou.teikyouseido.mhlw.go.jp/znk-web/juminkanja/S2430/initialize?prefCd=38&kikanCd=7380010202&kikanKbn=5", "url2": null, "内容": "よつば薬局　西予野村店【5:薬局】愛媛県西予市野村町野村１１号１１７－８" }, "geometry": { "type": "Point", "coordinates": [ 132.644566, 33.371903 ] } },
{ "type": "Feature", "properties": { "ID": 3857380010203, "正式名称": "たんぽぽ薬局　本郷店", "機関区分": 5, "都道府県コード": 38, "市区町村コード": 205, "所在地": "愛媛県新居浜市本郷３丁目２番３５号", "緯度": 33.932934, "経度": 133.281374, "url": "https://www.iryou.teikyouseido.mhlw.go.jp/znk-web/juminkanja/S2430/initialize?prefCd=38&kikanCd=7380010203&kikanKbn=5", "url2": "https://www.tanpopo-ph.co.jp/", "内容": "たんぽぽ薬局　本郷店【5:薬局】愛媛県新居浜市本郷３丁目２番３５号" }, "geometry": { "type": "Point", "coordinates": [ 133.281374, 33.932934 ] } },
{ "type": "Feature", "properties": { "ID": 3857380010204, "正式名称": "レデイ薬局　宮西店", "機関区分": 5, "都道府県コード": 38, "市区町村コード": 201, "所在地": "愛媛県松山市味酒町二丁目１４番地２１", "緯度": 33.845328, "経度": 132.755702, "url": "https://www.iryou.teikyouseido.mhlw.go.jp/znk-web/juminkanja/S2430/initialize?prefCd=38&kikanCd=7380010204&kikanKbn=5", "url2": "https://www.lady-drug.co.jp/", "内容": "レデイ薬局　宮西店【5:薬局】愛媛県松山市味酒町二丁目１４番地２１" }, "geometry": { "type": "Point", "coordinates": [ 132.755702, 33.845328 ] } },
{ "type": "Feature", "properties": { "ID": 3857380010205, "正式名称": "くりの木薬局", "機関区分": 5, "都道府県コード": 38, "市区町村コード": 213, "所在地": "愛媛県四国中央市中之庄町３９８－２　しのながビル５号", "緯度": 33.976624, "経度": 133.53277, "url": "https://www.iryou.teikyouseido.mhlw.go.jp/znk-web/juminkanja/S2430/initialize?prefCd=38&kikanCd=7380010205&kikanKbn=5", "url2": null, "内容": "くりの木薬局【5:薬局】愛媛県四国中央市中之庄町３９８－２　しのながビル５号" }, "geometry": { "type": "Point", "coordinates": [ 133.53277, 33.976624 ] } },
{ "type": "Feature", "properties": { "ID": 3857380010206, "正式名称": "今治センター薬局", "機関区分": 5, "都道府県コード": 38, "市区町村コード": 202, "所在地": "愛媛県今治市別宮町７丁目４０３番３", "緯度": 34.074829, "経度": 132.990939, "url": "https://www.iryou.teikyouseido.mhlw.go.jp/znk-web/juminkanja/S2430/initialize?prefCd=38&kikanCd=7380010206&kikanKbn=5", "url2": "www.imayaku.org", "内容": "今治センター薬局【5:薬局】愛媛県今治市別宮町７丁目４０３番３" }, "geometry": { "type": "Point", "coordinates": [ 132.990939, 34.074829 ] } },
{ "type": "Feature", "properties": { "ID": 3857380010207, "正式名称": "ｓ調剤薬局", "機関区分": 5, "都道府県コード": 38, "市区町村コード": 202, "所在地": "愛媛県今治市桜井２丁目３番４号", "緯度": 34.022088, "経度": 133.038616, "url": "https://www.iryou.teikyouseido.mhlw.go.jp/znk-web/juminkanja/S2430/initialize?prefCd=38&kikanCd=7380010207&kikanKbn=5", "url2": null, "内容": "ｓ調剤薬局【5:薬局】愛媛県今治市桜井２丁目３番４号" }, "geometry": { "type": "Point", "coordinates": [ 133.038616, 34.022088 ] } },
{ "type": "Feature", "properties": { "ID": 3857380010208, "正式名称": "にこにこ薬局　小松店", "機関区分": 5, "都道府県コード": 38, "市区町村コード": 206, "所在地": "愛媛県西条市小松町新屋敷甲２８４番地２", "緯度": 33.896439, "経度": 133.113089, "url": "https://www.iryou.teikyouseido.mhlw.go.jp/znk-web/juminkanja/S2430/initialize?prefCd=38&kikanCd=7380010208&kikanKbn=5", "url2": "https://www.act-ph.co.jp/about_us/", "内容": "にこにこ薬局　小松店【5:薬局】愛媛県西条市小松町新屋敷甲２８４番地２" }, "geometry": { "type": "Point", "coordinates": [ 133.113089, 33.896439 ] } },
{ "type": "Feature", "properties": { "ID": 3857380010209, "正式名称": "エムアイ薬局", "機関区分": 5, "都道府県コード": 38, "市区町村コード": 201, "所在地": "愛媛県松山市河野中須賀１４５番地２９", "緯度": 33.946978, "経度": 132.770174, "url": "https://www.iryou.teikyouseido.mhlw.go.jp/znk-web/juminkanja/S2430/initialize?prefCd=38&kikanCd=7380010209&kikanKbn=5", "url2": "http://www.mi-pharmacy.co.jp/", "内容": "エムアイ薬局【5:薬局】愛媛県松山市河野中須賀１４５番地２９" }, "geometry": { "type": "Point", "coordinates": [ 132.770174, 33.946978 ] } },
{ "type": "Feature", "properties": { "ID": 3857380010210, "正式名称": "きずな薬局日赤前店", "機関区分": 5, "都道府県コード": 38, "市区町村コード": 201, "所在地": "愛媛県松山市平和通一丁目４番地１４", "緯度": 33.847936, "経度": 132.772688, "url": "https://www.iryou.teikyouseido.mhlw.go.jp/znk-web/juminkanja/S2430/initialize?prefCd=38&kikanCd=7380010210&kikanKbn=5", "url2": null, "内容": "きずな薬局日赤前店【5:薬局】愛媛県松山市平和通一丁目４番地１４" }, "geometry": { "type": "Point", "coordinates": [ 132.772688, 33.847936 ] } },
{ "type": "Feature", "properties": { "ID": 3857380010212, "正式名称": "マック東予調剤薬局", "機関区分": 5, "都道府県コード": 38, "市区町村コード": 206, "所在地": "愛媛県西条市北条１５９４番地", "緯度": 33.928763, "経度": 133.090871, "url": "https://www.iryou.teikyouseido.mhlw.go.jp/znk-web/juminkanja/S2430/initialize?prefCd=38&kikanCd=7380010212&kikanKbn=5", "url2": null, "内容": "マック東予調剤薬局【5:薬局】愛媛県西条市北条１５９４番地" }, "geometry": { "type": "Point", "coordinates": [ 133.090871, 33.928763 ] } },
{ "type": "Feature", "properties": { "ID": 3857380010213, "正式名称": "レデイ薬局　グラン重信店", "機関区分": 5, "都道府県コード": 38, "市区町村コード": 215, "所在地": "愛媛県東温市野田三丁目１番地１３", "緯度": 33.796166, "経度": 132.835497, "url": "https://www.iryou.teikyouseido.mhlw.go.jp/znk-web/juminkanja/S2430/initialize?prefCd=38&kikanCd=7380010213&kikanKbn=5", "url2": "http://www.lady-drug.co.jp/", "内容": "レデイ薬局　グラン重信店【5:薬局】愛媛県東温市野田三丁目１番地１３" }, "geometry": { "type": "Point", "coordinates": [ 132.835497, 33.796166 ] } },
{ "type": "Feature", "properties": { "ID": 3857380010215, "正式名称": "もより調剤薬局　錦町店", "機関区分": 5, "都道府県コード": 38, "市区町村コード": 201, "所在地": "愛媛県松山市錦町６番地７　ＴＲＥＥビル１階", "緯度": 33.83826, "経度": 132.776838, "url": "https://www.iryou.teikyouseido.mhlw.go.jp/znk-web/juminkanja/S2430/initialize?prefCd=38&kikanCd=7380010215&kikanKbn=5", "url2": null, "内容": "もより調剤薬局　錦町店【5:薬局】愛媛県松山市錦町６番地７　ＴＲＥＥビル１階" }, "geometry": { "type": "Point", "coordinates": [ 132.776838, 33.83826 ] } },
{ "type": "Feature", "properties": { "ID": 3857380010216, "正式名称": "レデイ薬局　束本店", "機関区分": 5, "都道府県コード": 38, "市区町村コード": 201, "所在地": "愛媛県松山市枝松一丁目９番８号", "緯度": 33.836553, "経度": 132.787213, "url": "https://www.iryou.teikyouseido.mhlw.go.jp/znk-web/juminkanja/S2430/initialize?prefCd=38&kikanCd=7380010216&kikanKbn=5", "url2": "https://www.lady-drug.co.jp/shop/?cm=v&id=11541", "内容": "レデイ薬局　束本店【5:薬局】愛媛県松山市枝松一丁目９番８号" }, "geometry": { "type": "Point", "coordinates": [ 132.787213, 33.836553 ] } },
{ "type": "Feature", "properties": { "ID": 3857380010217, "正式名称": "マック西の土居調剤薬局", "機関区分": 5, "都道府県コード": 38, "市区町村コード": 205, "所在地": "愛媛県新居浜市西の土居町１丁目８番３号", "緯度": 33.949324, "経度": 133.282026, "url": "https://www.iryou.teikyouseido.mhlw.go.jp/znk-web/juminkanja/S2430/initialize?prefCd=38&kikanCd=7380010217&kikanKbn=5", "url2": null, "内容": "マック西の土居調剤薬局【5:薬局】愛媛県新居浜市西の土居町１丁目８番３号" }, "geometry": { "type": "Point", "coordinates": [ 133.282026, 33.949324 ] } },
{ "type": "Feature", "properties": { "ID": 3857380010218, "正式名称": "ひのき調剤薬局", "機関区分": 5, "都道府県コード": 38, "市区町村コード": 204, "所在地": "愛媛県八幡浜市桧谷３丁目１００６番１", "緯度": 33.462155, "経度": 132.436233, "url": "https://www.iryou.teikyouseido.mhlw.go.jp/znk-web/juminkanja/S2430/initialize?prefCd=38&kikanCd=7380010218&kikanKbn=5", "url2": "https://www.apolead.net/", "内容": "ひのき調剤薬局【5:薬局】愛媛県八幡浜市桧谷３丁目１００６番１" }, "geometry": { "type": "Point", "coordinates": [ 132.436233, 33.462155 ] } },
{ "type": "Feature", "properties": { "ID": 3857380010219, "正式名称": "にこにこ薬局大町店", "機関区分": 5, "都道府県コード": 38, "市区町村コード": 206, "所在地": "愛媛県西条市大町６４３番地２", "緯度": 33.919105, "経度": 133.187788, "url": "https://www.iryou.teikyouseido.mhlw.go.jp/znk-web/juminkanja/S2430/initialize?prefCd=38&kikanCd=7380010219&kikanKbn=5", "url2": "https://www.act-ph.co.jp/shop", "内容": "にこにこ薬局大町店【5:薬局】愛媛県西条市大町６４３番地２" }, "geometry": { "type": "Point", "coordinates": [ 133.187788, 33.919105 ] } },
{ "type": "Feature", "properties": { "ID": 3857380010220, "正式名称": "レデイ薬局　垣生店", "機関区分": 5, "都道府県コード": 38, "市区町村コード": 201, "所在地": "愛媛県松山市西垣生町３８２番地", "緯度": 33.810515, "経度": 132.700278, "url": "https://www.iryou.teikyouseido.mhlw.go.jp/znk-web/juminkanja/S2430/initialize?prefCd=38&kikanCd=7380010220&kikanKbn=5", "url2": "http://www.lady-drug.co.jp/", "内容": "レデイ薬局　垣生店【5:薬局】愛媛県松山市西垣生町３８２番地" }, "geometry": { "type": "Point", "coordinates": [ 132.700278, 33.810515 ] } },
{ "type": "Feature", "properties": { "ID": 3857380010221, "正式名称": "ウエルシア薬局　松山東垣生町店", "機関区分": 5, "都道府県コード": 38, "市区町村コード": 201, "所在地": "愛媛県松山市東垣生町３５８番地１", "緯度": 33.812148, "経度": 132.709895, "url": "https://www.iryou.teikyouseido.mhlw.go.jp/znk-web/juminkanja/S2430/initialize?prefCd=38&kikanCd=7380010221&kikanKbn=5", "url2": "https://store.welcia.co.jp/welcia/spot/detail?code=6830D&category=01.02.06.18.20", "内容": "ウエルシア薬局　松山東垣生町店【5:薬局】愛媛県松山市東垣生町３５８番地１" }, "geometry": { "type": "Point", "coordinates": [ 132.709895, 33.812148 ] } },
{ "type": "Feature", "properties": { "ID": 3857380010222, "正式名称": "ウエルシア薬局四国中央中曽根店", "機関区分": 5, "都道府県コード": 38, "市区町村コード": 213, "所在地": "愛媛県四国中央市中曽根町字生吉１６７６番地", "緯度": 33.975844, "経度": 133.541537, "url": "https://www.iryou.teikyouseido.mhlw.go.jp/znk-web/juminkanja/S2430/initialize?prefCd=38&kikanCd=7380010222&kikanKbn=5", "url2": "https://store.welcia.co.jp/welcia/spot/detail?code=6799D", "内容": "ウエルシア薬局四国中央中曽根店【5:薬局】愛媛県四国中央市中曽根町字生吉１６７６番地" }, "geometry": { "type": "Point", "coordinates": [ 133.541537, 33.975844 ] } },
{ "type": "Feature", "properties": { "ID": 3857380010223, "正式名称": "たちばな薬局", "機関区分": 5, "都道府県コード": 38, "市区町村コード": 202, "所在地": "愛媛県今治市立花町１丁目１０番３号", "緯度": 34.022088, "経度": 133.038616, "url": "https://www.iryou.teikyouseido.mhlw.go.jp/znk-web/juminkanja/S2430/initialize?prefCd=38&kikanCd=7380010223&kikanKbn=5", "url2": "https://www.tachibana-pharmacy.jp", "内容": "たちばな薬局【5:薬局】愛媛県今治市立花町１丁目１０番３号" }, "geometry": { "type": "Point", "coordinates": [ 133.038616, 34.022088 ] } },
{ "type": "Feature", "properties": { "ID": 3857380010224, "正式名称": "清水さざん薬局", "機関区分": 5, "都道府県コード": 38, "市区町村コード": 202, "所在地": "愛媛県今治市四村１０２－１", "緯度": 34.035311, "経度": 132.982432, "url": "https://www.iryou.teikyouseido.mhlw.go.jp/znk-web/juminkanja/S2430/initialize?prefCd=38&kikanCd=7380010224&kikanKbn=5", "url2": null, "内容": "清水さざん薬局【5:薬局】愛媛県今治市四村１０２－１" }, "geometry": { "type": "Point", "coordinates": [ 132.982432, 34.035311 ] } },
{ "type": "Feature", "properties": { "ID": 3857380010225, "正式名称": "ハッピー薬局　味酒店", "機関区分": 5, "都道府県コード": 38, "市区町村コード": 201, "所在地": "愛媛県松山市味酒町一丁目３番地　四国ガス第２ビル１階", "緯度": 33.841204, "経度": 132.755628, "url": "https://www.iryou.teikyouseido.mhlw.go.jp/znk-web/juminkanja/S2430/initialize?prefCd=38&kikanCd=7380010225&kikanKbn=5", "url2": "http://www.happy-pharmacy.com/", "内容": "ハッピー薬局　味酒店【5:薬局】愛媛県松山市味酒町一丁目３番地　四国ガス第２ビル１階" }, "geometry": { "type": "Point", "coordinates": [ 132.755628, 33.841204 ] } },
{ "type": "Feature", "properties": { "ID": 3857380010226, "正式名称": "ゆりあ調剤薬局　谷町店", "機関区分": 5, "都道府県コード": 38, "市区町村コード": 201, "所在地": "愛媛県松山市谷町甲６４番地６", "緯度": 33.880778, "経度": 132.757688, "url": "https://www.iryou.teikyouseido.mhlw.go.jp/znk-web/juminkanja/S2430/initialize?prefCd=38&kikanCd=7380010226&kikanKbn=5", "url2": "http://www.yuria-pharmacy.com/", "内容": "ゆりあ調剤薬局　谷町店【5:薬局】愛媛県松山市谷町甲６４番地６" }, "geometry": { "type": "Point", "coordinates": [ 132.757688, 33.880778 ] } },
{ "type": "Feature", "properties": { "ID": 3857380010227, "正式名称": "マック垣生調剤薬局", "機関区分": 5, "都道府県コード": 38, "市区町村コード": 201, "所在地": "愛媛県松山市西垣生町８３０番地１", "緯度": 33.814849, "経度": 132.705911, "url": "https://www.iryou.teikyouseido.mhlw.go.jp/znk-web/juminkanja/S2430/initialize?prefCd=38&kikanCd=7380010227&kikanKbn=5", "url2": "https://www.daiya-grp.co.jp/service/macchozai/#shop_list_habu", "内容": "マック垣生調剤薬局【5:薬局】愛媛県松山市西垣生町８３０番地１" }, "geometry": { "type": "Point", "coordinates": [ 132.705911, 33.814849 ] } },
{ "type": "Feature", "properties": { "ID": 3857380010228, "正式名称": "ミライノ薬局いぶき店", "機関区分": 5, "都道府県コード": 38, "市区町村コード": 213, "所在地": "愛媛県四国中央市下柏町７５６－１", "緯度": 33.984984, "経度": 133.569105, "url": "https://www.iryou.teikyouseido.mhlw.go.jp/znk-web/juminkanja/S2430/initialize?prefCd=38&kikanCd=7380010228&kikanKbn=5", "url2": null, "内容": "ミライノ薬局いぶき店【5:薬局】愛媛県四国中央市下柏町７５６－１" }, "geometry": { "type": "Point", "coordinates": [ 133.569105, 33.984984 ] } },
{ "type": "Feature", "properties": { "ID": 3857380010231, "正式名称": "ドラッグセイムス松山中央薬局", "機関区分": 5, "都道府県コード": 38, "市区町村コード": 201, "所在地": "愛媛県松山市中央一丁目１０番１８号", "緯度": 33.854866, "経度": 132.752679, "url": "https://www.iryou.teikyouseido.mhlw.go.jp/znk-web/juminkanja/S2430/initialize?prefCd=38&kikanCd=7380010231&kikanKbn=5", "url2": null, "内容": "ドラッグセイムス松山中央薬局【5:薬局】愛媛県松山市中央一丁目１０番１８号" }, "geometry": { "type": "Point", "coordinates": [ 132.752679, 33.854866 ] } },
{ "type": "Feature", "properties": { "ID": 3857380010232, "正式名称": "保険薬局みなみ", "機関区分": 5, "都道府県コード": 38, "市区町村コード": 203, "所在地": "愛媛県宇和島市保田甲８５８", "緯度": 33.189555, "経度": 132.548165, "url": "https://www.iryou.teikyouseido.mhlw.go.jp/znk-web/juminkanja/S2430/initialize?prefCd=38&kikanCd=7380010232&kikanKbn=5", "url2": "http://www.i-pharmacy.jp/", "内容": "保険薬局みなみ【5:薬局】愛媛県宇和島市保田甲８５８" }, "geometry": { "type": "Point", "coordinates": [ 132.548165, 33.189555 ] } },
{ "type": "Feature", "properties": { "ID": 3857380010233, "正式名称": "アルファーマ薬局　余戸店", "機関区分": 5, "都道府県コード": 38, "市区町村コード": 201, "所在地": "愛媛県松山市余戸東四丁目１番２８－５号", "緯度": 33.816058, "経度": 132.736472, "url": "https://www.iryou.teikyouseido.mhlw.go.jp/znk-web/juminkanja/S2430/initialize?prefCd=38&kikanCd=7380010233&kikanKbn=5", "url2": "https://alpharma-ph.com", "内容": "アルファーマ薬局　余戸店【5:薬局】愛媛県松山市余戸東四丁目１番２８－５号" }, "geometry": { "type": "Point", "coordinates": [ 132.736472, 33.816058 ] } },
{ "type": "Feature", "properties": { "ID": 3857380010234, "正式名称": "チェリー薬局　ラフター", "機関区分": 5, "都道府県コード": 38, "市区町村コード": 201, "所在地": "愛媛県松山市古川北一丁目２１番２４号", "緯度": 33.814611, "経度": 132.76278, "url": "https://www.iryou.teikyouseido.mhlw.go.jp/znk-web/juminkanja/S2430/initialize?prefCd=38&kikanCd=7380010234&kikanKbn=5", "url2": "www.cherry-sw.com", "内容": "チェリー薬局　ラフター【5:薬局】愛媛県松山市古川北一丁目２１番２４号" }, "geometry": { "type": "Point", "coordinates": [ 132.76278, 33.814611 ] } },
{ "type": "Feature", "properties": { "ID": 3857380010235, "正式名称": "マック富久調剤薬局", "機関区分": 5, "都道府県コード": 38, "市区町村コード": 201, "所在地": "愛媛県松山市富久町４３０番地２", "緯度": 33.822803, "経度": 132.725861, "url": "https://www.iryou.teikyouseido.mhlw.go.jp/znk-web/juminkanja/S2430/initialize?prefCd=38&kikanCd=7380010235&kikanKbn=5", "url2": "https://www.daiya-grp.co.jp/service/macchozai/", "内容": "マック富久調剤薬局【5:薬局】愛媛県松山市富久町４３０番地２" }, "geometry": { "type": "Point", "coordinates": [ 132.725861, 33.822803 ] } },
{ "type": "Feature", "properties": { "ID": 3857380010236, "正式名称": "レデイ薬局　松末店", "機関区分": 5, "都道府県コード": 38, "市区町村コード": 201, "所在地": "愛媛県松山市松末一丁目６番１０号", "緯度": 33.827237, "経度": 132.78927, "url": "https://www.iryou.teikyouseido.mhlw.go.jp/znk-web/juminkanja/S2430/initialize?prefCd=38&kikanCd=7380010236&kikanKbn=5", "url2": "https://www.lady-drug.co.jp/", "内容": "レデイ薬局　松末店【5:薬局】愛媛県松山市松末一丁目６番１０号" }, "geometry": { "type": "Point", "coordinates": [ 132.78927, 33.827237 ] } },
{ "type": "Feature", "properties": { "ID": 3857380010239, "正式名称": "ドラッグセイムス松山インター薬局", "機関区分": 5, "都道府県コード": 38, "市区町村コード": 201, "所在地": "愛媛県松山市北土居２丁目１４番２０号", "緯度": 33.803265, "経度": 132.787069, "url": "https://www.iryou.teikyouseido.mhlw.go.jp/znk-web/juminkanja/S2430/initialize?prefCd=38&kikanCd=7380010239&kikanKbn=5", "url2": null, "内容": "ドラッグセイムス松山インター薬局【5:薬局】愛媛県松山市北土居２丁目１４番２０号" }, "geometry": { "type": "Point", "coordinates": [ 132.787069, 33.803265 ] } },
{ "type": "Feature", "properties": { "ID": 3857380010240, "正式名称": "ハッピー薬局　内宮店", "機関区分": 5, "都道府県コード": 38, "市区町村コード": 201, "所在地": "愛媛県松山市内宮町５４９番地１", "緯度": 33.893041, "経度": 132.749038, "url": "https://www.iryou.teikyouseido.mhlw.go.jp/znk-web/juminkanja/S2430/initialize?prefCd=38&kikanCd=7380010240&kikanKbn=5", "url2": "http://happy-pharmacy.com/", "内容": "ハッピー薬局　内宮店【5:薬局】愛媛県松山市内宮町５４９番地１" }, "geometry": { "type": "Point", "coordinates": [ 132.749038, 33.893041 ] } },
{ "type": "Feature", "properties": { "ID": 3857380010241, "正式名称": "おぐに薬局　桜井店", "機関区分": 5, "都道府県コード": 38, "市区町村コード": 202, "所在地": "愛媛県今治市桜井２丁目５番３４号", "緯度": 34.01325, "経度": 133.03885, "url": "https://www.iryou.teikyouseido.mhlw.go.jp/znk-web/juminkanja/S2430/initialize?prefCd=38&kikanCd=7380010241&kikanKbn=5", "url2": "https://www.oguni-pharmacy.com/", "内容": "おぐに薬局　桜井店【5:薬局】愛媛県今治市桜井２丁目５番３４号" }, "geometry": { "type": "Point", "coordinates": [ 133.03885, 34.01325 ] } },
{ "type": "Feature", "properties": { "ID": 3857380010243, "正式名称": "あこみ薬局北方店", "機関区分": 5, "都道府県コード": 38, "市区町村コード": 215, "所在地": "愛媛県東温市北方３２０６番地３", "緯度": 33.801803, "経度": 132.893674, "url": "https://www.iryou.teikyouseido.mhlw.go.jp/znk-web/juminkanja/S2430/initialize?prefCd=38&kikanCd=7380010243&kikanKbn=5", "url2": null, "内容": "あこみ薬局北方店【5:薬局】愛媛県東温市北方３２０６番地３" }, "geometry": { "type": "Point", "coordinates": [ 132.893674, 33.801803 ] } },
{ "type": "Feature", "properties": { "ID": 3857380010244, "正式名称": "かもめ調剤薬局", "機関区分": 5, "都道府県コード": 38, "市区町村コード": 202, "所在地": "愛媛県今治市大新田町３丁目４番７号", "緯度": 34.080307, "経度": 132.991666, "url": "https://www.iryou.teikyouseido.mhlw.go.jp/znk-web/juminkanja/S2430/initialize?prefCd=38&kikanCd=7380010244&kikanKbn=5", "url2": null, "内容": "かもめ調剤薬局【5:薬局】愛媛県今治市大新田町３丁目４番７号" }, "geometry": { "type": "Point", "coordinates": [ 132.991666, 34.080307 ] } },
{ "type": "Feature", "properties": { "ID": 3857380010245, "正式名称": "有限会社　大手町薬局", "機関区分": 5, "都道府県コード": 38, "市区町村コード": 201, "所在地": "愛媛県松山市大手町一丁目１４番地２", "緯度": 33.840343, "経度": 132.75612, "url": "https://www.iryou.teikyouseido.mhlw.go.jp/znk-web/juminkanja/S2430/initialize?prefCd=38&kikanCd=7380010245&kikanKbn=5", "url2": "https://www.ootemati.com/", "内容": "有限会社　大手町薬局【5:薬局】愛媛県松山市大手町一丁目１４番地２" }, "geometry": { "type": "Point", "coordinates": [ 132.75612, 33.840343 ] } },
{ "type": "Feature", "properties": { "ID": 3857380010246, "正式名称": "愛らんど薬局　宮田町店", "機関区分": 5, "都道府県コード": 38, "市区町村コード": 201, "所在地": "愛媛県松山市宮田町１７０番地　佐伯ビルディングス１階", "緯度": 33.844089, "経度": 132.753776, "url": "https://www.iryou.teikyouseido.mhlw.go.jp/znk-web/juminkanja/S2430/initialize?prefCd=38&kikanCd=7380010246&kikanKbn=5", "url2": "https://medical-standard.net/", "内容": "愛らんど薬局　宮田町店【5:薬局】愛媛県松山市宮田町１７０番地　佐伯ビルディングス１階" }, "geometry": { "type": "Point", "coordinates": [ 132.753776, 33.844089 ] } },
{ "type": "Feature", "properties": { "ID": 3857380010247, "正式名称": "ミライノ薬局川之江店", "機関区分": 5, "都道府県コード": 38, "市区町村コード": 213, "所在地": "愛媛県四国中央市川之江町１２９９", "緯度": 34.015615, "経度": 133.570465, "url": "https://www.iryou.teikyouseido.mhlw.go.jp/znk-web/juminkanja/S2430/initialize?prefCd=38&kikanCd=7380010247&kikanKbn=5", "url2": null, "内容": "ミライノ薬局川之江店【5:薬局】愛媛県四国中央市川之江町１２９９" }, "geometry": { "type": "Point", "coordinates": [ 133.570465, 34.015615 ] } },
{ "type": "Feature", "properties": { "ID": 3857380010248, "正式名称": "ピコ薬局　にいはま店", "機関区分": 5, "都道府県コード": 38, "市区町村コード": 205, "所在地": "愛媛県新居浜市東田１丁目甲１２３９番地１", "緯度": 33.947147, "経度": 133.315982, "url": "https://www.iryou.teikyouseido.mhlw.go.jp/znk-web/juminkanja/S2430/initialize?prefCd=38&kikanCd=7380010248&kikanKbn=5", "url2": null, "内容": "ピコ薬局　にいはま店【5:薬局】愛媛県新居浜市東田１丁目甲１２３９番地１" }, "geometry": { "type": "Point", "coordinates": [ 133.315982, 33.947147 ] } },
{ "type": "Feature", "properties": { "ID": 3857380010249, "正式名称": "マック川之江調剤薬局", "機関区分": 5, "都道府県コード": 38, "市区町村コード": 213, "所在地": "愛媛県四国中央市金生町下分９９５－１", "緯度": 33.999787, "経度": 133.575797, "url": "https://www.iryou.teikyouseido.mhlw.go.jp/znk-web/juminkanja/S2430/initialize?prefCd=38&kikanCd=7380010249&kikanKbn=5", "url2": null, "内容": "マック川之江調剤薬局【5:薬局】愛媛県四国中央市金生町下分９９５－１" }, "geometry": { "type": "Point", "coordinates": [ 133.575797, 33.999787 ] } },
{ "type": "Feature", "properties": { "ID": 3857380010250, "正式名称": "Ｓ調剤薬局玉津店", "機関区分": 5, "都道府県コード": 38, "市区町村コード": 206, "所在地": "愛媛県西条市下島山甲１２３７番５", "緯度": 33.926238, "経度": 133.206661, "url": "https://www.iryou.teikyouseido.mhlw.go.jp/znk-web/juminkanja/S2430/initialize?prefCd=38&kikanCd=7380010250&kikanKbn=5", "url2": null, "内容": "Ｓ調剤薬局玉津店【5:薬局】愛媛県西条市下島山甲１２３７番５" }, "geometry": { "type": "Point", "coordinates": [ 133.206661, 33.926238 ] } },
{ "type": "Feature", "properties": { "ID": 3857380010252, "正式名称": "ハッピー薬局　東垣生店", "機関区分": 5, "都道府県コード": 38, "市区町村コード": 201, "所在地": "愛媛県松山市東垣生町１７１番地１", "緯度": 33.81289, "経度": 132.715826, "url": "https://www.iryou.teikyouseido.mhlw.go.jp/znk-web/juminkanja/S2430/initialize?prefCd=38&kikanCd=7380010252&kikanKbn=5", "url2": "http://www.happy-pharmacy.com", "内容": "ハッピー薬局　東垣生店【5:薬局】愛媛県松山市東垣生町１７１番地１" }, "geometry": { "type": "Point", "coordinates": [ 132.715826, 33.81289 ] } },
{ "type": "Feature", "properties": { "ID": 3857380010253, "正式名称": "レデイ薬局　新居浜松木店", "機関区分": 5, "都道府県コード": 38, "市区町村コード": 205, "所在地": "愛媛県新居浜市松木町５番５１号", "緯度": 33.940754, "経度": 133.294598, "url": "https://www.iryou.teikyouseido.mhlw.go.jp/znk-web/juminkanja/S2430/initialize?prefCd=38&kikanCd=7380010253&kikanKbn=5", "url2": "https://shop.tsuruha-g.com/4422", "内容": "レデイ薬局　新居浜松木店【5:薬局】愛媛県新居浜市松木町５番５１号" }, "geometry": { "type": "Point", "coordinates": [ 133.294598, 33.940754 ] } },
{ "type": "Feature", "properties": { "ID": 3857380010254, "正式名称": "レデイ薬局　森松店", "機関区分": 5, "都道府県コード": 38, "市区町村コード": 201, "所在地": "愛媛県松山市森松町９７６番地４", "緯度": 33.790882, "経度": 132.79203, "url": "https://www.iryou.teikyouseido.mhlw.go.jp/znk-web/juminkanja/S2430/initialize?prefCd=38&kikanCd=7380010254&kikanKbn=5", "url2": "https://www.lady-drug.co.jp/", "内容": "レデイ薬局　森松店【5:薬局】愛媛県松山市森松町９７６番地４" }, "geometry": { "type": "Point", "coordinates": [ 132.79203, 33.790882 ] } },
{ "type": "Feature", "properties": { "ID": 3857380010255, "正式名称": "ハッピー薬局三番町店", "機関区分": 5, "都道府県コード": 38, "市区町村コード": 201, "所在地": "愛媛県松山市三番町４丁目３番地１１", "緯度": 33.837319, "経度": 132.765595, "url": "https://www.iryou.teikyouseido.mhlw.go.jp/znk-web/juminkanja/S2430/initialize?prefCd=38&kikanCd=7380010255&kikanKbn=5", "url2": "https://www.happy-pharmacy.com/general/shop/sanbancho.php", "内容": "ハッピー薬局三番町店【5:薬局】愛媛県松山市三番町４丁目３番地１１" }, "geometry": { "type": "Point", "coordinates": [ 132.765595, 33.837319 ] } },
{ "type": "Feature", "properties": { "ID": 3857380010256, "正式名称": "テイクしもあがわ薬局", "機関区分": 5, "都道府県コード": 38, "市区町村コード": 210, "所在地": "愛媛県伊予市下吾川１００２番地１", "緯度": 33.769591, "経度": 132.708344, "url": "https://www.iryou.teikyouseido.mhlw.go.jp/znk-web/juminkanja/S2430/initialize?prefCd=38&kikanCd=7380010256&kikanKbn=5", "url2": "https://www.take-dis.jp/", "内容": "テイクしもあがわ薬局【5:薬局】愛媛県伊予市下吾川１００２番地１" }, "geometry": { "type": "Point", "coordinates": [ 132.708344, 33.769591 ] } },
{ "type": "Feature", "properties": { "ID": 3857380010257, "正式名称": "アルファ調剤薬局　駅前店", "機関区分": 5, "都道府県コード": 38, "市区町村コード": 202, "所在地": "愛媛県今治市南大門町１丁目６番地１８", "緯度": 34.0658, "経度": 132.996293, "url": "https://www.iryou.teikyouseido.mhlw.go.jp/znk-web/juminkanja/S2430/initialize?prefCd=38&kikanCd=7380010257&kikanKbn=5", "url2": "https://alfa-ph.jp", "内容": "アルファ調剤薬局　駅前店【5:薬局】愛媛県今治市南大門町１丁目６番地１８" }, "geometry": { "type": "Point", "coordinates": [ 132.996293, 34.0658 ] } },
{ "type": "Feature", "properties": { "ID": 3857380010259, "正式名称": "もより調剤薬局　銀天街店", "機関区分": 5, "都道府県コード": 38, "市区町村コード": 201, "所在地": "愛媛県松山市湊町四丁目８番地１２　１階２階", "緯度": 33.836088, "経度": 132.767039, "url": "https://www.iryou.teikyouseido.mhlw.go.jp/znk-web/juminkanja/S2430/initialize?prefCd=38&kikanCd=7380010259&kikanKbn=5", "url2": "https://aine-ph.co.jp/", "内容": "もより調剤薬局　銀天街店【5:薬局】愛媛県松山市湊町四丁目８番地１２　１階２階" }, "geometry": { "type": "Point", "coordinates": [ 132.767039, 33.836088 ] } },
{ "type": "Feature", "properties": { "ID": 3857380010260, "正式名称": "レデイ薬局　土居田店", "機関区分": 5, "都道府県コード": 38, "市区町村コード": 201, "所在地": "愛媛県松山市土居田町４１９番地１", "緯度": 33.82491, "経度": 132.746451, "url": "https://www.iryou.teikyouseido.mhlw.go.jp/znk-web/juminkanja/S2430/initialize?prefCd=38&kikanCd=7380010260&kikanKbn=5", "url2": "https://shop.tsuruha-g.com/4427", "内容": "レデイ薬局　土居田店【5:薬局】愛媛県松山市土居田町４１９番地１" }, "geometry": { "type": "Point", "coordinates": [ 132.746451, 33.82491 ] } },
{ "type": "Feature", "properties": { "ID": 3857380010261, "正式名称": "マック久米調剤薬局", "機関区分": 5, "都道府県コード": 38, "市区町村コード": 201, "所在地": "愛媛県松山市来住町１４４８番地１", "緯度": 33.810172, "経度": 132.794806, "url": "https://www.iryou.teikyouseido.mhlw.go.jp/znk-web/juminkanja/S2430/initialize?prefCd=38&kikanCd=7380010261&kikanKbn=5", "url2": null, "内容": "マック久米調剤薬局【5:薬局】愛媛県松山市来住町１４４８番地１" }, "geometry": { "type": "Point", "coordinates": [ 132.794806, 33.810172 ] } },
{ "type": "Feature", "properties": { "ID": 3857380010262, "正式名称": "さくら薬局", "機関区分": 5, "都道府県コード": 38, "市区町村コード": 201, "所在地": "愛媛県松山市鷹子町４９４番地１", "緯度": 33.812918, "経度": 132.815586, "url": "https://www.iryou.teikyouseido.mhlw.go.jp/znk-web/juminkanja/S2430/initialize?prefCd=38&kikanCd=7380010262&kikanKbn=5", "url2": "http://www.sakurapharmacy.com", "内容": "さくら薬局【5:薬局】愛媛県松山市鷹子町４９４番地１" }, "geometry": { "type": "Point", "coordinates": [ 132.815586, 33.812918 ] } },
{ "type": "Feature", "properties": { "ID": 3857380010264, "正式名称": "ウィッシュ薬局　鷹の子店", "機関区分": 5, "都道府県コード": 38, "市区町村コード": 201, "所在地": "愛媛県松山市鷹子町６８２番地２", "緯度": 33.814522, "経度": 132.809711, "url": "https://www.iryou.teikyouseido.mhlw.go.jp/znk-web/juminkanja/S2430/initialize?prefCd=38&kikanCd=7380010264&kikanKbn=5", "url2": null, "内容": "ウィッシュ薬局　鷹の子店【5:薬局】愛媛県松山市鷹子町６８２番地２" }, "geometry": { "type": "Point", "coordinates": [ 132.809711, 33.814522 ] } },
{ "type": "Feature", "properties": { "ID": 3857380010265, "正式名称": "ドラッグセイムス八幡浜江戸岡薬局", "機関区分": 5, "都道府県コード": 38, "市区町村コード": 204, "所在地": "愛媛県八幡浜市江戸岡１－４－２", "緯度": 33.45771, "経度": 132.433047, "url": "https://www.iryou.teikyouseido.mhlw.go.jp/znk-web/juminkanja/S2430/initialize?prefCd=38&kikanCd=7380010265&kikanKbn=5", "url2": null, "内容": "ドラッグセイムス八幡浜江戸岡薬局【5:薬局】愛媛県八幡浜市江戸岡１－４－２" }, "geometry": { "type": "Point", "coordinates": [ 132.433047, 33.45771 ] } },
{ "type": "Feature", "properties": { "ID": 3857380010266, "正式名称": "フロンティア薬局北斎院店", "機関区分": 5, "都道府県コード": 38, "市区町村コード": 201, "所在地": "愛媛県松山市北斎院町４８５番地１", "緯度": 33.837618, "経度": 132.727498, "url": "https://www.iryou.teikyouseido.mhlw.go.jp/znk-web/juminkanja/S2430/initialize?prefCd=38&kikanCd=7380010266&kikanKbn=5", "url2": "http://www.frontier-ph.com/", "内容": "フロンティア薬局北斎院店【5:薬局】愛媛県松山市北斎院町４８５番地１" }, "geometry": { "type": "Point", "coordinates": [ 132.727498, 33.837618 ] } },
{ "type": "Feature", "properties": { "ID": 3857380010268, "正式名称": "レデイ薬局　南久米店", "機関区分": 5, "都道府県コード": 38, "市区町村コード": 201, "所在地": "愛媛県松山市南久米町５３８番地１", "緯度": 33.812204, "経度": 132.796052, "url": "https://www.iryou.teikyouseido.mhlw.go.jp/znk-web/juminkanja/S2430/initialize?prefCd=38&kikanCd=7380010268&kikanKbn=5", "url2": "https://shop.tsuruha-g.com/4120", "内容": "レデイ薬局　南久米店【5:薬局】愛媛県松山市南久米町５３８番地１" }, "geometry": { "type": "Point", "coordinates": [ 132.796052, 33.812204 ] } },
{ "type": "Feature", "properties": { "ID": 3857380010270, "正式名称": "ウイング薬局　伊予上野店", "機関区分": 5, "都道府県コード": 38, "市区町村コード": 210, "所在地": "愛媛県伊予市上野１４６２番地１０", "緯度": 33.774551, "経度": 132.747636, "url": "https://www.iryou.teikyouseido.mhlw.go.jp/znk-web/juminkanja/S2430/initialize?prefCd=38&kikanCd=7380010270&kikanKbn=5", "url2": null, "内容": "ウイング薬局　伊予上野店【5:薬局】愛媛県伊予市上野１４６２番地１０" }, "geometry": { "type": "Point", "coordinates": [ 132.747636, 33.774551 ] } },
{ "type": "Feature", "properties": { "ID": 3857380010271, "正式名称": "アイン薬局　松山記念病院店", "機関区分": 5, "都道府県コード": 38, "市区町村コード": 201, "所在地": "愛媛県松山市美沢一丁目１０番３４号", "緯度": 33.85039, "経度": 132.750668, "url": "https://www.iryou.teikyouseido.mhlw.go.jp/znk-web/juminkanja/S2430/initialize?prefCd=38&kikanCd=7380010271&kikanKbn=5", "url2": "https://www.ainj.co.jp", "内容": "アイン薬局　松山記念病院店【5:薬局】愛媛県松山市美沢一丁目１０番３４号" }, "geometry": { "type": "Point", "coordinates": [ 132.750668, 33.85039 ] } },
{ "type": "Feature", "properties": { "ID": 3857380010272, "正式名称": "アイン薬局　山西店", "機関区分": 5, "都道府県コード": 38, "市区町村コード": 201, "所在地": "愛媛県松山市山西町８９０番地", "緯度": 33.85305, "経度": 132.720894, "url": "https://www.iryou.teikyouseido.mhlw.go.jp/znk-web/juminkanja/S2430/initialize?prefCd=38&kikanCd=7380010272&kikanKbn=5", "url2": "https://www.ainj.co.jp", "内容": "アイン薬局　山西店【5:薬局】愛媛県松山市山西町８９０番地" }, "geometry": { "type": "Point", "coordinates": [ 132.720894, 33.85305 ] } },
{ "type": "Feature", "properties": { "ID": 3857380010273, "正式名称": "三崎薬局", "機関区分": 5, "都道府県コード": 38, "市区町村コード": 442, "所在地": "愛媛県西宇和郡伊方町三崎１５１９", "緯度": 33.389957, "経度": 132.120268, "url": "https://www.iryou.teikyouseido.mhlw.go.jp/znk-web/juminkanja/S2430/initialize?prefCd=38&kikanCd=7380010273&kikanKbn=5", "url2": "https://www.apolead.net/", "内容": "三崎薬局【5:薬局】愛媛県西宇和郡伊方町三崎１５１９" }, "geometry": { "type": "Point", "coordinates": [ 132.120268, 33.389957 ] } },
{ "type": "Feature", "properties": { "ID": 3857380010274, "正式名称": "光琳堂薬局中萩店", "機関区分": 5, "都道府県コード": 38, "市区町村コード": 205, "所在地": "愛媛県新居浜市本郷３丁目４番２３号", "緯度": 33.931929, "経度": 133.283744, "url": "https://www.iryou.teikyouseido.mhlw.go.jp/znk-web/juminkanja/S2430/initialize?prefCd=38&kikanCd=7380010274&kikanKbn=5", "url2": "korindo-pharmacy.com", "内容": "光琳堂薬局中萩店【5:薬局】愛媛県新居浜市本郷３丁目４番２３号" }, "geometry": { "type": "Point", "coordinates": [ 133.283744, 33.931929 ] } },
{ "type": "Feature", "properties": { "ID": 3857380010276, "正式名称": "アイン薬局　金生町店", "機関区分": 5, "都道府県コード": 38, "市区町村コード": 213, "所在地": "愛媛県四国中央市金生町下分１２４９－１", "緯度": 33.998101, "経度": 133.580704, "url": "https://www.iryou.teikyouseido.mhlw.go.jp/znk-web/juminkanja/S2430/initialize?prefCd=38&kikanCd=7380010276&kikanKbn=5", "url2": "https://www.ainj.co.jp", "内容": "アイン薬局　金生町店【5:薬局】愛媛県四国中央市金生町下分１２４９－１" }, "geometry": { "type": "Point", "coordinates": [ 133.580704, 33.998101 ] } },
{ "type": "Feature", "properties": { "ID": 3857380010279, "正式名称": "ふきあげ薬局", "機関区分": 5, "都道府県コード": 38, "市区町村コード": 202, "所在地": "愛媛県今治市黄金町３－４－５", "緯度": 34.061595, "経度": 133.005909, "url": "https://www.iryou.teikyouseido.mhlw.go.jp/znk-web/juminkanja/S2430/initialize?prefCd=38&kikanCd=7380010279&kikanKbn=5", "url2": null, "内容": "ふきあげ薬局【5:薬局】愛媛県今治市黄金町３－４－５" }, "geometry": { "type": "Point", "coordinates": [ 133.005909, 34.061595 ] } },
{ "type": "Feature", "properties": { "ID": 3857380010280, "正式名称": "あこみ薬局土居町店", "機関区分": 5, "都道府県コード": 38, "市区町村コード": 201, "所在地": "愛媛県松山市土居町８０５番地５", "緯度": 33.797994, "経度": 132.786692, "url": "https://www.iryou.teikyouseido.mhlw.go.jp/znk-web/juminkanja/S2430/initialize?prefCd=38&kikanCd=7380010280&kikanKbn=5", "url2": null, "内容": "あこみ薬局土居町店【5:薬局】愛媛県松山市土居町８０５番地５" }, "geometry": { "type": "Point", "coordinates": [ 132.786692, 33.797994 ] } },
{ "type": "Feature", "properties": { "ID": 3857380010282, "正式名称": "クオール薬局　中之庄店", "機関区分": 5, "都道府県コード": 38, "市区町村コード": 213, "所在地": "愛媛県四国中央市中之庄町５７７－１１", "緯度": 33.975899, "経度": 133.534685, "url": "https://www.iryou.teikyouseido.mhlw.go.jp/znk-web/juminkanja/S2430/initialize?prefCd=38&kikanCd=7380010282&kikanKbn=5", "url2": "https://www.qol-net.co.jp/pharmacy/map/detail.php?id=1186", "内容": "クオール薬局　中之庄店【5:薬局】愛媛県四国中央市中之庄町５７７－１１" }, "geometry": { "type": "Point", "coordinates": [ 133.534685, 33.975899 ] } },
{ "type": "Feature", "properties": { "ID": 3857380010283, "正式名称": "クオール薬局四国中央２号店", "機関区分": 5, "都道府県コード": 38, "市区町村コード": 213, "所在地": "愛媛県四国中央市上分町７８８－１", "緯度": 33.991058, "経度": 133.587253, "url": "https://www.iryou.teikyouseido.mhlw.go.jp/znk-web/juminkanja/S2430/initialize?prefCd=38&kikanCd=7380010283&kikanKbn=5", "url2": "https://www.qol-net.co.jp/pharmacy/map/detail.php?id=1188", "内容": "クオール薬局四国中央２号店【5:薬局】愛媛県四国中央市上分町７８８－１" }, "geometry": { "type": "Point", "coordinates": [ 133.587253, 33.991058 ] } },
{ "type": "Feature", "properties": { "ID": 3857380010284, "正式名称": "ココロ調剤薬局　なかぞね店", "機関区分": 5, "都道府県コード": 38, "市区町村コード": 213, "所在地": "愛媛県四国中央市中曽根町５０６６番２", "緯度": 33.974731, "経度": 133.548498, "url": "https://www.iryou.teikyouseido.mhlw.go.jp/znk-web/juminkanja/S2430/initialize?prefCd=38&kikanCd=7380010284&kikanKbn=5", "url2": "https://shikoku-ms.com/", "内容": "ココロ調剤薬局　なかぞね店【5:薬局】愛媛県四国中央市中曽根町５０６６番２" }, "geometry": { "type": "Point", "coordinates": [ 133.548498, 33.974731 ] } },
{ "type": "Feature", "properties": { "ID": 3857380010285, "正式名称": "ミライノ薬局土居店", "機関区分": 5, "都道府県コード": 38, "市区町村コード": 213, "所在地": "愛媛県四国中央市土居町土居８５６", "緯度": 33.956706, "経度": 133.421692, "url": "https://www.iryou.teikyouseido.mhlw.go.jp/znk-web/juminkanja/S2430/initialize?prefCd=38&kikanCd=7380010285&kikanKbn=5", "url2": null, "内容": "ミライノ薬局土居店【5:薬局】愛媛県四国中央市土居町土居８５６" }, "geometry": { "type": "Point", "coordinates": [ 133.421692, 33.956706 ] } },
{ "type": "Feature", "properties": { "ID": 3857380010286, "正式名称": "ミライノ薬局三島中央店", "機関区分": 5, "都道府県コード": 38, "市区町村コード": 213, "所在地": "愛媛県四国中央市三島中央５丁目９番４８号", "緯度": 33.977933, "経度": 133.542178, "url": "https://www.iryou.teikyouseido.mhlw.go.jp/znk-web/juminkanja/S2430/initialize?prefCd=38&kikanCd=7380010286&kikanKbn=5", "url2": null, "内容": "ミライノ薬局三島中央店【5:薬局】愛媛県四国中央市三島中央５丁目９番４８号" }, "geometry": { "type": "Point", "coordinates": [ 133.542178, 33.977933 ] } },
{ "type": "Feature", "properties": { "ID": 3857380010287, "正式名称": "とよた薬局", "機関区分": 5, "都道府県コード": 38, "市区町村コード": 213, "所在地": "愛媛県四国中央市豊岡町大町１７５２番地１", "緯度": 33.963252, "経度": 133.490083, "url": "https://www.iryou.teikyouseido.mhlw.go.jp/znk-web/juminkanja/S2430/initialize?prefCd=38&kikanCd=7380010287&kikanKbn=5", "url2": null, "内容": "とよた薬局【5:薬局】愛媛県四国中央市豊岡町大町１７５２番地１" }, "geometry": { "type": "Point", "coordinates": [ 133.490083, 33.963252 ] } },
{ "type": "Feature", "properties": { "ID": 3857380010288, "正式名称": "ハッピー薬局　河野中須賀店", "機関区分": 5, "都道府県コード": 38, "市区町村コード": 201, "所在地": "愛媛県松山市河野中須賀１４５番地２０　１階", "緯度": 33.946198, "経度": 132.770304, "url": "https://www.iryou.teikyouseido.mhlw.go.jp/znk-web/juminkanja/S2430/initialize?prefCd=38&kikanCd=7380010288&kikanKbn=5", "url2": "https://happy-pharmacy.com/general/shop/kounonakasuka.php", "内容": "ハッピー薬局　河野中須賀店【5:薬局】愛媛県松山市河野中須賀１４５番地２０　１階" }, "geometry": { "type": "Point", "coordinates": [ 132.770304, 33.946198 ] } },
{ "type": "Feature", "properties": { "ID": 3857380010290, "正式名称": "クオール薬局　今治店", "機関区分": 5, "都道府県コード": 38, "市区町村コード": 202, "所在地": "愛媛県今治市北宝来町２－２－１１", "緯度": 34.065472, "経度": 132.994793, "url": "https://www.iryou.teikyouseido.mhlw.go.jp/znk-web/juminkanja/S2430/initialize?prefCd=38&kikanCd=7380010290&kikanKbn=5", "url2": "https://store.qol-net.co.jp/detail/374/", "内容": "クオール薬局　今治店【5:薬局】愛媛県今治市北宝来町２－２－１１" }, "geometry": { "type": "Point", "coordinates": [ 132.994793, 34.065472 ] } },
{ "type": "Feature", "properties": { "ID": 3857380010291, "正式名称": "フロンティア薬局高木町店", "機関区分": 5, "都道府県コード": 38, "市区町村コード": 205, "所在地": "愛媛県新居浜市高木町５－９フロンティア薬局高木町店", "緯度": 33.95204, "経度": 133.284364, "url": "https://www.iryou.teikyouseido.mhlw.go.jp/znk-web/juminkanja/S2430/initialize?prefCd=38&kikanCd=7380010291&kikanKbn=5", "url2": null, "内容": "フロンティア薬局高木町店【5:薬局】愛媛県新居浜市高木町５－９フロンティア薬局高木町店" }, "geometry": { "type": "Point", "coordinates": [ 133.284364, 33.95204 ] } },
{ "type": "Feature", "properties": { "ID": 3857380010292, "正式名称": "つばさ薬局　八幡浜店", "機関区分": 5, "都道府県コード": 38, "市区町村コード": 204, "所在地": "愛媛県八幡浜市松柏丙７７６番１", "緯度": 33.459736, "経度": 132.437503, "url": "https://www.iryou.teikyouseido.mhlw.go.jp/znk-web/juminkanja/S2430/initialize?prefCd=38&kikanCd=7380010292&kikanKbn=5", "url2": null, "内容": "つばさ薬局　八幡浜店【5:薬局】愛媛県八幡浜市松柏丙７７６番１" }, "geometry": { "type": "Point", "coordinates": [ 132.437503, 33.459736 ] } },
{ "type": "Feature", "properties": { "ID": 3857380010293, "正式名称": "ハッピー薬局　愛光店", "機関区分": 5, "都道府県コード": 38, "市区町村コード": 201, "所在地": "愛媛県松山市愛光町２－２９", "緯度": 33.84543, "経度": 132.75015, "url": "https://www.iryou.teikyouseido.mhlw.go.jp/znk-web/juminkanja/S2430/initialize?prefCd=38&kikanCd=7380010293&kikanKbn=5", "url2": "https://happy-pharmacy.com", "内容": "ハッピー薬局　愛光店【5:薬局】愛媛県松山市愛光町２－２９" }, "geometry": { "type": "Point", "coordinates": [ 132.75015, 33.84543 ] } },
{ "type": "Feature", "properties": { "ID": 3857380010294, "正式名称": "愛らんど薬局松末店", "機関区分": 5, "都道府県コード": 38, "市区町村コード": 201, "所在地": "愛媛県松山市松末２－１７－２６", "緯度": 33.826497, "経度": 132.788816, "url": "https://www.iryou.teikyouseido.mhlw.go.jp/znk-web/juminkanja/S2430/initialize?prefCd=38&kikanCd=7380010294&kikanKbn=5", "url2": "https://medical-standard.net/", "内容": "愛らんど薬局松末店【5:薬局】愛媛県松山市松末２－１７－２６" }, "geometry": { "type": "Point", "coordinates": [ 132.788816, 33.826497 ] } },
{ "type": "Feature", "properties": { "ID": 3857380010295, "正式名称": "愛らんど薬局余戸店", "機関区分": 5, "都道府県コード": 38, "市区町村コード": 201, "所在地": "愛媛県松山市余戸中１丁目２－２７", "緯度": 33.813792, "経度": 132.731767, "url": "https://www.iryou.teikyouseido.mhlw.go.jp/znk-web/juminkanja/S2430/initialize?prefCd=38&kikanCd=7380010295&kikanKbn=5", "url2": "https://medical-standard.net/", "内容": "愛らんど薬局余戸店【5:薬局】愛媛県松山市余戸中１丁目２－２７" }, "geometry": { "type": "Point", "coordinates": [ 132.731767, 33.813792 ] } },
{ "type": "Feature", "properties": { "ID": 3857380010296, "正式名称": "愛らんど薬局はなみずき店", "機関区分": 5, "都道府県コード": 38, "市区町村コード": 201, "所在地": "愛媛県松山市古川北３丁目４－１３", "緯度": 33.811487, "経度": 132.765776, "url": "https://www.iryou.teikyouseido.mhlw.go.jp/znk-web/juminkanja/S2430/initialize?prefCd=38&kikanCd=7380010296&kikanKbn=5", "url2": "https://airando-pharmacy.com/", "内容": "愛らんど薬局はなみずき店【5:薬局】愛媛県松山市古川北３丁目４－１３" }, "geometry": { "type": "Point", "coordinates": [ 132.765776, 33.811487 ] } },
{ "type": "Feature", "properties": { "ID": 3857380010297, "正式名称": "Ｓ薬局馬越店", "機関区分": 5, "都道府県コード": 38, "市区町村コード": 202, "所在地": "愛媛県今治市馬越町３丁目３番３８ー１号", "緯度": 34.057675, "経度": 132.979342, "url": "https://www.iryou.teikyouseido.mhlw.go.jp/znk-web/juminkanja/S2430/initialize?prefCd=38&kikanCd=7380010297&kikanKbn=5", "url2": null, "内容": "Ｓ薬局馬越店【5:薬局】愛媛県今治市馬越町３丁目３番３８ー１号" }, "geometry": { "type": "Point", "coordinates": [ 132.979342, 34.057675 ] } },
{ "type": "Feature", "properties": { "ID": 3857380010298, "正式名称": "イオン薬局今治馬越店", "機関区分": 5, "都道府県コード": 38, "市区町村コード": 202, "所在地": "愛媛県今治市馬越町４－８－１", "緯度": 34.056196, "経度": 132.979816, "url": "https://www.iryou.teikyouseido.mhlw.go.jp/znk-web/juminkanja/S2430/initialize?prefCd=38&kikanCd=7380010298&kikanKbn=5", "url2": "https://www.aeonretail.jp/syohousen/index.html", "内容": "イオン薬局今治馬越店【5:薬局】愛媛県今治市馬越町４－８－１" }, "geometry": { "type": "Point", "coordinates": [ 132.979816, 34.056196 ] } },
{ "type": "Feature", "properties": { "ID": 3857380010299, "正式名称": "マック川西調剤薬局", "機関区分": 5, "都道府県コード": 38, "市区町村コード": 205, "所在地": "愛媛県新居浜市泉宮町５番８号", "緯度": 33.962809, "経度": 133.274806, "url": "https://www.iryou.teikyouseido.mhlw.go.jp/znk-web/juminkanja/S2430/initialize?prefCd=38&kikanCd=7380010299&kikanKbn=5", "url2": "https://www.daiya-grp.co.jp/service/macchozai/#shop_list_kawanishi", "内容": "マック川西調剤薬局【5:薬局】愛媛県新居浜市泉宮町５番８号" }, "geometry": { "type": "Point", "coordinates": [ 133.274806, 33.962809 ] } },
{ "type": "Feature", "properties": { "ID": 3857380010300, "正式名称": "愛らんど薬局　北方店", "機関区分": 5, "都道府県コード": 38, "市区町村コード": 215, "所在地": "愛媛県東温市北方３２０６番地３", "緯度": 33.810773, "経度": 132.907626, "url": "https://www.iryou.teikyouseido.mhlw.go.jp/znk-web/juminkanja/S2430/initialize?prefCd=38&kikanCd=7380010300&kikanKbn=5", "url2": null, "内容": "愛らんど薬局　北方店【5:薬局】愛媛県東温市北方３２０６番地３" }, "geometry": { "type": "Point", "coordinates": [ 132.907626, 33.810773 ] } },
{ "type": "Feature", "properties": { "ID": 3857380010301, "正式名称": "マック東温野田調剤薬局", "機関区分": 5, "都道府県コード": 38, "市区町村コード": 215, "所在地": "愛媛県東温市野田３丁目５０４番地１", "緯度": 33.793333, "経度": 132.835927, "url": "https://www.iryou.teikyouseido.mhlw.go.jp/znk-web/juminkanja/S2430/initialize?prefCd=38&kikanCd=7380010301&kikanKbn=5", "url2": null, "内容": "マック東温野田調剤薬局【5:薬局】愛媛県東温市野田３丁目５０４番地１" }, "geometry": { "type": "Point", "coordinates": [ 132.835927, 33.793333 ] } },
{ "type": "Feature", "properties": { "ID": 3857380010302, "正式名称": "トマト薬局　下吾川店", "機関区分": 5, "都道府県コード": 38, "市区町村コード": 210, "所在地": "愛媛県伊予市下吾川６４－２", "緯度": 33.76003, "経度": 132.712663, "url": "https://www.iryou.teikyouseido.mhlw.go.jp/znk-web/juminkanja/S2430/initialize?prefCd=38&kikanCd=7380010302&kikanKbn=5", "url2": "https://www.kk-tomato.com/", "内容": "トマト薬局　下吾川店【5:薬局】愛媛県伊予市下吾川６４－２" }, "geometry": { "type": "Point", "coordinates": [ 132.712663, 33.76003 ] } },
{ "type": "Feature", "properties": { "ID": 3857380010303, "正式名称": "フロンティア薬局小坂店", "機関区分": 5, "都道府県コード": 38, "市区町村コード": 201, "所在地": "愛媛県松山市小坂三丁目３番１号", "緯度": 33.830115, "経度": 132.780068, "url": "https://www.iryou.teikyouseido.mhlw.go.jp/znk-web/juminkanja/S2430/initialize?prefCd=38&kikanCd=7380010303&kikanKbn=5", "url2": "http://www.frontier-ph.com/", "内容": "フロンティア薬局小坂店【5:薬局】愛媛県松山市小坂三丁目３番１号" }, "geometry": { "type": "Point", "coordinates": [ 132.780068, 33.830115 ] } },
{ "type": "Feature", "properties": { "ID": 3857380010304, "正式名称": "ユニスマイル薬局　末広町店", "機関区分": 5, "都道府県コード": 38, "市区町村コード": 201, "所在地": "愛媛県松山市末広町９－２", "緯度": 33.832463, "経度": 132.76395, "url": "https://www.iryou.teikyouseido.mhlw.go.jp/znk-web/juminkanja/S2430/initialize?prefCd=38&kikanCd=7380010304&kikanKbn=5", "url2": null, "内容": "ユニスマイル薬局　末広町店【5:薬局】愛媛県松山市末広町９－２" }, "geometry": { "type": "Point", "coordinates": [ 132.76395, 33.832463 ] } },
{ "type": "Feature", "properties": { "ID": 3857380010305, "正式名称": "ユニスマイル薬局　いくし店", "機関区分": 5, "都道府県コード": 38, "市区町村コード": 201, "所在地": "愛媛県松山市生石町４７３番地", "緯度": 33.832347, "経度": 132.741211, "url": "https://www.iryou.teikyouseido.mhlw.go.jp/znk-web/juminkanja/S2430/initialize?prefCd=38&kikanCd=7380010305&kikanKbn=5", "url2": null, "内容": "ユニスマイル薬局　いくし店【5:薬局】愛媛県松山市生石町４７３番地" }, "geometry": { "type": "Point", "coordinates": [ 132.741211, 33.832347 ] } },
{ "type": "Feature", "properties": { "ID": 3857380010306, "正式名称": "ユニスマイル薬局きしまち店", "機関区分": 5, "都道府県コード": 38, "市区町村コード": 201, "所在地": "愛媛県松山市来住町５１７－４", "緯度": 33.809946, "経度": 132.804444, "url": "https://www.iryou.teikyouseido.mhlw.go.jp/znk-web/juminkanja/S2430/initialize?prefCd=38&kikanCd=7380010306&kikanKbn=5", "url2": "https://unismile.co.jp/shop/kishimachi/", "内容": "ユニスマイル薬局きしまち店【5:薬局】愛媛県松山市来住町５１７－４" }, "geometry": { "type": "Point", "coordinates": [ 132.804444, 33.809946 ] } },
{ "type": "Feature", "properties": { "ID": 3857380010307, "正式名称": "チューリップ薬局", "機関区分": 5, "都道府県コード": 38, "市区町村コード": 201, "所在地": "愛媛県松山市西長戸町２９０番地２", "緯度": 33.869467, "経度": 132.7417, "url": "https://www.iryou.teikyouseido.mhlw.go.jp/znk-web/juminkanja/S2430/initialize?prefCd=38&kikanCd=7380010307&kikanKbn=5", "url2": null, "内容": "チューリップ薬局【5:薬局】愛媛県松山市西長戸町２９０番地２" }, "geometry": { "type": "Point", "coordinates": [ 132.7417, 33.869467 ] } },
{ "type": "Feature", "properties": { "ID": 3857380010308, "正式名称": "ハッピー薬局　下伊台店", "機関区分": 5, "都道府県コード": 38, "市区町村コード": 201, "所在地": "愛媛県松山市下伊台町乙１２９ー９　ウェルケア道後別館１階", "緯度": 33.873757, "経度": 132.783486, "url": "https://www.iryou.teikyouseido.mhlw.go.jp/znk-web/juminkanja/S2430/initialize?prefCd=38&kikanCd=7380010308&kikanKbn=5", "url2": "http://www.happy-pharmacy.com/", "内容": "ハッピー薬局　下伊台店【5:薬局】愛媛県松山市下伊台町乙１２９ー９　ウェルケア道後別館１階" }, "geometry": { "type": "Point", "coordinates": [ 132.783486, 33.873757 ] } },
{ "type": "Feature", "properties": { "ID": 3857380010309, "正式名称": "ユニスマイル薬局　にいはま庄内店", "機関区分": 5, "都道府県コード": 38, "市区町村コード": 205, "所在地": "愛媛県新居浜市庄内町１丁目１４番３５号", "緯度": 33.95486, "経度": 133.287314, "url": "https://www.iryou.teikyouseido.mhlw.go.jp/znk-web/juminkanja/S2430/initialize?prefCd=38&kikanCd=7380010309&kikanKbn=5", "url2": "unismile.co.jp", "内容": "ユニスマイル薬局　にいはま庄内店【5:薬局】愛媛県新居浜市庄内町１丁目１４番３５号" }, "geometry": { "type": "Point", "coordinates": [ 133.287314, 33.95486 ] } },
{ "type": "Feature", "properties": { "ID": 3857380010310, "正式名称": "とよた薬局土居店", "機関区分": 5, "都道府県コード": 38, "市区町村コード": 213, "所在地": "愛媛県四国中央市土居町津根１９０４－１", "緯度": 33.961946, "経度": 133.454673, "url": "https://www.iryou.teikyouseido.mhlw.go.jp/znk-web/juminkanja/S2430/initialize?prefCd=38&kikanCd=7380010310&kikanKbn=5", "url2": null, "内容": "とよた薬局土居店【5:薬局】愛媛県四国中央市土居町津根１９０４－１" }, "geometry": { "type": "Point", "coordinates": [ 133.454673, 33.961946 ] } },
{ "type": "Feature", "properties": { "ID": 3857380010311, "正式名称": "ユニスマイル薬局にいはま王子店", "機関区分": 5, "都道府県コード": 38, "市区町村コード": 205, "所在地": "愛媛県新居浜市王子町３－２", "緯度": 33.954642, "経度": 133.262878, "url": "https://www.iryou.teikyouseido.mhlw.go.jp/znk-web/juminkanja/S2430/initialize?prefCd=38&kikanCd=7380010311&kikanKbn=5", "url2": "https://unismile.co.jp/shop/oji/", "内容": "ユニスマイル薬局にいはま王子店【5:薬局】愛媛県新居浜市王子町３－２" }, "geometry": { "type": "Point", "coordinates": [ 133.262878, 33.954642 ] } },
{ "type": "Feature", "properties": { "ID": 3857380010312, "正式名称": "クスリのアオキ松山高岡薬局", "機関区分": 5, "都道府県コード": 38, "市区町村コード": 201, "所在地": "愛媛県松山市高岡町２９７番地", "緯度": 33.827312, "経度": 132.722221, "url": "https://www.iryou.teikyouseido.mhlw.go.jp/znk-web/juminkanja/S2430/initialize?prefCd=38&kikanCd=7380010312&kikanKbn=5", "url2": "https://www.kusuri-aoki.co.jp/", "内容": "クスリのアオキ松山高岡薬局【5:薬局】愛媛県松山市高岡町２９７番地" }, "geometry": { "type": "Point", "coordinates": [ 132.722221, 33.827312 ] } },
{ "type": "Feature", "properties": { "ID": 3857380010313, "正式名称": "ユニスマイル薬局西条店", "機関区分": 5, "都道府県コード": 38, "市区町村コード": 206, "所在地": "愛媛県西条市大町７５５番１１", "緯度": 33.914269, "経度": 133.190435, "url": "https://www.iryou.teikyouseido.mhlw.go.jp/znk-web/juminkanja/S2430/initialize?prefCd=38&kikanCd=7380010313&kikanKbn=5", "url2": "https://unismile.co.jp/", "内容": "ユニスマイル薬局西条店【5:薬局】愛媛県西条市大町７５５番１１" }, "geometry": { "type": "Point", "coordinates": [ 133.190435, 33.914269 ] } },
{ "type": "Feature", "properties": { "ID": 3857380010314, "正式名称": "ドラッグセイムス宇和島和霊薬局", "機関区分": 5, "都道府県コード": 38, "市区町村コード": 203, "所在地": "愛媛県宇和島市和霊町１２１１", "緯度": 33.232447, "経度": 132.568199, "url": "https://www.iryou.teikyouseido.mhlw.go.jp/znk-web/juminkanja/S2430/initialize?prefCd=38&kikanCd=7380010314&kikanKbn=5", "url2": null, "内容": "ドラッグセイムス宇和島和霊薬局【5:薬局】愛媛県宇和島市和霊町１２１１" }, "geometry": { "type": "Point", "coordinates": [ 132.568199, 33.232447 ] } },
{ "type": "Feature", "properties": { "ID": 3857380010315, "正式名称": "愛らんど薬局古川店", "機関区分": 5, "都道府県コード": 38, "市区町村コード": 201, "所在地": "愛媛県松山市古川北三丁目７番４号", "緯度": 33.810349, "経度": 132.765141, "url": "https://www.iryou.teikyouseido.mhlw.go.jp/znk-web/juminkanja/S2430/initialize?prefCd=38&kikanCd=7380010315&kikanKbn=5", "url2": "https://airando-pharmacy.com/", "内容": "愛らんど薬局古川店【5:薬局】愛媛県松山市古川北三丁目７番４号" }, "geometry": { "type": "Point", "coordinates": [ 132.765141, 33.810349 ] } },
{ "type": "Feature", "properties": { "ID": 3857380010316, "正式名称": "ひめ薬局　古町店", "機関区分": 5, "都道府県コード": 38, "市区町村コード": 201, "所在地": "愛媛県松山市宮西１丁目８－１２宮西ビル２階", "緯度": 33.846501, "経度": 132.752573, "url": "https://www.iryou.teikyouseido.mhlw.go.jp/znk-web/juminkanja/S2430/initialize?prefCd=38&kikanCd=7380010316&kikanKbn=5", "url2": "https://rephpic.com/komachi.html", "内容": "ひめ薬局　古町店【5:薬局】愛媛県松山市宮西１丁目８－１２宮西ビル２階" }, "geometry": { "type": "Point", "coordinates": [ 132.752573, 33.846501 ] } },
{ "type": "Feature", "properties": { "ID": 3857380010317, "正式名称": "ユニスマイル薬局　にいはま本郷店", "機関区分": 5, "都道府県コード": 38, "市区町村コード": 205, "所在地": "愛媛県新居浜市本郷三丁目５番３５号", "緯度": 33.931665, "経度": 133.281563, "url": "https://www.iryou.teikyouseido.mhlw.go.jp/znk-web/juminkanja/S2430/initialize?prefCd=38&kikanCd=7380010317&kikanKbn=5", "url2": "https://unismile.co.jp", "内容": "ユニスマイル薬局　にいはま本郷店【5:薬局】愛媛県新居浜市本郷三丁目５番３５号" }, "geometry": { "type": "Point", "coordinates": [ 133.281563, 33.931665 ] } },
{ "type": "Feature", "properties": { "ID": 3857380010319, "正式名称": "松山すずらん薬局", "機関区分": 5, "都道府県コード": 38, "市区町村コード": 201, "所在地": "愛媛県松山市問屋町３番２０号", "緯度": 33.864106, "経度": 132.752273, "url": "https://www.iryou.teikyouseido.mhlw.go.jp/znk-web/juminkanja/S2430/initialize?prefCd=38&kikanCd=7380010319&kikanKbn=5", "url2": "https://www.i-pharmacy.jp/pharmacy/%e6%9d%be%e5%b1%b1%e3%81%99%e3%81%9a%e3%82%89%e3%82%93%e8%96%ac%e5%b1%80/", "内容": "松山すずらん薬局【5:薬局】愛媛県松山市問屋町３番２０号" }, "geometry": { "type": "Point", "coordinates": [ 132.752273, 33.864106 ] } },
{ "type": "Feature", "properties": { "ID": 3857380010320, "正式名称": "愛らんど薬局　新谷店", "機関区分": 5, "都道府県コード": 38, "市区町村コード": 207, "所在地": "愛媛県大洲市新谷町甲３０９番２", "緯度": 33.537315, "経度": 132.596364, "url": "https://www.iryou.teikyouseido.mhlw.go.jp/znk-web/juminkanja/S2430/initialize?prefCd=38&kikanCd=7380010320&kikanKbn=5", "url2": "https://medical-standard.net/", "内容": "愛らんど薬局　新谷店【5:薬局】愛媛県大洲市新谷町甲３０９番２" }, "geometry": { "type": "Point", "coordinates": [ 132.596364, 33.537315 ] } },
{ "type": "Feature", "properties": { "ID": 3857380010321, "正式名称": "あすなろ薬局今治本店", "機関区分": 5, "都道府県コード": 38, "市区町村コード": 202, "所在地": "愛媛県今治市米屋町３丁目２－１０", "緯度": 34.069883, "経度": 133.000318, "url": "https://www.iryou.teikyouseido.mhlw.go.jp/znk-web/juminkanja/S2430/initialize?prefCd=38&kikanCd=7380010321&kikanKbn=5", "url2": "https://aine-ph.co.jp", "内容": "あすなろ薬局今治本店【5:薬局】愛媛県今治市米屋町３丁目２－１０" }, "geometry": { "type": "Point", "coordinates": [ 133.000318, 34.069883 ] } },
{ "type": "Feature", "properties": { "ID": 3857380010322, "正式名称": "つばさ薬局　大洲中央店", "機関区分": 5, "都道府県コード": 38, "市区町村コード": 207, "所在地": "愛媛県大洲市田口甲８６番地１大洲中央ビル１０３号", "緯度": 33.515338, "経度": 132.550595, "url": "https://www.iryou.teikyouseido.mhlw.go.jp/znk-web/juminkanja/S2430/initialize?prefCd=38&kikanCd=7380010322&kikanKbn=5", "url2": "http://tubasa.mystrikingly.com/", "内容": "つばさ薬局　大洲中央店【5:薬局】愛媛県大洲市田口甲８６番地１大洲中央ビル１０３号" }, "geometry": { "type": "Point", "coordinates": [ 132.550595, 33.515338 ] } },
{ "type": "Feature", "properties": { "ID": 3857380010323, "正式名称": "薬局　草煎", "機関区分": 5, "都道府県コード": 38, "市区町村コード": 213, "所在地": "愛媛県四国中央市三島中央４－１０－１４マルショウビル１階南", "緯度": 33.982292, "経度": 133.540784, "url": "https://www.iryou.teikyouseido.mhlw.go.jp/znk-web/juminkanja/S2430/initialize?prefCd=38&kikanCd=7380010323&kikanKbn=5", "url2": null, "内容": "薬局　草煎【5:薬局】愛媛県四国中央市三島中央４－１０－１４マルショウビル１階南" }, "geometry": { "type": "Point", "coordinates": [ 133.540784, 33.982292 ] } },
{ "type": "Feature", "properties": { "ID": 3857380010324, "正式名称": "クスリのアオキ四国中央三島薬局", "機関区分": 5, "都道府県コード": 38, "市区町村コード": 213, "所在地": "愛媛県四国中央市中曽根町４４７番地", "緯度": 33.978433, "経度": 133.55237, "url": "https://www.iryou.teikyouseido.mhlw.go.jp/znk-web/juminkanja/S2430/initialize?prefCd=38&kikanCd=7380010324&kikanKbn=5", "url2": "https://www.kusuri-aoki.co.jp/", "内容": "クスリのアオキ四国中央三島薬局【5:薬局】愛媛県四国中央市中曽根町４４７番地" }, "geometry": { "type": "Point", "coordinates": [ 133.55237, 33.978433 ] } },
{ "type": "Feature", "properties": { "ID": 3857380010325, "正式名称": "庄野薬局（下町くすの木通り店）", "機関区分": 5, "都道府県コード": 38, "市区町村コード": 206, "所在地": "愛媛県西条市大町６４６－９", "緯度": 33.918691, "経度": 133.187939, "url": "https://www.iryou.teikyouseido.mhlw.go.jp/znk-web/juminkanja/S2430/initialize?prefCd=38&kikanCd=7380010325&kikanKbn=5", "url2": "http://shono-pharmacy.com", "内容": "庄野薬局（下町くすの木通り店）【5:薬局】愛媛県西条市大町６４６－９" }, "geometry": { "type": "Point", "coordinates": [ 133.187939, 33.918691 ] } },
{ "type": "Feature", "properties": { "ID": 3857380010326, "正式名称": "フロンティア薬局東石井店", "機関区分": 5, "都道府県コード": 38, "市区町村コード": 201, "所在地": "愛媛県松山市東石井４丁目１８番３０号", "緯度": 33.813645, "経度": 132.779311, "url": "https://www.iryou.teikyouseido.mhlw.go.jp/znk-web/juminkanja/S2430/initialize?prefCd=38&kikanCd=7380010326&kikanKbn=5", "url2": "https://www.frontier-ph.com/ins-pharmacy/area-search/ehime/matsuyama-shi/", "内容": "フロンティア薬局東石井店【5:薬局】愛媛県松山市東石井４丁目１８番３０号" }, "geometry": { "type": "Point", "coordinates": [ 132.779311, 33.813645 ] } },
{ "type": "Feature", "properties": { "ID": 3857380010327, "正式名称": "フロンティア薬局松山市民病院前店", "機関区分": 5, "都道府県コード": 38, "市区町村コード": 201, "所在地": "愛媛県松山市三番町８丁目１１番１８", "緯度": 33.838792, "経度": 132.754534, "url": "https://www.iryou.teikyouseido.mhlw.go.jp/znk-web/juminkanja/S2430/initialize?prefCd=38&kikanCd=7380010327&kikanKbn=5", "url2": "https://www.frontier-ph.com/", "内容": "フロンティア薬局松山市民病院前店【5:薬局】愛媛県松山市三番町８丁目１１番１８" }, "geometry": { "type": "Point", "coordinates": [ 132.754534, 33.838792 ] } },
{ "type": "Feature", "properties": { "ID": 3857380010328, "正式名称": "かいてき調剤薬局　八坂公園前店", "機関区分": 5, "都道府県コード": 38, "市区町村コード": 201, "所在地": "愛媛県松山市三番町１丁目４番６ＭＯＧテラス三番町１階", "緯度": 33.837486, "経度": 132.772587, "url": "https://www.iryou.teikyouseido.mhlw.go.jp/znk-web/juminkanja/S2430/initialize?prefCd=38&kikanCd=7380010328&kikanKbn=5", "url2": "https://www.kaiteki-pharma.co.jp/shop-info/yasakakouenmae", "内容": "かいてき調剤薬局　八坂公園前店【5:薬局】愛媛県松山市三番町１丁目４番６ＭＯＧテラス三番町１階" }, "geometry": { "type": "Point", "coordinates": [ 132.772587, 33.837486 ] } },
{ "type": "Feature", "properties": { "ID": 3857380010329, "正式名称": "ハッピー薬局　大手町店", "機関区分": 5, "都道府県コード": 38, "市区町村コード": 201, "所在地": "愛媛県松山市大手町二丁目１番地１　労住協大手町ハイツ１階", "緯度": 33.839136, "経度": 132.754792, "url": "https://www.iryou.teikyouseido.mhlw.go.jp/znk-web/juminkanja/S2430/initialize?prefCd=38&kikanCd=7380010329&kikanKbn=5", "url2": "https://www.happy-pharmacy.com/", "内容": "ハッピー薬局　大手町店【5:薬局】愛媛県松山市大手町二丁目１番地１　労住協大手町ハイツ１階" }, "geometry": { "type": "Point", "coordinates": [ 132.754792, 33.839136 ] } },
{ "type": "Feature", "properties": { "ID": 3857380010330, "正式名称": "日本調剤　松山薬局", "機関区分": 5, "都道府県コード": 38, "市区町村コード": 201, "所在地": "愛媛県松山市大手町２丁目２－３６", "緯度": 33.839206, "経度": 132.754628, "url": "https://www.iryou.teikyouseido.mhlw.go.jp/znk-web/juminkanja/S2430/initialize?prefCd=38&kikanCd=7380010330&kikanKbn=5", "url2": "https://www.nicho.co.jp/tenpo/matsuyama/", "内容": "日本調剤　松山薬局【5:薬局】愛媛県松山市大手町２丁目２－３６" }, "geometry": { "type": "Point", "coordinates": [ 132.754628, 33.839206 ] } },
{ "type": "Feature", "properties": { "ID": 3857380010331, "正式名称": "城西調剤薬局道後店", "機関区分": 5, "都道府県コード": 38, "市区町村コード": 201, "所在地": "愛媛県松山市道後町一丁目８番５号　１階", "緯度": 33.8501, "経度": 132.784243, "url": "https://www.iryou.teikyouseido.mhlw.go.jp/znk-web/juminkanja/S2430/initialize?prefCd=38&kikanCd=7380010331&kikanKbn=5", "url2": "http://www.hiro-pharmacy.com/", "内容": "城西調剤薬局道後店【5:薬局】愛媛県松山市道後町一丁目８番５号　１階" }, "geometry": { "type": "Point", "coordinates": [ 132.784243, 33.8501 ] } },
{ "type": "Feature", "properties": { "ID": 3857380010332, "正式名称": "城西調剤薬局北久米店", "機関区分": 5, "都道府県コード": 38, "市区町村コード": 201, "所在地": "愛媛県松山市北久米町１１００番地５", "緯度": 33.811583, "経度": 132.789946, "url": "https://www.iryou.teikyouseido.mhlw.go.jp/znk-web/juminkanja/S2430/initialize?prefCd=38&kikanCd=7380010332&kikanKbn=5", "url2": "http://www.hiro-pharmacy.com/", "内容": "城西調剤薬局北久米店【5:薬局】愛媛県松山市北久米町１１００番地５" }, "geometry": { "type": "Point", "coordinates": [ 132.789946, 33.811583 ] } },
{ "type": "Feature", "properties": { "ID": 3857380010333, "正式名称": "かいてき調剤薬局新玉店", "機関区分": 5, "都道府県コード": 38, "市区町村コード": 201, "所在地": "愛媛県松山市千舟町八丁目６６番地５", "緯度": 33.837066, "経度": 132.754525, "url": "https://www.iryou.teikyouseido.mhlw.go.jp/znk-web/juminkanja/S2430/initialize?prefCd=38&kikanCd=7380010333&kikanKbn=5", "url2": "https://www.kaiteki-pharma.co.jp/", "内容": "かいてき調剤薬局新玉店【5:薬局】愛媛県松山市千舟町八丁目６６番地５" }, "geometry": { "type": "Point", "coordinates": [ 132.754525, 33.837066 ] } },
{ "type": "Feature", "properties": { "ID": 3857380010334, "正式名称": "メープル薬局", "機関区分": 5, "都道府県コード": 38, "市区町村コード": 201, "所在地": "愛媛県松山市東長戸１丁目１１－３２", "緯度": 33.868663, "経度": 132.751996, "url": "https://www.iryou.teikyouseido.mhlw.go.jp/znk-web/juminkanja/S2430/initialize?prefCd=38&kikanCd=7380010334&kikanKbn=5", "url2": null, "内容": "メープル薬局【5:薬局】愛媛県松山市東長戸１丁目１１－３２" }, "geometry": { "type": "Point", "coordinates": [ 132.751996, 33.868663 ] } },
{ "type": "Feature", "properties": { "ID": 3857380010338, "正式名称": "ひなた薬局", "機関区分": 5, "都道府県コード": 38, "市区町村コード": 205, "所在地": "愛媛県新居浜市若水町１丁目３番３号", "緯度": 33.965966, "経度": 133.281548, "url": "https://www.iryou.teikyouseido.mhlw.go.jp/znk-web/juminkanja/S2430/initialize?prefCd=38&kikanCd=7380010338&kikanKbn=5", "url2": "https://fesrec-japan.com/store_information5.html", "内容": "ひなた薬局【5:薬局】愛媛県新居浜市若水町１丁目３番３号" }, "geometry": { "type": "Point", "coordinates": [ 133.281548, 33.965966 ] } }
]
}
