{
"type": "FeatureCollection",
"name": "geo_38_2",
"crs": { "type": "name", "properties": { "name": "urn:ogc:def:crs:OGC:1.3:CRS84" } },
"features": [
{ "type": "Feature", "properties": { "ID": 3822383100290, "正式名称": "武田産婦人科医院", "機関区分": 2, "都道府県コード": 38, "市区町村コード": 201, "所在地": "愛媛県松山市木屋町１丁目５－１４", "緯度": 33.848435, "経度": 132.759929, "url": "https://www.iryou.teikyouseido.mhlw.go.jp/znk-web/juminkanja/S2430/initialize?prefCd=38&kikanCd=2383100290&kikanKbn=2", "url2": "http://www.sanfujinka-navi.ne.jp/shikoku/ehime/takeda.html", "内容": "武田産婦人科医院【2:診療所】【診療科目:産婦人科】愛媛県松山市木屋町１丁目５－１４" }, "geometry": { "type": "Point", "coordinates": [ 132.759929, 33.848435 ] } },
{ "type": "Feature", "properties": { "ID": 3822383100320, "正式名称": "公益財団法人愛媛県総合保健協会診療所", "機関区分": 2, "都道府県コード": 38, "市区町村コード": 201, "所在地": "愛媛県松山市味酒町１丁目１０番地５", "緯度": 33.842269, "経度": 132.755152, "url": "https://www.iryou.teikyouseido.mhlw.go.jp/znk-web/juminkanja/S2430/initialize?prefCd=38&kikanCd=2383100320&kikanKbn=2", "url2": "http://www.eghca.or.jp", "内容": "公益財団法人愛媛県総合保健協会診療所【2:診療所】【診療科目:内科_呼吸器内科_循環器内科_婦人科】愛媛県松山市味酒町１丁目１０番地５" }, "geometry": { "type": "Point", "coordinates": [ 132.755152, 33.842269 ] } },
{ "type": "Feature", "properties": { "ID": 3822383100450, "正式名称": "わたなべ皮ふ科形成外科", "機関区分": 2, "都道府県コード": 38, "市区町村コード": 201, "所在地": "愛媛県松山市土居田町３１１－７", "緯度": 33.821993, "経度": 132.747959, "url": "https://www.iryou.teikyouseido.mhlw.go.jp/znk-web/juminkanja/S2430/initialize?prefCd=38&kikanCd=2383100450&kikanKbn=2", "url2": null, "内容": "わたなべ皮ふ科形成外科【2:診療所】【診療科目:形成外科_皮膚科】愛媛県松山市土居田町３１１－７" }, "geometry": { "type": "Point", "coordinates": [ 132.747959, 33.821993 ] } },
{ "type": "Feature", "properties": { "ID": 3822383100610, "正式名称": "みどりクリニック内科消化器科", "機関区分": 2, "都道府県コード": 38, "市区町村コード": 201, "所在地": "愛媛県松山市中央一丁目１０－１２", "緯度": 33.854712, "経度": 132.752402, "url": "https://www.iryou.teikyouseido.mhlw.go.jp/znk-web/juminkanja/S2430/initialize?prefCd=38&kikanCd=2383100610&kikanKbn=2", "url2": null, "内容": "みどりクリニック内科消化器科【2:診療所】【診療科目:内科_消化器内科】愛媛県松山市中央一丁目１０－１２" }, "geometry": { "type": "Point", "coordinates": [ 132.752402, 33.854712 ] } },
{ "type": "Feature", "properties": { "ID": 3822383100740, "正式名称": "渡辺内科クリニック", "機関区分": 2, "都道府県コード": 38, "市区町村コード": 201, "所在地": "愛媛県松山市東野一丁目８番５２号", "緯度": 33.843714, "経度": 132.797037, "url": "https://www.iryou.teikyouseido.mhlw.go.jp/znk-web/juminkanja/S2430/initialize?prefCd=38&kikanCd=2383100740&kikanKbn=2", "url2": "http://w-kampo.com/", "内容": "渡辺内科クリニック【2:診療所】【診療科目:内科_呼吸器内科_漢方内科_精神科_アレルギー科】愛媛県松山市東野一丁目８番５２号" }, "geometry": { "type": "Point", "coordinates": [ 132.797037, 33.843714 ] } },
{ "type": "Feature", "properties": { "ID": 3822383100870, "正式名称": "平井こどもクリニック", "機関区分": 2, "都道府県コード": 38, "市区町村コード": 201, "所在地": "愛媛県松山市和気町一丁目７１４－３", "緯度": 33.896291, "経度": 132.736818, "url": "https://www.iryou.teikyouseido.mhlw.go.jp/znk-web/juminkanja/S2430/initialize?prefCd=38&kikanCd=2383100870&kikanKbn=2", "url2": "http://www.hirai-cl.com/", "内容": "平井こどもクリニック【2:診療所】【診療科目:小児科_アレルギー科】愛媛県松山市和気町一丁目７１４－３" }, "geometry": { "type": "Point", "coordinates": [ 132.736818, 33.896291 ] } },
{ "type": "Feature", "properties": { "ID": 3822383100900, "正式名称": "眼科にしむら医院", "機関区分": 2, "都道府県コード": 38, "市区町村コード": 201, "所在地": "愛媛県松山市湊町４丁目７－５", "緯度": 33.835881, "経度": 132.767373, "url": "https://www.iryou.teikyouseido.mhlw.go.jp/znk-web/juminkanja/S2430/initialize?prefCd=38&kikanCd=2383100900&kikanKbn=2", "url2": "https://ganka-nishimura.doctorsfile.jp/", "内容": "眼科にしむら医院【2:診療所】【診療科目:眼科】愛媛県松山市湊町４丁目７－５" }, "geometry": { "type": "Point", "coordinates": [ 132.767373, 33.835881 ] } },
{ "type": "Feature", "properties": { "ID": 3822383101170, "正式名称": "かない循環器科・内科クリニック", "機関区分": 2, "都道府県コード": 38, "市区町村コード": 201, "所在地": "愛媛県松山市中須賀１丁目１－２６", "緯度": 33.864289, "経度": 132.72574, "url": "https://www.iryou.teikyouseido.mhlw.go.jp/znk-web/juminkanja/S2430/initialize?prefCd=38&kikanCd=2383101170&kikanKbn=2", "url2": null, "内容": "かない循環器科・内科クリニック【2:診療所】【診療科目:内科_循環器内科】愛媛県松山市中須賀１丁目１－２６" }, "geometry": { "type": "Point", "coordinates": [ 132.72574, 33.864289 ] } },
{ "type": "Feature", "properties": { "ID": 3822383101330, "正式名称": "こざわ耳鼻咽喉科医院", "機関区分": 2, "都道府県コード": 38, "市区町村コード": 201, "所在地": "愛媛県松山市高岡町４２８－４", "緯度": 33.826631, "経度": 132.718211, "url": "https://www.iryou.teikyouseido.mhlw.go.jp/znk-web/juminkanja/S2430/initialize?prefCd=38&kikanCd=2383101330&kikanKbn=2", "url2": "http://www.kozawa-ent.com/", "内容": "こざわ耳鼻咽喉科医院【2:診療所】【診療科目:耳鼻いんこう科】愛媛県松山市高岡町４２８－４" }, "geometry": { "type": "Point", "coordinates": [ 132.718211, 33.826631 ] } },
{ "type": "Feature", "properties": { "ID": 3822383101590, "正式名称": "高橋眼科", "機関区分": 2, "都道府県コード": 38, "市区町村コード": 201, "所在地": "愛媛県松山市余戸東４丁目３－５余土ビル２階", "緯度": 33.815938, "経度": 132.734016, "url": "https://www.iryou.teikyouseido.mhlw.go.jp/znk-web/juminkanja/S2430/initialize?prefCd=38&kikanCd=2383101590&kikanKbn=2", "url2": null, "内容": "高橋眼科【2:診療所】【診療科目:眼科】愛媛県松山市余戸東４丁目３－５余土ビル２階" }, "geometry": { "type": "Point", "coordinates": [ 132.734016, 33.815938 ] } },
{ "type": "Feature", "properties": { "ID": 3822383101620, "正式名称": "かどた耳鼻咽喉科クリニック", "機関区分": 2, "都道府県コード": 38, "市区町村コード": 201, "所在地": "愛媛県松山市北斎院町９２８－３", "緯度": 33.840935, "経度": 132.724127, "url": "https://www.iryou.teikyouseido.mhlw.go.jp/znk-web/juminkanja/S2430/initialize?prefCd=38&kikanCd=2383101620&kikanKbn=2", "url2": null, "内容": "かどた耳鼻咽喉科クリニック【2:診療所】【診療科目:気管食道・耳鼻いんこう科_アレルギー科】愛媛県松山市北斎院町９２８－３" }, "geometry": { "type": "Point", "coordinates": [ 132.724127, 33.840935 ] } },
{ "type": "Feature", "properties": { "ID": 3822383101910, "正式名称": "竹尾クリニック", "機関区分": 2, "都道府県コード": 38, "市区町村コード": 201, "所在地": "愛媛県松山市千舟町３丁目１－４チソクビル３階", "緯度": 33.836548, "経度": 132.769318, "url": "https://www.iryou.teikyouseido.mhlw.go.jp/znk-web/juminkanja/S2430/initialize?prefCd=38&kikanCd=2383101910&kikanKbn=2", "url2": null, "内容": "竹尾クリニック【2:診療所】【診療科目:精神科_神経科_心療内科】愛媛県松山市千舟町３丁目１－４チソクビル３階" }, "geometry": { "type": "Point", "coordinates": [ 132.769318, 33.836548 ] } },
{ "type": "Feature", "properties": { "ID": 3822383102180, "正式名称": "医療法人　西川内科・消化器クリニック", "機関区分": 2, "都道府県コード": 38, "市区町村コード": 201, "所在地": "愛媛県松山市勝山町２丁目７２", "緯度": 33.843699, "経度": 132.775912, "url": "https://www.iryou.teikyouseido.mhlw.go.jp/znk-web/juminkanja/S2430/initialize?prefCd=38&kikanCd=2383102180&kikanKbn=2", "url2": "http://nishikawa-naika.jp", "内容": "医療法人　西川内科・消化器クリニック【2:診療所】【診療科目:内科_消化器内科】愛媛県松山市勝山町２丁目７２" }, "geometry": { "type": "Point", "coordinates": [ 132.775912, 33.843699 ] } },
{ "type": "Feature", "properties": { "ID": 3822383102210, "正式名称": "黒川耳鼻咽喉科", "機関区分": 2, "都道府県コード": 38, "市区町村コード": 201, "所在地": "愛媛県松山市岩崎町２丁目６－１８", "緯度": 33.846213, "経度": 132.784538, "url": "https://www.iryou.teikyouseido.mhlw.go.jp/znk-web/juminkanja/S2430/initialize?prefCd=38&kikanCd=2383102210&kikanKbn=2", "url2": null, "内容": "黒川耳鼻咽喉科【2:診療所】【診療科目:耳鼻いんこう科】愛媛県松山市岩崎町２丁目６－１８" }, "geometry": { "type": "Point", "coordinates": [ 132.784538, 33.846213 ] } },
{ "type": "Feature", "properties": { "ID": 3822383102630, "正式名称": "医療法人　永井皮フ科クリニック", "機関区分": 2, "都道府県コード": 38, "市区町村コード": 201, "所在地": "愛媛県松山市久万ノ台５５８番地６", "緯度": 33.862683, "経度": 132.741152, "url": "https://www.iryou.teikyouseido.mhlw.go.jp/znk-web/juminkanja/S2430/initialize?prefCd=38&kikanCd=2383102630&kikanKbn=2", "url2": "http://wwwb.pikara.ne.jp/nagai-hifuka/", "内容": "医療法人　永井皮フ科クリニック【2:診療所】【診療科目:皮膚科】愛媛県松山市久万ノ台５５８番地６" }, "geometry": { "type": "Point", "coordinates": [ 132.741152, 33.862683 ] } },
{ "type": "Feature", "properties": { "ID": 3822383102760, "正式名称": "医療法人　鉾石医院　ほこいし医院", "機関区分": 2, "都道府県コード": 38, "市区町村コード": 201, "所在地": "愛媛県松山市柳井町一丁目１４－８", "緯度": 33.834353, "経度": 132.769346, "url": "https://www.iryou.teikyouseido.mhlw.go.jp/znk-web/juminkanja/S2430/initialize?prefCd=38&kikanCd=2383102760&kikanKbn=2", "url2": "www.hokoishi.com", "内容": "医療法人　鉾石医院　ほこいし医院【2:診療所】【診療科目:肛門外科_泌尿器科】愛媛県松山市柳井町一丁目１４－８" }, "geometry": { "type": "Point", "coordinates": [ 132.769346, 33.834353 ] } },
{ "type": "Feature", "properties": { "ID": 3822383102920, "正式名称": "喜多岡整形外科クリニック", "機関区分": 2, "都道府県コード": 38, "市区町村コード": 201, "所在地": "愛媛県松山市雄郡二丁目９－３３", "緯度": 33.830215, "経度": 132.754042, "url": "https://www.iryou.teikyouseido.mhlw.go.jp/znk-web/juminkanja/S2430/initialize?prefCd=38&kikanCd=2383102920&kikanKbn=2", "url2": null, "内容": "喜多岡整形外科クリニック【2:診療所】【診療科目:整形外科_リウマチ科_リハビリテーション科】愛媛県松山市雄郡二丁目９－３３" }, "geometry": { "type": "Point", "coordinates": [ 132.754042, 33.830215 ] } },
{ "type": "Feature", "properties": { "ID": 3822383103060, "正式名称": "本町クリニック内科・循環器科", "機関区分": 2, "都道府県コード": 38, "市区町村コード": 201, "所在地": "愛媛県松山市本町六丁目６－７", "緯度": 33.853073, "経度": 132.75854, "url": "https://www.iryou.teikyouseido.mhlw.go.jp/znk-web/juminkanja/S2430/initialize?prefCd=38&kikanCd=2383103060&kikanKbn=2", "url2": "http://honmachi-clinic.jp", "内容": "本町クリニック内科・循環器科【2:診療所】【診療科目:内科_循環器内科】愛媛県松山市本町六丁目６－７" }, "geometry": { "type": "Point", "coordinates": [ 132.75854, 33.853073 ] } },
{ "type": "Feature", "properties": { "ID": 3822383103190, "正式名称": "くす小児科", "機関区分": 2, "都道府県コード": 38, "市区町村コード": 201, "所在地": "愛媛県松山市西長戸町２７４－２", "緯度": 33.868905, "経度": 132.742846, "url": "https://www.iryou.teikyouseido.mhlw.go.jp/znk-web/juminkanja/S2430/initialize?prefCd=38&kikanCd=2383103190&kikanKbn=2", "url2": "https://www.kusuchildrens-clinic.jp", "内容": "くす小児科【2:診療所】【診療科目:小児科_アレルギー科】愛媛県松山市西長戸町２７４－２" }, "geometry": { "type": "Point", "coordinates": [ 132.742846, 33.868905 ] } },
{ "type": "Feature", "properties": { "ID": 3822383103350, "正式名称": "くめ内科クリニック", "機関区分": 2, "都道府県コード": 38, "市区町村コード": 201, "所在地": "愛媛県松山市山西町１５２－１６", "緯度": 33.852989, "経度": 132.727293, "url": "https://www.iryou.teikyouseido.mhlw.go.jp/znk-web/juminkanja/S2430/initialize?prefCd=38&kikanCd=2383103350&kikanKbn=2", "url2": null, "内容": "くめ内科クリニック【2:診療所】【診療科目:内科_呼吸器内科_消化器内科】愛媛県松山市山西町１５２－１６" }, "geometry": { "type": "Point", "coordinates": [ 132.727293, 33.852989 ] } },
{ "type": "Feature", "properties": { "ID": 3822383103480, "正式名称": "日野内科・消化器科", "機関区分": 2, "都道府県コード": 38, "市区町村コード": 201, "所在地": "愛媛県松山市余戸東５丁目２番５号", "緯度": 33.815744, "経度": 132.73871, "url": "https://www.iryou.teikyouseido.mhlw.go.jp/znk-web/juminkanja/S2430/initialize?prefCd=38&kikanCd=2383103480&kikanKbn=2", "url2": "itp.ne.jp,epark.jp", "内容": "日野内科・消化器科【2:診療所】【診療科目:内科_消化器内科】愛媛県松山市余戸東５丁目２番５号" }, "geometry": { "type": "Point", "coordinates": [ 132.73871, 33.815744 ] } },
{ "type": "Feature", "properties": { "ID": 3822383103640, "正式名称": "野本耳鼻咽喉科", "機関区分": 2, "都道府県コード": 38, "市区町村コード": 201, "所在地": "愛媛県松山市松末２丁目１３－１", "緯度": 33.825077, "経度": 132.788983, "url": "https://www.iryou.teikyouseido.mhlw.go.jp/znk-web/juminkanja/S2430/initialize?prefCd=38&kikanCd=2383103640&kikanKbn=2", "url2": null, "内容": "野本耳鼻咽喉科【2:診療所】【診療科目:耳鼻いんこう科】愛媛県松山市松末２丁目１３－１" }, "geometry": { "type": "Point", "coordinates": [ 132.788983, 33.825077 ] } },
{ "type": "Feature", "properties": { "ID": 3822383103770, "正式名称": "三番町メンタルクリニック", "機関区分": 2, "都道府県コード": 38, "市区町村コード": 201, "所在地": "愛媛県松山市三番町４丁目４－９", "緯度": 33.837714, "経度": 132.765401, "url": "https://www.iryou.teikyouseido.mhlw.go.jp/znk-web/juminkanja/S2430/initialize?prefCd=38&kikanCd=2383103770&kikanKbn=2", "url2": "http://www.sanbanchomental.jp", "内容": "三番町メンタルクリニック【2:診療所】【診療科目:精神科_心療内科】愛媛県松山市三番町４丁目４－９" }, "geometry": { "type": "Point", "coordinates": [ 132.765401, 33.837714 ] } },
{ "type": "Feature", "properties": { "ID": 3822383103930, "正式名称": "新田産婦人科クリニック", "機関区分": 2, "都道府県コード": 38, "市区町村コード": 201, "所在地": "愛媛県松山市湊町４丁目１－６", "緯度": 33.835325, "経度": 132.767124, "url": "https://www.iryou.teikyouseido.mhlw.go.jp/znk-web/juminkanja/S2430/initialize?prefCd=38&kikanCd=2383103930&kikanKbn=2", "url2": null, "内容": "新田産婦人科クリニック【2:診療所】【診療科目:産婦人科】愛媛県松山市湊町４丁目１－６" }, "geometry": { "type": "Point", "coordinates": [ 132.767124, 33.835325 ] } },
{ "type": "Feature", "properties": { "ID": 3822383104070, "正式名称": "福井ウィメンズクリニック", "機関区分": 2, "都道府県コード": 38, "市区町村コード": 201, "所在地": "愛媛県松山市星岡４丁目２－７", "緯度": 33.813884, "経度": 132.788234, "url": "https://www.iryou.teikyouseido.mhlw.go.jp/znk-web/juminkanja/S2430/initialize?prefCd=38&kikanCd=2383104070&kikanKbn=2", "url2": "http://www.fukuiwc.jp", "内容": "福井ウィメンズクリニック【2:診療所】【診療科目:産婦人科_泌尿器科】愛媛県松山市星岡４丁目２－７" }, "geometry": { "type": "Point", "coordinates": [ 132.788234, 33.813884 ] } },
{ "type": "Feature", "properties": { "ID": 3822383104100, "正式名称": "いとう小児科", "機関区分": 2, "都道府県コード": 38, "市区町村コード": 201, "所在地": "愛媛県松山市森松町９７６番地１", "緯度": 33.79555, "経度": 132.796125, "url": "https://www.iryou.teikyouseido.mhlw.go.jp/znk-web/juminkanja/S2430/initialize?prefCd=38&kikanCd=2383104100&kikanKbn=2", "url2": "https://itokidsc.mdja.jp/", "内容": "いとう小児科【2:診療所】【診療科目:小児科_アレルギー科】愛媛県松山市森松町９７６番地１" }, "geometry": { "type": "Point", "coordinates": [ 132.796125, 33.79555 ] } },
{ "type": "Feature", "properties": { "ID": 3822383104230, "正式名称": "しもわけ眼科", "機関区分": 2, "都道府県コード": 38, "市区町村コード": 201, "所在地": "愛媛県松山市保免西三丁目９番２４号", "緯度": 33.815152, "経度": 132.743301, "url": "https://www.iryou.teikyouseido.mhlw.go.jp/znk-web/juminkanja/S2430/initialize?prefCd=38&kikanCd=2383104230&kikanKbn=2", "url2": "http://www.simowake.com/", "内容": "しもわけ眼科【2:診療所】【診療科目:眼科】愛媛県松山市保免西三丁目９番２４号" }, "geometry": { "type": "Point", "coordinates": [ 132.743301, 33.815152 ] } },
{ "type": "Feature", "properties": { "ID": 3822383114200, "正式名称": "医療法人　いかわ整形外科", "機関区分": 2, "都道府県コード": 38, "市区町村コード": 201, "所在地": "愛媛県松山市和泉南１－５－８", "緯度": 33.818049, "経度": 132.765902, "url": "https://www.iryou.teikyouseido.mhlw.go.jp/znk-web/juminkanja/S2430/initialize?prefCd=38&kikanCd=2383114200&kikanKbn=2", "url2": null, "内容": "医療法人　いかわ整形外科【2:診療所】【診療科目:整形外科_リウマチ科_リハビリテーション科】愛媛県松山市和泉南１－５－８" }, "geometry": { "type": "Point", "coordinates": [ 132.765902, 33.818049 ] } },
{ "type": "Feature", "properties": { "ID": 3822383114330, "正式名称": "北吉田診療所", "機関区分": 2, "都道府県コード": 38, "市区町村コード": 201, "所在地": "愛媛県松山市北吉田町１０１９－１", "緯度": 33.833825, "経度": 132.70899, "url": "https://www.iryou.teikyouseido.mhlw.go.jp/znk-web/juminkanja/S2430/initialize?prefCd=38&kikanCd=2383114330&kikanKbn=2", "url2": "http://kitayoshida-clinic.biz/", "内容": "北吉田診療所【2:診療所】【診療科目:内科_感染症内科_血液内科_糖尿病内科_呼吸器内科_消化器内科_腎臓内科_神経内科_小児科_アレルギー科】愛媛県松山市北吉田町１０１９－１" }, "geometry": { "type": "Point", "coordinates": [ 132.70899, 33.833825 ] } },
{ "type": "Feature", "properties": { "ID": 3822383116930, "正式名称": "矢野内科クリニック", "機関区分": 2, "都道府県コード": 38, "市区町村コード": 201, "所在地": "愛媛県松山市末町甲１５－１", "緯度": 33.863019, "経度": 132.818264, "url": "https://www.iryou.teikyouseido.mhlw.go.jp/znk-web/juminkanja/S2430/initialize?prefCd=38&kikanCd=2383116930&kikanKbn=2", "url2": "http://www.yano-clinic.jp/", "内容": "矢野内科クリニック【2:診療所】【診療科目:内科_消化器内科】愛媛県松山市末町甲１５－１" }, "geometry": { "type": "Point", "coordinates": [ 132.818264, 33.863019 ] } },
{ "type": "Feature", "properties": { "ID": 3822383118240, "正式名称": "どい心療内科", "機関区分": 2, "都道府県コード": 38, "市区町村コード": 201, "所在地": "愛媛県松山市一番町二丁目５－３０一番町ＳＡＯＲＩビル３Ｆ", "緯度": 33.841103, "経度": 132.771595, "url": "https://www.iryou.teikyouseido.mhlw.go.jp/znk-web/juminkanja/S2430/initialize?prefCd=38&kikanCd=2383118240&kikanKbn=2", "url2": "http//www.doi-mental.jp", "内容": "どい心療内科【2:診療所】【診療科目:内科_精神科_心療内科】愛媛県松山市一番町二丁目５－３０一番町ＳＡＯＲＩビル３Ｆ" }, "geometry": { "type": "Point", "coordinates": [ 132.771595, 33.841103 ] } },
{ "type": "Feature", "properties": { "ID": 3822383122250, "正式名称": "東京青山クリニック松山院", "機関区分": 2, "都道府県コード": 38, "市区町村コード": 201, "所在地": "愛媛県松山市千舟町５－２－１　栄信第３ビル２Ｆ", "緯度": 33.836564, "経度": 132.763849, "url": "https://www.iryou.teikyouseido.mhlw.go.jp/znk-web/juminkanja/S2430/initialize?prefCd=38&kikanCd=2383122250&kikanKbn=2", "url2": "http//www.tokyoaoyama.com", "内容": "東京青山クリニック松山院【2:診療所】【診療科目:形成外科_美容外科_皮膚科】愛媛県松山市千舟町５－２－１　栄信第３ビル２Ｆ" }, "geometry": { "type": "Point", "coordinates": [ 132.763849, 33.836564 ] } },
{ "type": "Feature", "properties": { "ID": 3822383122380, "正式名称": "今在家クリニック", "機関区分": 2, "都道府県コード": 38, "市区町村コード": 201, "所在地": "愛媛県松山市今在家三丁目１－５", "緯度": 33.80419, "経度": 132.793623, "url": "https://www.iryou.teikyouseido.mhlw.go.jp/znk-web/juminkanja/S2430/initialize?prefCd=38&kikanCd=2383122380&kikanKbn=2", "url2": null, "内容": "今在家クリニック【2:診療所】【診療科目:外科_胃腸外科_リハビリテーション科】愛媛県松山市今在家三丁目１－５" }, "geometry": { "type": "Point", "coordinates": [ 132.793623, 33.80419 ] } },
{ "type": "Feature", "properties": { "ID": 3822383123260, "正式名称": "まえおか眼科", "機関区分": 2, "都道府県コード": 38, "市区町村コード": 201, "所在地": "愛媛県松山市北土居３丁目１２－１６", "緯度": 33.804385, "経度": 132.785012, "url": "https://www.iryou.teikyouseido.mhlw.go.jp/znk-web/juminkanja/S2430/initialize?prefCd=38&kikanCd=2383123260&kikanKbn=2", "url2": null, "内容": "まえおか眼科【2:診療所】【診療科目:眼科】愛媛県松山市北土居３丁目１２－１６" }, "geometry": { "type": "Point", "coordinates": [ 132.785012, 33.804385 ] } },
{ "type": "Feature", "properties": { "ID": 3822383123550, "正式名称": "たんぽぽクリニック", "機関区分": 2, "都道府県コード": 38, "市区町村コード": 201, "所在地": "愛媛県松山市別府町４４４番１", "緯度": 33.846907, "経度": 132.725571, "url": "https://www.iryou.teikyouseido.mhlw.go.jp/znk-web/juminkanja/S2430/initialize?prefCd=38&kikanCd=2383123550&kikanKbn=2", "url2": "www.tampopo-clinic.com", "内容": "たんぽぽクリニック【2:診療所】【診療科目:内科_歯科】愛媛県松山市別府町４４４番１" }, "geometry": { "type": "Point", "coordinates": [ 132.725571, 33.846907 ] } },
{ "type": "Feature", "properties": { "ID": 3822383125020, "正式名称": "たぼ麻酔科クリニック", "機関区分": 2, "都道府県コード": 38, "市区町村コード": 201, "所在地": "愛媛県松山市古川北三丁目１９－５", "緯度": 33.811245, "経度": 132.761458, "url": "https://www.iryou.teikyouseido.mhlw.go.jp/znk-web/juminkanja/S2430/initialize?prefCd=38&kikanCd=2383125020&kikanKbn=2", "url2": "http://home.e-catv.ne.jp/tabo/", "内容": "たぼ麻酔科クリニック【2:診療所】【診療科目:リハビリテーション科_麻酔科】愛媛県松山市古川北三丁目１９－５" }, "geometry": { "type": "Point", "coordinates": [ 132.761458, 33.811245 ] } },
{ "type": "Feature", "properties": { "ID": 3822383126900, "正式名称": "松山市急患医療センター", "機関区分": 2, "都道府県コード": 38, "市区町村コード": 201, "所在地": "愛媛県松山市萱町六丁目３０番地１", "緯度": 33.852546, "経度": 132.757346, "url": "https://www.iryou.teikyouseido.mhlw.go.jp/znk-web/juminkanja/S2430/initialize?prefCd=38&kikanCd=2383126900&kikanKbn=2", "url2": "https://www.city.matsuyama.ehime.jp/kurashi/iryo/kyubyokyukyu/kyuukaniryousenta.html", "内容": "松山市急患医療センター【2:診療所】【診療科目:内科_小児科】愛媛県松山市萱町六丁目３０番地１" }, "geometry": { "type": "Point", "coordinates": [ 132.757346, 33.852546 ] } },
{ "type": "Feature", "properties": { "ID": 3822383127200, "正式名称": "とりかい眼科白内障・緑内障クリニック", "機関区分": 2, "都道府県コード": 38, "市区町村コード": 201, "所在地": "愛媛県松山市愛光町２番２９号", "緯度": 33.845568, "経度": 132.750077, "url": "https://www.iryou.teikyouseido.mhlw.go.jp/znk-web/juminkanja/S2430/initialize?prefCd=38&kikanCd=2383127200&kikanKbn=2", "url2": "https://www.torikai-eyeclinic.com", "内容": "とりかい眼科白内障・緑内障クリニック【2:診療所】【診療科目:眼科】愛媛県松山市愛光町２番２９号" }, "geometry": { "type": "Point", "coordinates": [ 132.750077, 33.845568 ] } },
{ "type": "Feature", "properties": { "ID": 3822383127590, "正式名称": "宇佐美消化器クリニック", "機関区分": 2, "都道府県コード": 38, "市区町村コード": 201, "所在地": "愛媛県松山市和泉南一丁目５番７号", "緯度": 33.817911, "経度": 132.766041, "url": "https://www.iryou.teikyouseido.mhlw.go.jp/znk-web/juminkanja/S2430/initialize?prefCd=38&kikanCd=2383127590&kikanKbn=2", "url2": null, "内容": "宇佐美消化器クリニック【2:診療所】【診療科目:消化器内科】愛媛県松山市和泉南一丁目５番７号" }, "geometry": { "type": "Point", "coordinates": [ 132.766041, 33.817911 ] } },
{ "type": "Feature", "properties": { "ID": 3822383127750, "正式名称": "よこて内科クリニック", "機関区分": 2, "都道府県コード": 38, "市区町村コード": 201, "所在地": "愛媛県松山市余戸南４丁目１５－３", "緯度": 33.810744, "経度": 132.728211, "url": "https://www.iryou.teikyouseido.mhlw.go.jp/znk-web/juminkanja/S2430/initialize?prefCd=38&kikanCd=2383127750&kikanKbn=2", "url2": "www.yokote-clinic.jp/", "内容": "よこて内科クリニック【2:診療所】【診療科目:内科_呼吸器内科_循環器内科_消化器内科】愛媛県松山市余戸南４丁目１５－３" }, "geometry": { "type": "Point", "coordinates": [ 132.728211, 33.810744 ] } },
{ "type": "Feature", "properties": { "ID": 3822383127880, "正式名称": "田窪リウマチ・整形外科", "機関区分": 2, "都道府県コード": 38, "市区町村コード": 201, "所在地": "愛媛県松山市枝松一丁目９番３８号", "緯度": 33.837603, "経度": 132.787011, "url": "https://www.iryou.teikyouseido.mhlw.go.jp/znk-web/juminkanja/S2430/initialize?prefCd=38&kikanCd=2383127880&kikanKbn=2", "url2": "takubo-clinic.com", "内容": "田窪リウマチ・整形外科【2:診療所】【診療科目:整形外科_リウマチ科_リハビリテーション科】愛媛県松山市枝松一丁目９番３８号" }, "geometry": { "type": "Point", "coordinates": [ 132.787011, 33.837603 ] } },
{ "type": "Feature", "properties": { "ID": 3822383127910, "正式名称": "上田小児科医院", "機関区分": 2, "都道府県コード": 38, "市区町村コード": 201, "所在地": "愛媛県松山市居相四丁目２２－１", "緯度": 33.808801, "経度": 132.772458, "url": "https://www.iryou.teikyouseido.mhlw.go.jp/znk-web/juminkanja/S2430/initialize?prefCd=38&kikanCd=2383127910&kikanKbn=2", "url2": "http://www.uedacc.jp/", "内容": "上田小児科医院【2:診療所】【診療科目:小児科】愛媛県松山市居相四丁目２２－１" }, "geometry": { "type": "Point", "coordinates": [ 132.772458, 33.808801 ] } },
{ "type": "Feature", "properties": { "ID": 3822383128180, "正式名称": "ベテル三番町クリニック", "機関区分": 2, "都道府県コード": 38, "市区町村コード": 201, "所在地": "愛媛県松山市三番町三丁目４－１２", "緯度": 33.837436, "経度": 132.76879, "url": "https://www.iryou.teikyouseido.mhlw.go.jp/znk-web/juminkanja/S2430/initialize?prefCd=38&kikanCd=2383128180&kikanKbn=2", "url2": "https://www.bethel.or.jp", "内容": "ベテル三番町クリニック【2:診療所】【診療科目:内科_胃腸内科_神経内科_外科_脳神経外科_整形外科_精神科_リハビリテーション科】愛媛県松山市三番町三丁目４－１２" }, "geometry": { "type": "Point", "coordinates": [ 132.76879, 33.837436 ] } },
{ "type": "Feature", "properties": { "ID": 3822383128210, "正式名称": "こうのうえ内科クリニック", "機関区分": 2, "都道府県コード": 38, "市区町村コード": 201, "所在地": "愛媛県松山市桑原六丁目４－３３", "緯度": 33.832632, "経度": 132.7899, "url": "https://www.iryou.teikyouseido.mhlw.go.jp/znk-web/juminkanja/S2430/initialize?prefCd=38&kikanCd=2383128210&kikanKbn=2", "url2": "http://www.kounoue-clc.jp", "内容": "こうのうえ内科クリニック【2:診療所】【診療科目:内科_糖尿病内科】愛媛県松山市桑原六丁目４－３３" }, "geometry": { "type": "Point", "coordinates": [ 132.7899, 33.832632 ] } },
{ "type": "Feature", "properties": { "ID": 3822383128630, "正式名称": "宮崎外科内科", "機関区分": 2, "都道府県コード": 38, "市区町村コード": 201, "所在地": "愛媛県松山市南久米町１５８番地", "緯度": 33.818189, "経度": 132.803232, "url": "https://www.iryou.teikyouseido.mhlw.go.jp/znk-web/juminkanja/S2430/initialize?prefCd=38&kikanCd=2383128630&kikanKbn=2", "url2": null, "内容": "宮崎外科内科【2:診療所】【診療科目:内科_循環器内科_胃腸内科_外科_肛門外科_リハビリテーション科】愛媛県松山市南久米町１５８番地" }, "geometry": { "type": "Point", "coordinates": [ 132.803232, 33.818189 ] } },
{ "type": "Feature", "properties": { "ID": 3822383128760, "正式名称": "ＡＩＬＡ美容　心療内科まつおかクリニック", "機関区分": 2, "都道府県コード": 38, "市区町村コード": 201, "所在地": "愛媛県松山市湊町５－５－４　１階・２階", "緯度": 33.836212, "経度": 132.761398, "url": "https://www.iryou.teikyouseido.mhlw.go.jp/znk-web/juminkanja/S2430/initialize?prefCd=38&kikanCd=2383128760&kikanKbn=2", "url2": null, "内容": "ＡＩＬＡ美容　心療内科まつおかクリニック【2:診療所】【診療科目:美容外科_精神科_心療内科_美容皮膚科】愛媛県松山市湊町５－５－４　１階・２階" }, "geometry": { "type": "Point", "coordinates": [ 132.761398, 33.836212 ] } },
{ "type": "Feature", "properties": { "ID": 3822383128920, "正式名称": "ひだまりこどもクリニック", "機関区分": 2, "都道府県コード": 38, "市区町村コード": 201, "所在地": "愛媛県松山市古川北三丁目４番１５号", "緯度": 33.811633, "経度": 132.765902, "url": "https://www.iryou.teikyouseido.mhlw.go.jp/znk-web/juminkanja/S2430/initialize?prefCd=38&kikanCd=2383128920&kikanKbn=2", "url2": "https://hidamari-children.com/", "内容": "ひだまりこどもクリニック【2:診療所】【診療科目:小児科】愛媛県松山市古川北三丁目４番１５号" }, "geometry": { "type": "Point", "coordinates": [ 132.765902, 33.811633 ] } },
{ "type": "Feature", "properties": { "ID": 3822383129060, "正式名称": "こおり心療内科", "機関区分": 2, "都道府県コード": 38, "市区町村コード": 201, "所在地": "愛媛県松山市中央一丁目１２番３８号", "緯度": 33.85549, "経度": 132.751957, "url": "https://www.iryou.teikyouseido.mhlw.go.jp/znk-web/juminkanja/S2430/initialize?prefCd=38&kikanCd=2383129060&kikanKbn=2", "url2": "www.55koori.com", "内容": "こおり心療内科【2:診療所】【診療科目:精神科_心療内科】愛媛県松山市中央一丁目１２番３８号" }, "geometry": { "type": "Point", "coordinates": [ 132.751957, 33.85549 ] } },
{ "type": "Feature", "properties": { "ID": 3822383129220, "正式名称": "関谷循環器科", "機関区分": 2, "都道府県コード": 38, "市区町村コード": 201, "所在地": "愛媛県松山市北梅本町甲３３２０", "緯度": 33.799025, "経度": 132.843563, "url": "https://www.iryou.teikyouseido.mhlw.go.jp/znk-web/juminkanja/S2430/initialize?prefCd=38&kikanCd=2383129220&kikanKbn=2", "url2": "http://www.sekiyajyunkankika.dr-clinic.jp/", "内容": "関谷循環器科【2:診療所】【診療科目:内科_循環器内科】愛媛県松山市北梅本町甲３３２０" }, "geometry": { "type": "Point", "coordinates": [ 132.843563, 33.799025 ] } },
{ "type": "Feature", "properties": { "ID": 3822383129480, "正式名称": "よしだ内科クリニック", "機関区分": 2, "都道府県コード": 38, "市区町村コード": 201, "所在地": "愛媛県松山市桑原４丁目８番７号", "緯度": 33.833215, "経度": 132.793233, "url": "https://www.iryou.teikyouseido.mhlw.go.jp/znk-web/juminkanja/S2430/initialize?prefCd=38&kikanCd=2383129480&kikanKbn=2", "url2": "https://www.yoshidanaikawix.com", "内容": "よしだ内科クリニック【2:診療所】【診療科目:内科_呼吸器内科_消化器内科】愛媛県松山市桑原４丁目８番７号" }, "geometry": { "type": "Point", "coordinates": [ 132.793233, 33.833215 ] } },
{ "type": "Feature", "properties": { "ID": 3822383129510, "正式名称": "二宮皮フ科クリニック", "機関区分": 2, "都道府県コード": 38, "市区町村コード": 201, "所在地": "愛媛県松山市竹原２丁目１５－３３", "緯度": 33.834409, "経度": 132.753097, "url": "https://www.iryou.teikyouseido.mhlw.go.jp/znk-web/juminkanja/S2430/initialize?prefCd=38&kikanCd=2383129510&kikanKbn=2", "url2": "https://www.ninodermallergy.com/", "内容": "二宮皮フ科クリニック【2:診療所】【診療科目:皮膚科_アレルギー科】愛媛県松山市竹原２丁目１５－３３" }, "geometry": { "type": "Point", "coordinates": [ 132.753097, 33.834409 ] } },
{ "type": "Feature", "properties": { "ID": 3822383129640, "正式名称": "はなみずき内科クリニック", "機関区分": 2, "都道府県コード": 38, "市区町村コード": 201, "所在地": "愛媛県松山市古川北２丁目９－３３", "緯度": 33.812383, "経度": 132.765402, "url": "https://www.iryou.teikyouseido.mhlw.go.jp/znk-web/juminkanja/S2430/initialize?prefCd=38&kikanCd=2383129640&kikanKbn=2", "url2": "www.hanamizuki-naikaclinic.jp", "内容": "はなみずき内科クリニック【2:診療所】【診療科目:内科_呼吸器内科_消化器内科】愛媛県松山市古川北２丁目９－３３" }, "geometry": { "type": "Point", "coordinates": [ 132.765402, 33.812383 ] } },
{ "type": "Feature", "properties": { "ID": 3822383129770, "正式名称": "原循環器科内科クリニック", "機関区分": 2, "都道府県コード": 38, "市区町村コード": 201, "所在地": "愛媛県松山市祝谷２丁目１２番３２号", "緯度": 33.855796, "経度": 132.782038, "url": "https://www.iryou.teikyouseido.mhlw.go.jp/znk-web/juminkanja/S2430/initialize?prefCd=38&kikanCd=2383129770&kikanKbn=2", "url2": "http://hara-clinic.com/", "内容": "原循環器科内科クリニック【2:診療所】【診療科目:内科_循環器内科】愛媛県松山市祝谷２丁目１２番３２号" }, "geometry": { "type": "Point", "coordinates": [ 132.782038, 33.855796 ] } },
{ "type": "Feature", "properties": { "ID": 3822383129800, "正式名称": "福音寺皮ふ科ひ尿器科クリニック", "機関区分": 2, "都道府県コード": 38, "市区町村コード": 201, "所在地": "愛媛県松山市福音寺町１７－５", "緯度": 33.820383, "経度": 132.796594, "url": "https://www.iryou.teikyouseido.mhlw.go.jp/znk-web/juminkanja/S2430/initialize?prefCd=38&kikanCd=2383129800&kikanKbn=2", "url2": null, "内容": "福音寺皮ふ科ひ尿器科クリニック【2:診療所】【診療科目:皮膚科_泌尿器科】愛媛県松山市福音寺町１７－５" }, "geometry": { "type": "Point", "coordinates": [ 132.796594, 33.820383 ] } },
{ "type": "Feature", "properties": { "ID": 3822383129930, "正式名称": "三津整形外科", "機関区分": 2, "都道府県コード": 38, "市区町村コード": 201, "所在地": "愛媛県松山市古三津三丁目５番５号", "緯度": 33.856628, "経度": 132.730292, "url": "https://www.iryou.teikyouseido.mhlw.go.jp/znk-web/juminkanja/S2430/initialize?prefCd=38&kikanCd=2383129930&kikanKbn=2", "url2": "http://www.mitsuseikei.jp", "内容": "三津整形外科【2:診療所】【診療科目:内科_整形外科_リウマチ科_リハビリテーション科】愛媛県松山市古三津三丁目５番５号" }, "geometry": { "type": "Point", "coordinates": [ 132.730292, 33.856628 ] } },
{ "type": "Feature", "properties": { "ID": 3822383130040, "正式名称": "辻田耳鼻咽喉科", "機関区分": 2, "都道府県コード": 38, "市区町村コード": 201, "所在地": "愛媛県松山市溝辺町甲３８８番地１", "緯度": 33.85013, "経度": 132.805564, "url": "https://www.iryou.teikyouseido.mhlw.go.jp/znk-web/juminkanja/S2430/initialize?prefCd=38&kikanCd=2383130040&kikanKbn=2", "url2": "http://home.e-catv.ne.jp/tsujita/index.html", "内容": "辻田耳鼻咽喉科【2:診療所】【診療科目:耳鼻いんこう科】愛媛県松山市溝辺町甲３８８番地１" }, "geometry": { "type": "Point", "coordinates": [ 132.805564, 33.85013 ] } },
{ "type": "Feature", "properties": { "ID": 3822383130330, "正式名称": "みゆき眼科", "機関区分": 2, "都道府県コード": 38, "市区町村コード": 201, "所在地": "愛媛県松山市古川西二丁目３－１８西沢ビル１階", "緯度": 33.809522, "経度": 132.759236, "url": "https://www.iryou.teikyouseido.mhlw.go.jp/znk-web/juminkanja/S2430/initialize?prefCd=38&kikanCd=2383130330&kikanKbn=2", "url2": "http://www11.ocn.ne.jp/~eyeogawa/", "内容": "みゆき眼科【2:診療所】【診療科目:眼科】愛媛県松山市古川西二丁目３－１８西沢ビル１階" }, "geometry": { "type": "Point", "coordinates": [ 132.759236, 33.809522 ] } },
{ "type": "Feature", "properties": { "ID": 3822383130590, "正式名称": "丸石整形外科医院", "機関区分": 2, "都道府県コード": 38, "市区町村コード": 201, "所在地": "愛媛県松山市東石井３丁目７番１号", "緯度": 33.813856, "経度": 132.779512, "url": "https://www.iryou.teikyouseido.mhlw.go.jp/znk-web/juminkanja/S2430/initialize?prefCd=38&kikanCd=2383130590&kikanKbn=2", "url2": "https://www.maruishi-seikei.jp/", "内容": "丸石整形外科医院【2:診療所】【診療科目:整形外科】愛媛県松山市東石井３丁目７番１号" }, "geometry": { "type": "Point", "coordinates": [ 132.779512, 33.813856 ] } },
{ "type": "Feature", "properties": { "ID": 3822383130620, "正式名称": "よつば循環器科クリニック", "機関区分": 2, "都道府県コード": 38, "市区町村コード": 201, "所在地": "愛媛県松山市南江戸４丁目３番５３号", "緯度": 33.836769, "経度": 132.739848, "url": "https://www.iryou.teikyouseido.mhlw.go.jp/znk-web/juminkanja/S2430/initialize?prefCd=38&kikanCd=2383130620&kikanKbn=2", "url2": "http://yotsuba-heart.jp", "内容": "よつば循環器科クリニック【2:診療所】【診療科目:内科_循環器内科_循環器外科_心臓血管外科_放射線科_麻酔科】愛媛県松山市南江戸４丁目３番５３号" }, "geometry": { "type": "Point", "coordinates": [ 132.739848, 33.836769 ] } },
{ "type": "Feature", "properties": { "ID": 3822383130750, "正式名称": "道後一万クリニック", "機関区分": 2, "都道府県コード": 38, "市区町村コード": 201, "所在地": "愛媛県松山市道後一万８番３１号", "緯度": 33.848546, "経度": 132.775483, "url": "https://www.iryou.teikyouseido.mhlw.go.jp/znk-web/juminkanja/S2430/initialize?prefCd=38&kikanCd=2383130750&kikanKbn=2", "url2": null, "内容": "道後一万クリニック【2:診療所】【診療科目:内科_人工透析内科】愛媛県松山市道後一万８番３１号" }, "geometry": { "type": "Point", "coordinates": [ 132.775483, 33.848546 ] } },
{ "type": "Feature", "properties": { "ID": 3822383130880, "正式名称": "医療法人三全会　うめもとクリニック", "機関区分": 2, "都道府県コード": 38, "市区町村コード": 201, "所在地": "愛媛県松山市南梅本町甲１２７１", "緯度": 33.796692, "経度": 132.835259, "url": "https://www.iryou.teikyouseido.mhlw.go.jp/znk-web/juminkanja/S2430/initialize?prefCd=38&kikanCd=2383130880&kikanKbn=2", "url2": "https://umemoto.clinic/", "内容": "医療法人三全会　うめもとクリニック【2:診療所】【診療科目:内科_脳神経内科_リハビリテーション科】愛媛県松山市南梅本町甲１２７１" }, "geometry": { "type": "Point", "coordinates": [ 132.835259, 33.796692 ] } },
{ "type": "Feature", "properties": { "ID": 3822383131050, "正式名称": "船津内科胃腸科クリニック", "機関区分": 2, "都道府県コード": 38, "市区町村コード": 201, "所在地": "愛媛県松山市平和通１丁目５－１４Ｆ・フォリスト２Ｆ", "緯度": 33.847685, "経度": 132.773039, "url": "https://www.iryou.teikyouseido.mhlw.go.jp/znk-web/juminkanja/S2430/initialize?prefCd=38&kikanCd=2383131050&kikanKbn=2", "url2": null, "内容": "船津内科胃腸科クリニック【2:診療所】【診療科目:内科_消化器内科】愛媛県松山市平和通１丁目５－１４Ｆ・フォリスト２Ｆ" }, "geometry": { "type": "Point", "coordinates": [ 132.773039, 33.847685 ] } },
{ "type": "Feature", "properties": { "ID": 3822383131180, "正式名称": "医療法人　川谷整形外科", "機関区分": 2, "都道府県コード": 38, "市区町村コード": 201, "所在地": "愛媛県松山市常竹甲３７９－１", "緯度": 33.939814, "経度": 132.774257, "url": "https://www.iryou.teikyouseido.mhlw.go.jp/znk-web/juminkanja/S2430/initialize?prefCd=38&kikanCd=2383131180&kikanKbn=2", "url2": "http://www.kawatani-seikei.jp/", "内容": "医療法人　川谷整形外科【2:診療所】【診療科目:整形外科_リウマチ科_リハビリテーション科】愛媛県松山市常竹甲３７９－１" }, "geometry": { "type": "Point", "coordinates": [ 132.774257, 33.939814 ] } },
{ "type": "Feature", "properties": { "ID": 3822383131210, "正式名称": "とみの心臓血管クリニック", "機関区分": 2, "都道府県コード": 38, "市区町村コード": 201, "所在地": "愛媛県松山市古川北３丁目３－２７", "緯度": 33.811578, "経度": 132.767486, "url": "https://www.iryou.teikyouseido.mhlw.go.jp/znk-web/juminkanja/S2430/initialize?prefCd=38&kikanCd=2383131210&kikanKbn=2", "url2": "https://www.tomino-clinic.com/", "内容": "とみの心臓血管クリニック【2:診療所】【診療科目:循環器内科_循環器外科】愛媛県松山市古川北３丁目３－２７" }, "geometry": { "type": "Point", "coordinates": [ 132.767486, 33.811578 ] } },
{ "type": "Feature", "properties": { "ID": 3822383131470, "正式名称": "心療内科　ｉ－こころの診療室", "機関区分": 2, "都道府県コード": 38, "市区町村コード": 201, "所在地": "愛媛県松山市湊町６丁目４－１６　高須賀ビル２階", "緯度": 33.836186, "経度": 132.760957, "url": "https://www.iryou.teikyouseido.mhlw.go.jp/znk-web/juminkanja/S2430/initialize?prefCd=38&kikanCd=2383131470&kikanKbn=2", "url2": "http://www.i-kokoro.com/", "内容": "心療内科　ｉ－こころの診療室【2:診療所】【診療科目:精神科_神経科_心療内科】愛媛県松山市湊町６丁目４－１６　高須賀ビル２階" }, "geometry": { "type": "Point", "coordinates": [ 132.760957, 33.836186 ] } },
{ "type": "Feature", "properties": { "ID": 3822383131500, "正式名称": "西田クリニック", "機関区分": 2, "都道府県コード": 38, "市区町村コード": 201, "所在地": "愛媛県松山市千舟町４丁目４番地５　西田ビル２Ｆ", "緯度": 33.836936, "経度": 132.764957, "url": "https://www.iryou.teikyouseido.mhlw.go.jp/znk-web/juminkanja/S2430/initialize?prefCd=38&kikanCd=2383131500&kikanKbn=2", "url2": "https://nishida.clinic/", "内容": "西田クリニック【2:診療所】【診療科目:精神科_心療内科】愛媛県松山市千舟町４丁目４番地５　西田ビル２Ｆ" }, "geometry": { "type": "Point", "coordinates": [ 132.764957, 33.836936 ] } },
{ "type": "Feature", "properties": { "ID": 3822383131920, "正式名称": "村上循環器科", "機関区分": 2, "都道府県コード": 38, "市区町村コード": 201, "所在地": "愛媛県松山市勝山町２丁目７番地２", "緯度": 33.842936, "経度": 132.774984, "url": "https://www.iryou.teikyouseido.mhlw.go.jp/znk-web/juminkanja/S2430/initialize?prefCd=38&kikanCd=2383131920&kikanKbn=2", "url2": "http://www.murakami-junkankika.com/", "内容": "村上循環器科【2:診療所】【診療科目:内科_循環器内科】愛媛県松山市勝山町２丁目７番地２" }, "geometry": { "type": "Point", "coordinates": [ 132.774984, 33.842936 ] } },
{ "type": "Feature", "properties": { "ID": 3822383132510, "正式名称": "医療法人　しいのき　しいのき心療内科", "機関区分": 2, "都道府県コード": 38, "市区町村コード": 201, "所在地": "愛媛県松山市末広町１１－６　ベルメゾンスエヒロ１階", "緯度": 33.832909, "経度": 132.763679, "url": "https://www.iryou.teikyouseido.mhlw.go.jp/znk-web/juminkanja/S2430/initialize?prefCd=38&kikanCd=2383132510&kikanKbn=2", "url2": "http://shiinoki-cl.com", "内容": "医療法人　しいのき　しいのき心療内科【2:診療所】【診療科目:精神科_心療内科】愛媛県松山市末広町１１－６　ベルメゾンスエヒロ１階" }, "geometry": { "type": "Point", "coordinates": [ 132.763679, 33.832909 ] } },
{ "type": "Feature", "properties": { "ID": 3822383132640, "正式名称": "福岡内科クリニック", "機関区分": 2, "都道府県コード": 38, "市区町村コード": 201, "所在地": "愛媛県松山市二番町３－１０－２全日空ホテルＡＮＮＥＸ２階", "緯度": 33.840353, "経度": 132.768818, "url": "https://www.iryou.teikyouseido.mhlw.go.jp/znk-web/juminkanja/S2430/initialize?prefCd=38&kikanCd=2383132640&kikanKbn=2", "url2": null, "内容": "福岡内科クリニック【2:診療所】【診療科目:内科】愛媛県松山市二番町３－１０－２全日空ホテルＡＮＮＥＸ２階" }, "geometry": { "type": "Point", "coordinates": [ 132.768818, 33.840353 ] } },
{ "type": "Feature", "properties": { "ID": 3822383132770, "正式名称": "まり子レディースクリニック", "機関区分": 2, "都道府県コード": 38, "市区町村コード": 201, "所在地": "愛媛県松山市三番町４丁目１番地７", "緯度": 33.837176, "経度": 132.766963, "url": "https://www.iryou.teikyouseido.mhlw.go.jp/znk-web/juminkanja/S2430/initialize?prefCd=38&kikanCd=2383132770&kikanKbn=2", "url2": "https://marikolc.wixsite.com/my-site", "内容": "まり子レディースクリニック【2:診療所】【診療科目:産婦人科】愛媛県松山市三番町４丁目１番地７" }, "geometry": { "type": "Point", "coordinates": [ 132.766963, 33.837176 ] } },
{ "type": "Feature", "properties": { "ID": 3822383132800, "正式名称": "おおしろ外科　こもれび診療所", "機関区分": 2, "都道府県コード": 38, "市区町村コード": 201, "所在地": "愛媛県松山市余戸西１丁目１番６号", "緯度": 33.811744, "経度": 132.725822, "url": "https://www.iryou.teikyouseido.mhlw.go.jp/znk-web/juminkanja/S2430/initialize?prefCd=38&kikanCd=2383132800&kikanKbn=2", "url2": "http://www.oshiro-komorebi.jp/", "内容": "おおしろ外科　こもれび診療所【2:診療所】【診療科目:外科】愛媛県松山市余戸西１丁目１番６号" }, "geometry": { "type": "Point", "coordinates": [ 132.725822, 33.811744 ] } },
{ "type": "Feature", "properties": { "ID": 3822383132930, "正式名称": "岡部内科消化器科クリニック", "機関区分": 2, "都道府県コード": 38, "市区町村コード": 201, "所在地": "愛媛県松山市東垣生町１３６", "緯度": 33.81266, "経度": 132.715518, "url": "https://www.iryou.teikyouseido.mhlw.go.jp/znk-web/juminkanja/S2430/initialize?prefCd=38&kikanCd=2383132930&kikanKbn=2", "url2": "www.okabeclinic.com", "内容": "岡部内科消化器科クリニック【2:診療所】【診療科目:内科_消化器内科】愛媛県松山市東垣生町１３６" }, "geometry": { "type": "Point", "coordinates": [ 132.715518, 33.81266 ] } },
{ "type": "Feature", "properties": { "ID": 3822383133100, "正式名称": "きい麻酔科クリニック", "機関区分": 2, "都道府県コード": 38, "市区町村コード": 201, "所在地": "愛媛県松山市余戸西３丁目１２番２０号", "緯度": 33.815243, "経度": 132.721156, "url": "https://www.iryou.teikyouseido.mhlw.go.jp/znk-web/juminkanja/S2430/initialize?prefCd=38&kikanCd=2383133100&kikanKbn=2", "url2": "http://www.kii-pain.com/", "内容": "きい麻酔科クリニック【2:診療所】【診療科目:漢方内科_ペインクリニック外科_リハビリテーション科_麻酔科】愛媛県松山市余戸西３丁目１２番２０号" }, "geometry": { "type": "Point", "coordinates": [ 132.721156, 33.815243 ] } },
{ "type": "Feature", "properties": { "ID": 3822383133520, "正式名称": "医療法人聖美会　ＪＯＥクリニック", "機関区分": 2, "都道府県コード": 38, "市区町村コード": 201, "所在地": "愛媛県松山市千舟町４丁目３－７　青野ビル３階", "緯度": 33.836567, "経度": 132.76505, "url": "https://www.iryou.teikyouseido.mhlw.go.jp/znk-web/juminkanja/S2430/initialize?prefCd=38&kikanCd=2383133520&kikanKbn=2", "url2": "http://www.joeclinic.jp/", "内容": "医療法人聖美会　ＪＯＥクリニック【2:診療所】【診療科目:美容外科_美容皮膚科】愛媛県松山市千舟町４丁目３－７　青野ビル３階" }, "geometry": { "type": "Point", "coordinates": [ 132.76505, 33.836567 ] } },
{ "type": "Feature", "properties": { "ID": 3822383133650, "正式名称": "丸山耳鼻咽喉科・皮フ科", "機関区分": 2, "都道府県コード": 38, "市区町村コード": 201, "所在地": "愛媛県松山市内宮町５４３番地１", "緯度": 33.892486, "経度": 132.74865, "url": "https://www.iryou.teikyouseido.mhlw.go.jp/znk-web/juminkanja/S2430/initialize?prefCd=38&kikanCd=2383133650&kikanKbn=2", "url2": "http://www.maruyama-cl.com/", "内容": "丸山耳鼻咽喉科・皮フ科【2:診療所】【診療科目:耳鼻いんこう科_皮膚科_アレルギー科】愛媛県松山市内宮町５４３番地１" }, "geometry": { "type": "Point", "coordinates": [ 132.74865, 33.892486 ] } },
{ "type": "Feature", "properties": { "ID": 3822383133780, "正式名称": "さえき耳鼻咽喉科クリニック", "機関区分": 2, "都道府県コード": 38, "市区町村コード": 201, "所在地": "愛媛県松山市祇園町１番１２号", "緯度": 33.827549, "経度": 132.774262, "url": "https://www.iryou.teikyouseido.mhlw.go.jp/znk-web/juminkanja/S2430/initialize?prefCd=38&kikanCd=2383133780&kikanKbn=2", "url2": "http://www.saeki-ent.com/", "内容": "さえき耳鼻咽喉科クリニック【2:診療所】【診療科目:小児耳鼻いんこう科_耳鼻いんこう科_気管食道・耳鼻いんこう科_頭頸部・耳鼻いんこう科】愛媛県松山市祇園町１番１２号" }, "geometry": { "type": "Point", "coordinates": [ 132.774262, 33.827549 ] } },
{ "type": "Feature", "properties": { "ID": 3822383133810, "正式名称": "立花クリニック", "機関区分": 2, "都道府県コード": 38, "市区町村コード": 201, "所在地": "愛媛県松山市立花３丁目３番２５号", "緯度": 33.826215, "経度": 132.773873, "url": "https://www.iryou.teikyouseido.mhlw.go.jp/znk-web/juminkanja/S2430/initialize?prefCd=38&kikanCd=2383133810&kikanKbn=2", "url2": "http://www.tachicli.com", "内容": "立花クリニック【2:診療所】【診療科目:内科_消化器内科_外科】愛媛県松山市立花３丁目３番２５号" }, "geometry": { "type": "Point", "coordinates": [ 132.773873, 33.826215 ] } },
{ "type": "Feature", "properties": { "ID": 3822383133940, "正式名称": "こいずみ形成外科皮ふ科", "機関区分": 2, "都道府県コード": 38, "市区町村コード": 201, "所在地": "愛媛県松山市久米窪田町７７５－５", "緯度": 33.806552, "経度": 132.814121, "url": "https://www.iryou.teikyouseido.mhlw.go.jp/znk-web/juminkanja/S2430/initialize?prefCd=38&kikanCd=2383133940&kikanKbn=2", "url2": "http://koizumikeisei.sakura.ne.jp/", "内容": "こいずみ形成外科皮ふ科【2:診療所】【診療科目:形成外科_皮膚科】愛媛県松山市久米窪田町７７５－５" }, "geometry": { "type": "Point", "coordinates": [ 132.814121, 33.806552 ] } },
{ "type": "Feature", "properties": { "ID": 3822383134080, "正式名称": "ふくもと心療内科", "機関区分": 2, "都道府県コード": 38, "市区町村コード": 201, "所在地": "愛媛県松山市山西町５４４番地７", "緯度": 33.854573, "経度": 132.726793, "url": "https://www.iryou.teikyouseido.mhlw.go.jp/znk-web/juminkanja/S2430/initialize?prefCd=38&kikanCd=2383134080&kikanKbn=2", "url2": "http://www.fukumoto-c.com", "内容": "ふくもと心療内科【2:診療所】【診療科目:精神科_心療内科】愛媛県松山市山西町５４４番地７" }, "geometry": { "type": "Point", "coordinates": [ 132.726793, 33.854573 ] } },
{ "type": "Feature", "properties": { "ID": 3822383134110, "正式名称": "ふくだ循環器科内科クリニック", "機関区分": 2, "都道府県コード": 38, "市区町村コード": 201, "所在地": "愛媛県松山市西垣生町４７８番地６", "緯度": 33.810674, "経度": 132.703899, "url": "https://www.iryou.teikyouseido.mhlw.go.jp/znk-web/juminkanja/S2430/initialize?prefCd=38&kikanCd=2383134110&kikanKbn=2", "url2": "https://www.fukuda.clinic", "内容": "ふくだ循環器科内科クリニック【2:診療所】【診療科目:内科_呼吸器内科_循環器内科】愛媛県松山市西垣生町４７８番地６" }, "geometry": { "type": "Point", "coordinates": [ 132.703899, 33.810674 ] } },
{ "type": "Feature", "properties": { "ID": 3822383134240, "正式名称": "かどた脳神経外科", "機関区分": 2, "都道府県コード": 38, "市区町村コード": 201, "所在地": "愛媛県松山市古川北２丁目１０番６号", "緯度": 33.812939, "経度": 132.765014, "url": "https://www.iryou.teikyouseido.mhlw.go.jp/znk-web/juminkanja/S2430/initialize?prefCd=38&kikanCd=2383134240&kikanKbn=2", "url2": "http://www.kadota-noushinkeigeka.com/", "内容": "かどた脳神経外科【2:診療所】【診療科目:脳神経外科_リハビリテーション科】愛媛県松山市古川北２丁目１０番６号" }, "geometry": { "type": "Point", "coordinates": [ 132.765014, 33.812939 ] } },
{ "type": "Feature", "properties": { "ID": 3822383134370, "正式名称": "なかむらこどもクリニック", "機関区分": 2, "都道府県コード": 38, "市区町村コード": 201, "所在地": "愛媛県松山市西垣生町８１８", "緯度": 33.814827, "経度": 132.706768, "url": "https://www.iryou.teikyouseido.mhlw.go.jp/znk-web/juminkanja/S2430/initialize?prefCd=38&kikanCd=2383134370&kikanKbn=2", "url2": null, "内容": "なかむらこどもクリニック【2:診療所】【診療科目:小児科】愛媛県松山市西垣生町８１８" }, "geometry": { "type": "Point", "coordinates": [ 132.706768, 33.814827 ] } },
{ "type": "Feature", "properties": { "ID": 3822383134790, "正式名称": "にのみや消化器科内科小児科", "機関区分": 2, "都道府県コード": 38, "市区町村コード": 201, "所在地": "愛媛県松山市平井町甲３２３６番地１", "緯度": 33.807163, "経度": 132.820981, "url": "https://www.iryou.teikyouseido.mhlw.go.jp/znk-web/juminkanja/S2430/initialize?prefCd=38&kikanCd=2383134790&kikanKbn=2", "url2": "http://www.ninomiyaclinic.jp/", "内容": "にのみや消化器科内科小児科【2:診療所】【診療科目:内科_消化器内科_小児科】愛媛県松山市平井町甲３２３６番地１" }, "geometry": { "type": "Point", "coordinates": [ 132.820981, 33.807163 ] } },
{ "type": "Feature", "properties": { "ID": 3822383134950, "正式名称": "おのクリニック", "機関区分": 2, "都道府県コード": 38, "市区町村コード": 201, "所在地": "愛媛県松山市北梅本町７５７番地", "緯度": 33.806032, "経度": 132.837693, "url": "https://www.iryou.teikyouseido.mhlw.go.jp/znk-web/juminkanja/S2430/initialize?prefCd=38&kikanCd=2383134950&kikanKbn=2", "url2": "https://m-seirankai.com", "内容": "おのクリニック【2:診療所】【診療科目:内科_呼吸器内科_循環器内科_消化器内科_外科】愛媛県松山市北梅本町７５７番地" }, "geometry": { "type": "Point", "coordinates": [ 132.837693, 33.806032 ] } },
{ "type": "Feature", "properties": { "ID": 3822383135120, "正式名称": "整形外科つばさクリニック", "機関区分": 2, "都道府県コード": 38, "市区町村コード": 201, "所在地": "愛媛県松山市南江戸４丁目３番４５号", "緯度": 33.837519, "経度": 132.740265, "url": "https://www.iryou.teikyouseido.mhlw.go.jp/znk-web/juminkanja/S2430/initialize?prefCd=38&kikanCd=2383135120&kikanKbn=2", "url2": "www.tsubasa-clinic.com", "内容": "整形外科つばさクリニック【2:診療所】【診療科目:整形外科_リハビリテーション科】愛媛県松山市南江戸４丁目３番４５号" }, "geometry": { "type": "Point", "coordinates": [ 132.740265, 33.837519 ] } },
{ "type": "Feature", "properties": { "ID": 3822383135250, "正式名称": "津和地診療所", "機関区分": 2, "都道府県コード": 38, "市区町村コード": 201, "所在地": "愛媛県松山市津和地４２０番地", "緯度": 33.982222, "経度": 132.512721, "url": "https://www.iryou.teikyouseido.mhlw.go.jp/znk-web/juminkanja/S2430/initialize?prefCd=38&kikanCd=2383135250&kikanKbn=2", "url2": "http://www.yuhokai.net/", "内容": "津和地診療所【2:診療所】【診療科目:内科_外科_整形外科】愛媛県松山市津和地４２０番地" }, "geometry": { "type": "Point", "coordinates": [ 132.512721, 33.982222 ] } },
{ "type": "Feature", "properties": { "ID": 3822383135410, "正式名称": "医療法人　小松内科循環器科クリニック", "機関区分": 2, "都道府県コード": 38, "市区町村コード": 201, "所在地": "愛媛県松山市大手町２丁目９番地６グランディアステーションタワー１Ｆ", "緯度": 33.840436, "経度": 132.753902, "url": "https://www.iryou.teikyouseido.mhlw.go.jp/znk-web/juminkanja/S2430/initialize?prefCd=38&kikanCd=2383135410&kikanKbn=2", "url2": null, "内容": "医療法人　小松内科循環器科クリニック【2:診療所】【診療科目:内科_循環器内科】愛媛県松山市大手町２丁目９番地６グランディアステーションタワー１Ｆ" }, "geometry": { "type": "Point", "coordinates": [ 132.753902, 33.840436 ] } },
{ "type": "Feature", "properties": { "ID": 3822383135540, "正式名称": "あい整形外科", "機関区分": 2, "都道府県コード": 38, "市区町村コード": 201, "所在地": "愛媛県松山市久万ノ台３９０－１", "緯度": 33.861295, "経度": 132.750013, "url": "https://www.iryou.teikyouseido.mhlw.go.jp/znk-web/juminkanja/S2430/initialize?prefCd=38&kikanCd=2383135540&kikanKbn=2", "url2": "http://www7b.biglobe.ne.jp/~aiseikei/", "内容": "あい整形外科【2:診療所】【診療科目:ペインクリニック外科_整形外科_リハビリテーション科】愛媛県松山市久万ノ台３９０－１" }, "geometry": { "type": "Point", "coordinates": [ 132.750013, 33.861295 ] } },
{ "type": "Feature", "properties": { "ID": 3822383135670, "正式名称": "順風会健診センター", "機関区分": 2, "都道府県コード": 38, "市区町村コード": 201, "所在地": "愛媛県松山市高砂町２丁目３番１号", "緯度": 33.850768, "経度": 132.761568, "url": "https://www.iryou.teikyouseido.mhlw.go.jp/znk-web/juminkanja/S2430/initialize?prefCd=38&kikanCd=2383135670&kikanKbn=2", "url2": "http://www.junpu.or.jp/hc-center/", "内容": "順風会健診センター【2:診療所】【診療科目:放射線科】愛媛県松山市高砂町２丁目３番１号" }, "geometry": { "type": "Point", "coordinates": [ 132.761568, 33.850768 ] } },
{ "type": "Feature", "properties": { "ID": 3822383135700, "正式名称": "泌尿器科あらきクリニック", "機関区分": 2, "都道府県コード": 38, "市区町村コード": 201, "所在地": "愛媛県松山市六軒家町３番２２号　フォーシーズンズまつやま１階", "緯度": 33.852657, "経度": 132.748708, "url": "https://www.iryou.teikyouseido.mhlw.go.jp/znk-web/juminkanja/S2430/initialize?prefCd=38&kikanCd=2383135700&kikanKbn=2", "url2": "http://www.araki-clinic.jp", "内容": "泌尿器科あらきクリニック【2:診療所】【診療科目:泌尿器科】愛媛県松山市六軒家町３番２２号　フォーシーズンズまつやま１階" }, "geometry": { "type": "Point", "coordinates": [ 132.748708, 33.852657 ] } },
{ "type": "Feature", "properties": { "ID": 3822383135960, "正式名称": "さくら診療所", "機関区分": 2, "都道府県コード": 38, "市区町村コード": 201, "所在地": "愛媛県松山市高井町７２８番地３", "緯度": 33.798302, "経度": 132.813455, "url": "https://www.iryou.teikyouseido.mhlw.go.jp/znk-web/juminkanja/S2430/initialize?prefCd=38&kikanCd=2383135960&kikanKbn=2", "url2": "http://www.sakura-shinryojo.jp", "内容": "さくら診療所【2:診療所】【診療科目:内科】愛媛県松山市高井町７２８番地３" }, "geometry": { "type": "Point", "coordinates": [ 132.813455, 33.798302 ] } },
{ "type": "Feature", "properties": { "ID": 3822383136000, "正式名称": "あかりクリニック", "機関区分": 2, "都道府県コード": 38, "市区町村コード": 201, "所在地": "愛媛県松山市古川北二丁目１３番３号", "緯度": 33.812828, "経度": 132.764069, "url": "https://www.iryou.teikyouseido.mhlw.go.jp/znk-web/juminkanja/S2430/initialize?prefCd=38&kikanCd=2383136000&kikanKbn=2", "url2": "http://www.akariclinic.jp/", "内容": "あかりクリニック【2:診療所】【診療科目:内科_放射線科】愛媛県松山市古川北二丁目１３番３号" }, "geometry": { "type": "Point", "coordinates": [ 132.764069, 33.812828 ] } },
{ "type": "Feature", "properties": { "ID": 3822383136130, "正式名称": "医療法人ＴＭＣ　富永ペインクリニック", "機関区分": 2, "都道府県コード": 38, "市区町村コード": 201, "所在地": "愛媛県松山市此花町７番３３号", "緯度": 33.840938, "経度": 132.779393, "url": "https://www.iryou.teikyouseido.mhlw.go.jp/znk-web/juminkanja/S2430/initialize?prefCd=38&kikanCd=2383136130&kikanKbn=2", "url2": "http://www.tominaga-clinic.net/", "内容": "医療法人ＴＭＣ　富永ペインクリニック【2:診療所】【診療科目:麻酔科】愛媛県松山市此花町７番３３号" }, "geometry": { "type": "Point", "coordinates": [ 132.779393, 33.840938 ] } },
{ "type": "Feature", "properties": { "ID": 3822383136260, "正式名称": "あき整形外科リハビリテーションクリニック", "機関区分": 2, "都道府県コード": 38, "市区町村コード": 201, "所在地": "愛媛県松山市石手白石甲１０５－６", "緯度": 33.844992, "経度": 132.804037, "url": "https://www.iryou.teikyouseido.mhlw.go.jp/znk-web/juminkanja/S2430/initialize?prefCd=38&kikanCd=2383136260&kikanKbn=2", "url2": "http://www.aki-seikei-rehabilitation.com/index.html", "内容": "あき整形外科リハビリテーションクリニック【2:診療所】【診療科目:整形外科_リハビリテーション科】愛媛県松山市石手白石甲１０５－６" }, "geometry": { "type": "Point", "coordinates": [ 132.804037, 33.844992 ] } },
{ "type": "Feature", "properties": { "ID": 3822383136390, "正式名称": "医療法人山中内科・消化器内科クリニック", "機関区分": 2, "都道府県コード": 38, "市区町村コード": 201, "所在地": "愛媛県松山市内宮町５５８番地１", "緯度": 33.893319, "経度": 132.748539, "url": "https://www.iryou.teikyouseido.mhlw.go.jp/znk-web/juminkanja/S2430/initialize?prefCd=38&kikanCd=2383136390&kikanKbn=2", "url2": "http://www.yamanaka-cl.com/index.html", "内容": "医療法人山中内科・消化器内科クリニック【2:診療所】【診療科目:内科_消化器内科】愛媛県松山市内宮町５５８番地１" }, "geometry": { "type": "Point", "coordinates": [ 132.748539, 33.893319 ] } },
{ "type": "Feature", "properties": { "ID": 3822383136420, "正式名称": "産科・婦人科　米本マタニティクリニック", "機関区分": 2, "都道府県コード": 38, "市区町村コード": 201, "所在地": "愛媛県松山市安城寺町５３７番地１", "緯度": 33.874295, "経度": 132.739693, "url": "https://www.iryou.teikyouseido.mhlw.go.jp/znk-web/juminkanja/S2430/initialize?prefCd=38&kikanCd=2383136420&kikanKbn=2", "url2": "http://www.yonemotomc.com/", "内容": "産科・婦人科　米本マタニティクリニック【2:診療所】【診療科目:産婦人科】愛媛県松山市安城寺町５３７番地１" }, "geometry": { "type": "Point", "coordinates": [ 132.739693, 33.874295 ] } },
{ "type": "Feature", "properties": { "ID": 3822383136550, "正式名称": "医療法人クリニック暖", "機関区分": 2, "都道府県コード": 38, "市区町村コード": 201, "所在地": "愛媛県松山市畑寺３丁目１２番３０号", "緯度": 33.829438, "経度": 132.79526, "url": "https://www.iryou.teikyouseido.mhlw.go.jp/znk-web/juminkanja/S2430/initialize?prefCd=38&kikanCd=2383136550&kikanKbn=2", "url2": "https://clinic-haru.com/", "内容": "医療法人クリニック暖【2:診療所】【診療科目:外科】愛媛県松山市畑寺３丁目１２番３０号" }, "geometry": { "type": "Point", "coordinates": [ 132.79526, 33.829438 ] } },
{ "type": "Feature", "properties": { "ID": 3822383136710, "正式名称": "兵頭眼科", "機関区分": 2, "都道府県コード": 38, "市区町村コード": 201, "所在地": "愛媛県松山市一番町二丁目６番地５", "緯度": 33.841853, "経度": 132.770401, "url": "https://www.iryou.teikyouseido.mhlw.go.jp/znk-web/juminkanja/S2430/initialize?prefCd=38&kikanCd=2383136710&kikanKbn=2", "url2": "https://hyodo-eyeclinic.jp/", "内容": "兵頭眼科【2:診療所】【診療科目:眼科】愛媛県松山市一番町二丁目６番地５" }, "geometry": { "type": "Point", "coordinates": [ 132.770401, 33.841853 ] } },
{ "type": "Feature", "properties": { "ID": 3822383137010, "正式名称": "よこた内科", "機関区分": 2, "都道府県コード": 38, "市区町村コード": 201, "所在地": "愛媛県松山市岩崎町一丁目８－４１", "緯度": 33.84663, "経度": 132.78576, "url": "https://www.iryou.teikyouseido.mhlw.go.jp/znk-web/juminkanja/S2430/initialize?prefCd=38&kikanCd=2383137010&kikanKbn=2", "url2": "https://www.yokota-clinic.info/index.html", "内容": "よこた内科【2:診療所】【診療科目:内科_代謝・内分泌内科】愛媛県松山市岩崎町一丁目８－４１" }, "geometry": { "type": "Point", "coordinates": [ 132.78576, 33.84663 ] } },
{ "type": "Feature", "properties": { "ID": 3822383137270, "正式名称": "ＳＨＵＮ心療クリニック", "機関区分": 2, "都道府県コード": 38, "市区町村コード": 201, "所在地": "愛媛県松山市朝生田町一丁目４番１４号　コンフォルトビル２Ｆ", "緯度": 33.823688, "経度": 132.773873, "url": "https://www.iryou.teikyouseido.mhlw.go.jp/znk-web/juminkanja/S2430/initialize?prefCd=38&kikanCd=2383137270&kikanKbn=2", "url2": "http://www.shun-c.com", "内容": "ＳＨＵＮ心療クリニック【2:診療所】【診療科目:精神科_心療内科】愛媛県松山市朝生田町一丁目４番１４号　コンフォルトビル２Ｆ" }, "geometry": { "type": "Point", "coordinates": [ 132.773873, 33.823688 ] } },
{ "type": "Feature", "properties": { "ID": 3822383138150, "正式名称": "ながと脳神経外科・心療内科クリニック", "機関区分": 2, "都道府県コード": 38, "市区町村コード": 201, "所在地": "愛媛県松山市余戸西三丁目９－２２", "緯度": 33.813632, "経度": 132.720406, "url": "https://www.iryou.teikyouseido.mhlw.go.jp/znk-web/juminkanja/S2430/initialize?prefCd=38&kikanCd=2383138150&kikanKbn=2", "url2": "https://nagato-cl.com/", "内容": "ながと脳神経外科・心療内科クリニック【2:診療所】【診療科目:脳神経外科_精神科_心療内科】愛媛県松山市余戸西三丁目９－２２" }, "geometry": { "type": "Point", "coordinates": [ 132.720406, 33.813632 ] } },
{ "type": "Feature", "properties": { "ID": 3822383138280, "正式名称": "こみなと整形外科", "機関区分": 2, "都道府県コード": 38, "市区町村コード": 201, "所在地": "愛媛県松山市北土居三丁目１１－３２", "緯度": 33.803968, "経度": 132.784429, "url": "https://www.iryou.teikyouseido.mhlw.go.jp/znk-web/juminkanja/S2430/initialize?prefCd=38&kikanCd=2383138280&kikanKbn=2", "url2": "https://kominato-seikei.net/", "内容": "こみなと整形外科【2:診療所】【診療科目:整形外科_リウマチ科_リハビリテーション科】愛媛県松山市北土居三丁目１１－３２" }, "geometry": { "type": "Point", "coordinates": [ 132.784429, 33.803968 ] } },
{ "type": "Feature", "properties": { "ID": 3822383138570, "正式名称": "医療法人こうの耳鼻咽喉科", "機関区分": 2, "都道府県コード": 38, "市区町村コード": 201, "所在地": "愛媛県松山市富久町１１５番地６", "緯度": 33.821299, "経度": 132.732099, "url": "https://www.iryou.teikyouseido.mhlw.go.jp/znk-web/juminkanja/S2430/initialize?prefCd=38&kikanCd=2383138570&kikanKbn=2", "url2": "http://www.kohno-ent.jp/", "内容": "医療法人こうの耳鼻咽喉科【2:診療所】【診療科目:耳鼻いんこう科】愛媛県松山市富久町１１５番地６" }, "geometry": { "type": "Point", "coordinates": [ 132.732099, 33.821299 ] } },
{ "type": "Feature", "properties": { "ID": 3822383865102, "正式名称": "大洲喜多休日夜間急患センター", "機関区分": 2, "都道府県コード": 38, "市区町村コード": 207, "所在地": "愛媛県大洲市東大洲８８番地１", "緯度": 33.519406, "経度": 132.551658, "url": "https://www.iryou.teikyouseido.mhlw.go.jp/znk-web/juminkanja/S2430/initialize?prefCd=38&kikanCd=2383865102&kikanKbn=2", "url2": null, "内容": "大洲喜多休日夜間急患センター【2:診療所】【診療科目:内科】愛媛県大洲市東大洲８８番地１" }, "geometry": { "type": "Point", "coordinates": [ 132.551658, 33.519406 ] } },
{ "type": "Feature", "properties": { "ID": 3822383865103, "正式名称": "たんぽぽ俵津診療所", "機関区分": 2, "都道府県コード": 38, "市区町村コード": 214, "所在地": "愛媛県西予市明浜町俵津３番耕地２２８番地", "緯度": 33.326597, "経度": 132.489186, "url": "https://www.iryou.teikyouseido.mhlw.go.jp/znk-web/juminkanja/S2430/initialize?prefCd=38&kikanCd=2383865103&kikanKbn=2", "url2": "www.tampopo-clinic.com", "内容": "たんぽぽ俵津診療所【2:診療所】【診療科目:内科_泌尿器科】愛媛県西予市明浜町俵津３番耕地２２８番地" }, "geometry": { "type": "Point", "coordinates": [ 132.489186, 33.326597 ] } },
{ "type": "Feature", "properties": { "ID": 3822383865106, "正式名称": "高千穂醫院", "機関区分": 2, "都道府県コード": 38, "市区町村コード": 214, "所在地": "愛媛県西予市宇和町上松葉１８４番地２", "緯度": 33.385008, "経度": 132.503055, "url": "https://www.iryou.teikyouseido.mhlw.go.jp/znk-web/juminkanja/S2430/initialize?prefCd=38&kikanCd=2383865106&kikanKbn=2", "url2": null, "内容": "高千穂醫院【2:診療所】【診療科目:内科】愛媛県西予市宇和町上松葉１８４番地２" }, "geometry": { "type": "Point", "coordinates": [ 132.503055, 33.385008 ] } },
{ "type": "Feature", "properties": { "ID": 3822385100210, "正式名称": "松岡整形外科医院", "機関区分": 2, "都道府県コード": 38, "市区町村コード": 213, "所在地": "愛媛県四国中央市川之江町３２９－８", "緯度": 34.002461, "経度": 133.566633, "url": "https://www.iryou.teikyouseido.mhlw.go.jp/znk-web/juminkanja/S2430/initialize?prefCd=38&kikanCd=2385100210&kikanKbn=2", "url2": "http://matsuokaseikei.com", "内容": "松岡整形外科医院【2:診療所】【診療科目:整形外科_リウマチ科_リハビリテーション科】愛媛県四国中央市川之江町３２９－８" }, "geometry": { "type": "Point", "coordinates": [ 133.566633, 34.002461 ] } },
{ "type": "Feature", "properties": { "ID": 3822385100500, "正式名称": "眞鍋医院", "機関区分": 2, "都道府県コード": 38, "市区町村コード": 213, "所在地": "愛媛県四国中央市川之江町１２９７", "緯度": 34.015654, "経度": 133.570576, "url": "https://www.iryou.teikyouseido.mhlw.go.jp/znk-web/juminkanja/S2430/initialize?prefCd=38&kikanCd=2385100500&kikanKbn=2", "url2": "https://y.atlink.jp/manabe/", "内容": "眞鍋医院【2:診療所】【診療科目:内科_小児科】愛媛県四国中央市川之江町１２９７" }, "geometry": { "type": "Point", "coordinates": [ 133.570576, 34.015654 ] } },
{ "type": "Feature", "properties": { "ID": 3822385100920, "正式名称": "医療法人川関高橋医院", "機関区分": 2, "都道府県コード": 38, "市区町村コード": 213, "所在地": "愛媛県四国中央市金生町下分２５７", "緯度": 34.006655, "経度": 133.577882, "url": "https://www.iryou.teikyouseido.mhlw.go.jp/znk-web/juminkanja/S2430/initialize?prefCd=38&kikanCd=2385100920&kikanKbn=2", "url2": null, "内容": "医療法人川関高橋医院【2:診療所】【診療科目:内科_循環器内科_胃腸内科_リウマチ科_放射線科】愛媛県四国中央市金生町下分２５７" }, "geometry": { "type": "Point", "coordinates": [ 133.577882, 34.006655 ] } },
{ "type": "Feature", "properties": { "ID": 3822385102520, "正式名称": "いのうえレディースクリニック", "機関区分": 2, "都道府県コード": 38, "市区町村コード": 213, "所在地": "愛媛県四国中央市三島中央４－４－４", "緯度": 33.979685, "経度": 133.540386, "url": "https://www.iryou.teikyouseido.mhlw.go.jp/znk-web/juminkanja/S2430/initialize?prefCd=38&kikanCd=2385102520&kikanKbn=2", "url2": "http://www17.ocn.ne.jp/~inoue/", "内容": "いのうえレディースクリニック【2:診療所】【診療科目:産婦人科_麻酔科】愛媛県四国中央市三島中央４－４－４" }, "geometry": { "type": "Point", "coordinates": [ 133.540386, 33.979685 ] } },
{ "type": "Feature", "properties": { "ID": 3822385102650, "正式名称": "川崎会中央クリニック", "機関区分": 2, "都道府県コード": 38, "市区町村コード": 213, "所在地": "愛媛県四国中央市三島中央４－１２－２３", "緯度": 33.981657, "経度": 133.539692, "url": "https://www.iryou.teikyouseido.mhlw.go.jp/znk-web/juminkanja/S2430/initialize?prefCd=38&kikanCd=2385102650&kikanKbn=2", "url2": "http://mahasui.web.fc2.com/", "内容": "川崎会中央クリニック【2:診療所】【診療科目:内科_循環器内科_消化器内科_肛門外科_小児科】愛媛県四国中央市三島中央４－１２－２３" }, "geometry": { "type": "Point", "coordinates": [ 133.539692, 33.981657 ] } },
{ "type": "Feature", "properties": { "ID": 3822385102940, "正式名称": "医療法人徳仁会　やべ内科クリニック", "機関区分": 2, "都道府県コード": 38, "市区町村コード": 213, "所在地": "愛媛県四国中央市三島宮川４－６－７１", "緯度": 33.980879, "経度": 133.548052, "url": "https://www.iryou.teikyouseido.mhlw.go.jp/znk-web/juminkanja/S2430/initialize?prefCd=38&kikanCd=2385102940&kikanKbn=2", "url2": "https://www.yabe-med.com", "内容": "医療法人徳仁会　やべ内科クリニック【2:診療所】【診療科目:内科_循環器内科_消化器内科_小児科_救急科】愛媛県四国中央市三島宮川４－６－７１" }, "geometry": { "type": "Point", "coordinates": [ 133.548052, 33.980879 ] } },
{ "type": "Feature", "properties": { "ID": 3822385103790, "正式名称": "医療法人　愛生会　井上整形外科医院", "機関区分": 2, "都道府県コード": 38, "市区町村コード": 213, "所在地": "愛媛県四国中央市三島中央５－５－８", "緯度": 33.977741, "経度": 133.54183, "url": "https://www.iryou.teikyouseido.mhlw.go.jp/znk-web/juminkanja/S2430/initialize?prefCd=38&kikanCd=2385103790&kikanKbn=2", "url2": null, "内容": "医療法人　愛生会　井上整形外科医院【2:診療所】【診療科目:整形外科】愛媛県四国中央市三島中央５－５－８" }, "geometry": { "type": "Point", "coordinates": [ 133.54183, 33.977741 ] } },
{ "type": "Feature", "properties": { "ID": 3822385103950, "正式名称": "医療法人柏寿会福田医院", "機関区分": 2, "都道府県コード": 38, "市区町村コード": 213, "所在地": "愛媛県四国中央市下柏町４３５－１", "緯度": 33.984796, "経度": 133.562106, "url": "https://www.iryou.teikyouseido.mhlw.go.jp/znk-web/juminkanja/S2430/initialize?prefCd=38&kikanCd=2385103950&kikanKbn=2", "url2": null, "内容": "医療法人柏寿会福田医院【2:診療所】【診療科目:内科_循環器内科_消化器内科_小児科】愛媛県四国中央市下柏町４３５－１" }, "geometry": { "type": "Point", "coordinates": [ 133.562106, 33.984796 ] } },
{ "type": "Feature", "properties": { "ID": 3822385104120, "正式名称": "みよし循環器クリニック", "機関区分": 2, "都道府県コード": 38, "市区町村コード": 213, "所在地": "愛媛県四国中央市寒川町１１８１－１", "緯度": 33.968213, "経度": 133.515111, "url": "https://www.iryou.teikyouseido.mhlw.go.jp/znk-web/juminkanja/S2430/initialize?prefCd=38&kikanCd=2385104120&kikanKbn=2", "url2": "http://www.myclinic.ne.jp/miyoshi_jyunkan", "内容": "みよし循環器クリニック【2:診療所】【診療科目:内科_循環器内科_皮膚科】愛媛県四国中央市寒川町１１８１－１" }, "geometry": { "type": "Point", "coordinates": [ 133.515111, 33.968213 ] } },
{ "type": "Feature", "properties": { "ID": 3822385104540, "正式名称": "医療法人相引医院", "機関区分": 2, "都道府県コード": 38, "市区町村コード": 213, "所在地": "愛媛県四国中央市土居町入野６８６", "緯度": 33.957157, "経度": 133.427896, "url": "https://www.iryou.teikyouseido.mhlw.go.jp/znk-web/juminkanja/S2430/initialize?prefCd=38&kikanCd=2385104540&kikanKbn=2", "url2": null, "内容": "医療法人相引医院【2:診療所】【診療科目:内科_消化器内科】愛媛県四国中央市土居町入野６８６" }, "geometry": { "type": "Point", "coordinates": [ 133.427896, 33.957157 ] } },
{ "type": "Feature", "properties": { "ID": 3822385104960, "正式名称": "医療法人社団恵仁会三島クリニック", "機関区分": 2, "都道府県コード": 38, "市区町村コード": 213, "所在地": "愛媛県四国中央市中之庄町１１６番地", "緯度": 33.973519, "経度": 133.529443, "url": "https://www.iryou.teikyouseido.mhlw.go.jp/znk-web/juminkanja/S2430/initialize?prefCd=38&kikanCd=2385104960&kikanKbn=2", "url2": "http://www.mishimaclinic.jp/", "内容": "医療法人社団恵仁会三島クリニック【2:診療所】【診療科目:内科_循環器内科_胃腸内科_腎臓内科_人工透析内科_ペインクリニック内科_外科_皮膚科_泌尿器科_麻酔科】愛媛県四国中央市中之庄町１１６番地" }, "geometry": { "type": "Point", "coordinates": [ 133.529443, 33.973519 ] } },
{ "type": "Feature", "properties": { "ID": 3822385105260, "正式名称": "豊永医院", "機関区分": 2, "都道府県コード": 38, "市区町村コード": 213, "所在地": "愛媛県四国中央市金田町金川４５－１", "緯度": 33.990046, "経度": 133.594825, "url": "https://www.iryou.teikyouseido.mhlw.go.jp/znk-web/juminkanja/S2430/initialize?prefCd=38&kikanCd=2385105260&kikanKbn=2", "url2": null, "内容": "豊永医院【2:診療所】【診療科目:内科_外科_泌尿器科】愛媛県四国中央市金田町金川４５－１" }, "geometry": { "type": "Point", "coordinates": [ 133.594825, 33.990046 ] } },
{ "type": "Feature", "properties": { "ID": 3822385105390, "正式名称": "芝医院", "機関区分": 2, "都道府県コード": 38, "市区町村コード": 213, "所在地": "愛媛県四国中央市妻鳥町２０７４－１", "緯度": 33.986324, "経度": 133.576244, "url": "https://www.iryou.teikyouseido.mhlw.go.jp/znk-web/juminkanja/S2430/initialize?prefCd=38&kikanCd=2385105390&kikanKbn=2", "url2": null, "内容": "芝医院【2:診療所】【診療科目:消化器内科_外科】愛媛県四国中央市妻鳥町２０７４－１" }, "geometry": { "type": "Point", "coordinates": [ 133.576244, 33.986324 ] } },
{ "type": "Feature", "properties": { "ID": 3822385105550, "正式名称": "鈴木医院", "機関区分": 2, "都道府県コード": 38, "市区町村コード": 213, "所在地": "愛媛県四国中央市土居町小林１２００番地", "緯度": 33.957852, "経度": 133.435507, "url": "https://www.iryou.teikyouseido.mhlw.go.jp/znk-web/juminkanja/S2430/initialize?prefCd=38&kikanCd=2385105550&kikanKbn=2", "url2": null, "内容": "鈴木医院【2:診療所】【診療科目:内科_小児科】愛媛県四国中央市土居町小林１２００番地" }, "geometry": { "type": "Point", "coordinates": [ 133.435507, 33.957852 ] } },
{ "type": "Feature", "properties": { "ID": 3822385105710, "正式名称": "井上整形外科クリニック", "機関区分": 2, "都道府県コード": 38, "市区町村コード": 213, "所在地": "愛媛県四国中央市金生町山田井１２２３", "緯度": 34.010349, "経度": 133.592602, "url": "https://www.iryou.teikyouseido.mhlw.go.jp/znk-web/juminkanja/S2430/initialize?prefCd=38&kikanCd=2385105710&kikanKbn=2", "url2": "http://shikochu-inoueclinic.or.jp/", "内容": "井上整形外科クリニック【2:診療所】【診療科目:整形外科】愛媛県四国中央市金生町山田井１２２３" }, "geometry": { "type": "Point", "coordinates": [ 133.592602, 34.010349 ] } },
{ "type": "Feature", "properties": { "ID": 3822385106010, "正式名称": "大西内科医院", "機関区分": 2, "都道府県コード": 38, "市区町村コード": 213, "所在地": "愛媛県四国中央市金生町下分１４２３番地", "緯度": 34.000433, "経度": 133.582048, "url": "https://www.iryou.teikyouseido.mhlw.go.jp/znk-web/juminkanja/S2430/initialize?prefCd=38&kikanCd=2385106010&kikanKbn=2", "url2": "https://www.patt.gr.jp/~patt/hp/", "内容": "大西内科医院【2:診療所】【診療科目:内科】愛媛県四国中央市金生町下分１４２３番地" }, "geometry": { "type": "Point", "coordinates": [ 133.582048, 34.000433 ] } },
{ "type": "Feature", "properties": { "ID": 3822385106140, "正式名称": "大坪医院", "機関区分": 2, "都道府県コード": 38, "市区町村コード": 213, "所在地": "愛媛県四国中央市三島中央５丁目１番２０号", "緯度": 33.977713, "経度": 133.540053, "url": "https://www.iryou.teikyouseido.mhlw.go.jp/znk-web/juminkanja/S2430/initialize?prefCd=38&kikanCd=2385106140&kikanKbn=2", "url2": null, "内容": "大坪医院【2:診療所】【診療科目:内科_循環器内科_消化器内科】愛媛県四国中央市三島中央５丁目１番２０号" }, "geometry": { "type": "Point", "coordinates": [ 133.540053, 33.977713 ] } },
{ "type": "Feature", "properties": { "ID": 3822385106270, "正式名称": "高木耳鼻咽喉科", "機関区分": 2, "都道府県コード": 38, "市区町村コード": 213, "所在地": "愛媛県四国中央市下柏町６８１－１", "緯度": 33.988434, "経度": 133.564356, "url": "https://www.iryou.teikyouseido.mhlw.go.jp/znk-web/juminkanja/S2430/initialize?prefCd=38&kikanCd=2385106270&kikanKbn=2", "url2": "http://orla.topaz.ne.jp", "内容": "高木耳鼻咽喉科【2:診療所】【診療科目:耳鼻いんこう科】愛媛県四国中央市下柏町６８１－１" }, "geometry": { "type": "Point", "coordinates": [ 133.564356, 33.988434 ] } },
{ "type": "Feature", "properties": { "ID": 3822385106560, "正式名称": "和田眼科", "機関区分": 2, "都道府県コード": 38, "市区町村コード": 213, "所在地": "愛媛県四国中央市中之庄町６４番地の１", "緯度": 33.974907, "経度": 133.529748, "url": "https://www.iryou.teikyouseido.mhlw.go.jp/znk-web/juminkanja/S2430/initialize?prefCd=38&kikanCd=2385106560&kikanKbn=2", "url2": "http://wada-ganka.webmedipr.jp/", "内容": "和田眼科【2:診療所】【診療科目:眼科】愛媛県四国中央市中之庄町６４番地の１" }, "geometry": { "type": "Point", "coordinates": [ 133.529748, 33.974907 ] } },
{ "type": "Feature", "properties": { "ID": 3822385106690, "正式名称": "楠島眼科", "機関区分": 2, "都道府県コード": 38, "市区町村コード": 213, "所在地": "愛媛県四国中央市金生町下分２５５－１", "緯度": 34.005599, "経度": 133.583687, "url": "https://www.iryou.teikyouseido.mhlw.go.jp/znk-web/juminkanja/S2430/initialize?prefCd=38&kikanCd=2385106690&kikanKbn=2", "url2": null, "内容": "楠島眼科【2:診療所】【診療科目:眼科】愛媛県四国中央市金生町下分２５５－１" }, "geometry": { "type": "Point", "coordinates": [ 133.583687, 34.005599 ] } },
{ "type": "Feature", "properties": { "ID": 3822385106720, "正式名称": "おおたに皮フ科", "機関区分": 2, "都道府県コード": 38, "市区町村コード": 213, "所在地": "愛媛県四国中央市中之庄町宮ノ北４００－１", "緯度": 33.976546, "経度": 133.532303, "url": "https://www.iryou.teikyouseido.mhlw.go.jp/znk-web/juminkanja/S2430/initialize?prefCd=38&kikanCd=2385106720&kikanKbn=2", "url2": null, "内容": "おおたに皮フ科【2:診療所】【診療科目:形成外科_皮膚科】愛媛県四国中央市中之庄町宮ノ北４００－１" }, "geometry": { "type": "Point", "coordinates": [ 133.532303, 33.976546 ] } },
{ "type": "Feature", "properties": { "ID": 3822385106850, "正式名称": "川上こどもクリニック", "機関区分": 2, "都道府県コード": 38, "市区町村コード": 213, "所在地": "愛媛県四国中央市金生町山田井８９５番地２", "緯度": 34.009849, "経度": 133.59313, "url": "https://www.iryou.teikyouseido.mhlw.go.jp/znk-web/juminkanja/S2430/initialize?prefCd=38&kikanCd=2385106850&kikanKbn=2", "url2": null, "内容": "川上こどもクリニック【2:診療所】【診療科目:小児科】愛媛県四国中央市金生町山田井８９５番地２" }, "geometry": { "type": "Point", "coordinates": [ 133.59313, 34.009849 ] } },
{ "type": "Feature", "properties": { "ID": 3822385107020, "正式名称": "生協宇摩診療所", "機関区分": 2, "都道府県コード": 38, "市区町村コード": 213, "所在地": "愛媛県四国中央市寒川町２９１２－１", "緯度": 33.967241, "経度": 133.507584, "url": "https://www.iryou.teikyouseido.mhlw.go.jp/znk-web/juminkanja/S2430/initialize?prefCd=38&kikanCd=2385107020&kikanKbn=2", "url2": "http://www.ehime-med.or.jp/", "内容": "生協宇摩診療所【2:診療所】【診療科目:内科】愛媛県四国中央市寒川町２９１２－１" }, "geometry": { "type": "Point", "coordinates": [ 133.507584, 33.967241 ] } },
{ "type": "Feature", "properties": { "ID": 3822385107150, "正式名称": "宮﨑内科", "機関区分": 2, "都道府県コード": 38, "市区町村コード": 213, "所在地": "愛媛県四国中央市妻鳥町４７３－２", "緯度": 33.993698, "経度": 133.566004, "url": "https://www.iryou.teikyouseido.mhlw.go.jp/znk-web/juminkanja/S2430/initialize?prefCd=38&kikanCd=2385107150&kikanKbn=2", "url2": null, "内容": "宮﨑内科【2:診療所】【診療科目:内科_呼吸器内科_消化器内科】愛媛県四国中央市妻鳥町４７３－２" }, "geometry": { "type": "Point", "coordinates": [ 133.566004, 33.993698 ] } },
{ "type": "Feature", "properties": { "ID": 3822385107280, "正式名称": "ふく整形外科", "機関区分": 2, "都道府県コード": 38, "市区町村コード": 213, "所在地": "愛媛県四国中央市土居町中村１２４５番地", "緯度": 33.95763, "経度": 133.431118, "url": "https://www.iryou.teikyouseido.mhlw.go.jp/znk-web/juminkanja/S2430/initialize?prefCd=38&kikanCd=2385107280&kikanKbn=2", "url2": "fuku-ortho.com", "内容": "ふく整形外科【2:診療所】【診療科目:整形外科_リウマチ科_リハビリテーション科】愛媛県四国中央市土居町中村１２４５番地" }, "geometry": { "type": "Point", "coordinates": [ 133.431118, 33.95763 ] } },
{ "type": "Feature", "properties": { "ID": 3822385107310, "正式名称": "新居浜市医師会別子山診療所", "機関区分": 2, "都道府県コード": 38, "市区町村コード": 205, "所在地": "愛媛県新居浜市別子山乙２４１－６", "緯度": 33.960321, "経度": 133.283353, "url": "https://www.iryou.teikyouseido.mhlw.go.jp/znk-web/juminkanja/S2430/initialize?prefCd=38&kikanCd=2385107310&kikanKbn=2", "url2": "http://www.niihama-med.or.jp/", "内容": "新居浜市医師会別子山診療所【2:診療所】【診療科目:内科_外科】愛媛県新居浜市別子山乙２４１－６" }, "geometry": { "type": "Point", "coordinates": [ 133.283353, 33.960321 ] } },
{ "type": "Feature", "properties": { "ID": 3822385107570, "正式名称": "ふじえだファミリークリニック", "機関区分": 2, "都道府県コード": 38, "市区町村コード": 213, "所在地": "愛媛県四国中央市中曽根町５０７４", "緯度": 33.977296, "経度": 133.550552, "url": "https://www.iryou.teikyouseido.mhlw.go.jp/znk-web/juminkanja/S2430/initialize?prefCd=38&kikanCd=2385107570&kikanKbn=2", "url2": "https://www.fujieda-fc.com/", "内容": "ふじえだファミリークリニック【2:診療所】【診療科目:小児科_皮膚科_アレルギー科】愛媛県四国中央市中曽根町５０７４" }, "geometry": { "type": "Point", "coordinates": [ 133.550552, 33.977296 ] } },
{ "type": "Feature", "properties": { "ID": 3822385107600, "正式名称": "四国中央市国民健康保険新宮診療所", "機関区分": 2, "都道府県コード": 38, "市区町村コード": 213, "所在地": "愛媛県四国中央市新宮町新宮５０番地", "緯度": 33.947634, "経度": 133.639685, "url": "https://www.iryou.teikyouseido.mhlw.go.jp/znk-web/juminkanja/S2430/initialize?prefCd=38&kikanCd=2385107600&kikanKbn=2", "url2": "https://www.city.shikokuchuo.ehime.jp/soshiki/58/3942.html", "内容": "四国中央市国民健康保険新宮診療所【2:診療所】【診療科目:内科_外科_小児科_歯科_放射線科】愛媛県四国中央市新宮町新宮５０番地" }, "geometry": { "type": "Point", "coordinates": [ 133.639685, 33.947634 ] } },
{ "type": "Feature", "properties": { "ID": 3822385107730, "正式名称": "くりせいけい", "機関区分": 2, "都道府県コード": 38, "市区町村コード": 213, "所在地": "愛媛県四国中央市三島金子１－４－３１", "緯度": 33.981518, "経度": 133.538108, "url": "https://www.iryou.teikyouseido.mhlw.go.jp/znk-web/juminkanja/S2430/initialize?prefCd=38&kikanCd=2385107730&kikanKbn=2", "url2": null, "内容": "くりせいけい【2:診療所】【診療科目:整形外科】愛媛県四国中央市三島金子１－４－３１" }, "geometry": { "type": "Point", "coordinates": [ 133.538108, 33.981518 ] } },
{ "type": "Feature", "properties": { "ID": 3822385107860, "正式名称": "クリニック山崎内科", "機関区分": 2, "都道府県コード": 38, "市区町村コード": 213, "所在地": "愛媛県四国中央市川之江町２９７８－１", "緯度": 34.012432, "経度": 133.582964, "url": "https://www.iryou.teikyouseido.mhlw.go.jp/znk-web/juminkanja/S2430/initialize?prefCd=38&kikanCd=2385107860&kikanKbn=2", "url2": null, "内容": "クリニック山崎内科【2:診療所】【診療科目:内科_消化器内科】愛媛県四国中央市川之江町２９７８－１" }, "geometry": { "type": "Point", "coordinates": [ 133.582964, 34.012432 ] } },
{ "type": "Feature", "properties": { "ID": 3822385107990, "正式名称": "山口クリニック", "機関区分": 2, "都道府県コード": 38, "市区町村コード": 213, "所在地": "愛媛県四国中央市川之江町１６４０－１", "緯度": 34.014682, "経度": 133.574437, "url": "https://www.iryou.teikyouseido.mhlw.go.jp/znk-web/juminkanja/S2430/initialize?prefCd=38&kikanCd=2385107990&kikanKbn=2", "url2": "http://yamaguchi-clinic.net/", "内容": "山口クリニック【2:診療所】【診療科目:内科_呼吸器内科_消化器内科_小児科_放射線科_放射線診断科】愛媛県四国中央市川之江町１６４０－１" }, "geometry": { "type": "Point", "coordinates": [ 133.574437, 34.014682 ] } },
{ "type": "Feature", "properties": { "ID": 3822385108160, "正式名称": "くらの耳鼻咽喉科アレルギー科クリニック", "機関区分": 2, "都道府県コード": 38, "市区町村コード": 213, "所在地": "愛媛県四国中央市中之庄町２８４－４", "緯度": 33.974991, "経度": 133.530581, "url": "https://www.iryou.teikyouseido.mhlw.go.jp/znk-web/juminkanja/S2430/initialize?prefCd=38&kikanCd=2385108160&kikanKbn=2", "url2": null, "内容": "くらの耳鼻咽喉科アレルギー科クリニック【2:診療所】【診療科目:耳鼻いんこう科_アレルギー科】愛媛県四国中央市中之庄町２８４－４" }, "geometry": { "type": "Point", "coordinates": [ 133.530581, 33.974991 ] } },
{ "type": "Feature", "properties": { "ID": 3822385108290, "正式名称": "医療法人あんどう整形外科", "機関区分": 2, "都道府県コード": 38, "市区町村コード": 213, "所在地": "愛媛県四国中央市土居町小林１２０６番地", "緯度": 33.958074, "経度": 133.436007, "url": "https://www.iryou.teikyouseido.mhlw.go.jp/znk-web/juminkanja/S2430/initialize?prefCd=38&kikanCd=2385108290&kikanKbn=2", "url2": null, "内容": "医療法人あんどう整形外科【2:診療所】【診療科目:整形外科】愛媛県四国中央市土居町小林１２０６番地" }, "geometry": { "type": "Point", "coordinates": [ 133.436007, 33.958074 ] } },
{ "type": "Feature", "properties": { "ID": 3822385108320, "正式名称": "すずき眼科クリニック", "機関区分": 2, "都道府県コード": 38, "市区町村コード": 213, "所在地": "愛媛県四国中央市妻鳥町１６２６－１", "緯度": 33.99149, "経度": 133.567939, "url": "https://www.iryou.teikyouseido.mhlw.go.jp/znk-web/juminkanja/S2430/initialize?prefCd=38&kikanCd=2385108320&kikanKbn=2", "url2": "http://www.suzukieyeclinic.com", "内容": "すずき眼科クリニック【2:診療所】【診療科目:眼科】愛媛県四国中央市妻鳥町１６２６－１" }, "geometry": { "type": "Point", "coordinates": [ 133.567939, 33.99149 ] } },
{ "type": "Feature", "properties": { "ID": 3822385108580, "正式名称": "四国中央市急患医療センター", "機関区分": 2, "都道府県コード": 38, "市区町村コード": 213, "所在地": "愛媛県四国中央市妻鳥町１５０１－１", "緯度": 33.991073, "経度": 133.569939, "url": "https://www.iryou.teikyouseido.mhlw.go.jp/znk-web/juminkanja/S2430/initialize?prefCd=38&kikanCd=2385108580&kikanKbn=2", "url2": "https://www.city.shikokuchuo.ehime.jp", "内容": "四国中央市急患医療センター【2:診療所】【診療科目:内科_小児科】愛媛県四国中央市妻鳥町１５０１－１" }, "geometry": { "type": "Point", "coordinates": [ 133.569939, 33.991073 ] } },
{ "type": "Feature", "properties": { "ID": 3822385110020, "正式名称": "宮内メンタルクリニック", "機関区分": 2, "都道府県コード": 38, "市区町村コード": 213, "所在地": "愛媛県四国中央市金生町山田井乙１７番地１ヴィラ・グリーンヒルズ２　１階", "緯度": 34.018488, "経度": 133.628377, "url": "https://www.iryou.teikyouseido.mhlw.go.jp/znk-web/juminkanja/S2430/initialize?prefCd=38&kikanCd=2385110020&kikanKbn=2", "url2": null, "内容": "宮内メンタルクリニック【2:診療所】【診療科目:精神科_心療内科】愛媛県四国中央市金生町山田井乙１７番地１ヴィラ・グリーンヒルズ２　１階" }, "geometry": { "type": "Point", "coordinates": [ 133.628377, 34.018488 ] } },
{ "type": "Feature", "properties": { "ID": 3822385111030, "正式名称": "岸田メディカルクリニック", "機関区分": 2, "都道府県コード": 38, "市区町村コード": 213, "所在地": "愛媛県四国中央市妻鳥町字宮ノ西１５０６番地１", "緯度": 33.990379, "経度": 133.570577, "url": "https://www.iryou.teikyouseido.mhlw.go.jp/znk-web/juminkanja/S2430/initialize?prefCd=38&kikanCd=2385111030&kikanKbn=2", "url2": "kishida-mc.jp", "内容": "岸田メディカルクリニック【2:診療所】【診療科目:内科_消化器内科_外科_女性乳腺外科_大腸・肛門外科_救急科】愛媛県四国中央市妻鳥町字宮ノ西１５０６番地１" }, "geometry": { "type": "Point", "coordinates": [ 133.570577, 33.990379 ] } },
{ "type": "Feature", "properties": { "ID": 3822385114510, "正式名称": "野口眼科・内科・循環器内科", "機関区分": 2, "都道府県コード": 38, "市区町村コード": 213, "所在地": "愛媛県四国中央市中曽根町１６７３－１", "緯度": 33.975519, "経度": 133.542053, "url": "https://www.iryou.teikyouseido.mhlw.go.jp/znk-web/juminkanja/S2430/initialize?prefCd=38&kikanCd=2385114510&kikanKbn=2", "url2": null, "内容": "野口眼科・内科・循環器内科【2:診療所】【診療科目:内科_循環器内科_眼科】愛媛県四国中央市中曽根町１６７３－１" }, "geometry": { "type": "Point", "coordinates": [ 133.542053, 33.975519 ] } },
{ "type": "Feature", "properties": { "ID": 3822385118420, "正式名称": "石川クリニック", "機関区分": 2, "都道府県コード": 38, "市区町村コード": 213, "所在地": "愛媛県四国中央市上分町７３２番地１", "緯度": 33.99139, "経度": 133.588655, "url": "https://www.iryou.teikyouseido.mhlw.go.jp/znk-web/juminkanja/S2430/initialize?prefCd=38&kikanCd=2385118420&kikanKbn=2", "url2": "http://kenkou-kai.jp/index.html", "内容": "石川クリニック【2:診療所】【診療科目:内科_外科】愛媛県四国中央市上分町７３２番地１" }, "geometry": { "type": "Point", "coordinates": [ 133.588655, 33.99139 ] } },
{ "type": "Feature", "properties": { "ID": 3822385200660, "正式名称": "上田医院", "機関区分": 2, "都道府県コード": 38, "市区町村コード": 205, "所在地": "愛媛県新居浜市中村２丁目８－５８", "緯度": 33.93038, "経度": 133.287132, "url": "https://www.iryou.teikyouseido.mhlw.go.jp/znk-web/juminkanja/S2430/initialize?prefCd=38&kikanCd=2385200660&kikanKbn=2", "url2": "https://ueda-iin.jp", "内容": "上田医院【2:診療所】【診療科目:内科_小児科_精神科_心療内科】愛媛県新居浜市中村２丁目８－５８" }, "geometry": { "type": "Point", "coordinates": [ 133.287132, 33.93038 ] } },
{ "type": "Feature", "properties": { "ID": 3822385200790, "正式名称": "Ｄクリニック駅前医院", "機関区分": 2, "都道府県コード": 38, "市区町村コード": 205, "所在地": "愛媛県新居浜市坂井町１－７－４", "緯度": 33.9471, "経度": 133.290853, "url": "https://www.iryou.teikyouseido.mhlw.go.jp/znk-web/juminkanja/S2430/initialize?prefCd=38&kikanCd=2385200790&kikanKbn=2", "url2": "https://www.d-clinic-ekimae-niihama.jp", "内容": "Ｄクリニック駅前医院【2:診療所】【診療科目:整形外科_精神科_心療内科】愛媛県新居浜市坂井町１－７－４" }, "geometry": { "type": "Point", "coordinates": [ 133.290853, 33.9471 ] } },
{ "type": "Feature", "properties": { "ID": 3822385201540, "正式名称": "近藤医院", "機関区分": 2, "都道府県コード": 38, "市区町村コード": 205, "所在地": "愛媛県新居浜市港町１－３０", "緯度": 33.968487, "経度": 133.276825, "url": "https://www.iryou.teikyouseido.mhlw.go.jp/znk-web/juminkanja/S2430/initialize?prefCd=38&kikanCd=2385201540&kikanKbn=2", "url2": null, "内容": "近藤医院【2:診療所】【診療科目:内科_耳鼻いんこう科】愛媛県新居浜市港町１－３０" }, "geometry": { "type": "Point", "coordinates": [ 133.276825, 33.968487 ] } },
{ "type": "Feature", "properties": { "ID": 3822385202420, "正式名称": "新谷ウイメンズクリニック", "機関区分": 2, "都道府県コード": 38, "市区町村コード": 205, "所在地": "愛媛県新居浜市一宮町１－１２－５６", "緯度": 33.959537, "経度": 133.283234, "url": "https://www.iryou.teikyouseido.mhlw.go.jp/znk-web/juminkanja/S2430/initialize?prefCd=38&kikanCd=2385202420&kikanKbn=2", "url2": "www.swcl.jp", "内容": "新谷ウイメンズクリニック【2:診療所】【診療科目:産科_婦人科】愛媛県新居浜市一宮町１－１２－５６" }, "geometry": { "type": "Point", "coordinates": [ 133.283234, 33.959537 ] } },
{ "type": "Feature", "properties": { "ID": 3822385202970, "正式名称": "田坂外科医院", "機関区分": 2, "都道府県コード": 38, "市区町村コード": 205, "所在地": "愛媛県新居浜市北内町１－２－７", "緯度": 33.935602, "経度": 133.305574, "url": "https://www.iryou.teikyouseido.mhlw.go.jp/znk-web/juminkanja/S2430/initialize?prefCd=38&kikanCd=2385202970&kikanKbn=2", "url2": "https://www.tasaka-iin.com/", "内容": "田坂外科医院【2:診療所】【診療科目:内科_消化器内科_外科_肛門外科_整形外科_リハビリテーション科】愛媛県新居浜市北内町１－２－７" }, "geometry": { "type": "Point", "coordinates": [ 133.305574, 33.935602 ] } },
{ "type": "Feature", "properties": { "ID": 3822385203140, "正式名称": "田所耳鼻咽喉科", "機関区分": 2, "都道府県コード": 38, "市区町村コード": 205, "所在地": "愛媛県新居浜市徳常町９－２６", "緯度": 33.965682, "経度": 133.28138, "url": "https://www.iryou.teikyouseido.mhlw.go.jp/znk-web/juminkanja/S2430/initialize?prefCd=38&kikanCd=2385203140&kikanKbn=2", "url2": "https://tadokoro-ent.jp", "内容": "田所耳鼻咽喉科【2:診療所】【診療科目:耳鼻いんこう科_アレルギー科】愛媛県新居浜市徳常町９－２６" }, "geometry": { "type": "Point", "coordinates": [ 133.28138, 33.965682 ] } },
{ "type": "Feature", "properties": { "ID": 3822385203300, "正式名称": "知元医院", "機関区分": 2, "都道府県コード": 38, "市区町村コード": 205, "所在地": "愛媛県新居浜市松神子４－１－１０", "緯度": 33.976108, "経度": 133.321233, "url": "https://www.iryou.teikyouseido.mhlw.go.jp/znk-web/juminkanja/S2430/initialize?prefCd=38&kikanCd=2385203300&kikanKbn=2", "url2": null, "内容": "知元医院【2:診療所】【診療科目:呼吸器内科_循環器内科_外科】愛媛県新居浜市松神子４－１－１０" }, "geometry": { "type": "Point", "coordinates": [ 133.321233, 33.976108 ] } },
{ "type": "Feature", "properties": { "ID": 3822385205740, "正式名称": "弓山眼科医院", "機関区分": 2, "都道府県コード": 38, "市区町村コード": 205, "所在地": "愛媛県新居浜市徳常町３－２７", "緯度": 33.964515, "経度": 133.282047, "url": "https://www.iryou.teikyouseido.mhlw.go.jp/znk-web/juminkanja/S2430/initialize?prefCd=38&kikanCd=2385205740&kikanKbn=2", "url2": null, "内容": "弓山眼科医院【2:診療所】【診療科目:眼科】愛媛県新居浜市徳常町３－２７" }, "geometry": { "type": "Point", "coordinates": [ 133.282047, 33.964515 ] } },
{ "type": "Feature", "properties": { "ID": 3822385207500, "正式名称": "三木医院", "機関区分": 2, "都道府県コード": 38, "市区町村コード": 205, "所在地": "愛媛県新居浜市垣生１－７－３４", "緯度": 33.982514, "経度": 133.318321, "url": "https://www.iryou.teikyouseido.mhlw.go.jp/znk-web/juminkanja/S2430/initialize?prefCd=38&kikanCd=2385207500&kikanKbn=2", "url2": "http://www.miki-iin.com/", "内容": "三木医院【2:診療所】【診療科目:内科_呼吸器内科_消化器内科】愛媛県新居浜市垣生１－７－３４" }, "geometry": { "type": "Point", "coordinates": [ 133.318321, 33.982514 ] } },
{ "type": "Feature", "properties": { "ID": 3822385207630, "正式名称": "こにしクリニック", "機関区分": 2, "都道府県コード": 38, "市区町村コード": 205, "所在地": "愛媛県新居浜市庄内町１－１３－３５", "緯度": 33.955488, "経度": 133.288575, "url": "https://www.iryou.teikyouseido.mhlw.go.jp/znk-web/juminkanja/S2430/initialize?prefCd=38&kikanCd=2385207630&kikanKbn=2", "url2": "https://www.konishi-clinic.jp/", "内容": "こにしクリニック【2:診療所】【診療科目:産婦人科_産婦人科（生殖医療）】愛媛県新居浜市庄内町１－１３－３５" }, "geometry": { "type": "Point", "coordinates": [ 133.288575, 33.955488 ] } },
{ "type": "Feature", "properties": { "ID": 3822385207760, "正式名称": "いまなかクリニック", "機関区分": 2, "都道府県コード": 38, "市区町村コード": 205, "所在地": "愛媛県新居浜市高田１－１－３", "緯度": 33.966571, "経度": 133.308017, "url": "https://www.iryou.teikyouseido.mhlw.go.jp/znk-web/juminkanja/S2430/initialize?prefCd=38&kikanCd=2385207760&kikanKbn=2", "url2": "imanaka-clinic.life.coocan.jp", "内容": "いまなかクリニック【2:診療所】【診療科目:内科_整形外科_リウマチ科】愛媛県新居浜市高田１－１－３" }, "geometry": { "type": "Point", "coordinates": [ 133.308017, 33.966571 ] } },
{ "type": "Feature", "properties": { "ID": 3822385208190, "正式名称": "ながやす整形外科クリニック", "機関区分": 2, "都道府県コード": 38, "市区町村コード": 205, "所在地": "愛媛県新居浜市宮西町１－１５", "緯度": 33.96046, "経度": 133.278242, "url": "https://www.iryou.teikyouseido.mhlw.go.jp/znk-web/juminkanja/S2430/initialize?prefCd=38&kikanCd=2385208190&kikanKbn=2", "url2": null, "内容": "ながやす整形外科クリニック【2:診療所】【診療科目:整形外科_リウマチ科_リハビリテーション科】愛媛県新居浜市宮西町１－１５" }, "geometry": { "type": "Point", "coordinates": [ 133.278242, 33.96046 ] } },
{ "type": "Feature", "properties": { "ID": 3822385208220, "正式名称": "いしづち眼科", "機関区分": 2, "都道府県コード": 38, "市区町村コード": 205, "所在地": "愛媛県新居浜市庄内町１丁目８番３０号", "緯度": 33.956794, "経度": 133.286769, "url": "https://www.iryou.teikyouseido.mhlw.go.jp/znk-web/juminkanja/S2430/initialize?prefCd=38&kikanCd=2385208220&kikanKbn=2", "url2": "http://www.ishizuchi-eye-clinic.jp/", "内容": "いしづち眼科【2:診療所】【診療科目:眼科】愛媛県新居浜市庄内町１丁目８番３０号" }, "geometry": { "type": "Point", "coordinates": [ 133.286769, 33.956794 ] } },
{ "type": "Feature", "properties": { "ID": 3822385208480, "正式名称": "宮田内科", "機関区分": 2, "都道府県コード": 38, "市区町村コード": 205, "所在地": "愛媛県新居浜市田の上町２－１－３９", "緯度": 33.96921, "経度": 133.318155, "url": "https://www.iryou.teikyouseido.mhlw.go.jp/znk-web/juminkanja/S2430/initialize?prefCd=38&kikanCd=2385208480&kikanKbn=2", "url2": null, "内容": "宮田内科【2:診療所】【診療科目:内科_循環器内科_消化器内科_放射線科】愛媛県新居浜市田の上町２－１－３９" }, "geometry": { "type": "Point", "coordinates": [ 133.318155, 33.96921 ] } },
{ "type": "Feature", "properties": { "ID": 3822385208800, "正式名称": "こんどう外科内科胃腸科クリニック", "機関区分": 2, "都道府県コード": 38, "市区町村コード": 205, "所在地": "愛媛県新居浜市田所町　４－７０", "緯度": 33.963095, "経度": 133.289656, "url": "https://www.iryou.teikyouseido.mhlw.go.jp/znk-web/juminkanja/S2430/initialize?prefCd=38&kikanCd=2385208800&kikanKbn=2", "url2": null, "内容": "こんどう外科内科胃腸科クリニック【2:診療所】【診療科目:内科_消化器内科_外科】愛媛県新居浜市田所町　４－７０" }, "geometry": { "type": "Point", "coordinates": [ 133.289656, 33.963095 ] } },
{ "type": "Feature", "properties": { "ID": 3822385209230, "正式名称": "医療法人せいだ循環器内科　ひだ内科クリニック", "機関区分": 2, "都道府県コード": 38, "市区町村コード": 205, "所在地": "愛媛県新居浜市横水町２－５１", "緯度": 33.940851, "経度": 133.28302, "url": "https://www.iryou.teikyouseido.mhlw.go.jp/znk-web/juminkanja/S2430/initialize?prefCd=38&kikanCd=2385209230&kikanKbn=2", "url2": null, "内容": "医療法人せいだ循環器内科　ひだ内科クリニック【2:診療所】【診療科目:内科_糖尿病内科_女性内科】愛媛県新居浜市横水町２－５１" }, "geometry": { "type": "Point", "coordinates": [ 133.28302, 33.940851 ] } },
{ "type": "Feature", "properties": { "ID": 3822385209360, "正式名称": "新田診療所", "機関区分": 2, "都道府県コード": 38, "市区町村コード": 205, "所在地": "愛媛県新居浜市新田町１－９－９", "緯度": 33.957003, "経度": 133.262044, "url": "https://www.iryou.teikyouseido.mhlw.go.jp/znk-web/juminkanja/S2430/initialize?prefCd=38&kikanCd=2385209360&kikanKbn=2", "url2": "http://www.niihama-mcoop.or.jp/", "内容": "新田診療所【2:診療所】【診療科目:内科_循環器内科_リハビリテーション科】愛媛県新居浜市新田町１－９－９" }, "geometry": { "type": "Point", "coordinates": [ 133.262044, 33.957003 ] } },
{ "type": "Feature", "properties": { "ID": 3822385209810, "正式名称": "大橋胃腸肛門科外科医院", "機関区分": 2, "都道府県コード": 38, "市区町村コード": 205, "所在地": "愛媛県新居浜市船木甲４４６３－１", "緯度": 33.938602, "経度": 133.324378, "url": "https://www.iryou.teikyouseido.mhlw.go.jp/znk-web/juminkanja/S2430/initialize?prefCd=38&kikanCd=2385209810&kikanKbn=2", "url2": "http://www.ohashi-ichougeka.com/", "内容": "大橋胃腸肛門科外科医院【2:診療所】【診療科目:胃腸内科_外科_大腸・肛門外科】愛媛県新居浜市船木甲４４６３－１" }, "geometry": { "type": "Point", "coordinates": [ 133.324378, 33.938602 ] } },
{ "type": "Feature", "properties": { "ID": 3822385210470, "正式名称": "西之端眼科", "機関区分": 2, "都道府県コード": 38, "市区町村コード": 205, "所在地": "愛媛県新居浜市中村１丁目６番６号", "緯度": 33.931796, "経度": 133.285632, "url": "https://www.iryou.teikyouseido.mhlw.go.jp/znk-web/juminkanja/S2430/initialize?prefCd=38&kikanCd=2385210470&kikanKbn=2", "url2": "http://n-eye.jp/", "内容": "西之端眼科【2:診療所】【診療科目:眼科】愛媛県新居浜市中村１丁目６番６号" }, "geometry": { "type": "Point", "coordinates": [ 133.285632, 33.931796 ] } },
{ "type": "Feature", "properties": { "ID": 3822385210890, "正式名称": "新居浜市医師会大島診療所", "機関区分": 2, "都道府県コード": 38, "市区町村コード": 205, "所在地": "愛媛県新居浜市大島甲１５４２番地", "緯度": 33.994458, "経度": 133.364872, "url": "https://www.iryou.teikyouseido.mhlw.go.jp/znk-web/juminkanja/S2430/initialize?prefCd=38&kikanCd=2385210890&kikanKbn=2", "url2": "http//www.niihama-med.or.jp/", "内容": "新居浜市医師会大島診療所【2:診療所】【診療科目:内科_小児科】愛媛県新居浜市大島甲１５４２番地" }, "geometry": { "type": "Point", "coordinates": [ 133.364872, 33.994458 ] } },
{ "type": "Feature", "properties": { "ID": 3822385211060, "正式名称": "石川内科", "機関区分": 2, "都道府県コード": 38, "市区町村コード": 205, "所在地": "愛媛県新居浜市北内町１丁目１３－３５", "緯度": 33.931047, "経度": 133.306158, "url": "https://www.iryou.teikyouseido.mhlw.go.jp/znk-web/juminkanja/S2430/initialize?prefCd=38&kikanCd=2385211060&kikanKbn=2", "url2": null, "内容": "石川内科【2:診療所】【診療科目:内科_呼吸器内科_循環器内科_胃腸内科_皮膚科】愛媛県新居浜市北内町１丁目１３－３５" }, "geometry": { "type": "Point", "coordinates": [ 133.306158, 33.931047 ] } },
{ "type": "Feature", "properties": { "ID": 3822385211190, "正式名称": "吉井整形外科", "機関区分": 2, "都道府県コード": 38, "市区町村コード": 205, "所在地": "愛媛県新居浜市沢津町３丁目１番８号", "緯度": 33.976403, "経度": 133.29374, "url": "https://www.iryou.teikyouseido.mhlw.go.jp/znk-web/juminkanja/S2430/initialize?prefCd=38&kikanCd=2385211190&kikanKbn=2", "url2": null, "内容": "吉井整形外科【2:診療所】【診療科目:整形外科_リハビリテーション科】愛媛県新居浜市沢津町３丁目１番８号" }, "geometry": { "type": "Point", "coordinates": [ 133.29374, 33.976403 ] } },
{ "type": "Feature", "properties": { "ID": 3822385211220, "正式名称": "鎌田産婦人科", "機関区分": 2, "都道府県コード": 38, "市区町村コード": 205, "所在地": "愛媛県新居浜市阿島１丁目１番５６号", "緯度": 33.977182, "経度": 133.352485, "url": "https://www.iryou.teikyouseido.mhlw.go.jp/znk-web/juminkanja/S2430/initialize?prefCd=38&kikanCd=2385211220&kikanKbn=2", "url2": null, "内容": "鎌田産婦人科【2:診療所】【診療科目:産婦人科】愛媛県新居浜市阿島１丁目１番５６号" }, "geometry": { "type": "Point", "coordinates": [ 133.352485, 33.977182 ] } },
{ "type": "Feature", "properties": { "ID": 3822385211350, "正式名称": "愛媛医療生活協同組合泉川診療所", "機関区分": 2, "都道府県コード": 38, "市区町村コード": 205, "所在地": "愛媛県新居浜市瀬戸町１番２号", "緯度": 33.94549, "経度": 133.296463, "url": "https://www.iryou.teikyouseido.mhlw.go.jp/znk-web/juminkanja/S2430/initialize?prefCd=38&kikanCd=2385211350&kikanKbn=2", "url2": "http://www.ehime-med.or.jp/", "内容": "愛媛医療生活協同組合泉川診療所【2:診療所】【診療科目:内科】愛媛県新居浜市瀬戸町１番２号" }, "geometry": { "type": "Point", "coordinates": [ 133.296463, 33.94549 ] } },
{ "type": "Feature", "properties": { "ID": 3822385211480, "正式名称": "おおのぎ眼科", "機関区分": 2, "都道府県コード": 38, "市区町村コード": 205, "所在地": "愛媛県新居浜市宇高町３丁目１５－２２", "緯度": 33.978847, "経度": 133.3026, "url": "https://www.iryou.teikyouseido.mhlw.go.jp/znk-web/juminkanja/S2430/initialize?prefCd=38&kikanCd=2385211480&kikanKbn=2", "url2": "http://onogiganka.webmedipr.jp/", "内容": "おおのぎ眼科【2:診療所】【診療科目:眼科】愛媛県新居浜市宇高町３丁目１５－２２" }, "geometry": { "type": "Point", "coordinates": [ 133.3026, 33.978847 ] } },
{ "type": "Feature", "properties": { "ID": 3822385211800, "正式名称": "中萩診療所", "機関区分": 2, "都道府県コード": 38, "市区町村コード": 205, "所在地": "愛媛県新居浜市萩生１０６１番地", "緯度": 33.925741, "経度": 133.266411, "url": "https://www.iryou.teikyouseido.mhlw.go.jp/znk-web/juminkanja/S2430/initialize?prefCd=38&kikanCd=2385211800&kikanKbn=2", "url2": "https://nakahagi-clinic.com", "内容": "中萩診療所【2:診療所】【診療科目:内科_消化器内科_リハビリテーション科】愛媛県新居浜市萩生１０６１番地" }, "geometry": { "type": "Point", "coordinates": [ 133.266411, 33.925741 ] } },
{ "type": "Feature", "properties": { "ID": 3822385212070, "正式名称": "伊藤整形外科クリニック", "機関区分": 2, "都道府県コード": 38, "市区町村コード": 205, "所在地": "愛媛県新居浜市郷１丁目１５番２０号", "緯度": 33.961571, "経度": 133.306156, "url": "https://www.iryou.teikyouseido.mhlw.go.jp/znk-web/juminkanja/S2430/initialize?prefCd=38&kikanCd=2385212070&kikanKbn=2", "url2": null, "内容": "伊藤整形外科クリニック【2:診療所】【診療科目:整形外科_リハビリテーション科】愛媛県新居浜市郷１丁目１５番２０号" }, "geometry": { "type": "Point", "coordinates": [ 133.306156, 33.961571 ] } },
{ "type": "Feature", "properties": { "ID": 3822385212100, "正式名称": "加藤医院", "機関区分": 2, "都道府県コード": 38, "市区町村コード": 205, "所在地": "愛媛県新居浜市松原町１２番４４号", "緯度": 33.936991, "経度": 133.299908, "url": "https://www.iryou.teikyouseido.mhlw.go.jp/znk-web/juminkanja/S2430/initialize?prefCd=38&kikanCd=2385212100&kikanKbn=2", "url2": null, "内容": "加藤医院【2:診療所】【診療科目:内科_循環器内科】愛媛県新居浜市松原町１２番４４号" }, "geometry": { "type": "Point", "coordinates": [ 133.299908, 33.936991 ] } },
{ "type": "Feature", "properties": { "ID": 3822385212230, "正式名称": "医療法人　はやし外科クリニック", "機関区分": 2, "都道府県コード": 38, "市区町村コード": 205, "所在地": "愛媛県新居浜市萩生１１９１番地", "緯度": 33.927157, "経度": 133.266097, "url": "https://www.iryou.teikyouseido.mhlw.go.jp/znk-web/juminkanja/S2430/initialize?prefCd=38&kikanCd=2385212230&kikanKbn=2", "url2": null, "内容": "医療法人　はやし外科クリニック【2:診療所】【診療科目:内科_外科_整形外科】愛媛県新居浜市萩生１１９１番地" }, "geometry": { "type": "Point", "coordinates": [ 133.266097, 33.927157 ] } },
{ "type": "Feature", "properties": { "ID": 3822385212490, "正式名称": "すみ整形外科・リハビリ科", "機関区分": 2, "都道府県コード": 38, "市区町村コード": 205, "所在地": "愛媛県新居浜市土橋１丁目１２番４３号", "緯度": 33.934769, "経度": 133.292603, "url": "https://www.iryou.teikyouseido.mhlw.go.jp/znk-web/juminkanja/S2430/initialize?prefCd=38&kikanCd=2385212490&kikanKbn=2", "url2": "http://www5f.biglobe.ne.jp/~su-mi/", "内容": "すみ整形外科・リハビリ科【2:診療所】【診療科目:整形外科_リウマチ科_リハビリテーション科】愛媛県新居浜市土橋１丁目１２番４３号" }, "geometry": { "type": "Point", "coordinates": [ 133.292603, 33.934769 ] } },
{ "type": "Feature", "properties": { "ID": 3822385212520, "正式名称": "医療法人宮下整形外科内科", "機関区分": 2, "都道府県コード": 38, "市区町村コード": 205, "所在地": "愛媛県新居浜市松神子３丁目１番２６号", "緯度": 33.974376, "経度": 133.325349, "url": "https://www.iryou.teikyouseido.mhlw.go.jp/znk-web/juminkanja/S2430/initialize?prefCd=38&kikanCd=2385212520&kikanKbn=2", "url2": "http://www.miyashita-clinic.jp/", "内容": "医療法人宮下整形外科内科【2:診療所】【診療科目:内科_神経内科_整形外科_リウマチ科_リハビリテーション科】愛媛県新居浜市松神子３丁目１番２６号" }, "geometry": { "type": "Point", "coordinates": [ 133.325349, 33.974376 ] } },
{ "type": "Feature", "properties": { "ID": 3822385212650, "正式名称": "やかた耳鼻科クリニック", "機関区分": 2, "都道府県コード": 38, "市区町村コード": 205, "所在地": "愛媛県新居浜市宇高町２丁目１番４７号", "緯度": 33.971098, "経度": 133.303767, "url": "https://www.iryou.teikyouseido.mhlw.go.jp/znk-web/juminkanja/S2430/initialize?prefCd=38&kikanCd=2385212650&kikanKbn=2", "url2": null, "内容": "やかた耳鼻科クリニック【2:診療所】【診療科目:耳鼻いんこう科】愛媛県新居浜市宇高町２丁目１番４７号" }, "geometry": { "type": "Point", "coordinates": [ 133.303767, 33.971098 ] } },
{ "type": "Feature", "properties": { "ID": 3822385212940, "正式名称": "矢野整形外科医院", "機関区分": 2, "都道府県コード": 38, "市区町村コード": 205, "所在地": "愛媛県新居浜市郷２丁目６－２", "緯度": 33.966238, "経度": 133.311961, "url": "https://www.iryou.teikyouseido.mhlw.go.jp/znk-web/juminkanja/S2430/initialize?prefCd=38&kikanCd=2385212940&kikanKbn=2", "url2": null, "内容": "矢野整形外科医院【2:診療所】【診療科目:内科_外科_整形外科_リウマチ科_リハビリテーション科】愛媛県新居浜市郷２丁目６－２" }, "geometry": { "type": "Point", "coordinates": [ 133.311961, 33.966238 ] } },
{ "type": "Feature", "properties": { "ID": 3822385213080, "正式名称": "胃腸科内科松村クリニック", "機関区分": 2, "都道府県コード": 38, "市区町村コード": 205, "所在地": "愛媛県新居浜市中筋町２丁目１番１号", "緯度": 33.922825, "経度": 133.301686, "url": "https://www.iryou.teikyouseido.mhlw.go.jp/znk-web/juminkanja/S2430/initialize?prefCd=38&kikanCd=2385213080&kikanKbn=2", "url2": null, "内容": "胃腸科内科松村クリニック【2:診療所】【診療科目:内科_胃腸内科】愛媛県新居浜市中筋町２丁目１番１号" }, "geometry": { "type": "Point", "coordinates": [ 133.301686, 33.922825 ] } },
{ "type": "Feature", "properties": { "ID": 3822385213110, "正式名称": "医療法人　三木内科クリニック", "機関区分": 2, "都道府県コード": 38, "市区町村コード": 205, "所在地": "愛媛県新居浜市沢津町３－７－２８", "緯度": 33.978597, "経度": 133.299462, "url": "https://www.iryou.teikyouseido.mhlw.go.jp/znk-web/juminkanja/S2430/initialize?prefCd=38&kikanCd=2385213110&kikanKbn=2", "url2": null, "内容": "医療法人　三木内科クリニック【2:診療所】【診療科目:内科_消化器内科】愛媛県新居浜市沢津町３－７－２８" }, "geometry": { "type": "Point", "coordinates": [ 133.299462, 33.978597 ] } },
{ "type": "Feature", "properties": { "ID": 3822385213530, "正式名称": "山内クリニック", "機関区分": 2, "都道府県コード": 38, "市区町村コード": 205, "所在地": "愛媛県新居浜市松木町３番３７号", "緯度": 33.941184, "経度": 133.29338, "url": "https://www.iryou.teikyouseido.mhlw.go.jp/znk-web/juminkanja/S2430/initialize?prefCd=38&kikanCd=2385213530&kikanKbn=2", "url2": null, "内容": "山内クリニック【2:診療所】【診療科目:内科_胃腸内科_外科_リハビリテーション科】愛媛県新居浜市松木町３番３７号" }, "geometry": { "type": "Point", "coordinates": [ 133.29338, 33.941184 ] } },
{ "type": "Feature", "properties": { "ID": 3822385213660, "正式名称": "ひらた耳鼻咽喉科", "機関区分": 2, "都道府県コード": 38, "市区町村コード": 205, "所在地": "愛媛県新居浜市中村松木１丁目１２番６号", "緯度": 33.94024, "経度": 133.289881, "url": "https://www.iryou.teikyouseido.mhlw.go.jp/znk-web/juminkanja/S2430/initialize?prefCd=38&kikanCd=2385213660&kikanKbn=2", "url2": "http://e.inet489.jp/hrtent1200/", "内容": "ひらた耳鼻咽喉科【2:診療所】【診療科目:耳鼻いんこう科_アレルギー科】愛媛県新居浜市中村松木１丁目１２番６号" }, "geometry": { "type": "Point", "coordinates": [ 133.289881, 33.94024 ] } },
{ "type": "Feature", "properties": { "ID": 3822385213950, "正式名称": "高津診療所", "機関区分": 2, "都道府県コード": 38, "市区町村コード": 205, "所在地": "愛媛県新居浜市高津町３番２０号", "緯度": 33.970959, "経度": 133.300434, "url": "https://www.iryou.teikyouseido.mhlw.go.jp/znk-web/juminkanja/S2430/initialize?prefCd=38&kikanCd=2385213950&kikanKbn=2", "url2": "http://www.niihama-mcoop.or.jp", "内容": "高津診療所【2:診療所】【診療科目:内科_外科_リハビリテーション科】愛媛県新居浜市高津町３番２０号" }, "geometry": { "type": "Point", "coordinates": [ 133.300434, 33.970959 ] } },
{ "type": "Feature", "properties": { "ID": 3822385214120, "正式名称": "皮フ科　はらだクリニック", "機関区分": 2, "都道府県コード": 38, "市区町村コード": 205, "所在地": "愛媛県新居浜市上原３丁目１－２９", "緯度": 33.925908, "経度": 133.280438, "url": "https://www.iryou.teikyouseido.mhlw.go.jp/znk-web/juminkanja/S2430/initialize?prefCd=38&kikanCd=2385214120&kikanKbn=2", "url2": null, "内容": "皮フ科　はらだクリニック【2:診療所】【診療科目:皮膚科】愛媛県新居浜市上原３丁目１－２９" }, "geometry": { "type": "Point", "coordinates": [ 133.280438, 33.925908 ] } },
{ "type": "Feature", "properties": { "ID": 3822385214250, "正式名称": "医療法人くろみつ眼科", "機関区分": 2, "都道府県コード": 38, "市区町村コード": 205, "所在地": "愛媛県新居浜市高木町４－７", "緯度": 33.952128, "経度": 133.285158, "url": "https://www.iryou.teikyouseido.mhlw.go.jp/znk-web/juminkanja/S2430/initialize?prefCd=38&kikanCd=2385214250&kikanKbn=2", "url2": "http://www.kuromitsu-eye-clinic.com/", "内容": "医療法人くろみつ眼科【2:診療所】【診療科目:眼科】愛媛県新居浜市高木町４－７" }, "geometry": { "type": "Point", "coordinates": [ 133.285158, 33.952128 ] } },
{ "type": "Feature", "properties": { "ID": 3822385216300, "正式名称": "新居浜市医師会内科・小児科急患センター", "機関区分": 2, "都道府県コード": 38, "市区町村コード": 205, "所在地": "愛媛県新居浜市一宮町１丁目１３番５２号", "緯度": 33.959766, "経度": 133.284325, "url": "https://www.iryou.teikyouseido.mhlw.go.jp/znk-web/juminkanja/S2430/initialize?prefCd=38&kikanCd=2385216300&kikanKbn=2", "url2": "http://www.niihama-med.or.jp/", "内容": "新居浜市医師会内科・小児科急患センター【2:診療所】【診療科目:内科_小児科】愛媛県新居浜市一宮町１丁目１３番５２号" }, "geometry": { "type": "Point", "coordinates": [ 133.284325, 33.959766 ] } },
{ "type": "Feature", "properties": { "ID": 3822385216850, "正式名称": "たなか内科クリニック", "機関区分": 2, "都道府県コード": 38, "市区町村コード": 205, "所在地": "愛媛県新居浜市中萩町１－３８", "緯度": 33.931574, "経度": 133.283993, "url": "https://www.iryou.teikyouseido.mhlw.go.jp/znk-web/juminkanja/S2430/initialize?prefCd=38&kikanCd=2385216850&kikanKbn=2", "url2": null, "内容": "たなか内科クリニック【2:診療所】【診療科目:内科_糖尿病内科_循環器内科】愛媛県新居浜市中萩町１－３８" }, "geometry": { "type": "Point", "coordinates": [ 133.283993, 33.931574 ] } },
{ "type": "Feature", "properties": { "ID": 3822385217280, "正式名称": "阿部内科クリニック", "機関区分": 2, "都道府県コード": 38, "市区町村コード": 205, "所在地": "愛媛県新居浜市大生院岸影１０３８－５", "緯度": 33.920602, "経度": 133.253372, "url": "https://www.iryou.teikyouseido.mhlw.go.jp/znk-web/juminkanja/S2430/initialize?prefCd=38&kikanCd=2385217280&kikanKbn=2", "url2": null, "内容": "阿部内科クリニック【2:診療所】【診療科目:内科_消化器内科】愛媛県新居浜市大生院岸影１０３８－５" }, "geometry": { "type": "Point", "coordinates": [ 133.253372, 33.920602 ] } },
{ "type": "Feature", "properties": { "ID": 3822385300690, "正式名称": "回生堂医院", "機関区分": 2, "都道府県コード": 38, "市区町村コード": 206, "所在地": "愛媛県西条市神拝甲５９１番地", "緯度": 33.917017, "経度": 133.18099, "url": "https://www.iryou.teikyouseido.mhlw.go.jp/znk-web/juminkanja/S2430/initialize?prefCd=38&kikanCd=2385300690&kikanKbn=2", "url2": null, "内容": "回生堂医院【2:診療所】【診療科目:内科_糖尿病内科_循環器内科_心臓内科_消化器内科_外科】愛媛県西条市神拝甲５９１番地" }, "geometry": { "type": "Point", "coordinates": [ 133.18099, 33.917017 ] } },
{ "type": "Feature", "properties": { "ID": 3822385301310, "正式名称": "篠原内科外科耳鼻科", "機関区分": 2, "都道府県コード": 38, "市区町村コード": 206, "所在地": "愛媛県西条市大町５２０－８", "緯度": 33.919963, "経度": 133.191584, "url": "https://www.iryou.teikyouseido.mhlw.go.jp/znk-web/juminkanja/S2430/initialize?prefCd=38&kikanCd=2385301310&kikanKbn=2", "url2": "http://homepage1.nifty.com/jibiaka50/", "内容": "篠原内科外科耳鼻科【2:診療所】【診療科目:内科_耳鼻いんこう科】愛媛県西条市大町５２０－８" }, "geometry": { "type": "Point", "coordinates": [ 133.191584, 33.919963 ] } },
{ "type": "Feature", "properties": { "ID": 3822385302160, "正式名称": "宮島小児科医院", "機関区分": 2, "都道府県コード": 38, "市区町村コード": 206, "所在地": "愛媛県西条市大町７１０－２", "緯度": 33.916602, "経度": 133.186779, "url": "https://www.iryou.teikyouseido.mhlw.go.jp/znk-web/juminkanja/S2430/initialize?prefCd=38&kikanCd=2385302160&kikanKbn=2", "url2": null, "内容": "宮島小児科医院【2:診療所】【診療科目:内科_小児科_アレルギー科】愛媛県西条市大町７１０－２" }, "geometry": { "type": "Point", "coordinates": [ 133.186779, 33.916602 ] } },
{ "type": "Feature", "properties": { "ID": 3822385302740, "正式名称": "秋山医院", "機関区分": 2, "都道府県コード": 38, "市区町村コード": 206, "所在地": "愛媛県西条市大町１３５２－１", "緯度": 33.909492, "経度": 133.185613, "url": "https://www.iryou.teikyouseido.mhlw.go.jp/znk-web/juminkanja/S2430/initialize?prefCd=38&kikanCd=2385302740&kikanKbn=2", "url2": null, "内容": "秋山医院【2:診療所】【診療科目:内科】愛媛県西条市大町１３５２－１" }, "geometry": { "type": "Point", "coordinates": [ 133.185613, 33.909492 ] } },
{ "type": "Feature", "properties": { "ID": 3822385303330, "正式名称": "松浦皮膚科医院", "機関区分": 2, "都道府県コード": 38, "市区町村コード": 206, "所在地": "愛媛県西条市大町１７１４", "緯度": 33.916852, "経度": 133.182891, "url": "https://www.iryou.teikyouseido.mhlw.go.jp/znk-web/juminkanja/S2430/initialize?prefCd=38&kikanCd=2385303330&kikanKbn=2", "url2": null, "内容": "松浦皮膚科医院【2:診療所】【診療科目:内科_皮膚科】愛媛県西条市大町１７１４" }, "geometry": { "type": "Point", "coordinates": [ 133.182891, 33.916852 ] } },
{ "type": "Feature", "properties": { "ID": 3822385303880, "正式名称": "伊藤医院", "機関区分": 2, "都道府県コード": 38, "市区町村コード": 206, "所在地": "愛媛県西条市飯岡字原の段１２９２", "緯度": 33.920547, "経度": 133.235025, "url": "https://www.iryou.teikyouseido.mhlw.go.jp/znk-web/juminkanja/S2430/initialize?prefCd=38&kikanCd=2385303880&kikanKbn=2", "url2": null, "内容": "伊藤医院【2:診療所】【診療科目:内科_循環器内科_消化器内科_外科_リハビリテーション科_放射線科】愛媛県西条市飯岡字原の段１２９２" }, "geometry": { "type": "Point", "coordinates": [ 133.235025, 33.920547 ] } },
{ "type": "Feature", "properties": { "ID": 3822385303910, "正式名称": "矢野外科胃腸科医院", "機関区分": 2, "都道府県コード": 38, "市区町村コード": 206, "所在地": "愛媛県西条市古川甲３８２－２", "緯度": 33.915629, "経度": 133.166337, "url": "https://www.iryou.teikyouseido.mhlw.go.jp/znk-web/juminkanja/S2430/initialize?prefCd=38&kikanCd=2385303910&kikanKbn=2", "url2": null, "内容": "矢野外科胃腸科医院【2:診療所】【診療科目:消化器内科_外科_肛門外科_リハビリテーション科_放射線科】愛媛県西条市古川甲３８２－２" }, "geometry": { "type": "Point", "coordinates": [ 133.166337, 33.915629 ] } },
{ "type": "Feature", "properties": { "ID": 3822385304340, "正式名称": "土岐医院", "機関区分": 2, "都道府県コード": 38, "市区町村コード": 206, "所在地": "愛媛県西条市神拝甲５３８番地の６", "緯度": 33.917435, "経度": 133.180363, "url": "https://www.iryou.teikyouseido.mhlw.go.jp/znk-web/juminkanja/S2430/initialize?prefCd=38&kikanCd=2385304340&kikanKbn=2", "url2": null, "内容": "土岐医院【2:診療所】【診療科目:内科_循環器内科】愛媛県西条市神拝甲５３８番地の６" }, "geometry": { "type": "Point", "coordinates": [ 133.180363, 33.917435 ] } },
{ "type": "Feature", "properties": { "ID": 3822385304470, "正式名称": "医療法人山元眼科", "機関区分": 2, "都道府県コード": 38, "市区町村コード": 206, "所在地": "愛媛県西条市大町６４５－３", "緯度": 33.919324, "経度": 133.188085, "url": "https://www.iryou.teikyouseido.mhlw.go.jp/znk-web/juminkanja/S2430/initialize?prefCd=38&kikanCd=2385304470&kikanKbn=2", "url2": null, "内容": "医療法人山元眼科【2:診療所】【診療科目:眼科】愛媛県西条市大町６４５－３" }, "geometry": { "type": "Point", "coordinates": [ 133.188085, 33.919324 ] } },
{ "type": "Feature", "properties": { "ID": 3822385304630, "正式名称": "星加小児科内科ファミリークリニック", "機関区分": 2, "都道府県コード": 38, "市区町村コード": 206, "所在地": "愛媛県西条市大町６１２－１", "緯度": 33.918574, "経度": 133.188251, "url": "https://www.iryou.teikyouseido.mhlw.go.jp/znk-web/juminkanja/S2430/initialize?prefCd=38&kikanCd=2385304630&kikanKbn=2", "url2": "https://hoshikas.com", "内容": "星加小児科内科ファミリークリニック【2:診療所】【診療科目:内科_呼吸器内科_消化器内科_小児科】愛媛県西条市大町６１２－１" }, "geometry": { "type": "Point", "coordinates": [ 133.188251, 33.918574 ] } },
{ "type": "Feature", "properties": { "ID": 3822385304890, "正式名称": "和田内科・皮膚科", "機関区分": 2, "都道府県コード": 38, "市区町村コード": 206, "所在地": "愛媛県西条市大町８４－１５", "緯度": 33.907686, "経度": 133.19214, "url": "https://www.iryou.teikyouseido.mhlw.go.jp/znk-web/juminkanja/S2430/initialize?prefCd=38&kikanCd=2385304890&kikanKbn=2", "url2": "https://www.wadanaika-hifuka.jp/", "内容": "和田内科・皮膚科【2:診療所】【診療科目:内科_循環器内科_皮膚科】愛媛県西条市大町８４－１５" }, "geometry": { "type": "Point", "coordinates": [ 133.19214, 33.907686 ] } },
{ "type": "Feature", "properties": { "ID": 3822385304920, "正式名称": "松永耳鼻咽喉科医院", "機関区分": 2, "都道府県コード": 38, "市区町村コード": 206, "所在地": "愛媛県西条市大町北ノ丁１３６５番地", "緯度": 33.917407, "経度": 133.183946, "url": "https://www.iryou.teikyouseido.mhlw.go.jp/znk-web/juminkanja/S2430/initialize?prefCd=38&kikanCd=2385304920&kikanKbn=2", "url2": null, "内容": "松永耳鼻咽喉科医院【2:診療所】【診療科目:耳鼻いんこう科】愛媛県西条市大町北ノ丁１３６５番地" }, "geometry": { "type": "Point", "coordinates": [ 133.183946, 33.917407 ] } },
{ "type": "Feature", "properties": { "ID": 3822385305060, "正式名称": "ながい小児科", "機関区分": 2, "都道府県コード": 38, "市区町村コード": 206, "所在地": "愛媛県西条市喜多川６３４－７", "緯度": 33.922184, "経度": 133.169225, "url": "https://www.iryou.teikyouseido.mhlw.go.jp/znk-web/juminkanja/S2430/initialize?prefCd=38&kikanCd=2385305060&kikanKbn=2", "url2": null, "内容": "ながい小児科【2:診療所】【診療科目:小児科】愛媛県西条市喜多川６３４－７" }, "geometry": { "type": "Point", "coordinates": [ 133.169225, 33.922184 ] } },
{ "type": "Feature", "properties": { "ID": 3822385305480, "正式名称": "あおのクリニック", "機関区分": 2, "都道府県コード": 38, "市区町村コード": 206, "所在地": "愛媛県西条市洲之内甲１７０番地１", "緯度": 33.899965, "経度": 133.180031, "url": "https://www.iryou.teikyouseido.mhlw.go.jp/znk-web/juminkanja/S2430/initialize?prefCd=38&kikanCd=2385305480&kikanKbn=2", "url2": null, "内容": "あおのクリニック【2:診療所】【診療科目:内科】愛媛県西条市洲之内甲１７０番地１" }, "geometry": { "type": "Point", "coordinates": [ 133.180031, 33.899965 ] } },
{ "type": "Feature", "properties": { "ID": 3822385305510, "正式名称": "としもり内科", "機関区分": 2, "都道府県コード": 38, "市区町村コード": 206, "所在地": "愛媛県西条市下島山甲１２６４－４", "緯度": 33.92674, "経度": 133.206777, "url": "https://www.iryou.teikyouseido.mhlw.go.jp/znk-web/juminkanja/S2430/initialize?prefCd=38&kikanCd=2385305510&kikanKbn=2", "url2": null, "内容": "としもり内科【2:診療所】【診療科目:内科_胃腸内科】愛媛県西条市下島山甲１２６４－４" }, "geometry": { "type": "Point", "coordinates": [ 133.206777, 33.92674 ] } },
{ "type": "Feature", "properties": { "ID": 3822385306070, "正式名称": "高橋こどもクリニック", "機関区分": 2, "都道府県コード": 38, "市区町村コード": 206, "所在地": "愛媛県西条市朔日市３１３－５", "緯度": 33.927323, "経度": 133.190112, "url": "https://www.iryou.teikyouseido.mhlw.go.jp/znk-web/juminkanja/S2430/initialize?prefCd=38&kikanCd=2385306070&kikanKbn=2", "url2": "http://www.takahashi-children-cl.com/", "内容": "高橋こどもクリニック【2:診療所】【診療科目:小児科】愛媛県西条市朔日市３１３－５" }, "geometry": { "type": "Point", "coordinates": [ 133.190112, 33.927323 ] } },
{ "type": "Feature", "properties": { "ID": 3822385306100, "正式名称": "平田クリニック", "機関区分": 2, "都道府県コード": 38, "市区町村コード": 206, "所在地": "愛媛県西条市周布２１７２番１", "緯度": 33.912739, "経度": 133.084955, "url": "https://www.iryou.teikyouseido.mhlw.go.jp/znk-web/juminkanja/S2430/initialize?prefCd=38&kikanCd=2385306100&kikanKbn=2", "url2": null, "内容": "平田クリニック【2:診療所】【診療科目:外科_整形外科_リハビリテーション科】愛媛県西条市周布２１７２番１" }, "geometry": { "type": "Point", "coordinates": [ 133.084955, 33.912739 ] } },
{ "type": "Feature", "properties": { "ID": 3822385306360, "正式名称": "松本整形外科医院", "機関区分": 2, "都道府県コード": 38, "市区町村コード": 206, "所在地": "愛媛県西条市神拝甲４９８番地２", "緯度": 33.917935, "経度": 133.180169, "url": "https://www.iryou.teikyouseido.mhlw.go.jp/znk-web/juminkanja/S2430/initialize?prefCd=38&kikanCd=2385306360&kikanKbn=2", "url2": null, "内容": "松本整形外科医院【2:診療所】【診療科目:整形外科_リウマチ科_リハビリテーション科】愛媛県西条市神拝甲４９８番地２" }, "geometry": { "type": "Point", "coordinates": [ 133.180169, 33.917935 ] } },
{ "type": "Feature", "properties": { "ID": 3822385306490, "正式名称": "医療法人　サカタ産婦人科", "機関区分": 2, "都道府県コード": 38, "市区町村コード": 206, "所在地": "愛媛県西条市下島山甲１４５３", "緯度": 33.92924, "経度": 133.204972, "url": "https://www.iryou.teikyouseido.mhlw.go.jp/znk-web/juminkanja/S2430/initialize?prefCd=38&kikanCd=2385306490&kikanKbn=2", "url2": "sakata-mc.com", "内容": "医療法人　サカタ産婦人科【2:診療所】【診療科目:産婦人科】愛媛県西条市下島山甲１４５３" }, "geometry": { "type": "Point", "coordinates": [ 133.204972, 33.92924 ] } },
{ "type": "Feature", "properties": { "ID": 3822385310400, "正式名称": "いしづちやまクリニック", "機関区分": 2, "都道府県コード": 38, "市区町村コード": 206, "所在地": "愛媛県西条市周布９２１", "緯度": 33.915517, "経度": 133.080622, "url": "https://www.iryou.teikyouseido.mhlw.go.jp/znk-web/juminkanja/S2430/initialize?prefCd=38&kikanCd=2385310400&kikanKbn=2", "url2": "https://ishizuchiyama-cl.com/", "内容": "いしづちやまクリニック【2:診療所】【診療科目:内科_消化器内科_外科_麻酔科】愛媛県西条市周布９２１" }, "geometry": { "type": "Point", "coordinates": [ 133.080622, 33.915517 ] } },
{ "type": "Feature", "properties": { "ID": 3822385311540, "正式名称": "くしべ整形外科", "機関区分": 2, "都道府県コード": 38, "市区町村コード": 206, "所在地": "愛媛県西条市丹原町池田８７", "緯度": 33.924543, "経度": 133.072844, "url": "https://www.iryou.teikyouseido.mhlw.go.jp/znk-web/juminkanja/S2430/initialize?prefCd=38&kikanCd=2385311540&kikanKbn=2", "url2": null, "内容": "くしべ整形外科【2:診療所】【診療科目:整形外科_リウマチ科_リハビリテーション科】愛媛県西条市丹原町池田８７" }, "geometry": { "type": "Point", "coordinates": [ 133.072844, 33.924543 ] } },
{ "type": "Feature", "properties": { "ID": 3822385311700, "正式名称": "弁財天耳鼻咽喉科クリニック", "機関区分": 2, "都道府県コード": 38, "市区町村コード": 206, "所在地": "愛媛県西条市大町６１３番地３", "緯度": 33.918824, "経度": 133.188585, "url": "https://www.iryou.teikyouseido.mhlw.go.jp/znk-web/juminkanja/S2430/initialize?prefCd=38&kikanCd=2385311700&kikanKbn=2", "url2": "https://benzaiten-clinic.jp", "内容": "弁財天耳鼻咽喉科クリニック【2:診療所】【診療科目:耳鼻いんこう科_頭頸部・耳鼻いんこう科_アレルギー科】愛媛県西条市大町６１３番地３" }, "geometry": { "type": "Point", "coordinates": [ 133.188585, 33.918824 ] } },
{ "type": "Feature", "properties": { "ID": 3822385400750, "正式名称": "森山内科", "機関区分": 2, "都道府県コード": 38, "市区町村コード": 206, "所在地": "愛媛県西条市壬生川８６－１", "緯度": 33.93407, "経度": 133.083648, "url": "https://www.iryou.teikyouseido.mhlw.go.jp/znk-web/juminkanja/S2430/initialize?prefCd=38&kikanCd=2385400750&kikanKbn=2", "url2": null, "内容": "森山内科【2:診療所】【診療科目:内科_呼吸器内科_循環器内科_消化器内科_小児科】愛媛県西条市壬生川８６－１" }, "geometry": { "type": "Point", "coordinates": [ 133.083648, 33.93407 ] } },
{ "type": "Feature", "properties": { "ID": 3822385402190, "正式名称": "中村医院", "機関区分": 2, "都道府県コード": 38, "市区町村コード": 206, "所在地": "愛媛県西条市上市甲８－１", "緯度": 33.93157, "経度": 133.057234, "url": "https://www.iryou.teikyouseido.mhlw.go.jp/znk-web/juminkanja/S2430/initialize?prefCd=38&kikanCd=2385402190&kikanKbn=2", "url2": null, "内容": "中村医院【2:診療所】【診療科目:内科_循環器内科_消化器内科_放射線科】愛媛県西条市上市甲８－１" }, "geometry": { "type": "Point", "coordinates": [ 133.057234, 33.93157 ] } },
{ "type": "Feature", "properties": { "ID": 3822385403520, "正式名称": "西条市立中川診療所", "機関区分": 2, "都道府県コード": 38, "市区町村コード": 206, "所在地": "愛媛県西条市丹原町来見甲５４９", "緯度": 33.862827, "経度": 133.021268, "url": "https://www.iryou.teikyouseido.mhlw.go.jp/znk-web/juminkanja/S2430/initialize?prefCd=38&kikanCd=2385403520&kikanKbn=2", "url2": "https://www.city.saijo.ehime.jp/soshiki/kenkoiryo/nakagawashinryojo.html", "内容": "西条市立中川診療所【2:診療所】【診療科目:内科】愛媛県西条市丹原町来見甲５４９" }, "geometry": { "type": "Point", "coordinates": [ 133.021268, 33.862827 ] } },
{ "type": "Feature", "properties": { "ID": 3822385403780, "正式名称": "黒田医院", "機関区分": 2, "都道府県コード": 38, "市区町村コード": 206, "所在地": "愛媛県西条市石田３１９－１", "緯度": 33.920128, "経度": 133.10037, "url": "https://www.iryou.teikyouseido.mhlw.go.jp/znk-web/juminkanja/S2430/initialize?prefCd=38&kikanCd=2385403780&kikanKbn=2", "url2": null, "内容": "黒田医院【2:診療所】【診療科目:内科_外科】愛媛県西条市石田３１９－１" }, "geometry": { "type": "Point", "coordinates": [ 133.10037, 33.920128 ] } },
{ "type": "Feature", "properties": { "ID": 3822385404370, "正式名称": "行本医院", "機関区分": 2, "都道府県コード": 38, "市区町村コード": 206, "所在地": "愛媛県西条市三芳１５５の１", "緯度": 33.953762, "経度": 133.057844, "url": "https://www.iryou.teikyouseido.mhlw.go.jp/znk-web/juminkanja/S2430/initialize?prefCd=38&kikanCd=2385404370&kikanKbn=2", "url2": null, "内容": "行本医院【2:診療所】【診療科目:胃腸内科_外科_整形外科】愛媛県西条市三芳１５５の１" }, "geometry": { "type": "Point", "coordinates": [ 133.057844, 33.953762 ] } },
{ "type": "Feature", "properties": { "ID": 3822385404530, "正式名称": "あおの循環器科", "機関区分": 2, "都道府県コード": 38, "市区町村コード": 206, "所在地": "愛媛県西条市丹原町今井２７３－１", "緯度": 33.905156, "経度": 133.061096, "url": "https://www.iryou.teikyouseido.mhlw.go.jp/znk-web/juminkanja/S2430/initialize?prefCd=38&kikanCd=2385404530&kikanKbn=2", "url2": null, "内容": "あおの循環器科【2:診療所】【診療科目:内科_循環器内科_外科_循環器外科_小児科】愛媛県西条市丹原町今井２７３－１" }, "geometry": { "type": "Point", "coordinates": [ 133.061096, 33.905156 ] } },
{ "type": "Feature", "properties": { "ID": 3822385404660, "正式名称": "園延整形外科", "機関区分": 2, "都道府県コード": 38, "市区町村コード": 206, "所在地": "愛媛県西条市壬生川９５－４", "緯度": 33.933793, "経度": 133.082954, "url": "https://www.iryou.teikyouseido.mhlw.go.jp/znk-web/juminkanja/S2430/initialize?prefCd=38&kikanCd=2385404660&kikanKbn=2", "url2": null, "内容": "園延整形外科【2:診療所】【診療科目:整形外科_リハビリテーション科】愛媛県西条市壬生川９５－４" }, "geometry": { "type": "Point", "coordinates": [ 133.082954, 33.933793 ] } },
{ "type": "Feature", "properties": { "ID": 3822385404820, "正式名称": "長山眼科", "機関区分": 2, "都道府県コード": 38, "市区町村コード": 206, "所在地": "愛媛県西条市三津屋東４８番", "緯度": 33.931793, "経度": 133.094536, "url": "https://www.iryou.teikyouseido.mhlw.go.jp/znk-web/juminkanja/S2430/initialize?prefCd=38&kikanCd=2385404820&kikanKbn=2", "url2": null, "内容": "長山眼科【2:診療所】【診療科目:眼科】愛媛県西条市三津屋東４８番" }, "geometry": { "type": "Point", "coordinates": [ 133.094536, 33.931793 ] } },
{ "type": "Feature", "properties": { "ID": 3822385405090, "正式名称": "福田医院", "機関区分": 2, "都道府県コード": 38, "市区町村コード": 206, "所在地": "愛媛県西条市丹原町願連寺２７８", "緯度": 33.909156, "経度": 133.06404, "url": "https://www.iryou.teikyouseido.mhlw.go.jp/znk-web/juminkanja/S2430/initialize?prefCd=38&kikanCd=2385405090&kikanKbn=2", "url2": null, "内容": "福田医院【2:診療所】【診療科目:内科_消化器内科_小児科】愛媛県西条市丹原町願連寺２７８" }, "geometry": { "type": "Point", "coordinates": [ 133.06404, 33.909156 ] } },
{ "type": "Feature", "properties": { "ID": 3822385405250, "正式名称": "飯尾皮フ科泌尿器科", "機関区分": 2, "都道府県コード": 38, "市区町村コード": 206, "所在地": "愛媛県西条市周布７８２番地", "緯度": 33.918072, "経度": 133.079149, "url": "https://www.iryou.teikyouseido.mhlw.go.jp/znk-web/juminkanja/S2430/initialize?prefCd=38&kikanCd=2385405250&kikanKbn=2", "url2": "http://iiohifuka.life.coocan.jp/", "内容": "飯尾皮フ科泌尿器科【2:診療所】【診療科目:皮膚科_泌尿器科】愛媛県西条市周布７８２番地" }, "geometry": { "type": "Point", "coordinates": [ 133.079149, 33.918072 ] } },
{ "type": "Feature", "properties": { "ID": 3822385405380, "正式名称": "茎田医院", "機関区分": 2, "都道府県コード": 38, "市区町村コード": 206, "所在地": "愛媛県西条市三芳１０７６番地", "緯度": 33.953124, "経度": 133.06001, "url": "https://www.iryou.teikyouseido.mhlw.go.jp/znk-web/juminkanja/S2430/initialize?prefCd=38&kikanCd=2385405380&kikanKbn=2", "url2": null, "内容": "茎田医院【2:診療所】【診療科目:内科_循環器内科_胃腸内科_小児科_放射線科】愛媛県西条市三芳１０７６番地" }, "geometry": { "type": "Point", "coordinates": [ 133.06001, 33.953124 ] } },
{ "type": "Feature", "properties": { "ID": 3822385405410, "正式名称": "まつうら小児科", "機関区分": 2, "都道府県コード": 38, "市区町村コード": 206, "所在地": "愛媛県西条市周布５９９番地５", "緯度": 33.926377, "経度": 133.08151, "url": "https://www.iryou.teikyouseido.mhlw.go.jp/znk-web/juminkanja/S2430/initialize?prefCd=38&kikanCd=2385405410&kikanKbn=2", "url2": "http://www1.ehime.med.or.jp/epa/webDr/saijo_matsuura/intro.htm", "内容": "まつうら小児科【2:診療所】【診療科目:小児科】愛媛県西条市周布５９９番地５" }, "geometry": { "type": "Point", "coordinates": [ 133.08151, 33.926377 ] } },
{ "type": "Feature", "properties": { "ID": 3822385405540, "正式名称": "浦部医院内科・皮フ科", "機関区分": 2, "都道府県コード": 38, "市区町村コード": 206, "所在地": "愛媛県西条市小松町新屋敷甲１３３７－１", "緯度": 33.896371, "経度": 133.106426, "url": "https://www.iryou.teikyouseido.mhlw.go.jp/znk-web/juminkanja/S2430/initialize?prefCd=38&kikanCd=2385405540&kikanKbn=2", "url2": null, "内容": "浦部医院内科・皮フ科【2:診療所】【診療科目:内科_形成外科_皮膚科】愛媛県西条市小松町新屋敷甲１３３７－１" }, "geometry": { "type": "Point", "coordinates": [ 133.106426, 33.896371 ] } },
{ "type": "Feature", "properties": { "ID": 3822385405670, "正式名称": "医療法人周恵会近藤クリニック", "機関区分": 2, "都道府県コード": 38, "市区町村コード": 206, "所在地": "愛媛県西条市周布３４４番地３", "緯度": 33.924738, "経度": 133.084454, "url": "https://www.iryou.teikyouseido.mhlw.go.jp/znk-web/juminkanja/S2430/initialize?prefCd=38&kikanCd=2385405670&kikanKbn=2", "url2": "https://kondou-clinic-ehime.bizweb.jp/", "内容": "医療法人周恵会近藤クリニック【2:診療所】【診療科目:内科_循環器内科_消化器内科_リハビリテーション科】愛媛県西条市周布３４４番地３" }, "geometry": { "type": "Point", "coordinates": [ 133.084454, 33.924738 ] } },
{ "type": "Feature", "properties": { "ID": 3822385406000, "正式名称": "森内科", "機関区分": 2, "都道府県コード": 38, "市区町村コード": 206, "所在地": "愛媛県西条市三津屋南５－３０", "緯度": 33.930293, "経度": 133.090787, "url": "https://www.iryou.teikyouseido.mhlw.go.jp/znk-web/juminkanja/S2430/initialize?prefCd=38&kikanCd=2385406000&kikanKbn=2", "url2": "https://www.morinaika-saijo.com/", "内容": "森内科【2:診療所】【診療科目:内科_糖尿病内科_消化器内科】愛媛県西条市三津屋南５－３０" }, "geometry": { "type": "Point", "coordinates": [ 133.090787, 33.930293 ] } },
{ "type": "Feature", "properties": { "ID": 3822385406130, "正式名称": "医療法人　こまつ医院", "機関区分": 2, "都道府県コード": 38, "市区町村コード": 206, "所在地": "愛媛県西条市小松町新屋敷甲２８９０", "緯度": 33.893953, "経度": 133.116286, "url": "https://www.iryou.teikyouseido.mhlw.go.jp/znk-web/juminkanja/S2430/initialize?prefCd=38&kikanCd=2385406130&kikanKbn=2", "url2": null, "内容": "医療法人　こまつ医院【2:診療所】【診療科目:内科_外科_小児科_放射線科】愛媛県西条市小松町新屋敷甲２８９０" }, "geometry": { "type": "Point", "coordinates": [ 133.116286, 33.893953 ] } },
{ "type": "Feature", "properties": { "ID": 3822385500490, "正式名称": "今井皮膚泌尿器科医院", "機関区分": 2, "都道府県コード": 38, "市区町村コード": 202, "所在地": "愛媛県今治市共栄町２－１－２４", "緯度": 34.067999, "経度": 132.999399, "url": "https://www.iryou.teikyouseido.mhlw.go.jp/znk-web/juminkanja/S2430/initialize?prefCd=38&kikanCd=2385500490&kikanKbn=2", "url2": "https://www.imai-uroder-clinic.com/", "内容": "今井皮膚泌尿器科医院【2:診療所】【診療科目:皮膚科_皮膚泌尿器科_泌尿器科】愛媛県今治市共栄町２－１－２４" }, "geometry": { "type": "Point", "coordinates": [ 132.999399, 34.067999 ] } },
{ "type": "Feature", "properties": { "ID": 3822385501530, "正式名称": "今治十全医院", "機関区分": 2, "都道府県コード": 38, "市区町村コード": 202, "所在地": "愛媛県今治市南大門町２－４－１８", "緯度": 34.067055, "経度": 132.995427, "url": "https://www.iryou.teikyouseido.mhlw.go.jp/znk-web/juminkanja/S2430/initialize?prefCd=38&kikanCd=2385501530&kikanKbn=2", "url2": null, "内容": "今治十全医院【2:診療所】【診療科目:皮膚科】愛媛県今治市南大門町２－４－１８" }, "geometry": { "type": "Point", "coordinates": [ 132.995427, 34.067055 ] } },
{ "type": "Feature", "properties": { "ID": 3822385502380, "正式名称": "医療法人松風会近松内科", "機関区分": 2, "都道府県コード": 38, "市区町村コード": 202, "所在地": "愛媛県今治市大正町３－６－１２", "緯度": 34.069943, "経度": 132.99651, "url": "https://www.iryou.teikyouseido.mhlw.go.jp/znk-web/juminkanja/S2430/initialize?prefCd=38&kikanCd=2385502380&kikanKbn=2", "url2": null, "内容": "医療法人松風会近松内科【2:診療所】【診療科目:内科_感染症内科_糖尿病内科_代謝内科_脂質代謝内科_糖尿病・内分泌内科_呼吸器内科_老年・呼吸器内科_循環器内科_心臓内科_消化器内科_胃腸内科_腎臓内科_肝臓内科_神経内科_漢方内科_老年内科_アレルギー疾患内科_泌尿器科_男性泌尿器科_老年精神科_アレルギー科_リウマチ科_放射線科】愛媛県今治市大正町３－６－１２" }, "geometry": { "type": "Point", "coordinates": [ 132.99651, 34.069943 ] } },
{ "type": "Feature", "properties": { "ID": 3822385502670, "正式名称": "西信内科医院", "機関区分": 2, "都道府県コード": 38, "市区町村コード": 202, "所在地": "愛媛県今治市米屋町３－１－４１", "緯度": 34.069527, "経度": 133.000816, "url": "https://www.iryou.teikyouseido.mhlw.go.jp/znk-web/juminkanja/S2430/initialize?prefCd=38&kikanCd=2385502670&kikanKbn=2", "url2": null, "内容": "西信内科医院【2:診療所】【診療科目:内科】愛媛県今治市米屋町３－１－４１" }, "geometry": { "type": "Point", "coordinates": [ 133.000816, 34.069527 ] } },
{ "type": "Feature", "properties": { "ID": 3822385503000, "正式名称": "医療法人波止浜内科・外科", "機関区分": 2, "都道府県コード": 38, "市区町村コード": 202, "所在地": "愛媛県今治市地堀５丁目２番１号", "緯度": 34.103689, "経度": 132.962456, "url": "https://www.iryou.teikyouseido.mhlw.go.jp/znk-web/juminkanja/S2430/initialize?prefCd=38&kikanCd=2385503000&kikanKbn=2", "url2": "https://website2.infomity.net/8140000101/", "内容": "医療法人波止浜内科・外科【2:診療所】【診療科目:内科_消化器内科_外科_リハビリテーション科_放射線科】愛媛県今治市地堀５丁目２番１号" }, "geometry": { "type": "Point", "coordinates": [ 132.962456, 34.103689 ] } },
{ "type": "Feature", "properties": { "ID": 3822385503390, "正式名称": "広川眼科診療所", "機関区分": 2, "都道府県コード": 38, "市区町村コード": 202, "所在地": "愛媛県今治市松本町３－３－１", "緯度": 34.06225, "経度": 133.00251, "url": "https://www.iryou.teikyouseido.mhlw.go.jp/znk-web/juminkanja/S2430/initialize?prefCd=38&kikanCd=2385503390&kikanKbn=2", "url2": null, "内容": "広川眼科診療所【2:診療所】【診療科目:眼科】愛媛県今治市松本町３－３－１" }, "geometry": { "type": "Point", "coordinates": [ 133.00251, 34.06225 ] } },
{ "type": "Feature", "properties": { "ID": 3822385503840, "正式名称": "医療法人ムラシマ耳鼻咽喉科", "機関区分": 2, "都道府県コード": 38, "市区町村コード": 202, "所在地": "愛媛県今治市松本町１－７－１４", "緯度": 34.064277, "経度": 133.001205, "url": "https://www.iryou.teikyouseido.mhlw.go.jp/znk-web/juminkanja/S2430/initialize?prefCd=38&kikanCd=2385503840&kikanKbn=2", "url2": "https://note.com/muracent/n/n8aa4e1494098", "内容": "医療法人ムラシマ耳鼻咽喉科【2:診療所】【診療科目:耳鼻いんこう科】愛媛県今治市松本町１－７－１４" }, "geometry": { "type": "Point", "coordinates": [ 133.001205, 34.064277 ] } },
{ "type": "Feature", "properties": { "ID": 3822385503970, "正式名称": "森耳鼻咽喉科医院", "機関区分": 2, "都道府県コード": 38, "市区町村コード": 202, "所在地": "愛媛県今治市松本町３－２－２４", "緯度": 34.062166, "経度": 133.002843, "url": "https://www.iryou.teikyouseido.mhlw.go.jp/znk-web/juminkanja/S2430/initialize?prefCd=38&kikanCd=2385503970&kikanKbn=2", "url2": null, "内容": "森耳鼻咽喉科医院【2:診療所】【診療科目:耳鼻いんこう科】愛媛県今治市松本町３－２－２４" }, "geometry": { "type": "Point", "coordinates": [ 133.002843, 34.062166 ] } },
{ "type": "Feature", "properties": { "ID": 3822385504560, "正式名称": "医療法人　竹内外科胃腸科", "機関区分": 2, "都道府県コード": 38, "市区町村コード": 202, "所在地": "愛媛県今治市立花町３－６－３６", "緯度": 34.049723, "経度": 132.998178, "url": "https://www.iryou.teikyouseido.mhlw.go.jp/znk-web/juminkanja/S2430/initialize?prefCd=38&kikanCd=2385504560&kikanKbn=2", "url2": "http://takeuchigeka.jp/", "内容": "医療法人　竹内外科胃腸科【2:診療所】【診療科目:消化器内科_外科】愛媛県今治市立花町３－６－３６" }, "geometry": { "type": "Point", "coordinates": [ 132.998178, 34.049723 ] } },
{ "type": "Feature", "properties": { "ID": 3822385504720, "正式名称": "医療法人　まつもとクリニック", "機関区分": 2, "都道府県コード": 38, "市区町村コード": 202, "所在地": "愛媛県今治市大正町３－６－１０", "緯度": 34.070221, "経度": 132.99601, "url": "https://www.iryou.teikyouseido.mhlw.go.jp/znk-web/juminkanja/S2430/initialize?prefCd=38&kikanCd=2385504720&kikanKbn=2", "url2": "http://imabari-matsumotoclinic.jp/", "内容": "医療法人　まつもとクリニック【2:診療所】【診療科目:内科_消化器内科_皮膚科】愛媛県今治市大正町３－６－１０" }, "geometry": { "type": "Point", "coordinates": [ 132.99601, 34.070221 ] } },
{ "type": "Feature", "properties": { "ID": 3822385505310, "正式名称": "医療法人井出整形外科医院", "機関区分": 2, "都道府県コード": 38, "市区町村コード": 202, "所在地": "愛媛県今治市片山３－３－４６", "緯度": 34.051584, "経度": 132.986179, "url": "https://www.iryou.teikyouseido.mhlw.go.jp/znk-web/juminkanja/S2430/initialize?prefCd=38&kikanCd=2385505310&kikanKbn=2", "url2": null, "内容": "医療法人井出整形外科医院【2:診療所】【診療科目:整形外科_リハビリテーション科】愛媛県今治市片山３－３－４６" }, "geometry": { "type": "Point", "coordinates": [ 132.986179, 34.051584 ] } },
{ "type": "Feature", "properties": { "ID": 3822385506610, "正式名称": "医療法人　嶋波会　上原内科", "機関区分": 2, "都道府県コード": 38, "市区町村コード": 202, "所在地": "愛媛県今治市北鳥生町３－４－８", "緯度": 34.052945, "経度": 133.007871, "url": "https://www.iryou.teikyouseido.mhlw.go.jp/znk-web/juminkanja/S2430/initialize?prefCd=38&kikanCd=2385506610&kikanKbn=2", "url2": null, "内容": "医療法人　嶋波会　上原内科【2:診療所】【診療科目:内科_呼吸器内科_循環器内科_消化器内科_放射線科】愛媛県今治市北鳥生町３－４－８" }, "geometry": { "type": "Point", "coordinates": [ 133.007871, 34.052945 ] } },
{ "type": "Feature", "properties": { "ID": 3822385507200, "正式名称": "医療法人社団徳丸皮膚科", "機関区分": 2, "都道府県コード": 38, "市区町村コード": 202, "所在地": "愛媛県今治市北高下町３－４－５８", "緯度": 34.051612, "経度": 133.010121, "url": "https://www.iryou.teikyouseido.mhlw.go.jp/znk-web/juminkanja/S2430/initialize?prefCd=38&kikanCd=2385507200&kikanKbn=2", "url2": null, "内容": "医療法人社団徳丸皮膚科【2:診療所】【診療科目:皮膚科】愛媛県今治市北高下町３－４－５８" }, "geometry": { "type": "Point", "coordinates": [ 133.010121, 34.051612 ] } },
{ "type": "Feature", "properties": { "ID": 3822385507590, "正式名称": "片木脳神経外科", "機関区分": 2, "都道府県コード": 38, "市区町村コード": 202, "所在地": "愛媛県今治市別名２７４", "緯度": 34.042529, "経度": 132.976319, "url": "https://www.iryou.teikyouseido.mhlw.go.jp/znk-web/juminkanja/S2430/initialize?prefCd=38&kikanCd=2385507590&kikanKbn=2", "url2": "http://www.katagihosp.com", "内容": "片木脳神経外科【2:診療所】【診療科目:外科_脳神経外科_リハビリテーション科_放射線科】愛媛県今治市別名２７４" }, "geometry": { "type": "Point", "coordinates": [ 132.976319, 34.042529 ] } },
{ "type": "Feature", "properties": { "ID": 3822385508630, "正式名称": "医療法人片山医院", "機関区分": 2, "都道府県コード": 38, "市区町村コード": 202, "所在地": "愛媛県今治市吉海町幸新田７１", "緯度": 34.147075, "経度": 133.042309, "url": "https://www.iryou.teikyouseido.mhlw.go.jp/znk-web/juminkanja/S2430/initialize?prefCd=38&kikanCd=2385508630&kikanKbn=2", "url2": null, "内容": "医療法人片山医院【2:診療所】【診療科目:内科_外科】愛媛県今治市吉海町幸新田７１" }, "geometry": { "type": "Point", "coordinates": [ 133.042309, 34.147075 ] } },
{ "type": "Feature", "properties": { "ID": 3822385509350, "正式名称": "医療法人　喜多嶋診療所", "機関区分": 2, "都道府県コード": 38, "市区町村コード": 202, "所在地": "愛媛県今治市伯方町木浦甲３４４９", "緯度": 34.204014, "経度": 133.1128, "url": "https://www.iryou.teikyouseido.mhlw.go.jp/znk-web/juminkanja/S2430/initialize?prefCd=38&kikanCd=2385509350&kikanKbn=2", "url2": null, "内容": "医療法人　喜多嶋診療所【2:診療所】【診療科目:内科_消化器内科_小児科】愛媛県今治市伯方町木浦甲３４４９" }, "geometry": { "type": "Point", "coordinates": [ 133.1128, 34.204014 ] } },
{ "type": "Feature", "properties": { "ID": 3822385509510, "正式名称": "上島町魚島国民健康保険診療所", "機関区分": 2, "都道府県コード": 38, "市区町村コード": 356, "所在地": "愛媛県越智郡上島町魚島一番耕地１２４番地３", "緯度": 34.175493, "経度": 133.318979, "url": "https://www.iryou.teikyouseido.mhlw.go.jp/znk-web/juminkanja/S2430/initialize?prefCd=38&kikanCd=2385509510&kikanKbn=2", "url2": null, "内容": "上島町魚島国民健康保険診療所【2:診療所】【診療科目:内科_麻酔科】愛媛県越智郡上島町魚島一番耕地１２４番地３" }, "geometry": { "type": "Point", "coordinates": [ 133.318979, 34.175493 ] } },
{ "type": "Feature", "properties": { "ID": 3822385509640, "正式名称": "上島町高井神へき地出張診療所", "機関区分": 2, "都道府県コード": 38, "市区町村コード": 356, "所在地": "愛媛県越智郡上島町魚島二番耕地１３０", "緯度": 34.176799, "経度": 133.318312, "url": "https://www.iryou.teikyouseido.mhlw.go.jp/znk-web/juminkanja/S2430/initialize?prefCd=38&kikanCd=2385509640&kikanKbn=2", "url2": null, "内容": "上島町高井神へき地出張診療所【2:診療所】【診療科目:内科_麻酔科】愛媛県越智郡上島町魚島二番耕地１３０" }, "geometry": { "type": "Point", "coordinates": [ 133.318312, 34.176799 ] } },
{ "type": "Feature", "properties": { "ID": 3822385509800, "正式名称": "医療法人社団秦医院", "機関区分": 2, "都道府県コード": 38, "市区町村コード": 356, "所在地": "愛媛県越智郡上島町弓削下弓削１２７－５", "緯度": 34.259621, "経度": 133.203873, "url": "https://www.iryou.teikyouseido.mhlw.go.jp/znk-web/juminkanja/S2430/initialize?prefCd=38&kikanCd=2385509800&kikanKbn=2", "url2": null, "内容": "医療法人社団秦医院【2:診療所】【診療科目:内科_外科_小児科_小児外科】愛媛県越智郡上島町弓削下弓削１２７－５" }, "geometry": { "type": "Point", "coordinates": [ 133.203873, 34.259621 ] } },
{ "type": "Feature", "properties": { "ID": 3822385511180, "正式名称": "岡村診療所", "機関区分": 2, "都道府県コード": 38, "市区町村コード": 202, "所在地": "愛媛県今治市関前岡村甲１８番地２", "緯度": 34.185051, "経度": 132.885003, "url": "https://www.iryou.teikyouseido.mhlw.go.jp/znk-web/juminkanja/S2430/initialize?prefCd=38&kikanCd=2385511180&kikanKbn=2", "url2": "https://www.city.imabari.ehime.jp", "内容": "岡村診療所【2:診療所】【診療科目:内科】愛媛県今治市関前岡村甲１８番地２" }, "geometry": { "type": "Point", "coordinates": [ 132.885003, 34.185051 ] } },
{ "type": "Feature", "properties": { "ID": 3822385511210, "正式名称": "大下出張診療所", "機関区分": 2, "都道府県コード": 38, "市区町村コード": 202, "所在地": "愛媛県今治市関前大下甲６５番地３", "緯度": 34.188568, "経度": 132.923011, "url": "https://www.iryou.teikyouseido.mhlw.go.jp/znk-web/juminkanja/S2430/initialize?prefCd=38&kikanCd=2385511210&kikanKbn=2", "url2": "https://www.city.imabari.ehime.jp/", "内容": "大下出張診療所【2:診療所】【診療科目:内科_外科】愛媛県今治市関前大下甲６５番地３" }, "geometry": { "type": "Point", "coordinates": [ 132.923011, 34.188568 ] } },
{ "type": "Feature", "properties": { "ID": 3822385511470, "正式名称": "小大下出張診療所", "機関区分": 2, "都道府県コード": 38, "市区町村コード": 202, "所在地": "愛媛県今治市関前小大下甲２１１５番地１", "緯度": 34.19027, "経度": 132.901462, "url": "https://www.iryou.teikyouseido.mhlw.go.jp/znk-web/juminkanja/S2430/initialize?prefCd=38&kikanCd=2385511470&kikanKbn=2", "url2": "https://www.city.imabari.ehime.jp/", "内容": "小大下出張診療所【2:診療所】【診療科目:内科_外科】愛媛県今治市関前小大下甲２１１５番地１" }, "geometry": { "type": "Point", "coordinates": [ 132.901462, 34.19027 ] } },
{ "type": "Feature", "properties": { "ID": 3822385511630, "正式名称": "小澤外科循環器科医院", "機関区分": 2, "都道府県コード": 38, "市区町村コード": 202, "所在地": "愛媛県今治市馬越町４－３－１０", "緯度": 34.053167, "経度": 132.983512, "url": "https://www.iryou.teikyouseido.mhlw.go.jp/znk-web/juminkanja/S2430/initialize?prefCd=38&kikanCd=2385511630&kikanKbn=2", "url2": "https://www.ozawa-hosp.jp", "内容": "小澤外科循環器科医院【2:診療所】【診療科目:循環器内科_外科】愛媛県今治市馬越町４－３－１０" }, "geometry": { "type": "Point", "coordinates": [ 132.983512, 34.053167 ] } },
{ "type": "Feature", "properties": { "ID": 3822385511920, "正式名称": "医療法人　順真会　桜井眼科", "機関区分": 2, "都道府県コード": 38, "市区町村コード": 202, "所在地": "愛媛県今治市桜井２－６－２３", "緯度": 34.020783, "経度": 133.037065, "url": "https://www.iryou.teikyouseido.mhlw.go.jp/znk-web/juminkanja/S2430/initialize?prefCd=38&kikanCd=2385511920&kikanKbn=2", "url2": "http://www.sakuraiganka.jp/", "内容": "医療法人　順真会　桜井眼科【2:診療所】【診療科目:眼科】愛媛県今治市桜井２－６－２３" }, "geometry": { "type": "Point", "coordinates": [ 133.037065, 34.020783 ] } },
{ "type": "Feature", "properties": { "ID": 3822385512510, "正式名称": "村上耳鼻咽喉科", "機関区分": 2, "都道府県コード": 38, "市区町村コード": 202, "所在地": "愛媛県今治市高市甲２６７－１", "緯度": 34.027726, "経度": 133.0084, "url": "https://www.iryou.teikyouseido.mhlw.go.jp/znk-web/juminkanja/S2430/initialize?prefCd=38&kikanCd=2385512510&kikanKbn=2", "url2": null, "内容": "村上耳鼻咽喉科【2:診療所】【診療科目:耳鼻いんこう科】愛媛県今治市高市甲２６７－１" }, "geometry": { "type": "Point", "coordinates": [ 133.0084, 34.027726 ] } },
{ "type": "Feature", "properties": { "ID": 3822385512770, "正式名称": "医療法人しのざき整形外科", "機関区分": 2, "都道府県コード": 38, "市区町村コード": 202, "所在地": "愛媛県今治市伯方町伊方甲１０２２－１", "緯度": 34.220863, "経度": 133.067483, "url": "https://www.iryou.teikyouseido.mhlw.go.jp/znk-web/juminkanja/S2430/initialize?prefCd=38&kikanCd=2385512770&kikanKbn=2", "url2": "https://info.shinozaki-seikeigeka.com/", "内容": "医療法人しのざき整形外科【2:診療所】【診療科目:内科_漢方内科_整形外科_リハビリテーション科】愛媛県今治市伯方町伊方甲１０２２－１" }, "geometry": { "type": "Point", "coordinates": [ 133.067483, 34.220863 ] } },
{ "type": "Feature", "properties": { "ID": 3822385512800, "正式名称": "医療法人　吉正整形外科", "機関区分": 2, "都道府県コード": 38, "市区町村コード": 202, "所在地": "愛媛県今治市別宮町７丁目２－６０", "緯度": 34.075609, "経度": 132.990927, "url": "https://www.iryou.teikyouseido.mhlw.go.jp/znk-web/juminkanja/S2430/initialize?prefCd=38&kikanCd=2385512800&kikanKbn=2", "url2": "http://yoshimasa-seikei.com/", "内容": "医療法人　吉正整形外科【2:診療所】【診療科目:整形外科_リハビリテーション科】愛媛県今治市別宮町７丁目２－６０" }, "geometry": { "type": "Point", "coordinates": [ 132.990927, 34.075609 ] } },
{ "type": "Feature", "properties": { "ID": 3822385513100, "正式名称": "銀座眼科", "機関区分": 2, "都道府県コード": 38, "市区町村コード": 202, "所在地": "愛媛県今治市常盤町３丁目６番６号", "緯度": 34.06611, "経度": 132.999927, "url": "https://www.iryou.teikyouseido.mhlw.go.jp/znk-web/juminkanja/S2430/initialize?prefCd=38&kikanCd=2385513100&kikanKbn=2", "url2": null, "内容": "銀座眼科【2:診療所】【診療科目:眼科】愛媛県今治市常盤町３丁目６番６号" }, "geometry": { "type": "Point", "coordinates": [ 132.999927, 34.06611 ] } },
{ "type": "Feature", "properties": { "ID": 3822385513230, "正式名称": "金藤内科", "機関区分": 2, "都道府県コード": 38, "市区町村コード": 202, "所在地": "愛媛県今治市玉川町大野甲６７番地１", "緯度": 34.022725, "経度": 132.943517, "url": "https://www.iryou.teikyouseido.mhlw.go.jp/znk-web/juminkanja/S2430/initialize?prefCd=38&kikanCd=2385513230&kikanKbn=2", "url2": null, "内容": "金藤内科【2:診療所】【診療科目:内科_呼吸器内科_消化器内科】愛媛県今治市玉川町大野甲６７番地１" }, "geometry": { "type": "Point", "coordinates": [ 132.943517, 34.022725 ] } },
{ "type": "Feature", "properties": { "ID": 3822385513520, "正式名称": "三宅川医院", "機関区分": 2, "都道府県コード": 38, "市区町村コード": 202, "所在地": "愛媛県今治市町谷甲１７－２", "緯度": 34.019727, "経度": 133.005734, "url": "https://www.iryou.teikyouseido.mhlw.go.jp/znk-web/juminkanja/S2430/initialize?prefCd=38&kikanCd=2385513520&kikanKbn=2", "url2": null, "内容": "三宅川医院【2:診療所】【診療科目:内科】愛媛県今治市町谷甲１７－２" }, "geometry": { "type": "Point", "coordinates": [ 133.005734, 34.019727 ] } },
{ "type": "Feature", "properties": { "ID": 3822385513650, "正式名称": "医療法人　かとう内科", "機関区分": 2, "都道府県コード": 38, "市区町村コード": 202, "所在地": "愛媛県今治市立花町１丁目１０－５", "緯度": 34.053001, "経度": 132.997372, "url": "https://www.iryou.teikyouseido.mhlw.go.jp/znk-web/juminkanja/S2430/initialize?prefCd=38&kikanCd=2385513650&kikanKbn=2", "url2": "https//www.katonai.com", "内容": "医療法人　かとう内科【2:診療所】【診療科目:内科_神経内科_リハビリテーション科】愛媛県今治市立花町１丁目１０－５" }, "geometry": { "type": "Point", "coordinates": [ 132.997372, 34.053001 ] } },
{ "type": "Feature", "properties": { "ID": 3822385513940, "正式名称": "あおい小児科", "機関区分": 2, "都道府県コード": 38, "市区町村コード": 202, "所在地": "愛媛県今治市東村５丁目９－３７", "緯度": 34.038308, "経度": 133.021399, "url": "https://www.iryou.teikyouseido.mhlw.go.jp/znk-web/juminkanja/S2430/initialize?prefCd=38&kikanCd=2385513940&kikanKbn=2", "url2": "http://aoi-kids.jp/", "内容": "あおい小児科【2:診療所】【診療科目:小児科】愛媛県今治市東村５丁目９－３７" }, "geometry": { "type": "Point", "coordinates": [ 133.021399, 34.038308 ] } },
{ "type": "Feature", "properties": { "ID": 3822385514080, "正式名称": "林医院", "機関区分": 2, "都道府県コード": 38, "市区町村コード": 202, "所在地": "愛媛県今治市菊間町浜４１４番地", "緯度": 34.036694, "経度": 132.842414, "url": "https://www.iryou.teikyouseido.mhlw.go.jp/znk-web/juminkanja/S2430/initialize?prefCd=38&kikanCd=2385514080&kikanKbn=2", "url2": null, "内容": "林医院【2:診療所】【診療科目:内科_呼吸器内科_循環器内科】愛媛県今治市菊間町浜４１４番地" }, "geometry": { "type": "Point", "coordinates": [ 132.842414, 34.036694 ] } },
{ "type": "Feature", "properties": { "ID": 3822385514240, "正式名称": "梅の木中医学クリニック", "機関区分": 2, "都道府県コード": 38, "市区町村コード": 202, "所在地": "愛媛県今治市玉川町小鴨部甲３５－１", "緯度": 34.029503, "経度": 132.970237, "url": "https://www.iryou.teikyouseido.mhlw.go.jp/znk-web/juminkanja/S2430/initialize?prefCd=38&kikanCd=2385514240&kikanKbn=2", "url2": "http://www.umenoki-c.sakura.ne.jp/", "内容": "梅の木中医学クリニック【2:診療所】【診療科目:漢方内科_婦人科】愛媛県今治市玉川町小鴨部甲３５－１" }, "geometry": { "type": "Point", "coordinates": [ 132.970237, 34.029503 ] } },
{ "type": "Feature", "properties": { "ID": 3822385514370, "正式名称": "医療法人大西クリニック", "機関区分": 2, "都道府県コード": 38, "市区町村コード": 202, "所在地": "愛媛県今治市大西町紺原甲８２７－１", "緯度": 34.067054, "経度": 132.938349, "url": "https://www.iryou.teikyouseido.mhlw.go.jp/znk-web/juminkanja/S2430/initialize?prefCd=38&kikanCd=2385514370&kikanKbn=2", "url2": "https://www.oonishiclinic.com/", "内容": "医療法人大西クリニック【2:診療所】【診療科目:内科_循環器内科_外科_リハビリテーション科】愛媛県今治市大西町紺原甲８２７－１" }, "geometry": { "type": "Point", "coordinates": [ 132.938349, 34.067054 ] } },
{ "type": "Feature", "properties": { "ID": 3822385514790, "正式名称": "医療法人　村上整形外科", "機関区分": 2, "都道府県コード": 38, "市区町村コード": 202, "所在地": "愛媛県今治市松木２８－７", "緯度": 34.031281, "経度": 133.005511, "url": "https://www.iryou.teikyouseido.mhlw.go.jp/znk-web/juminkanja/S2430/initialize?prefCd=38&kikanCd=2385514790&kikanKbn=2", "url2": "http://www.seikeigeka-murakami.jp/.", "内容": "医療法人　村上整形外科【2:診療所】【診療科目:整形外科_リハビリテーション科】愛媛県今治市松木２８－７" }, "geometry": { "type": "Point", "coordinates": [ 133.005511, 34.031281 ] } },
{ "type": "Feature", "properties": { "ID": 3822385515380, "正式名称": "皮フ科鈴木クリニック", "機関区分": 2, "都道府県コード": 38, "市区町村コード": 202, "所在地": "愛媛県今治市南大門町２丁目２番地７", "緯度": 34.066638, "経度": 132.996177, "url": "https://www.iryou.teikyouseido.mhlw.go.jp/znk-web/juminkanja/S2430/initialize?prefCd=38&kikanCd=2385515380&kikanKbn=2", "url2": "http://hifuka-suzuki-clinic.jp", "内容": "皮フ科鈴木クリニック【2:診療所】【診療科目:皮膚科】愛媛県今治市南大門町２丁目２番地７" }, "geometry": { "type": "Point", "coordinates": [ 132.996177, 34.066638 ] } },
{ "type": "Feature", "properties": { "ID": 3822385515410, "正式名称": "鈴木耳鼻咽喉科", "機関区分": 2, "都道府県コード": 38, "市区町村コード": 202, "所在地": "愛媛県今治市南大門町２丁目２番地３", "緯度": 34.066499, "経度": 132.996288, "url": "https://www.iryou.teikyouseido.mhlw.go.jp/znk-web/juminkanja/S2430/initialize?prefCd=38&kikanCd=2385515410&kikanKbn=2", "url2": "http://www.suzent.jp", "内容": "鈴木耳鼻咽喉科【2:診療所】【診療科目:耳鼻いんこう科】愛媛県今治市南大門町２丁目２番地３" }, "geometry": { "type": "Point", "coordinates": [ 132.996288, 34.066499 ] } },
{ "type": "Feature", "properties": { "ID": 3822385515700, "正式名称": "医療法人　正岡眼科", "機関区分": 2, "都道府県コード": 38, "市区町村コード": 202, "所在地": "愛媛県今治市常盤町５丁目３番９号", "緯度": 34.060167, "経度": 132.994955, "url": "https://www.iryou.teikyouseido.mhlw.go.jp/znk-web/juminkanja/S2430/initialize?prefCd=38&kikanCd=2385515700&kikanKbn=2", "url2": "http://www.masaoka-ganka.gr.jp", "内容": "医療法人　正岡眼科【2:診療所】【診療科目:眼科】愛媛県今治市常盤町５丁目３番９号" }, "geometry": { "type": "Point", "coordinates": [ 132.994955, 34.060167 ] } },
{ "type": "Feature", "properties": { "ID": 3822385516420, "正式名称": "平林胃腸クリニック", "機関区分": 2, "都道府県コード": 38, "市区町村コード": 202, "所在地": "愛媛県今治市河南町２丁目６－２０", "緯度": 34.048112, "経度": 132.992512, "url": "https://www.iryou.teikyouseido.mhlw.go.jp/znk-web/juminkanja/S2430/initialize?prefCd=38&kikanCd=2385516420&kikanKbn=2", "url2": "hirabayashi-icho-clinic4.webnode.jp", "内容": "平林胃腸クリニック【2:診療所】【診療科目:内科_消化器内科_胃腸内科】愛媛県今治市河南町２丁目６－２０" }, "geometry": { "type": "Point", "coordinates": [ 132.992512, 34.048112 ] } },
{ "type": "Feature", "properties": { "ID": 3822385516680, "正式名称": "矢野眼科", "機関区分": 2, "都道府県コード": 38, "市区町村コード": 202, "所在地": "愛媛県今治市吉海町八幡２１８－１", "緯度": 34.144519, "経度": 133.04342, "url": "https://www.iryou.teikyouseido.mhlw.go.jp/znk-web/juminkanja/S2430/initialize?prefCd=38&kikanCd=2385516680&kikanKbn=2", "url2": null, "内容": "矢野眼科【2:診療所】【診療科目:眼科】愛媛県今治市吉海町八幡２１８－１" }, "geometry": { "type": "Point", "coordinates": [ 133.04342, 34.144519 ] } },
{ "type": "Feature", "properties": { "ID": 3822385516840, "正式名称": "医療法人　あおのクリニック", "機関区分": 2, "都道府県コード": 38, "市区町村コード": 202, "所在地": "愛媛県今治市菊間町浜１００１番地", "緯度": 34.037333, "経度": 132.845552, "url": "https://www.iryou.teikyouseido.mhlw.go.jp/znk-web/juminkanja/S2430/initialize?prefCd=38&kikanCd=2385516840&kikanKbn=2", "url2": null, "内容": "医療法人　あおのクリニック【2:診療所】【診療科目:内科_胃腸内科_外科_リハビリテーション科】愛媛県今治市菊間町浜１００１番地" }, "geometry": { "type": "Point", "coordinates": [ 132.845552, 34.037333 ] } },
{ "type": "Feature", "properties": { "ID": 3822385517140, "正式名称": "羽原小児科", "機関区分": 2, "都道府県コード": 38, "市区町村コード": 202, "所在地": "愛媛県今治市大西町宮脇４６３", "緯度": 34.061165, "経度": 132.923322, "url": "https://www.iryou.teikyouseido.mhlw.go.jp/znk-web/juminkanja/S2430/initialize?prefCd=38&kikanCd=2385517140&kikanKbn=2", "url2": null, "内容": "羽原小児科【2:診療所】【診療科目:小児科】愛媛県今治市大西町宮脇４６３" }, "geometry": { "type": "Point", "coordinates": [ 132.923322, 34.061165 ] } },
{ "type": "Feature", "properties": { "ID": 3822385517270, "正式名称": "医療法人　長野整形外科", "機関区分": 2, "都道府県コード": 38, "市区町村コード": 202, "所在地": "愛媛県今治市高部甲５３２－１", "緯度": 34.094718, "経度": 132.974983, "url": "https://www.iryou.teikyouseido.mhlw.go.jp/znk-web/juminkanja/S2430/initialize?prefCd=38&kikanCd=2385517270&kikanKbn=2", "url2": "https://www.naganoseikei.com", "内容": "医療法人　長野整形外科【2:診療所】【診療科目:整形外科_リウマチ科_リハビリテーション科】愛媛県今治市高部甲５３２－１" }, "geometry": { "type": "Point", "coordinates": [ 132.974983, 34.094718 ] } },
{ "type": "Feature", "properties": { "ID": 3822385517300, "正式名称": "つばさ発達クリニック", "機関区分": 2, "都道府県コード": 38, "市区町村コード": 202, "所在地": "愛媛県今治市南日吉町３丁目３番５１号", "緯度": 34.054219, "経度": 132.99018, "url": "https://www.iryou.teikyouseido.mhlw.go.jp/znk-web/juminkanja/S2430/initialize?prefCd=38&kikanCd=2385517300&kikanKbn=2", "url2": null, "内容": "つばさ発達クリニック【2:診療所】【診療科目:精神科】愛媛県今治市南日吉町３丁目３番５１号" }, "geometry": { "type": "Point", "coordinates": [ 132.99018, 34.054219 ] } },
{ "type": "Feature", "properties": { "ID": 3822385517560, "正式名称": "あゆみクリニック", "機関区分": 2, "都道府県コード": 38, "市区町村コード": 202, "所在地": "愛媛県今治市高部甲５２６－１", "緯度": 34.094246, "経度": 132.974983, "url": "https://www.iryou.teikyouseido.mhlw.go.jp/znk-web/juminkanja/S2430/initialize?prefCd=38&kikanCd=2385517560&kikanKbn=2", "url2": null, "内容": "あゆみクリニック【2:診療所】【診療科目:耳鼻いんこう科_泌尿器科】愛媛県今治市高部甲５２６－１" }, "geometry": { "type": "Point", "coordinates": [ 132.974983, 34.094246 ] } },
{ "type": "Feature", "properties": { "ID": 3822385517720, "正式名称": "かもいけ診療所", "機関区分": 2, "都道府県コード": 38, "市区町村コード": 202, "所在地": "愛媛県今治市大西町九王甲２０１９番地１６", "緯度": 34.073164, "経度": 132.92871, "url": "https://www.iryou.teikyouseido.mhlw.go.jp/znk-web/juminkanja/S2430/initialize?prefCd=38&kikanCd=2385517720&kikanKbn=2", "url2": null, "内容": "かもいけ診療所【2:診療所】【診療科目:内科_呼吸器内科_循環器内科_リハビリテーション科_放射線科】愛媛県今治市大西町九王甲２０１９番地１６" }, "geometry": { "type": "Point", "coordinates": [ 132.92871, 34.073164 ] } },
{ "type": "Feature", "properties": { "ID": 3822385517850, "正式名称": "はかた外科胃腸科", "機関区分": 2, "都道府県コード": 38, "市区町村コード": 202, "所在地": "愛媛県今治市伯方町叶浦甲１６６７－２５", "緯度": 34.205714, "経度": 133.074402, "url": "https://www.iryou.teikyouseido.mhlw.go.jp/znk-web/juminkanja/S2430/initialize?prefCd=38&kikanCd=2385517850&kikanKbn=2", "url2": null, "内容": "はかた外科胃腸科【2:診療所】【診療科目:胃腸内科_外科_消化器外科_整形外科_リハビリテーション科】愛媛県今治市伯方町叶浦甲１６６７－２５" }, "geometry": { "type": "Point", "coordinates": [ 133.074402, 34.205714 ] } },
{ "type": "Feature", "properties": { "ID": 3822385518150, "正式名称": "秋山整形外科・歯科", "機関区分": 2, "都道府県コード": 38, "市区町村コード": 202, "所在地": "愛媛県今治市桜井２丁目３－１", "緯度": 34.022338, "経度": 133.038287, "url": "https://www.iryou.teikyouseido.mhlw.go.jp/znk-web/juminkanja/S2430/initialize?prefCd=38&kikanCd=2385518150&kikanKbn=2", "url2": null, "内容": "秋山整形外科・歯科【2:診療所】【診療科目:整形外科_歯科_小児歯科_リウマチ科_リハビリテーション科】愛媛県今治市桜井２丁目３－１" }, "geometry": { "type": "Point", "coordinates": [ 133.038287, 34.022338 ] } },
{ "type": "Feature", "properties": { "ID": 3822385518280, "正式名称": "医療法人　久保皮膚科クリニック", "機関区分": 2, "都道府県コード": 38, "市区町村コード": 202, "所在地": "愛媛県今治市馬越町３丁目３番３８号", "緯度": 34.057666, "経度": 132.979318, "url": "https://www.iryou.teikyouseido.mhlw.go.jp/znk-web/juminkanja/S2430/initialize?prefCd=38&kikanCd=2385518280&kikanKbn=2", "url2": "https://kubo-clinic.or.jp/", "内容": "医療法人　久保皮膚科クリニック【2:診療所】【診療科目:皮膚科_美容皮膚科】愛媛県今治市馬越町３丁目３番３８号" }, "geometry": { "type": "Point", "coordinates": [ 132.979318, 34.057666 ] } },
{ "type": "Feature", "properties": { "ID": 3822385518310, "正式名称": "井門クリニック", "機関区分": 2, "都道府県コード": 38, "市区町村コード": 202, "所在地": "愛媛県今治市朝倉下甲１１４６番地１", "緯度": 34.002312, "経度": 133.012901, "url": "https://www.iryou.teikyouseido.mhlw.go.jp/znk-web/juminkanja/S2430/initialize?prefCd=38&kikanCd=2385518310&kikanKbn=2", "url2": null, "内容": "井門クリニック【2:診療所】【診療科目:内科_整形外科_リハビリテーション科_麻酔科】愛媛県今治市朝倉下甲１１４６番地１" }, "geometry": { "type": "Point", "coordinates": [ 133.012901, 34.002312 ] } },
{ "type": "Feature", "properties": { "ID": 3822385518440, "正式名称": "朝倉内科循環器科クリニック", "機関区分": 2, "都道府県コード": 38, "市区町村コード": 202, "所在地": "愛媛県今治市朝倉下甲４５２－１", "緯度": 33.997451, "経度": 133.019762, "url": "https://www.iryou.teikyouseido.mhlw.go.jp/znk-web/juminkanja/S2430/initialize?prefCd=38&kikanCd=2385518440&kikanKbn=2", "url2": null, "内容": "朝倉内科循環器科クリニック【2:診療所】【診療科目:内科_呼吸器内科_循環器内科_腎臓内科】愛媛県今治市朝倉下甲４５２－１" }, "geometry": { "type": "Point", "coordinates": [ 133.019762, 33.997451 ] } },
{ "type": "Feature", "properties": { "ID": 3822385518570, "正式名称": "井戸内科・消化器科", "機関区分": 2, "都道府県コード": 38, "市区町村コード": 202, "所在地": "愛媛県今治市蔵敷町１丁目１５の６", "緯度": 34.057611, "経度": 132.999316, "url": "https://www.iryou.teikyouseido.mhlw.go.jp/znk-web/juminkanja/S2430/initialize?prefCd=38&kikanCd=2385518570&kikanKbn=2", "url2": null, "内容": "井戸内科・消化器科【2:診療所】【診療科目:内科】愛媛県今治市蔵敷町１丁目１５の６" }, "geometry": { "type": "Point", "coordinates": [ 132.999316, 34.057611 ] } },
{ "type": "Feature", "properties": { "ID": 3822385518990, "正式名称": "矢野眼科大三島分院", "機関区分": 2, "都道府県コード": 38, "市区町村コード": 202, "所在地": "愛媛県今治市大三島町宮浦５１６１", "緯度": 34.247563, "経度": 133.000696, "url": "https://www.iryou.teikyouseido.mhlw.go.jp/znk-web/juminkanja/S2430/initialize?prefCd=38&kikanCd=2385518990&kikanKbn=2", "url2": null, "内容": "矢野眼科大三島分院【2:診療所】【診療科目:眼科】愛媛県今治市大三島町宮浦５１６１" }, "geometry": { "type": "Point", "coordinates": [ 133.000696, 34.247563 ] } },
{ "type": "Feature", "properties": { "ID": 3822385519580, "正式名称": "アキクリニック", "機関区分": 2, "都道府県コード": 38, "市区町村コード": 202, "所在地": "愛媛県今治市共栄町２－２－１　しまなみビルヂング　２階", "緯度": 34.067808, "経度": 132.999863, "url": "https://www.iryou.teikyouseido.mhlw.go.jp/znk-web/juminkanja/S2430/initialize?prefCd=38&kikanCd=2385519580&kikanKbn=2", "url2": "https://aki-cl.jp/", "内容": "アキクリニック【2:診療所】【診療科目:精神科_心療内科】愛媛県今治市共栄町２－２－１　しまなみビルヂング　２階" }, "geometry": { "type": "Point", "coordinates": [ 132.999863, 34.067808 ] } },
{ "type": "Feature", "properties": { "ID": 3822385519610, "正式名称": "宮窪診療所", "機関区分": 2, "都道府県コード": 38, "市区町村コード": 202, "所在地": "愛媛県今治市宮窪町宮窪５２５０－１", "緯度": 34.175045, "経度": 133.075027, "url": "https://www.iryou.teikyouseido.mhlw.go.jp/znk-web/juminkanja/S2430/initialize?prefCd=38&kikanCd=2385519610&kikanKbn=2", "url2": null, "内容": "宮窪診療所【2:診療所】【診療科目:内科_整形外科_麻酔科】愛媛県今治市宮窪町宮窪５２５０－１" }, "geometry": { "type": "Point", "coordinates": [ 133.075027, 34.175045 ] } },
{ "type": "Feature", "properties": { "ID": 3822385519740, "正式名称": "中川こころのクリニック", "機関区分": 2, "都道府県コード": 38, "市区町村コード": 202, "所在地": "愛媛県今治市北日吉町１丁目２番１１号", "緯度": 34.06424, "経度": 132.992253, "url": "https://www.iryou.teikyouseido.mhlw.go.jp/znk-web/juminkanja/S2430/initialize?prefCd=38&kikanCd=2385519740&kikanKbn=2", "url2": null, "内容": "中川こころのクリニック【2:診療所】【診療科目:神経内科_精神科_心療内科】愛媛県今治市北日吉町１丁目２番１１号" }, "geometry": { "type": "Point", "coordinates": [ 132.992253, 34.06424 ] } },
{ "type": "Feature", "properties": { "ID": 3822385519900, "正式名称": "医療法人たくぼ眼科", "機関区分": 2, "都道府県コード": 38, "市区町村コード": 202, "所在地": "愛媛県今治市南宝来町三丁目２番地９", "緯度": 34.058583, "経度": 133.001677, "url": "https://www.iryou.teikyouseido.mhlw.go.jp/znk-web/juminkanja/S2430/initialize?prefCd=38&kikanCd=2385519900&kikanKbn=2", "url2": "http://takubo-ganka.jp", "内容": "医療法人たくぼ眼科【2:診療所】【診療科目:眼科】愛媛県今治市南宝来町三丁目２番地９" }, "geometry": { "type": "Point", "coordinates": [ 133.001677, 34.058583 ] } },
{ "type": "Feature", "properties": { "ID": 3822385520140, "正式名称": "医療法人さとう内科クリニック", "機関区分": 2, "都道府県コード": 38, "市区町村コード": 202, "所在地": "愛媛県今治市大新田町３丁目４番８号", "緯度": 34.08047, "経度": 132.991927, "url": "https://www.iryou.teikyouseido.mhlw.go.jp/znk-web/juminkanja/S2430/initialize?prefCd=38&kikanCd=2385520140&kikanKbn=2", "url2": null, "内容": "医療法人さとう内科クリニック【2:診療所】【診療科目:内科_呼吸器内科_消化器内科_アレルギー科】愛媛県今治市大新田町３丁目４番８号" }, "geometry": { "type": "Point", "coordinates": [ 132.991927, 34.08047 ] } },
{ "type": "Feature", "properties": { "ID": 3822385520300, "正式名称": "医療法人彩水会真部クリニック", "機関区分": 2, "都道府県コード": 38, "市区町村コード": 202, "所在地": "愛媛県今治市矢田甲７番地１", "緯度": 34.060472, "経度": 132.972929, "url": "https://www.iryou.teikyouseido.mhlw.go.jp/znk-web/juminkanja/S2430/initialize?prefCd=38&kikanCd=2385520300&kikanKbn=2", "url2": null, "内容": "医療法人彩水会真部クリニック【2:診療所】【診療科目:内科】愛媛県今治市矢田甲７番地１" }, "geometry": { "type": "Point", "coordinates": [ 132.972929, 34.060472 ] } },
{ "type": "Feature", "properties": { "ID": 3822385520430, "正式名称": "丹こどもクリニック", "機関区分": 2, "都道府県コード": 38, "市区町村コード": 202, "所在地": "愛媛県今治市末広町３丁目４の１２", "緯度": 34.061528, "経度": 133.005288, "url": "https://www.iryou.teikyouseido.mhlw.go.jp/znk-web/juminkanja/S2430/initialize?prefCd=38&kikanCd=2385520430&kikanKbn=2", "url2": "http://www.tankodomo.jp/", "内容": "丹こどもクリニック【2:診療所】【診療科目:小児科_アレルギー科】愛媛県今治市末広町３丁目４の１２" }, "geometry": { "type": "Point", "coordinates": [ 133.005288, 34.061528 ] } },
{ "type": "Feature", "properties": { "ID": 3822385520560, "正式名称": "医療法人かとう耳鼻咽喉科", "機関区分": 2, "都道府県コード": 38, "市区町村コード": 202, "所在地": "愛媛県今治市常盤町７丁目１－１０", "緯度": 34.056445, "経度": 132.990817, "url": "https://www.iryou.teikyouseido.mhlw.go.jp/znk-web/juminkanja/S2430/initialize?prefCd=38&kikanCd=2385520560&kikanKbn=2", "url2": "http://www.katou-jibika.com/", "内容": "医療法人かとう耳鼻咽喉科【2:診療所】【診療科目:耳鼻いんこう科_アレルギー科_麻酔科】愛媛県今治市常盤町７丁目１－１０" }, "geometry": { "type": "Point", "coordinates": [ 132.990817, 34.056445 ] } },
{ "type": "Feature", "properties": { "ID": 3822385520720, "正式名称": "みぶ小児科", "機関区分": 2, "都道府県コード": 38, "市区町村コード": 202, "所在地": "愛媛県今治市北宝来町三丁目１番２７号", "緯度": 34.065888, "経度": 132.992872, "url": "https://www.iryou.teikyouseido.mhlw.go.jp/znk-web/juminkanja/S2430/initialize?prefCd=38&kikanCd=2385520720&kikanKbn=2", "url2": "http://mibu.babymilk.jp", "内容": "みぶ小児科【2:診療所】【診療科目:小児科】愛媛県今治市北宝来町三丁目１番２７号" }, "geometry": { "type": "Point", "coordinates": [ 132.992872, 34.065888 ] } },
{ "type": "Feature", "properties": { "ID": 3822385521440, "正式名称": "武田脳神経外科", "機関区分": 2, "都道府県コード": 38, "市区町村コード": 202, "所在地": "愛媛県今治市南高下町３丁目２の１０", "緯度": 34.049529, "経度": 133.015038, "url": "https://www.iryou.teikyouseido.mhlw.go.jp/znk-web/juminkanja/S2430/initialize?prefCd=38&kikanCd=2385521440&kikanKbn=2", "url2": "www.takeda-cl.jp", "内容": "武田脳神経外科【2:診療所】【診療科目:脳神経外科】愛媛県今治市南高下町３丁目２の１０" }, "geometry": { "type": "Point", "coordinates": [ 133.015038, 34.049529 ] } },
{ "type": "Feature", "properties": { "ID": 3822385521600, "正式名称": "医療法人かいはらクリニック", "機関区分": 2, "都道府県コード": 38, "市区町村コード": 202, "所在地": "愛媛県今治市南高下町３丁目２－８", "緯度": 34.049724, "経度": 133.014704, "url": "https://www.iryou.teikyouseido.mhlw.go.jp/znk-web/juminkanja/S2430/initialize?prefCd=38&kikanCd=2385521600&kikanKbn=2", "url2": "http://www.kaihara-clinic.jp/", "内容": "医療法人かいはらクリニック【2:診療所】【診療科目:内科_疼痛緩和内科_緩和ケア内科_外科】愛媛県今治市南高下町３丁目２－８" }, "geometry": { "type": "Point", "coordinates": [ 133.014704, 34.049724 ] } },
{ "type": "Feature", "properties": { "ID": 3822385522030, "正式名称": "医療法人くろみつクリニック", "機関区分": 2, "都道府県コード": 38, "市区町村コード": 202, "所在地": "愛媛県今治市郷新屋敷町　３－４－１１", "緯度": 34.041332, "経度": 133.001658, "url": "https://www.iryou.teikyouseido.mhlw.go.jp/znk-web/juminkanja/S2430/initialize?prefCd=38&kikanCd=2385522030&kikanKbn=2", "url2": "http://www.kuromitsu-clinic.com", "内容": "医療法人くろみつクリニック【2:診療所】【診療科目:人工透析内科_泌尿器科】愛媛県今治市郷新屋敷町　３－４－１１" }, "geometry": { "type": "Point", "coordinates": [ 133.001658, 34.041332 ] } },
{ "type": "Feature", "properties": { "ID": 3822385522160, "正式名称": "医療法人まつうらバンビクリニック", "機関区分": 2, "都道府県コード": 38, "市区町村コード": 202, "所在地": "愛媛県今治市北宝来町３－３－３４", "緯度": 34.066947, "経度": 132.992247, "url": "https://www.iryou.teikyouseido.mhlw.go.jp/znk-web/juminkanja/S2430/initialize?prefCd=38&kikanCd=2385522160&kikanKbn=2", "url2": "https://bambi-clinic.com", "内容": "医療法人まつうらバンビクリニック【2:診療所】【診療科目:小児科_アレルギー科】愛媛県今治市北宝来町３－３－３４" }, "geometry": { "type": "Point", "coordinates": [ 132.992247, 34.066947 ] } },
{ "type": "Feature", "properties": { "ID": 3822385601300, "正式名称": "地方職員共済組合愛媛診療所", "機関区分": 2, "都道府県コード": 38, "市区町村コード": 201, "所在地": "愛媛県松山市一番町４丁目４番地２", "緯度": 33.841575, "経度": 132.765234, "url": "https://www.iryou.teikyouseido.mhlw.go.jp/znk-web/juminkanja/S2430/initialize?prefCd=38&kikanCd=2385601300&kikanKbn=2", "url2": null, "内容": "地方職員共済組合愛媛診療所【2:診療所】【診療科目:内科】愛媛県松山市一番町４丁目４番地２" }, "geometry": { "type": "Point", "coordinates": [ 132.765234, 33.841575 ] } },
{ "type": "Feature", "properties": { "ID": 3822385603900, "正式名称": "井手整形外科医院", "機関区分": 2, "都道府県コード": 38, "市区町村コード": 201, "所在地": "愛媛県松山市昭和町７０番地３", "緯度": 33.846741, "経度": 132.775983, "url": "https://www.iryou.teikyouseido.mhlw.go.jp/znk-web/juminkanja/S2430/initialize?prefCd=38&kikanCd=2385603900&kikanKbn=2", "url2": null, "内容": "井手整形外科医院【2:診療所】【診療科目:整形外科_リウマチ科_リハビリテーション科】愛媛県松山市昭和町７０番地３" }, "geometry": { "type": "Point", "coordinates": [ 132.775983, 33.846741 ] } },
{ "type": "Feature", "properties": { "ID": 3822385604200, "正式名称": "飯尾小児科内科", "機関区分": 2, "都道府県コード": 38, "市区町村コード": 201, "所在地": "愛媛県松山市三番町５－１０－１５", "緯度": 33.83827, "経度": 132.764179, "url": "https://www.iryou.teikyouseido.mhlw.go.jp/znk-web/juminkanja/S2430/initialize?prefCd=38&kikanCd=2385604200&kikanKbn=2", "url2": "http://www.iioclinic.com/", "内容": "飯尾小児科内科【2:診療所】【診療科目:内科_小児科】愛媛県松山市三番町５－１０－１５" }, "geometry": { "type": "Point", "coordinates": [ 132.764179, 33.83827 ] } },
{ "type": "Feature", "properties": { "ID": 3822385604750, "正式名称": "石丸小児科", "機関区分": 2, "都道府県コード": 38, "市区町村コード": 201, "所在地": "愛媛県松山市三番町６－５－１", "緯度": 33.837464, "経度": 132.760957, "url": "https://www.iryou.teikyouseido.mhlw.go.jp/znk-web/juminkanja/S2430/initialize?prefCd=38&kikanCd=2385604750&kikanKbn=2", "url2": "http://www.e-ishimaru.com", "内容": "石丸小児科【2:診療所】【診療科目:神経内科_小児科_アレルギー科】愛媛県松山市三番町６－５－１" }, "geometry": { "type": "Point", "coordinates": [ 132.760957, 33.837464 ] } },
{ "type": "Feature", "properties": { "ID": 3822385605180, "正式名称": "医療法人　浮穴診療所", "機関区分": 2, "都道府県コード": 38, "市区町村コード": 201, "所在地": "愛媛県松山市森松町６５８－３", "緯度": 33.791275, "経度": 132.788457, "url": "https://www.iryou.teikyouseido.mhlw.go.jp/znk-web/juminkanja/S2430/initialize?prefCd=38&kikanCd=2385605180&kikanKbn=2", "url2": null, "内容": "医療法人　浮穴診療所【2:診療所】【診療科目:内科_循環器内科】愛媛県松山市森松町６５８－３" }, "geometry": { "type": "Point", "coordinates": [ 132.788457, 33.791275 ] } },
{ "type": "Feature", "properties": { "ID": 3822385605340, "正式名称": "梅岡レディースクリニック", "機関区分": 2, "都道府県コード": 38, "市区町村コード": 201, "所在地": "愛媛県松山市竹原町１－３－５", "緯度": 33.83302, "経度": 132.755597, "url": "https://www.iryou.teikyouseido.mhlw.go.jp/znk-web/juminkanja/S2430/initialize?prefCd=38&kikanCd=2385605340&kikanKbn=2", "url2": "umeoka-lc.or.jp", "内容": "梅岡レディースクリニック【2:診療所】【診療科目:産婦人科】愛媛県松山市竹原町１－３－５" }, "geometry": { "type": "Point", "coordinates": [ 132.755597, 33.83302 ] } },
{ "type": "Feature", "properties": { "ID": 3822385605470, "正式名称": "遠藤内科医院", "機関区分": 2, "都道府県コード": 38, "市区町村コード": 201, "所在地": "愛媛県松山市永代町３－４", "緯度": 33.83402, "経度": 132.761152, "url": "https://www.iryou.teikyouseido.mhlw.go.jp/znk-web/juminkanja/S2430/initialize?prefCd=38&kikanCd=2385605470&kikanKbn=2", "url2": "http:www.endonaikaiin.com", "内容": "遠藤内科医院【2:診療所】【診療科目:内科_循環器内科_胃腸内科】愛媛県松山市永代町３－４" }, "geometry": { "type": "Point", "coordinates": [ 132.761152, 33.83402 ] } },
{ "type": "Feature", "properties": { "ID": 3822385605920, "正式名称": "岡本医院", "機関区分": 2, "都道府県コード": 38, "市区町村コード": 201, "所在地": "愛媛県松山市住吉２－２－５", "緯度": 33.862822, "経度": 132.715515, "url": "https://www.iryou.teikyouseido.mhlw.go.jp/znk-web/juminkanja/S2430/initialize?prefCd=38&kikanCd=2385605920&kikanKbn=2", "url2": null, "内容": "岡本医院【2:診療所】【診療科目:内科_循環器内科】愛媛県松山市住吉２－２－５" }, "geometry": { "type": "Point", "coordinates": [ 132.715515, 33.862822 ] } },
{ "type": "Feature", "properties": { "ID": 3822385607100, "正式名称": "あずま泌尿器科クリニック", "機関区分": 2, "都道府県コード": 38, "市区町村コード": 201, "所在地": "愛媛県松山市竹原町１－１０－１０", "緯度": 33.834797, "経度": 132.755347, "url": "https://www.iryou.teikyouseido.mhlw.go.jp/znk-web/juminkanja/S2430/initialize?prefCd=38&kikanCd=2385607100&kikanKbn=2", "url2": "https://azuma-cli.com/", "内容": "あずま泌尿器科クリニック【2:診療所】【診療科目:泌尿器科】愛媛県松山市竹原町１－１０－１０" }, "geometry": { "type": "Point", "coordinates": [ 132.755347, 33.834797 ] } },
{ "type": "Feature", "properties": { "ID": 3822385607520, "正式名称": "久保内科循環器クリニック", "機関区分": 2, "都道府県コード": 38, "市区町村コード": 201, "所在地": "愛媛県松山市鴨川１－２－１１", "緯度": 33.871432, "経度": 132.753234, "url": "https://www.iryou.teikyouseido.mhlw.go.jp/znk-web/juminkanja/S2430/initialize?prefCd=38&kikanCd=2385607520&kikanKbn=2", "url2": "kubo-naika.jp", "内容": "久保内科循環器クリニック【2:診療所】【診療科目:内科_循環器内科】愛媛県松山市鴨川１－２－１１" }, "geometry": { "type": "Point", "coordinates": [ 132.753234, 33.871432 ] } },
{ "type": "Feature", "properties": { "ID": 3822385609670, "正式名称": "佐藤医院", "機関区分": 2, "都道府県コード": 38, "市区町村コード": 201, "所在地": "愛媛県松山市鴨川１－８－２６", "緯度": 33.874793, "経度": 132.753845, "url": "https://www.iryou.teikyouseido.mhlw.go.jp/znk-web/juminkanja/S2430/initialize?prefCd=38&kikanCd=2385609670&kikanKbn=2", "url2": null, "内容": "佐藤医院【2:診療所】【診療科目:内科】愛媛県松山市鴨川１－８－２６" }, "geometry": { "type": "Point", "coordinates": [ 132.753845, 33.874793 ] } },
{ "type": "Feature", "properties": { "ID": 3822385609830, "正式名称": "笹木眼科", "機関区分": 2, "都道府県コード": 38, "市区町村コード": 201, "所在地": "愛媛県松山市千舟町５丁目３－２", "緯度": 33.836603, "経度": 132.763013, "url": "https://www.iryou.teikyouseido.mhlw.go.jp/znk-web/juminkanja/S2430/initialize?prefCd=38&kikanCd=2385609830&kikanKbn=2", "url2": "http://sasakieyeclinic.com/main.htm", "内容": "笹木眼科【2:診療所】【診療科目:眼科】愛媛県松山市千舟町５丁目３－２" }, "geometry": { "type": "Point", "coordinates": [ 132.763013, 33.836603 ] } },
{ "type": "Feature", "properties": { "ID": 3822385611400, "正式名称": "安城寺クリニック", "機関区分": 2, "都道府県コード": 38, "市区町村コード": 201, "所在地": "愛媛県松山市安城寺町１０７６－５", "緯度": 33.878515, "経度": 132.741457, "url": "https://www.iryou.teikyouseido.mhlw.go.jp/znk-web/juminkanja/S2430/initialize?prefCd=38&kikanCd=2385611400&kikanKbn=2", "url2": "http://anjoji-cliic.com", "内容": "安城寺クリニック【2:診療所】【診療科目:外科_循環器外科_消化器外科】愛媛県松山市安城寺町１０７６－５" }, "geometry": { "type": "Point", "coordinates": [ 132.741457, 33.878515 ] } },
{ "type": "Feature", "properties": { "ID": 3822385612090, "正式名称": "そのだ心療内科", "機関区分": 2, "都道府県コード": 38, "市区町村コード": 201, "所在地": "愛媛県松山市和泉南五丁目１番２１号", "緯度": 33.812494, "経度": 132.760347, "url": "https://www.iryou.teikyouseido.mhlw.go.jp/znk-web/juminkanja/S2430/initialize?prefCd=38&kikanCd=2385612090&kikanKbn=2", "url2": null, "内容": "そのだ心療内科【2:診療所】【診療科目:精神科_心療内科】愛媛県松山市和泉南五丁目１番２１号" }, "geometry": { "type": "Point", "coordinates": [ 132.760347, 33.812494 ] } },
{ "type": "Feature", "properties": { "ID": 3822385612250, "正式名称": "田渕内科医院", "機関区分": 2, "都道府県コード": 38, "市区町村コード": 201, "所在地": "愛媛県松山市道後今市１０－３３", "緯度": 33.851018, "経度": 132.779372, "url": "https://www.iryou.teikyouseido.mhlw.go.jp/znk-web/juminkanja/S2430/initialize?prefCd=38&kikanCd=2385612250&kikanKbn=2", "url2": "https://www.tabuchinaikaiin.com/", "内容": "田渕内科医院【2:診療所】【診療科目:内科_呼吸器内科_循環器内科】愛媛県松山市道後今市１０－３３" }, "geometry": { "type": "Point", "coordinates": [ 132.779372, 33.851018 ] } },
{ "type": "Feature", "properties": { "ID": 3822385613000, "正式名称": "戸梶内科医院", "機関区分": 2, "都道府県コード": 38, "市区町村コード": 201, "所在地": "愛媛県松山市味酒町１丁目４番地１２", "緯度": 33.84169, "経度": 132.756162, "url": "https://www.iryou.teikyouseido.mhlw.go.jp/znk-web/juminkanja/S2430/initialize?prefCd=38&kikanCd=2385613000&kikanKbn=2", "url2": "http://www.tokaji-naika.jp/", "内容": "戸梶内科医院【2:診療所】【診療科目:内科_循環器内科】愛媛県松山市味酒町１丁目４番地１２" }, "geometry": { "type": "Point", "coordinates": [ 132.756162, 33.84169 ] } },
{ "type": "Feature", "properties": { "ID": 3822385613260, "正式名称": "德永内科外科クリニック", "機関区分": 2, "都道府県コード": 38, "市区町村コード": 201, "所在地": "愛媛県松山市湊町四丁目７－１１", "緯度": 33.835686, "経度": 132.766874, "url": "https://www.iryou.teikyouseido.mhlw.go.jp/znk-web/juminkanja/S2430/initialize?prefCd=38&kikanCd=2385613260&kikanKbn=2", "url2": null, "内容": "德永内科外科クリニック【2:診療所】【診療科目:内科_外科】愛媛県松山市湊町四丁目７－１１" }, "geometry": { "type": "Point", "coordinates": [ 132.766874, 33.835686 ] } },
{ "type": "Feature", "properties": { "ID": 3822385613420, "正式名称": "とよしま胃腸内科クリニック", "機関区分": 2, "都道府県コード": 38, "市区町村コード": 201, "所在地": "愛媛県松山市道後一万３－７", "緯度": 33.847602, "経度": 132.776761, "url": "https://www.iryou.teikyouseido.mhlw.go.jp/znk-web/juminkanja/S2430/initialize?prefCd=38&kikanCd=2385613420&kikanKbn=2", "url2": "toyoshima-clinic.com", "内容": "とよしま胃腸内科クリニック【2:診療所】【診療科目:内科_消化器内科_胃腸内科】愛媛県松山市道後一万３－７" }, "geometry": { "type": "Point", "coordinates": [ 132.776761, 33.847602 ] } },
{ "type": "Feature", "properties": { "ID": 3822385613840, "正式名称": "中西内科医院", "機関区分": 2, "都道府県コード": 38, "市区町村コード": 201, "所在地": "愛媛県松山市築山町８－１７", "緯度": 33.838103, "経度": 132.778622, "url": "https://www.iryou.teikyouseido.mhlw.go.jp/znk-web/juminkanja/S2430/initialize?prefCd=38&kikanCd=2385613840&kikanKbn=2", "url2": null, "内容": "中西内科医院【2:診療所】【診療科目:内科_循環器内科_消化器内科】愛媛県松山市築山町８－１７" }, "geometry": { "type": "Point", "coordinates": [ 132.778622, 33.838103 ] } },
{ "type": "Feature", "properties": { "ID": 3822385614010, "正式名称": "医療法人しののめクリニック", "機関区分": 2, "都道府県コード": 38, "市区町村コード": 201, "所在地": "愛媛県松山市東雲町６－１１", "緯度": 33.845463, "経度": 132.773067, "url": "https://www.iryou.teikyouseido.mhlw.go.jp/znk-web/juminkanja/S2430/initialize?prefCd=38&kikanCd=2385614010&kikanKbn=2", "url2": "http://sinonome-cl.com", "内容": "医療法人しののめクリニック【2:診療所】【診療科目:精神科_心療内科】愛媛県松山市東雲町６－１１" }, "geometry": { "type": "Point", "coordinates": [ 132.773067, 33.845463 ] } },
{ "type": "Feature", "properties": { "ID": 3822385615570, "正式名称": "桑原内科麻酔科", "機関区分": 2, "都道府県コード": 38, "市区町村コード": 201, "所在地": "愛媛県松山市桑原２－８－１８", "緯度": 33.83652, "経度": 132.790316, "url": "https://www.iryou.teikyouseido.mhlw.go.jp/znk-web/juminkanja/S2430/initialize?prefCd=38&kikanCd=2385615570&kikanKbn=2", "url2": "https://www.kuwabaranaika.jp", "内容": "桑原内科麻酔科【2:診療所】【診療科目:内科_呼吸器内科_循環器内科_消化器内科_麻酔科】愛媛県松山市桑原２－８－１８" }, "geometry": { "type": "Point", "coordinates": [ 132.790316, 33.83652 ] } },
{ "type": "Feature", "properties": { "ID": 3822385615860, "正式名称": "平松循環器科内科", "機関区分": 2, "都道府県コード": 38, "市区町村コード": 201, "所在地": "愛媛県松山市湊町２－１－１２", "緯度": 33.835548, "経度": 132.771873, "url": "https://www.iryou.teikyouseido.mhlw.go.jp/znk-web/juminkanja/S2430/initialize?prefCd=38&kikanCd=2385615860&kikanKbn=2", "url2": "https://www.matsuyama.ehime.med.or.jp/?post_type=search&p=10000", "内容": "平松循環器科内科【2:診療所】【診療科目:内科_循環器内科】愛媛県松山市湊町２－１－１２" }, "geometry": { "type": "Point", "coordinates": [ 132.771873, 33.835548 ] } },
{ "type": "Feature", "properties": { "ID": 3822385617200, "正式名称": "三好神経内科", "機関区分": 2, "都道府県コード": 38, "市区町村コード": 201, "所在地": "愛媛県松山市平和通１－４－１１", "緯度": 33.847908, "経度": 132.772261, "url": "https://www.iryou.teikyouseido.mhlw.go.jp/znk-web/juminkanja/S2430/initialize?prefCd=38&kikanCd=2385617200&kikanKbn=2", "url2": null, "内容": "三好神経内科【2:診療所】【診療科目:神経内科_精神科】愛媛県松山市平和通１－４－１１" }, "geometry": { "type": "Point", "coordinates": [ 132.772261, 33.847908 ] } },
{ "type": "Feature", "properties": { "ID": 3822385620200, "正式名称": "吉松小児科", "機関区分": 2, "都道府県コード": 38, "市区町村コード": 201, "所在地": "愛媛県松山市勝山町２丁目２１－８　エスペランサ勝山１階", "緯度": 33.846456, "経度": 132.775762, "url": "https://www.iryou.teikyouseido.mhlw.go.jp/znk-web/juminkanja/S2430/initialize?prefCd=38&kikanCd=2385620200&kikanKbn=2", "url2": "https://ped-yoshimatsu.on.omisenomikata.jp", "内容": "吉松小児科【2:診療所】【診療科目:小児科】愛媛県松山市勝山町２丁目２１－８　エスペランサ勝山１階" }, "geometry": { "type": "Point", "coordinates": [ 132.775762, 33.846456 ] } },
{ "type": "Feature", "properties": { "ID": 3822385620460, "正式名称": "和田医院", "機関区分": 2, "都道府県コード": 38, "市区町村コード": 201, "所在地": "愛媛県松山市西垣生町７７６－３", "緯度": 33.81441, "経度": 132.707602, "url": "https://www.iryou.teikyouseido.mhlw.go.jp/znk-web/juminkanja/S2430/initialize?prefCd=38&kikanCd=2385620460&kikanKbn=2", "url2": null, "内容": "和田医院【2:診療所】【診療科目:内科】愛媛県松山市西垣生町７７６－３" }, "geometry": { "type": "Point", "coordinates": [ 132.707602, 33.81441 ] } },
{ "type": "Feature", "properties": { "ID": 3822385620880, "正式名称": "河原医院", "機関区分": 2, "都道府県コード": 38, "市区町村コード": 201, "所在地": "愛媛県松山市高岡町６３０番地３", "緯度": 33.831103, "経度": 132.7166, "url": "https://www.iryou.teikyouseido.mhlw.go.jp/znk-web/juminkanja/S2430/initialize?prefCd=38&kikanCd=2385620880&kikanKbn=2", "url2": "https://www.kawahara-cln.jp", "内容": "河原医院【2:診療所】【診療科目:内科_消化器内科】愛媛県松山市高岡町６３０番地３" }, "geometry": { "type": "Point", "coordinates": [ 132.7166, 33.831103 ] } },
{ "type": "Feature", "properties": { "ID": 3822385621210, "正式名称": "長山医院", "機関区分": 2, "都道府県コード": 38, "市区町村コード": 201, "所在地": "愛媛県松山市森松町６９３", "緯度": 33.791136, "経度": 132.792901, "url": "https://www.iryou.teikyouseido.mhlw.go.jp/znk-web/juminkanja/S2430/initialize?prefCd=38&kikanCd=2385621210&kikanKbn=2", "url2": null, "内容": "長山医院【2:診療所】【診療科目:耳鼻いんこう科】愛媛県松山市森松町６９３" }, "geometry": { "type": "Point", "coordinates": [ 132.792901, 33.791136 ] } },
{ "type": "Feature", "properties": { "ID": 3822385623230, "正式名称": "岡田産婦人科医院", "機関区分": 2, "都道府県コード": 38, "市区町村コード": 201, "所在地": "愛媛県松山市余戸東２丁目１３－４５", "緯度": 33.815521, "経度": 132.735349, "url": "https://www.iryou.teikyouseido.mhlw.go.jp/znk-web/juminkanja/S2430/initialize?prefCd=38&kikanCd=2385623230&kikanKbn=2", "url2": null, "内容": "岡田産婦人科医院【2:診療所】【診療科目:産婦人科】愛媛県松山市余戸東２丁目１３－４５" }, "geometry": { "type": "Point", "coordinates": [ 132.735349, 33.815521 ] } },
{ "type": "Feature", "properties": { "ID": 3822385623360, "正式名称": "河田外科脳神経外科医院", "機関区分": 2, "都道府県コード": 38, "市区町村コード": 201, "所在地": "愛媛県松山市六軒家町３－１９", "緯度": 33.851601, "経度": 132.750374, "url": "https://www.iryou.teikyouseido.mhlw.go.jp/znk-web/juminkanja/S2430/initialize?prefCd=38&kikanCd=2385623360&kikanKbn=2", "url2": "http://kawadanoushinkeigeka.jp/", "内容": "河田外科脳神経外科医院【2:診療所】【診療科目:循環器内科_外科_脳神経外科_リハビリテーション科】愛媛県松山市六軒家町３－１９" }, "geometry": { "type": "Point", "coordinates": [ 132.750374, 33.851601 ] } },
{ "type": "Feature", "properties": { "ID": 3822385624240, "正式名称": "松山養護老人ホーム診療所", "機関区分": 2, "都道府県コード": 38, "市区町村コード": 201, "所在地": "愛媛県松山市恵原町甲８８０", "緯度": 33.76875, "経度": 132.814623, "url": "https://www.iryou.teikyouseido.mhlw.go.jp/znk-web/juminkanja/S2430/initialize?prefCd=38&kikanCd=2385624240&kikanKbn=2", "url2": null, "内容": "松山養護老人ホーム診療所【2:診療所】【診療科目:内科_循環器内科_外科_整形外科_皮膚科_精神科】愛媛県松山市恵原町甲８８０" }, "geometry": { "type": "Point", "coordinates": [ 132.814623, 33.76875 ] } },
{ "type": "Feature", "properties": { "ID": 3822385624530, "正式名称": "東石井クリニック", "機関区分": 2, "都道府県コード": 38, "市区町村コード": 201, "所在地": "愛媛県松山市東石井二丁目２２－１", "緯度": 33.816966, "経度": 132.77829, "url": "https://www.iryou.teikyouseido.mhlw.go.jp/znk-web/juminkanja/S2430/initialize?prefCd=38&kikanCd=2385624530&kikanKbn=2", "url2": null, "内容": "東石井クリニック【2:診療所】【診療科目:外科_循環器外科】愛媛県松山市東石井二丁目２２－１" }, "geometry": { "type": "Point", "coordinates": [ 132.77829, 33.816966 ] } },
{ "type": "Feature", "properties": { "ID": 3822385624790, "正式名称": "矢野産婦人科", "機関区分": 2, "都道府県コード": 38, "市区町村コード": 201, "所在地": "愛媛県松山市昭和町７２番地１", "緯度": 33.846908, "経度": 132.777233, "url": "https://www.iryou.teikyouseido.mhlw.go.jp/znk-web/juminkanja/S2430/initialize?prefCd=38&kikanCd=2385624790&kikanKbn=2", "url2": "http://yanomc.com", "内容": "矢野産婦人科【2:診療所】【診療科目:産婦人科_産婦人科（生殖医療）】愛媛県松山市昭和町７２番地１" }, "geometry": { "type": "Point", "coordinates": [ 132.777233, 33.846908 ] } },
{ "type": "Feature", "properties": { "ID": 3822385625090, "正式名称": "医療法人社団　渡部整形外科", "機関区分": 2, "都道府県コード": 38, "市区町村コード": 201, "所在地": "愛媛県松山市古川西１－１－１１", "緯度": 33.809467, "経度": 132.759903, "url": "https://www.iryou.teikyouseido.mhlw.go.jp/znk-web/juminkanja/S2430/initialize?prefCd=38&kikanCd=2385625090&kikanKbn=2", "url2": "http://www.e-watasei.com/", "内容": "医療法人社団　渡部整形外科【2:診療所】【診療科目:整形外科_リハビリテーション科】愛媛県松山市古川西１－１－１１" }, "geometry": { "type": "Point", "coordinates": [ 132.759903, 33.809467 ] } },
{ "type": "Feature", "properties": { "ID": 3822385625120, "正式名称": "藤原整形外科", "機関区分": 2, "都道府県コード": 38, "市区町村コード": 201, "所在地": "愛媛県松山市余戸東３－１１－１", "緯度": 33.814744, "経度": 132.733349, "url": "https://www.iryou.teikyouseido.mhlw.go.jp/znk-web/juminkanja/S2430/initialize?prefCd=38&kikanCd=2385625120&kikanKbn=2", "url2": null, "内容": "藤原整形外科【2:診療所】【診療科目:整形外科_リウマチ科_リハビリテーション科】愛媛県松山市余戸東３－１１－１" }, "geometry": { "type": "Point", "coordinates": [ 132.733349, 33.814744 ] } },
{ "type": "Feature", "properties": { "ID": 3822385625250, "正式名称": "みねおい内科・循環器内科医院", "機関区分": 2, "都道府県コード": 38, "市区町村コード": 201, "所在地": "愛媛県松山市生石町４７２", "緯度": 33.832575, "経度": 132.740904, "url": "https://www.iryou.teikyouseido.mhlw.go.jp/znk-web/juminkanja/S2430/initialize?prefCd=38&kikanCd=2385625250&kikanKbn=2", "url2": "https://mineoi-naika.com/", "内容": "みねおい内科・循環器内科医院【2:診療所】【診療科目:内科_循環器内科】愛媛県松山市生石町４７２" }, "geometry": { "type": "Point", "coordinates": [ 132.740904, 33.832575 ] } },
{ "type": "Feature", "properties": { "ID": 3822385625380, "正式名称": "吉野内科", "機関区分": 2, "都道府県コード": 38, "市区町村コード": 201, "所在地": "愛媛県松山市平田町１９－２", "緯度": 33.88257, "経度": 132.752261, "url": "https://www.iryou.teikyouseido.mhlw.go.jp/znk-web/juminkanja/S2430/initialize?prefCd=38&kikanCd=2385625380&kikanKbn=2", "url2": "http://www.yna.jp/", "内容": "吉野内科【2:診療所】【診療科目:内科_糖尿病内科_消化器内科】愛媛県松山市平田町１９－２" }, "geometry": { "type": "Point", "coordinates": [ 132.752261, 33.88257 ] } },
{ "type": "Feature", "properties": { "ID": 3822385625540, "正式名称": "藤原胃腸科", "機関区分": 2, "都道府県コード": 38, "市区町村コード": 201, "所在地": "愛媛県松山市中央２－１２３６－５", "緯度": 33.855323, "経度": 132.744624, "url": "https://www.iryou.teikyouseido.mhlw.go.jp/znk-web/juminkanja/S2430/initialize?prefCd=38&kikanCd=2385625540&kikanKbn=2", "url2": "http://vihara-fujwara.jp", "内容": "藤原胃腸科【2:診療所】【診療科目:内科_呼吸器内科_消化器内科_放射線科】愛媛県松山市中央２－１２３６－５" }, "geometry": { "type": "Point", "coordinates": [ 132.744624, 33.855323 ] } },
{ "type": "Feature", "properties": { "ID": 3822385626260, "正式名称": "福井クリニック", "機関区分": 2, "都道府県コード": 38, "市区町村コード": 201, "所在地": "愛媛県松山市柳井町１－１５－７", "緯度": 33.834659, "経度": 132.768873, "url": "https://www.iryou.teikyouseido.mhlw.go.jp/znk-web/juminkanja/S2430/initialize?prefCd=38&kikanCd=2385626260&kikanKbn=2", "url2": "http://fukui-pain.jp/", "内容": "福井クリニック【2:診療所】【診療科目:ペインクリニック内科_麻酔科】愛媛県松山市柳井町１－１５－７" }, "geometry": { "type": "Point", "coordinates": [ 132.768873, 33.834659 ] } },
{ "type": "Feature", "properties": { "ID": 3822385626680, "正式名称": "明星クリニック", "機関区分": 2, "都道府県コード": 38, "市区町村コード": 201, "所在地": "愛媛県松山市井門町４６２－１", "緯度": 33.800163, "経度": 132.784901, "url": "https://www.iryou.teikyouseido.mhlw.go.jp/znk-web/juminkanja/S2430/initialize?prefCd=38&kikanCd=2385626680&kikanKbn=2", "url2": null, "内容": "明星クリニック【2:診療所】【診療科目:内科_リハビリテーション科】愛媛県松山市井門町４６２－１" }, "geometry": { "type": "Point", "coordinates": [ 132.784901, 33.800163 ] } },
{ "type": "Feature", "properties": { "ID": 3822385627270, "正式名称": "医療法人　米田内科", "機関区分": 2, "都道府県コード": 38, "市区町村コード": 201, "所在地": "愛媛県松山市堀江町甲１５１８番地第１", "緯度": 33.903717, "経度": 132.751518, "url": "https://www.iryou.teikyouseido.mhlw.go.jp/znk-web/juminkanja/S2430/initialize?prefCd=38&kikanCd=2385627270&kikanKbn=2", "url2": "https://www.yoneda-naikaiin.com", "内容": "医療法人　米田内科【2:診療所】【診療科目:内科】愛媛県松山市堀江町甲１５１８番地第１" }, "geometry": { "type": "Point", "coordinates": [ 132.751518, 33.903717 ] } },
{ "type": "Feature", "properties": { "ID": 3822385627690, "正式名称": "久米窪田クリニック", "機関区分": 2, "都道府県コード": 38, "市区町村コード": 201, "所在地": "愛媛県松山市久米窪田町１１４７", "緯度": 33.808385, "経度": 132.808594, "url": "https://www.iryou.teikyouseido.mhlw.go.jp/znk-web/juminkanja/S2430/initialize?prefCd=38&kikanCd=2385627690&kikanKbn=2", "url2": null, "内容": "久米窪田クリニック【2:診療所】【診療科目:外科_胃腸外科_肛門外科_整形外科_リハビリテーション科】愛媛県松山市久米窪田町１１４７" }, "geometry": { "type": "Point", "coordinates": [ 132.808594, 33.808385 ] } },
{ "type": "Feature", "properties": { "ID": 3822385627980, "正式名称": "上田内科", "機関区分": 2, "都道府県コード": 38, "市区町村コード": 201, "所在地": "愛媛県松山市北土居３－１５－１２", "緯度": 33.804662, "経度": 132.782568, "url": "https://www.iryou.teikyouseido.mhlw.go.jp/znk-web/juminkanja/S2430/initialize?prefCd=38&kikanCd=2385627980&kikanKbn=2", "url2": null, "内容": "上田内科【2:診療所】【診療科目:内科_糖尿病内科】愛媛県松山市北土居３－１５－１２" }, "geometry": { "type": "Point", "coordinates": [ 132.782568, 33.804662 ] } },
{ "type": "Feature", "properties": { "ID": 3822385628150, "正式名称": "医療法人三宅内科胃腸科", "機関区分": 2, "都道府県コード": 38, "市区町村コード": 201, "所在地": "愛媛県松山市土居田町５８－３", "緯度": 33.821188, "経度": 132.753736, "url": "https://www.iryou.teikyouseido.mhlw.go.jp/znk-web/juminkanja/S2430/initialize?prefCd=38&kikanCd=2385628150&kikanKbn=2", "url2": "http://miyake-naika.la.coocan.jp/", "内容": "医療法人三宅内科胃腸科【2:診療所】【診療科目:内科_糖尿病内科_消化器内科】愛媛県松山市土居田町５８－３" }, "geometry": { "type": "Point", "coordinates": [ 132.753736, 33.821188 ] } },
{ "type": "Feature", "properties": { "ID": 3822385628280, "正式名称": "石手内科", "機関区分": 2, "都道府県コード": 38, "市区町村コード": 201, "所在地": "愛媛県松山市紅葉町２－１６", "緯度": 33.842603, "経度": 132.789232, "url": "https://www.iryou.teikyouseido.mhlw.go.jp/znk-web/juminkanja/S2430/initialize?prefCd=38&kikanCd=2385628280&kikanKbn=2", "url2": "http://www.ishite-naika.com/", "内容": "石手内科【2:診療所】【診療科目:内科_循環器内科_消化器内科】愛媛県松山市紅葉町２－１６" }, "geometry": { "type": "Point", "coordinates": [ 132.789232, 33.842603 ] } },
{ "type": "Feature", "properties": { "ID": 3822385628310, "正式名称": "しげまつ内科クリニック", "機関区分": 2, "都道府県コード": 38, "市区町村コード": 201, "所在地": "愛媛県松山市居相１－１０－２０", "緯度": 33.811023, "経度": 132.772874, "url": "https://www.iryou.teikyouseido.mhlw.go.jp/znk-web/juminkanja/S2430/initialize?prefCd=38&kikanCd=2385628310&kikanKbn=2", "url2": "https://www.shigematsu-naika.com", "内容": "しげまつ内科クリニック【2:診療所】【診療科目:内科_呼吸器内科_消化器内科】愛媛県松山市居相１－１０－２０" }, "geometry": { "type": "Point", "coordinates": [ 132.772874, 33.811023 ] } },
{ "type": "Feature", "properties": { "ID": 3822385628440, "正式名称": "矢野内科", "機関区分": 2, "都道府県コード": 38, "市区町村コード": 201, "所在地": "愛媛県松山市東長戸１－１０－１８", "緯度": 33.868349, "経度": 132.752207, "url": "https://www.iryou.teikyouseido.mhlw.go.jp/znk-web/juminkanja/S2430/initialize?prefCd=38&kikanCd=2385628440&kikanKbn=2", "url2": null, "内容": "矢野内科【2:診療所】【診療科目:内科_消化器内科】愛媛県松山市東長戸１－１０－１８" }, "geometry": { "type": "Point", "coordinates": [ 132.752207, 33.868349 ] } },
{ "type": "Feature", "properties": { "ID": 3822385628570, "正式名称": "重見循環器科内科", "機関区分": 2, "都道府県コード": 38, "市区町村コード": 201, "所在地": "愛媛県松山市古三津５－８－１", "緯度": 33.85635, "経度": 132.726654, "url": "https://www.iryou.teikyouseido.mhlw.go.jp/znk-web/juminkanja/S2430/initialize?prefCd=38&kikanCd=2385628570&kikanKbn=2", "url2": "https://shigemiclinic.com/", "内容": "重見循環器科内科【2:診療所】【診療科目:内科_循環器内科】愛媛県松山市古三津５－８－１" }, "geometry": { "type": "Point", "coordinates": [ 132.726654, 33.85635 ] } },
{ "type": "Feature", "properties": { "ID": 3822385628730, "正式名称": "医療法人　清友会　清水医院", "機関区分": 2, "都道府県コード": 38, "市区町村コード": 201, "所在地": "愛媛県松山市衣山４丁目８１８－２", "緯度": 33.851073, "経度": 132.738403, "url": "https://www.iryou.teikyouseido.mhlw.go.jp/znk-web/juminkanja/S2430/initialize?prefCd=38&kikanCd=2385628730&kikanKbn=2", "url2": "https://shimizu-iin-ehime.com", "内容": "医療法人　清友会　清水医院【2:診療所】【診療科目:内科_耳鼻いんこう科_麻酔科】愛媛県松山市衣山４丁目８１８－２" }, "geometry": { "type": "Point", "coordinates": [ 132.738403, 33.851073 ] } },
{ "type": "Feature", "properties": { "ID": 3822385628990, "正式名称": "山形耳鼻咽喉科", "機関区分": 2, "都道府県コード": 38, "市区町村コード": 201, "所在地": "愛媛県松山市会津町１１－２３", "緯度": 33.8631, "経度": 132.726265, "url": "https://www.iryou.teikyouseido.mhlw.go.jp/znk-web/juminkanja/S2430/initialize?prefCd=38&kikanCd=2385628990&kikanKbn=2", "url2": "https://yamagata-ent.com", "内容": "山形耳鼻咽喉科【2:診療所】【診療科目:小児耳鼻いんこう科_耳鼻いんこう科】愛媛県松山市会津町１１－２３" }, "geometry": { "type": "Point", "coordinates": [ 132.726265, 33.8631 ] } },
{ "type": "Feature", "properties": { "ID": 3822385629290, "正式名称": "友愛医院", "機関区分": 2, "都道府県コード": 38, "市区町村コード": 201, "所在地": "愛媛県松山市水泥町９０－１", "緯度": 33.799192, "経度": 132.830148, "url": "https://www.iryou.teikyouseido.mhlw.go.jp/znk-web/juminkanja/S2430/initialize?prefCd=38&kikanCd=2385629290&kikanKbn=2", "url2": null, "内容": "友愛医院【2:診療所】【診療科目:内科_呼吸器内科_循環器内科_消化器内科】愛媛県松山市水泥町９０－１" }, "geometry": { "type": "Point", "coordinates": [ 132.830148, 33.799192 ] } },
{ "type": "Feature", "properties": { "ID": 3822385629320, "正式名称": "医療法人　志摩整形外科", "機関区分": 2, "都道府県コード": 38, "市区町村コード": 201, "所在地": "愛媛県松山市谷町甲５３－１", "緯度": 33.876099, "経度": 132.751706, "url": "https://www.iryou.teikyouseido.mhlw.go.jp/znk-web/juminkanja/S2430/initialize?prefCd=38&kikanCd=2385629320&kikanKbn=2", "url2": null, "内容": "医療法人　志摩整形外科【2:診療所】【診療科目:整形外科_リハビリテーション科】愛媛県松山市谷町甲５３－１" }, "geometry": { "type": "Point", "coordinates": [ 132.751706, 33.876099 ] } },
{ "type": "Feature", "properties": { "ID": 3822385629610, "正式名称": "永山内科　循環器内科", "機関区分": 2, "都道府県コード": 38, "市区町村コード": 201, "所在地": "愛媛県松山市北梅本町６６６－２", "緯度": 33.805608, "経度": 132.836841, "url": "https://www.iryou.teikyouseido.mhlw.go.jp/znk-web/juminkanja/S2430/initialize?prefCd=38&kikanCd=2385629610&kikanKbn=2", "url2": null, "内容": "永山内科　循環器内科【2:診療所】【診療科目:内科_循環器内科】愛媛県松山市北梅本町６６６－２" }, "geometry": { "type": "Point", "coordinates": [ 132.836841, 33.805608 ] } },
{ "type": "Feature", "properties": { "ID": 3822385629740, "正式名称": "末光耳鼻咽喉科", "機関区分": 2, "都道府県コード": 38, "市区町村コード": 201, "所在地": "愛媛県松山市平和通１丁目５－３５", "緯度": 33.847713, "経度": 132.773817, "url": "https://www.iryou.teikyouseido.mhlw.go.jp/znk-web/juminkanja/S2430/initialize?prefCd=38&kikanCd=2385629740&kikanKbn=2", "url2": "http://sue.jp", "内容": "末光耳鼻咽喉科【2:診療所】【診療科目:気管食道・耳鼻いんこう科】愛媛県松山市平和通１丁目５－３５" }, "geometry": { "type": "Point", "coordinates": [ 132.773817, 33.847713 ] } },
{ "type": "Feature", "properties": { "ID": 3822385629900, "正式名称": "医療法人社団　味酒心療内科", "機関区分": 2, "都道府県コード": 38, "市区町村コード": 201, "所在地": "愛媛県松山市味酒町２丁目９番９号", "緯度": 33.844158, "経度": 132.755513, "url": "https://www.iryou.teikyouseido.mhlw.go.jp/znk-web/juminkanja/S2430/initialize?prefCd=38&kikanCd=2385629900&kikanKbn=2", "url2": "http://www.misakec.com", "内容": "医療法人社団　味酒心療内科【2:診療所】【診療科目:精神科_心療内科】愛媛県松山市味酒町２丁目９番９号" }, "geometry": { "type": "Point", "coordinates": [ 132.755513, 33.844158 ] } },
{ "type": "Feature", "properties": { "ID": 3822385630010, "正式名称": "医療法人弓裕会　日野整形外科医院", "機関区分": 2, "都道府県コード": 38, "市区町村コード": 201, "所在地": "愛媛県松山市宮田町９番地１", "緯度": 33.841436, "経度": 132.752124, "url": "https://www.iryou.teikyouseido.mhlw.go.jp/znk-web/juminkanja/S2430/initialize?prefCd=38&kikanCd=2385630010&kikanKbn=2", "url2": null, "内容": "医療法人弓裕会　日野整形外科医院【2:診療所】【診療科目:整形外科】愛媛県松山市宮田町９番地１" }, "geometry": { "type": "Point", "coordinates": [ 132.752124, 33.841436 ] } },
{ "type": "Feature", "properties": { "ID": 3822385630560, "正式名称": "馬越循環器科内科", "機関区分": 2, "都道府県コード": 38, "市区町村コード": 201, "所在地": "愛媛県松山市居相４丁目１６－２０", "緯度": 33.808412, "経度": 132.768347, "url": "https://www.iryou.teikyouseido.mhlw.go.jp/znk-web/juminkanja/S2430/initialize?prefCd=38&kikanCd=2385630560&kikanKbn=2", "url2": null, "内容": "馬越循環器科内科【2:診療所】【診療科目:内科_呼吸器内科_循環器内科】愛媛県松山市居相４丁目１６－２０" }, "geometry": { "type": "Point", "coordinates": [ 132.768347, 33.808412 ] } },
{ "type": "Feature", "properties": { "ID": 3822385631020, "正式名称": "十亀皮膚科", "機関区分": 2, "都道府県コード": 38, "市区町村コード": 201, "所在地": "愛媛県松山市道後町一丁目６番３０号", "緯度": 33.849885, "経度": 132.784876, "url": "https://www.iryou.teikyouseido.mhlw.go.jp/znk-web/juminkanja/S2430/initialize?prefCd=38&kikanCd=2385631020&kikanKbn=2", "url2": "https://sogame-derma.jp", "内容": "十亀皮膚科【2:診療所】【診療科目:皮膚科】愛媛県松山市道後町一丁目６番３０号" }, "geometry": { "type": "Point", "coordinates": [ 132.784876, 33.849885 ] } },
{ "type": "Feature", "properties": { "ID": 3822385631730, "正式名称": "福岡小児科・アレルギー科", "機関区分": 2, "都道府県コード": 38, "市区町村コード": 201, "所在地": "愛媛県松山市三津２丁目１２－２０", "緯度": 33.865099, "経度": 132.713293, "url": "https://www.iryou.teikyouseido.mhlw.go.jp/znk-web/juminkanja/S2430/initialize?prefCd=38&kikanCd=2385631730&kikanKbn=2", "url2": "http://www.myclinic.ne.jp/fukuokak", "内容": "福岡小児科・アレルギー科【2:診療所】【診療科目:小児科_アレルギー科】愛媛県松山市三津２丁目１２－２０" }, "geometry": { "type": "Point", "coordinates": [ 132.713293, 33.865099 ] } },
{ "type": "Feature", "properties": { "ID": 3822385632320, "正式名称": "田中医院", "機関区分": 2, "都道府県コード": 38, "市区町村コード": 201, "所在地": "愛媛県松山市北条辻２６７－５", "緯度": 33.974061, "経度": 132.774755, "url": "https://www.iryou.teikyouseido.mhlw.go.jp/znk-web/juminkanja/S2430/initialize?prefCd=38&kikanCd=2385632320&kikanKbn=2", "url2": "https://www.matsuyama-tanakaiin.com", "内容": "田中医院【2:診療所】【診療科目:整形外科_リハビリテーション科】愛媛県松山市北条辻２６７－５" }, "geometry": { "type": "Point", "coordinates": [ 132.774755, 33.974061 ] } },
{ "type": "Feature", "properties": { "ID": 3822385632450, "正式名称": "医療法人　檜垣小児科内科医院", "機関区分": 2, "都道府県コード": 38, "市区町村コード": 201, "所在地": "愛媛県松山市北条辻４１５－３", "緯度": 33.973727, "経度": 132.775533, "url": "https://www.iryou.teikyouseido.mhlw.go.jp/znk-web/juminkanja/S2430/initialize?prefCd=38&kikanCd=2385632450&kikanKbn=2", "url2": null, "内容": "医療法人　檜垣小児科内科医院【2:診療所】【診療科目:内科_循環器内科_消化器内科_小児科_放射線科】愛媛県松山市北条辻４１５－３" }, "geometry": { "type": "Point", "coordinates": [ 132.775533, 33.973727 ] } },
{ "type": "Feature", "properties": { "ID": 3822385633040, "正式名称": "中川循環器科内科", "機関区分": 2, "都道府県コード": 38, "市区町村コード": 201, "所在地": "愛媛県松山市苞木甲８－１", "緯度": 33.943786, "経度": 132.768341, "url": "https://www.iryou.teikyouseido.mhlw.go.jp/znk-web/juminkanja/S2430/initialize?prefCd=38&kikanCd=2385633040&kikanKbn=2", "url2": "https://nakagawaosas.jp/", "内容": "中川循環器科内科【2:診療所】【診療科目:内科_循環器内科】愛媛県松山市苞木甲８－１" }, "geometry": { "type": "Point", "coordinates": [ 132.768341, 33.943786 ] } },
{ "type": "Feature", "properties": { "ID": 3822385633620, "正式名称": "重信クリニック", "機関区分": 2, "都道府県コード": 38, "市区町村コード": 215, "所在地": "愛媛県東温市志津川２４６－６", "緯度": 33.802442, "経度": 132.881504, "url": "https://www.iryou.teikyouseido.mhlw.go.jp/znk-web/juminkanja/S2430/initialize?prefCd=38&kikanCd=2385633620&kikanKbn=2", "url2": "http://www.shigenobu-c.com/", "内容": "重信クリニック【2:診療所】【診療科目:泌尿器科】愛媛県東温市志津川２４６－６" }, "geometry": { "type": "Point", "coordinates": [ 132.881504, 33.802442 ] } },
{ "type": "Feature", "properties": { "ID": 3822385635190, "正式名称": "二神診療所", "機関区分": 2, "都道府県コード": 38, "市区町村コード": 201, "所在地": "愛媛県松山市二神甲４５９番地１６", "緯度": 33.933978, "経度": 132.540721, "url": "https://www.iryou.teikyouseido.mhlw.go.jp/znk-web/juminkanja/S2430/initialize?prefCd=38&kikanCd=2385635190&kikanKbn=2", "url2": "http://www.yuhokai.net/", "内容": "二神診療所【2:診療所】【診療科目:内科_外科】愛媛県松山市二神甲４５９番地１６" }, "geometry": { "type": "Point", "coordinates": [ 132.540721, 33.933978 ] } },
{ "type": "Feature", "properties": { "ID": 3822385635480, "正式名称": "坪井整形外科", "機関区分": 2, "都道府県コード": 38, "市区町村コード": 201, "所在地": "愛媛県松山市南斎院町５３－１", "緯度": 33.832186, "経度": 132.739043, "url": "https://www.iryou.teikyouseido.mhlw.go.jp/znk-web/juminkanja/S2430/initialize?prefCd=38&kikanCd=2385635480&kikanKbn=2", "url2": "https://www.google.com/url?sa=t&rct=j&q=&esrc=s&source=web&cd=&cad=rja&uact=8&ved=2ahUKEwj_o_uMwYSEAxVOiq8BHYX5C18QFnoECBQQAQ&url=https%3A%2F%2Ftsuboi-seikei.doctorsfile.jp%2F&usg=AOvVaw0mLgEWXYuvOx0fIQ3s7gaD&opi=89978449", "内容": "坪井整形外科【2:診療所】【診療科目:整形外科_リウマチ科_リハビリテーション科】愛媛県松山市南斎院町５３－１" }, "geometry": { "type": "Point", "coordinates": [ 132.739043, 33.832186 ] } },
{ "type": "Feature", "properties": { "ID": 3822385636360, "正式名称": "長井医院　整形外科・内科", "機関区分": 2, "都道府県コード": 38, "市区町村コード": 201, "所在地": "愛媛県松山市築山町７番１１号", "緯度": 33.838205, "経度": 132.778127, "url": "https://www.iryou.teikyouseido.mhlw.go.jp/znk-web/juminkanja/S2430/initialize?prefCd=38&kikanCd=2385636360&kikanKbn=2", "url2": "https://nagai-cl.jp", "内容": "長井医院　整形外科・内科【2:診療所】【診療科目:内科_整形外科_リハビリテーション科】愛媛県松山市築山町７番１１号" }, "geometry": { "type": "Point", "coordinates": [ 132.778127, 33.838205 ] } },
{ "type": "Feature", "properties": { "ID": 3822385636490, "正式名称": "児玉小児科医院", "機関区分": 2, "都道府県コード": 38, "市区町村コード": 201, "所在地": "愛媛県松山市桑原四丁目１３－２４", "緯度": 33.831799, "経度": 132.795899, "url": "https://www.iryou.teikyouseido.mhlw.go.jp/znk-web/juminkanja/S2430/initialize?prefCd=38&kikanCd=2385636490&kikanKbn=2", "url2": "http://www.kodama-pc.jp/", "内容": "児玉小児科医院【2:診療所】【診療科目:小児科_アレルギー科】愛媛県松山市桑原四丁目１３－２４" }, "geometry": { "type": "Point", "coordinates": [ 132.795899, 33.831799 ] } },
{ "type": "Feature", "properties": { "ID": 3822385636780, "正式名称": "中西内科", "機関区分": 2, "都道府県コード": 38, "市区町村コード": 201, "所在地": "愛媛県松山市安城寺町７１番１", "緯度": 33.869877, "経度": 132.74168, "url": "https://www.iryou.teikyouseido.mhlw.go.jp/znk-web/juminkanja/S2430/initialize?prefCd=38&kikanCd=2385636780&kikanKbn=2", "url2": null, "内容": "中西内科【2:診療所】【診療科目:内科】愛媛県松山市安城寺町７１番１" }, "geometry": { "type": "Point", "coordinates": [ 132.74168, 33.869877 ] } },
{ "type": "Feature", "properties": { "ID": 3822385637370, "正式名称": "久野内科", "機関区分": 2, "都道府県コード": 38, "市区町村コード": 201, "所在地": "愛媛県松山市此花町７－２４", "緯度": 33.841362, "経度": 132.778801, "url": "https://www.iryou.teikyouseido.mhlw.go.jp/znk-web/juminkanja/S2430/initialize?prefCd=38&kikanCd=2385637370&kikanKbn=2", "url2": null, "内容": "久野内科【2:診療所】【診療科目:内科_呼吸器内科_消化器内科_アレルギー科】愛媛県松山市此花町７－２４" }, "geometry": { "type": "Point", "coordinates": [ 132.778801, 33.841362 ] } },
{ "type": "Feature", "properties": { "ID": 3822385637530, "正式名称": "土居循環器科内科", "機関区分": 2, "都道府県コード": 38, "市区町村コード": 201, "所在地": "愛媛県松山市北久米町２４２", "緯度": 33.819494, "経度": 132.798872, "url": "https://www.iryou.teikyouseido.mhlw.go.jp/znk-web/juminkanja/S2430/initialize?prefCd=38&kikanCd=2385637530&kikanKbn=2", "url2": "https://doi-junkan.com/", "内容": "土居循環器科内科【2:診療所】【診療科目:内科_糖尿病内科_循環器内科】愛媛県松山市北久米町２４２" }, "geometry": { "type": "Point", "coordinates": [ 132.798872, 33.819494 ] } },
{ "type": "Feature", "properties": { "ID": 3822385637790, "正式名称": "岡本眼科クリニック", "機関区分": 2, "都道府県コード": 38, "市区町村コード": 201, "所在地": "愛媛県松山市大手町２丁目７番１７号", "緯度": 33.839908, "経度": 132.754874, "url": "https://www.iryou.teikyouseido.mhlw.go.jp/znk-web/juminkanja/S2430/initialize?prefCd=38&kikanCd=2385637790&kikanKbn=2", "url2": "http://www.eyecenter.or.jp/", "内容": "岡本眼科クリニック【2:診療所】【診療科目:眼科】愛媛県松山市大手町２丁目７番１７号" }, "geometry": { "type": "Point", "coordinates": [ 132.754874, 33.839908 ] } },
{ "type": "Feature", "properties": { "ID": 3822385638250, "正式名称": "森クリニック　内科・血液内科", "機関区分": 2, "都道府県コード": 38, "市区町村コード": 201, "所在地": "愛媛県松山市別府町３４６番地６", "緯度": 33.847407, "経度": 132.724821, "url": "https://www.iryou.teikyouseido.mhlw.go.jp/znk-web/juminkanja/S2430/initialize?prefCd=38&kikanCd=2385638250&kikanKbn=2", "url2": "https://moriclinic-hematology.com/", "内容": "森クリニック　内科・血液内科【2:診療所】【診療科目:内科_血液内科_循環器内科_消化器内科】愛媛県松山市別府町３４６番地６" }, "geometry": { "type": "Point", "coordinates": [ 132.724821, 33.847407 ] } },
{ "type": "Feature", "properties": { "ID": 3822385638380, "正式名称": "加賀田小児科", "機関区分": 2, "都道府県コード": 38, "市区町村コード": 201, "所在地": "愛媛県松山市古川北１丁目２１－３０", "緯度": 33.814661, "経度": 132.762986, "url": "https://www.iryou.teikyouseido.mhlw.go.jp/znk-web/juminkanja/S2430/initialize?prefCd=38&kikanCd=2385638380&kikanKbn=2", "url2": "https://kagata-kids.com", "内容": "加賀田小児科【2:診療所】【診療科目:小児科_アレルギー科】愛媛県松山市古川北１丁目２１－３０" }, "geometry": { "type": "Point", "coordinates": [ 132.762986, 33.814661 ] } },
{ "type": "Feature", "properties": { "ID": 3822385638540, "正式名称": "医療法人　岩﨑内科", "機関区分": 2, "都道府県コード": 38, "市区町村コード": 201, "所在地": "愛媛県松山市高砂町１丁目３番地９", "緯度": 33.848324, "経度": 132.761262, "url": "https://www.iryou.teikyouseido.mhlw.go.jp/znk-web/juminkanja/S2430/initialize?prefCd=38&kikanCd=2385638540&kikanKbn=2", "url2": "iwasakinaika-matsuyama.com", "内容": "医療法人　岩﨑内科【2:診療所】【診療科目:内科_循環器内科_消化器内科】愛媛県松山市高砂町１丁目３番地９" }, "geometry": { "type": "Point", "coordinates": [ 132.761262, 33.848324 ] } },
{ "type": "Feature", "properties": { "ID": 3822385638700, "正式名称": "岡本外科整形外科", "機関区分": 2, "都道府県コード": 38, "市区町村コード": 201, "所在地": "愛媛県松山市高木町２５５－１", "緯度": 33.885209, "経度": 132.741484, "url": "https://www.iryou.teikyouseido.mhlw.go.jp/znk-web/juminkanja/S2430/initialize?prefCd=38&kikanCd=2385638700&kikanKbn=2", "url2": null, "内容": "岡本外科整形外科【2:診療所】【診療科目:外科_整形外科】愛媛県松山市高木町２５５－１" }, "geometry": { "type": "Point", "coordinates": [ 132.741484, 33.885209 ] } },
{ "type": "Feature", "properties": { "ID": 3822385639130, "正式名称": "沢原産婦人科皮フ科", "機関区分": 2, "都道府県コード": 38, "市区町村コード": 201, "所在地": "愛媛県松山市古三津５丁目４番３４号", "緯度": 33.856322, "経度": 132.728237, "url": "https://www.iryou.teikyouseido.mhlw.go.jp/znk-web/juminkanja/S2430/initialize?prefCd=38&kikanCd=2385639130&kikanKbn=2", "url2": "https://www.sawahara-sanfujinka-hifuka.com", "内容": "沢原産婦人科皮フ科【2:診療所】【診療科目:産婦人科_皮膚科】愛媛県松山市古三津５丁目４番３４号" }, "geometry": { "type": "Point", "coordinates": [ 132.728237, 33.856322 ] } },
{ "type": "Feature", "properties": { "ID": 3822385639260, "正式名称": "医療法人清家整形外科", "機関区分": 2, "都道府県コード": 38, "市区町村コード": 201, "所在地": "愛媛県松山市小坂１丁目２－３９", "緯度": 33.833937, "経度": 132.781678, "url": "https://www.iryou.teikyouseido.mhlw.go.jp/znk-web/juminkanja/S2430/initialize?prefCd=38&kikanCd=2385639260&kikanKbn=2", "url2": "seike-seikeigeka.doctorsfile.jp", "内容": "医療法人清家整形外科【2:診療所】【診療科目:整形外科_リウマチ科_リハビリテーション科】愛媛県松山市小坂１丁目２－３９" }, "geometry": { "type": "Point", "coordinates": [ 132.781678, 33.833937 ] } },
{ "type": "Feature", "properties": { "ID": 3822385639550, "正式名称": "おおの整形外科内科医院", "機関区分": 2, "都道府県コード": 38, "市区町村コード": 201, "所在地": "愛媛県松山市土居田町４２４番地１", "緯度": 33.82466, "経度": 132.74557, "url": "https://www.iryou.teikyouseido.mhlw.go.jp/znk-web/juminkanja/S2430/initialize?prefCd=38&kikanCd=2385639550&kikanKbn=2", "url2": null, "内容": "おおの整形外科内科医院【2:診療所】【診療科目:内科_消化器内科_整形外科_リハビリテーション科】愛媛県松山市土居田町４２４番地１" }, "geometry": { "type": "Point", "coordinates": [ 132.74557, 33.82466 ] } },
{ "type": "Feature", "properties": { "ID": 3822385639680, "正式名称": "すがクリニック消化器内科・婦人科", "機関区分": 2, "都道府県コード": 38, "市区町村コード": 201, "所在地": "愛媛県松山市三番町４丁目２－５", "緯度": 33.837214, "経度": 132.765901, "url": "https://www.iryou.teikyouseido.mhlw.go.jp/znk-web/juminkanja/S2430/initialize?prefCd=38&kikanCd=2385639680&kikanKbn=2", "url2": "suga-iin.com", "内容": "すがクリニック消化器内科・婦人科【2:診療所】【診療科目:内科_消化器内科_婦人科】愛媛県松山市三番町４丁目２－５" }, "geometry": { "type": "Point", "coordinates": [ 132.765901, 33.837214 ] } },
{ "type": "Feature", "properties": { "ID": 3822385639710, "正式名称": "町野皮フ科", "機関区分": 2, "都道府県コード": 38, "市区町村コード": 201, "所在地": "愛媛県松山市越智３丁目８番１５号", "緯度": 33.808884, "経度": 132.779235, "url": "https://www.iryou.teikyouseido.mhlw.go.jp/znk-web/juminkanja/S2430/initialize?prefCd=38&kikanCd=2385639710&kikanKbn=2", "url2": "instagram.com/machinohiroshi", "内容": "町野皮フ科【2:診療所】【診療科目:皮膚科】愛媛県松山市越智３丁目８番１５号" }, "geometry": { "type": "Point", "coordinates": [ 132.779235, 33.808884 ] } },
{ "type": "Feature", "properties": { "ID": 3822385639840, "正式名称": "衣山クリニック", "機関区分": 2, "都道府県コード": 38, "市区町村コード": 201, "所在地": "愛媛県松山市衣山２－２－２５", "緯度": 33.852351, "経度": 132.743347, "url": "https://www.iryou.teikyouseido.mhlw.go.jp/znk-web/juminkanja/S2430/initialize?prefCd=38&kikanCd=2385639840&kikanKbn=2", "url2": "https://www.kinuyamaclinic.com/", "内容": "衣山クリニック【2:診療所】【診療科目:人工透析内科_泌尿器科】愛媛県松山市衣山２－２－２５" }, "geometry": { "type": "Point", "coordinates": [ 132.743347, 33.852351 ] } },
{ "type": "Feature", "properties": { "ID": 3822385640820, "正式名称": "医療法人森野内科クリニック", "機関区分": 2, "都道府県コード": 38, "市区町村コード": 201, "所在地": "愛媛県松山市柳井町一丁目１１－１２", "緯度": 33.833965, "経度": 132.769818, "url": "https://www.iryou.teikyouseido.mhlw.go.jp/znk-web/juminkanja/S2430/initialize?prefCd=38&kikanCd=2385640820&kikanKbn=2", "url2": null, "内容": "医療法人森野内科クリニック【2:診療所】【診療科目:内科_消化器内科】愛媛県松山市柳井町一丁目１１－１２" }, "geometry": { "type": "Point", "coordinates": [ 132.769818, 33.833965 ] } },
{ "type": "Feature", "properties": { "ID": 3822385641250, "正式名称": "仙波内科", "機関区分": 2, "都道府県コード": 38, "市区町村コード": 201, "所在地": "愛媛県松山市針田町８０番地", "緯度": 33.82041, "経度": 132.736849, "url": "https://www.iryou.teikyouseido.mhlw.go.jp/znk-web/juminkanja/S2430/initialize?prefCd=38&kikanCd=2385641250&kikanKbn=2", "url2": null, "内容": "仙波内科【2:診療所】【診療科目:内科_呼吸器内科_循環器内科_消化器内科_消化器外科_リハビリテーション科】愛媛県松山市針田町８０番地" }, "geometry": { "type": "Point", "coordinates": [ 132.736849, 33.82041 ] } },
{ "type": "Feature", "properties": { "ID": 3822385641380, "正式名称": "越智クリニック", "機関区分": 2, "都道府県コード": 38, "市区町村コード": 201, "所在地": "愛媛県松山市清水町１丁目８の２５", "緯度": 33.848935, "経度": 132.764623, "url": "https://www.iryou.teikyouseido.mhlw.go.jp/znk-web/juminkanja/S2430/initialize?prefCd=38&kikanCd=2385641380&kikanKbn=2", "url2": "http://www.ochi-clinic.com/", "内容": "越智クリニック【2:診療所】【診療科目:内科_外科_肛門外科_整形外科_リハビリテーション科_放射線科】愛媛県松山市清水町１丁目８の２５" }, "geometry": { "type": "Point", "coordinates": [ 132.764623, 33.848935 ] } },
{ "type": "Feature", "properties": { "ID": 3822385641540, "正式名称": "船坂眼科", "機関区分": 2, "都道府県コード": 38, "市区町村コード": 201, "所在地": "愛媛県松山市南久米町４４０－４", "緯度": 33.815189, "経度": 132.799927, "url": "https://www.iryou.teikyouseido.mhlw.go.jp/znk-web/juminkanja/S2430/initialize?prefCd=38&kikanCd=2385641540&kikanKbn=2", "url2": "http://funasakaganka.com/", "内容": "船坂眼科【2:診療所】【診療科目:眼科】愛媛県松山市南久米町４４０－４" }, "geometry": { "type": "Point", "coordinates": [ 132.799927, 33.815189 ] } },
{ "type": "Feature", "properties": { "ID": 3822385641670, "正式名称": "千舟町クリニック", "機関区分": 2, "都道府県コード": 38, "市区町村コード": 201, "所在地": "愛媛県松山市千舟町６丁目４番地９", "緯度": 33.83702, "経度": 132.759013, "url": "https://www.iryou.teikyouseido.mhlw.go.jp/znk-web/juminkanja/S2430/initialize?prefCd=38&kikanCd=2385641670&kikanKbn=2", "url2": "http://www.touzaikai.jp/", "内容": "千舟町クリニック【2:診療所】【診療科目:内科_ペインクリニック内科_外科_麻酔科】愛媛県松山市千舟町６丁目４番地９" }, "geometry": { "type": "Point", "coordinates": [ 132.759013, 33.83702 ] } },
{ "type": "Feature", "properties": { "ID": 3822385641830, "正式名称": "玉井外科・整形外科", "機関区分": 2, "都道府県コード": 38, "市区町村コード": 201, "所在地": "愛媛県松山市森松町５９８番地１", "緯度": 33.791969, "経度": 132.786818, "url": "https://www.iryou.teikyouseido.mhlw.go.jp/znk-web/juminkanja/S2430/initialize?prefCd=38&kikanCd=2385641830&kikanKbn=2", "url2": null, "内容": "玉井外科・整形外科【2:診療所】【診療科目:胃腸内科_外科_肛門外科_整形外科_リハビリテーション科_麻酔科】愛媛県松山市森松町５９８番地１" }, "geometry": { "type": "Point", "coordinates": [ 132.786818, 33.791969 ] } },
{ "type": "Feature", "properties": { "ID": 3822385641960, "正式名称": "大野皮膚科", "機関区分": 2, "都道府県コード": 38, "市区町村コード": 201, "所在地": "愛媛県松山市南久米町６８６番地８", "緯度": 33.811967, "経度": 132.803455, "url": "https://www.iryou.teikyouseido.mhlw.go.jp/znk-web/juminkanja/S2430/initialize?prefCd=38&kikanCd=2385641960&kikanKbn=2", "url2": null, "内容": "大野皮膚科【2:診療所】【診療科目:形成外科_皮膚科】愛媛県松山市南久米町６８６番地８" }, "geometry": { "type": "Point", "coordinates": [ 132.803455, 33.811967 ] } },
{ "type": "Feature", "properties": { "ID": 3822385642260, "正式名称": "矢部医院", "機関区分": 2, "都道府県コード": 38, "市区町村コード": 201, "所在地": "愛媛県松山市下伊台町１２９１番地", "緯度": 33.873572, "経度": 132.791814, "url": "https://www.iryou.teikyouseido.mhlw.go.jp/znk-web/juminkanja/S2430/initialize?prefCd=38&kikanCd=2385642260&kikanKbn=2", "url2": null, "内容": "矢部医院【2:診療所】【診療科目:内科_胃腸内科_放射線科】愛媛県松山市下伊台町１２９１番地" }, "geometry": { "type": "Point", "coordinates": [ 132.791814, 33.873572 ] } },
{ "type": "Feature", "properties": { "ID": 3822385642390, "正式名称": "稲田内科消化器科医院", "機関区分": 2, "都道府県コード": 38, "市区町村コード": 201, "所在地": "愛媛県松山市鴨川３丁目３－１３", "緯度": 33.873182, "経度": 132.748179, "url": "https://www.iryou.teikyouseido.mhlw.go.jp/znk-web/juminkanja/S2430/initialize?prefCd=38&kikanCd=2385642390&kikanKbn=2", "url2": null, "内容": "稲田内科消化器科医院【2:診療所】【診療科目:内科_消化器内科_胃腸内科】愛媛県松山市鴨川３丁目３－１３" }, "geometry": { "type": "Point", "coordinates": [ 132.748179, 33.873182 ] } },
{ "type": "Feature", "properties": { "ID": 3822385642550, "正式名称": "大野内科循環器科消化器科", "機関区分": 2, "都道府県コード": 38, "市区町村コード": 201, "所在地": "愛媛県松山市松末２丁目１４－３", "緯度": 33.825327, "経度": 132.789761, "url": "https://www.iryou.teikyouseido.mhlw.go.jp/znk-web/juminkanja/S2430/initialize?prefCd=38&kikanCd=2385642550&kikanKbn=2", "url2": null, "内容": "大野内科循環器科消化器科【2:診療所】【診療科目:内科_呼吸器内科_循環器内科_消化器内科】愛媛県松山市松末２丁目１４－３" }, "geometry": { "type": "Point", "coordinates": [ 132.789761, 33.825327 ] } },
{ "type": "Feature", "properties": { "ID": 3822385642680, "正式名称": "冲永内科医院", "機関区分": 2, "都道府県コード": 38, "市区町村コード": 201, "所在地": "愛媛県松山市北斎院町８５－１", "緯度": 33.835797, "経度": 132.73496, "url": "https://www.iryou.teikyouseido.mhlw.go.jp/znk-web/juminkanja/S2430/initialize?prefCd=38&kikanCd=2385642680&kikanKbn=2", "url2": null, "内容": "冲永内科医院【2:診療所】【診療科目:内科_呼吸器内科_循環器内科_消化器内科_胃腸内科_腎臓内科_リハビリテーション科】愛媛県松山市北斎院町８５－１" }, "geometry": { "type": "Point", "coordinates": [ 132.73496, 33.835797 ] } },
{ "type": "Feature", "properties": { "ID": 3822385642710, "正式名称": "山本内科胃腸科", "機関区分": 2, "都道府県コード": 38, "市区町村コード": 215, "所在地": "愛媛県東温市北方３２０５－３", "緯度": 33.802192, "経度": 132.89392, "url": "https://www.iryou.teikyouseido.mhlw.go.jp/znk-web/juminkanja/S2430/initialize?prefCd=38&kikanCd=2385642710&kikanKbn=2", "url2": "https://yamamoto-clinic1987.com/", "内容": "山本内科胃腸科【2:診療所】【診療科目:内科_胃腸内科_放射線科】愛媛県東温市北方３２０５－３" }, "geometry": { "type": "Point", "coordinates": [ 132.89392, 33.802192 ] } },
{ "type": "Feature", "properties": { "ID": 3822385643140, "正式名称": "辻井循環器科内科", "機関区分": 2, "都道府県コード": 38, "市区町村コード": 215, "所在地": "愛媛県東温市田窪２０３０", "緯度": 33.793307, "経度": 132.865625, "url": "https://www.iryou.teikyouseido.mhlw.go.jp/znk-web/juminkanja/S2430/initialize?prefCd=38&kikanCd=2385643140&kikanKbn=2", "url2": "http://www.tsujii-clinic.com", "内容": "辻井循環器科内科【2:診療所】【診療科目:内科_循環器内科】愛媛県東温市田窪２０３０" }, "geometry": { "type": "Point", "coordinates": [ 132.865625, 33.793307 ] } },
{ "type": "Feature", "properties": { "ID": 3822385643270, "正式名称": "浦岡胃腸クリニック", "機関区分": 2, "都道府県コード": 38, "市区町村コード": 201, "所在地": "愛媛県松山市石手４丁目３－１０", "緯度": 33.844158, "経度": 132.793121, "url": "https://www.iryou.teikyouseido.mhlw.go.jp/znk-web/juminkanja/S2430/initialize?prefCd=38&kikanCd=2385643270&kikanKbn=2", "url2": "http://www.uraoka.jp", "内容": "浦岡胃腸クリニック【2:診療所】【診療科目:内科_消化器内科】愛媛県松山市石手４丁目３－１０" }, "geometry": { "type": "Point", "coordinates": [ 132.793121, 33.844158 ] } },
{ "type": "Feature", "properties": { "ID": 3822385643300, "正式名称": "野忽那診療所", "機関区分": 2, "都道府県コード": 38, "市区町村コード": 201, "所在地": "愛媛県松山市野忽那甲１５４０番地１６", "緯度": 33.972032, "経度": 132.689485, "url": "https://www.iryou.teikyouseido.mhlw.go.jp/znk-web/juminkanja/S2430/initialize?prefCd=38&kikanCd=2385643300&kikanKbn=2", "url2": "http://www.yuhokai.net/", "内容": "野忽那診療所【2:診療所】【診療科目:内科_循環器内科】愛媛県松山市野忽那甲１５４０番地１６" }, "geometry": { "type": "Point", "coordinates": [ 132.689485, 33.972032 ] } },
{ "type": "Feature", "properties": { "ID": 3822385643430, "正式名称": "八木耳鼻咽喉科皮膚科医院", "機関区分": 2, "都道府県コード": 38, "市区町村コード": 215, "所在地": "愛媛県東温市牛渕字横畑１１５６－１", "緯度": 33.79547, "経度": 132.848785, "url": "https://www.iryou.teikyouseido.mhlw.go.jp/znk-web/juminkanja/S2430/initialize?prefCd=38&kikanCd=2385643430&kikanKbn=2", "url2": null, "内容": "八木耳鼻咽喉科皮膚科医院【2:診療所】【診療科目:耳鼻いんこう科_皮膚科】愛媛県東温市牛渕字横畑１１５６－１" }, "geometry": { "type": "Point", "coordinates": [ 132.848785, 33.79547 ] } },
{ "type": "Feature", "properties": { "ID": 3822385643560, "正式名称": "さなだ眼科", "機関区分": 2, "都道府県コード": 38, "市区町村コード": 201, "所在地": "愛媛県松山市東長戸１丁目８番６号", "緯度": 33.868933, "経度": 132.754929, "url": "https://www.iryou.teikyouseido.mhlw.go.jp/znk-web/juminkanja/S2430/initialize?prefCd=38&kikanCd=2385643560&kikanKbn=2", "url2": null, "内容": "さなだ眼科【2:診療所】【診療科目:眼科】愛媛県松山市東長戸１丁目８番６号" }, "geometry": { "type": "Point", "coordinates": [ 132.754929, 33.868933 ] } },
{ "type": "Feature", "properties": { "ID": 3822385643720, "正式名称": "よしおか眼科・さかい産婦人科", "機関区分": 2, "都道府県コード": 38, "市区町村コード": 201, "所在地": "愛媛県松山市内宮町甲５１２－９", "緯度": 33.891736, "経度": 132.74865, "url": "https://www.iryou.teikyouseido.mhlw.go.jp/znk-web/juminkanja/S2430/initialize?prefCd=38&kikanCd=2385643720&kikanKbn=2", "url2": "http://yoshioka-mc.com", "内容": "よしおか眼科・さかい産婦人科【2:診療所】【診療科目:産婦人科_眼科】愛媛県松山市内宮町甲５１２－９" }, "geometry": { "type": "Point", "coordinates": [ 132.74865, 33.891736 ] } },
{ "type": "Feature", "properties": { "ID": 3822385643980, "正式名称": "野村胃腸科内科医院", "機関区分": 2, "都道府県コード": 38, "市区町村コード": 201, "所在地": "愛媛県松山市古川西２丁目８の１西沢ビル１階", "緯度": 33.8088, "経度": 132.75857, "url": "https://www.iryou.teikyouseido.mhlw.go.jp/znk-web/juminkanja/S2430/initialize?prefCd=38&kikanCd=2385643980&kikanKbn=2", "url2": null, "内容": "野村胃腸科内科医院【2:診療所】【診療科目:内科_消化器内科】愛媛県松山市古川西２丁目８の１西沢ビル１階" }, "geometry": { "type": "Point", "coordinates": [ 132.75857, 33.8088 ] } },
{ "type": "Feature", "properties": { "ID": 3822385644280, "正式名称": "山本整形外科", "機関区分": 2, "都道府県コード": 38, "市区町村コード": 201, "所在地": "愛媛県松山市内宮町５３３－４", "緯度": 33.892208, "経度": 132.74865, "url": "https://www.iryou.teikyouseido.mhlw.go.jp/znk-web/juminkanja/S2430/initialize?prefCd=38&kikanCd=2385644280&kikanKbn=2", "url2": null, "内容": "山本整形外科【2:診療所】【診療科目:整形外科_リウマチ科_リハビリテーション科】愛媛県松山市内宮町５３３－４" }, "geometry": { "type": "Point", "coordinates": [ 132.74865, 33.892208 ] } },
{ "type": "Feature", "properties": { "ID": 3822385644570, "正式名称": "木村クリニック", "機関区分": 2, "都道府県コード": 38, "市区町村コード": 201, "所在地": "愛媛県松山市一番町１丁目７－６", "緯度": 33.840714, "経度": 132.774373, "url": "https://www.iryou.teikyouseido.mhlw.go.jp/znk-web/juminkanja/S2430/initialize?prefCd=38&kikanCd=2385644570&kikanKbn=2", "url2": "kimura-cl.biz", "内容": "木村クリニック【2:診療所】【診療科目:内科_呼吸器内科_胃腸内科_放射線科】愛媛県松山市一番町１丁目７－６" }, "geometry": { "type": "Point", "coordinates": [ 132.774373, 33.840714 ] } },
{ "type": "Feature", "properties": { "ID": 3822385644730, "正式名称": "一色眼科", "機関区分": 2, "都道府県コード": 38, "市区町村コード": 201, "所在地": "愛媛県松山市小坂５丁目７番７号", "緯度": 33.825049, "経度": 132.780178, "url": "https://www.iryou.teikyouseido.mhlw.go.jp/znk-web/juminkanja/S2430/initialize?prefCd=38&kikanCd=2385644730&kikanKbn=2", "url2": "http://www.isshiki-eye.com", "内容": "一色眼科【2:診療所】【診療科目:眼科】愛媛県松山市小坂５丁目７番７号" }, "geometry": { "type": "Point", "coordinates": [ 132.780178, 33.825049 ] } },
{ "type": "Feature", "properties": { "ID": 3822385644990, "正式名称": "久我耳鼻咽喉科医院", "機関区分": 2, "都道府県コード": 38, "市区町村コード": 201, "所在地": "愛媛県松山市北条辻８２６－５", "緯度": 33.965923, "経度": 132.7762, "url": "https://www.iryou.teikyouseido.mhlw.go.jp/znk-web/juminkanja/S2430/initialize?prefCd=38&kikanCd=2385644990&kikanKbn=2", "url2": "http://www.kuga.or.jp/", "内容": "久我耳鼻咽喉科医院【2:診療所】【診療科目:耳鼻いんこう科_アレルギー科】愛媛県松山市北条辻８２６－５" }, "geometry": { "type": "Point", "coordinates": [ 132.7762, 33.965923 ] } },
{ "type": "Feature", "properties": { "ID": 3822385645160, "正式名称": "吉田眼科", "機関区分": 2, "都道府県コード": 38, "市区町村コード": 201, "所在地": "愛媛県松山市道後町２丁目１－１２", "緯度": 33.847713, "経度": 132.781983, "url": "https://www.iryou.teikyouseido.mhlw.go.jp/znk-web/juminkanja/S2430/initialize?prefCd=38&kikanCd=2385645160&kikanKbn=2", "url2": "https://www.yoshida-eye-clinic.com", "内容": "吉田眼科【2:診療所】【診療科目:眼科】愛媛県松山市道後町２丁目１－１２" }, "geometry": { "type": "Point", "coordinates": [ 132.781983, 33.847713 ] } },
{ "type": "Feature", "properties": { "ID": 3822385645290, "正式名称": "上甲整形外科", "機関区分": 2, "都道府県コード": 38, "市区町村コード": 201, "所在地": "愛媛県松山市福音寺町２６番地１", "緯度": 33.819494, "経度": 132.794844, "url": "https://www.iryou.teikyouseido.mhlw.go.jp/znk-web/juminkanja/S2430/initialize?prefCd=38&kikanCd=2385645290&kikanKbn=2", "url2": "https://joko-clinic.jp/", "内容": "上甲整形外科【2:診療所】【診療科目:整形外科_リウマチ科_リハビリテーション科】愛媛県松山市福音寺町２６番地１" }, "geometry": { "type": "Point", "coordinates": [ 132.794844, 33.819494 ] } },
{ "type": "Feature", "properties": { "ID": 3822385645320, "正式名称": "福本外科クリニック", "機関区分": 2, "都道府県コード": 38, "市区町村コード": 201, "所在地": "愛媛県松山市竹原町１丁目２番地２", "緯度": 33.832326, "経度": 132.754902, "url": "https://www.iryou.teikyouseido.mhlw.go.jp/znk-web/juminkanja/S2430/initialize?prefCd=38&kikanCd=2385645320&kikanKbn=2", "url2": "http://fukumoto-gclinic.jp", "内容": "福本外科クリニック【2:診療所】【診療科目:外科_消化器外科_胃腸外科】愛媛県松山市竹原町１丁目２番地２" }, "geometry": { "type": "Point", "coordinates": [ 132.754902, 33.832326 ] } },
{ "type": "Feature", "properties": { "ID": 3822385645580, "正式名称": "山田整形外科医院", "機関区分": 2, "都道府県コード": 38, "市区町村コード": 201, "所在地": "愛媛県松山市二番町１丁目９－１７", "緯度": 33.839853, "経度": 132.772928, "url": "https://www.iryou.teikyouseido.mhlw.go.jp/znk-web/juminkanja/S2430/initialize?prefCd=38&kikanCd=2385645580&kikanKbn=2", "url2": null, "内容": "山田整形外科医院【2:診療所】【診療科目:整形外科】愛媛県松山市二番町１丁目９－１７" }, "geometry": { "type": "Point", "coordinates": [ 132.772928, 33.839853 ] } },
{ "type": "Feature", "properties": { "ID": 3822385645610, "正式名称": "和泉クリニック", "機関区分": 2, "都道府県コード": 38, "市区町村コード": 201, "所在地": "愛媛県松山市和泉南五丁目４番２８号", "緯度": 33.8123, "経度": 132.759236, "url": "https://www.iryou.teikyouseido.mhlw.go.jp/znk-web/juminkanja/S2430/initialize?prefCd=38&kikanCd=2385645610&kikanKbn=2", "url2": null, "内容": "和泉クリニック【2:診療所】【診療科目:外科_消化器外科_整形外科】愛媛県松山市和泉南五丁目４番２８号" }, "geometry": { "type": "Point", "coordinates": [ 132.759236, 33.8123 ] } },
{ "type": "Feature", "properties": { "ID": 3822385645740, "正式名称": "まつうら小児科", "機関区分": 2, "都道府県コード": 38, "市区町村コード": 201, "所在地": "愛媛県松山市愛光町１番８号", "緯度": 33.845102, "経度": 132.750513, "url": "https://www.iryou.teikyouseido.mhlw.go.jp/znk-web/juminkanja/S2430/initialize?prefCd=38&kikanCd=2385645740&kikanKbn=2", "url2": "http://www.matsuura-cl.com/", "内容": "まつうら小児科【2:診療所】【診療科目:小児科】愛媛県松山市愛光町１番８号" }, "geometry": { "type": "Point", "coordinates": [ 132.750513, 33.845102 ] } },
{ "type": "Feature", "properties": { "ID": 3822385645900, "正式名称": "松村内科皮フ科クリニック", "機関区分": 2, "都道府県コード": 38, "市区町村コード": 201, "所在地": "愛媛県松山市六軒家町４番２１号", "緯度": 33.851907, "経度": 132.751846, "url": "https://www.iryou.teikyouseido.mhlw.go.jp/znk-web/juminkanja/S2430/initialize?prefCd=38&kikanCd=2385645900&kikanKbn=2", "url2": "http://www.matsumura-naika.jp/", "内容": "松村内科皮フ科クリニック【2:診療所】【診療科目:内科_循環器内科_消化器内科_皮膚科_美容皮膚科】愛媛県松山市六軒家町４番２１号" }, "geometry": { "type": "Point", "coordinates": [ 132.751846, 33.851907 ] } },
{ "type": "Feature", "properties": { "ID": 3822385646200, "正式名称": "福原内科医院", "機関区分": 2, "都道府県コード": 38, "市区町村コード": 201, "所在地": "愛媛県松山市保免上２丁目３番１０号", "緯度": 33.816938, "経度": 132.749181, "url": "https://www.iryou.teikyouseido.mhlw.go.jp/znk-web/juminkanja/S2430/initialize?prefCd=38&kikanCd=2385646200&kikanKbn=2", "url2": "http://fukuharanaikaiin.com/index.html", "内容": "福原内科医院【2:診療所】【診療科目:内科_糖尿病内科_消化器内科】愛媛県松山市保免上２丁目３番１０号" }, "geometry": { "type": "Point", "coordinates": [ 132.749181, 33.816938 ] } },
{ "type": "Feature", "properties": { "ID": 3822385646330, "正式名称": "さんき整形外科", "機関区分": 2, "都道府県コード": 38, "市区町村コード": 201, "所在地": "愛媛県松山市三杉町１番１３号", "緯度": 33.862405, "経度": 132.722543, "url": "https://www.iryou.teikyouseido.mhlw.go.jp/znk-web/juminkanja/S2430/initialize?prefCd=38&kikanCd=2385646330&kikanKbn=2", "url2": null, "内容": "さんき整形外科【2:診療所】【診療科目:整形外科_リウマチ科_リハビリテーション科】愛媛県松山市三杉町１番１３号" }, "geometry": { "type": "Point", "coordinates": [ 132.722543, 33.862405 ] } },
{ "type": "Feature", "properties": { "ID": 3822385646460, "正式名称": "山岡整形外科", "機関区分": 2, "都道府県コード": 38, "市区町村コード": 201, "所在地": "愛媛県松山市西長戸町２７５番地１", "緯度": 33.868905, "経度": 132.743318, "url": "https://www.iryou.teikyouseido.mhlw.go.jp/znk-web/juminkanja/S2430/initialize?prefCd=38&kikanCd=2385646460&kikanKbn=2", "url2": "http://www.yamaoka-seikei.com/", "内容": "山岡整形外科【2:診療所】【診療科目:整形外科】愛媛県松山市西長戸町２７５番地１" }, "geometry": { "type": "Point", "coordinates": [ 132.743318, 33.868905 ] } },
{ "type": "Feature", "properties": { "ID": 3822385646590, "正式名称": "睦月診療所", "機関区分": 2, "都道府県コード": 38, "市区町村コード": 201, "所在地": "愛媛県松山市睦月甲２１９４番地１", "緯度": 33.958005, "経度": 132.66546, "url": "https://www.iryou.teikyouseido.mhlw.go.jp/znk-web/juminkanja/S2430/initialize?prefCd=38&kikanCd=2385646590&kikanKbn=2", "url2": "http://www.yuhokai.net/", "内容": "睦月診療所【2:診療所】【診療科目:循環器内科_外科_整形外科】愛媛県松山市睦月甲２１９４番地１" }, "geometry": { "type": "Point", "coordinates": [ 132.66546, 33.958005 ] } },
{ "type": "Feature", "properties": { "ID": 3822385646750, "正式名称": "かしもと内科・胃と腸の内視鏡クリニック　松山", "機関区分": 2, "都道府県コード": 38, "市区町村コード": 201, "所在地": "愛媛県松山市来住町５１８", "緯度": 33.809718, "経度": 132.804622, "url": "https://www.iryou.teikyouseido.mhlw.go.jp/znk-web/juminkanja/S2430/initialize?prefCd=38&kikanCd=2385646750&kikanKbn=2", "url2": "https://www.kashimoto-naishikyo.com/", "内容": "かしもと内科・胃と腸の内視鏡クリニック　松山【2:診療所】【診療科目:内科_呼吸器内科_循環器内科_消化器内科_内視鏡内科_救急科】愛媛県松山市来住町５１８" }, "geometry": { "type": "Point", "coordinates": [ 132.804622, 33.809718 ] } },
{ "type": "Feature", "properties": { "ID": 3822385647340, "正式名称": "姫原クリニック", "機関区分": 2, "都道府県コード": 38, "市区町村コード": 201, "所在地": "愛媛県松山市姫原１丁目２－２９", "緯度": 33.865128, "経度": 132.761428, "url": "https://www.iryou.teikyouseido.mhlw.go.jp/znk-web/juminkanja/S2430/initialize?prefCd=38&kikanCd=2385647340&kikanKbn=2", "url2": "http://airing.info/himebara/", "内容": "姫原クリニック【2:診療所】【診療科目:ペインクリニック内科_麻酔科】愛媛県松山市姫原１丁目２－２９" }, "geometry": { "type": "Point", "coordinates": [ 132.761428, 33.865128 ] } },
{ "type": "Feature", "properties": { "ID": 3822385647500, "正式名称": "徳山内科", "機関区分": 2, "都道府県コード": 38, "市区町村コード": 201, "所在地": "愛媛県松山市松ノ木１丁目７番１１号", "緯度": 33.869099, "経度": 132.717571, "url": "https://www.iryou.teikyouseido.mhlw.go.jp/znk-web/juminkanja/S2430/initialize?prefCd=38&kikanCd=2385647500&kikanKbn=2", "url2": "http://tokuyama-naika.com", "内容": "徳山内科【2:診療所】【診療科目:内科_消化器内科_放射線科】愛媛県松山市松ノ木１丁目７番１１号" }, "geometry": { "type": "Point", "coordinates": [ 132.717571, 33.869099 ] } },
{ "type": "Feature", "properties": { "ID": 3822385647760, "正式名称": "相原整形外科", "機関区分": 2, "都道府県コード": 38, "市区町村コード": 201, "所在地": "愛媛県松山市南久米町５５０－１", "緯度": 33.812606, "経度": 132.797344, "url": "https://www.iryou.teikyouseido.mhlw.go.jp/znk-web/juminkanja/S2430/initialize?prefCd=38&kikanCd=2385647760&kikanKbn=2", "url2": "http://taaibara.wix.com/aibara", "内容": "相原整形外科【2:診療所】【診療科目:整形外科_リウマチ科_リハビリテーション科】愛媛県松山市南久米町５５０－１" }, "geometry": { "type": "Point", "coordinates": [ 132.797344, 33.812606 ] } },
{ "type": "Feature", "properties": { "ID": 3822385647890, "正式名称": "勝岡よねだ内科", "機関区分": 2, "都道府県コード": 38, "市区町村コード": 201, "所在地": "愛媛県松山市勝岡町３６", "緯度": 33.896596, "経度": 132.729596, "url": "https://www.iryou.teikyouseido.mhlw.go.jp/znk-web/juminkanja/S2430/initialize?prefCd=38&kikanCd=2385647890&kikanKbn=2", "url2": null, "内容": "勝岡よねだ内科【2:診療所】【診療科目:内科_呼吸器内科_胃腸内科】愛媛県松山市勝岡町３６" }, "geometry": { "type": "Point", "coordinates": [ 132.729596, 33.896596 ] } },
{ "type": "Feature", "properties": { "ID": 3822385648060, "正式名称": "大瀬戸医院", "機関区分": 2, "都道府県コード": 38, "市区町村コード": 201, "所在地": "愛媛県松山市清水町３丁目１５７－２", "緯度": 33.85274, "経度": 132.763762, "url": "https://www.iryou.teikyouseido.mhlw.go.jp/znk-web/juminkanja/S2430/initialize?prefCd=38&kikanCd=2385648060&kikanKbn=2", "url2": null, "内容": "大瀬戸医院【2:診療所】【診療科目:内科_皮膚科_アレルギー科】愛媛県松山市清水町３丁目１５７－２" }, "geometry": { "type": "Point", "coordinates": [ 132.763762, 33.85274 ] } },
{ "type": "Feature", "properties": { "ID": 3822385648220, "正式名称": "たいさんじ整形外科", "機関区分": 2, "都道府県コード": 38, "市区町村コード": 201, "所在地": "愛媛県松山市太山寺町９１２－２１", "緯度": 33.895596, "経度": 132.730179, "url": "https://www.iryou.teikyouseido.mhlw.go.jp/znk-web/juminkanja/S2430/initialize?prefCd=38&kikanCd=2385648220&kikanKbn=2", "url2": "https://taisanji-seikei.com", "内容": "たいさんじ整形外科【2:診療所】【診療科目:整形外科_リウマチ科_リハビリテーション科】愛媛県松山市太山寺町９１２－２１" }, "geometry": { "type": "Point", "coordinates": [ 132.730179, 33.895596 ] } },
{ "type": "Feature", "properties": { "ID": 3822385648480, "正式名称": "西野内科クリニック", "機関区分": 2, "都道府県コード": 38, "市区町村コード": 215, "所在地": "愛媛県東温市牛渕１０７３", "緯度": 33.795748, "経度": 132.847063, "url": "https://www.iryou.teikyouseido.mhlw.go.jp/znk-web/juminkanja/S2430/initialize?prefCd=38&kikanCd=2385648480&kikanKbn=2", "url2": null, "内容": "西野内科クリニック【2:診療所】【診療科目:内科_循環器内科】愛媛県東温市牛渕１０７３" }, "geometry": { "type": "Point", "coordinates": [ 132.847063, 33.795748 ] } },
{ "type": "Feature", "properties": { "ID": 3822385648770, "正式名称": "光宗クリニック", "機関区分": 2, "都道府県コード": 38, "市区町村コード": 201, "所在地": "愛媛県松山市勝山町２丁目５－４", "緯度": 33.842658, "経度": 132.775567, "url": "https://www.iryou.teikyouseido.mhlw.go.jp/znk-web/juminkanja/S2430/initialize?prefCd=38&kikanCd=2385648770&kikanKbn=2", "url2": null, "内容": "光宗クリニック【2:診療所】【診療科目:精神科_心療内科】愛媛県松山市勝山町２丁目５－４" }, "geometry": { "type": "Point", "coordinates": [ 132.775567, 33.842658 ] } },
{ "type": "Feature", "properties": { "ID": 3822385648930, "正式名称": "作道クリニック", "機関区分": 2, "都道府県コード": 38, "市区町村コード": 201, "所在地": "愛媛県松山市一番町２丁目６－２１（伊予鉄一番町第二ビル２Ｆ）", "緯度": 33.841797, "経度": 132.771595, "url": "https://www.iryou.teikyouseido.mhlw.go.jp/znk-web/juminkanja/S2430/initialize?prefCd=38&kikanCd=2385648930&kikanKbn=2", "url2": "http:/www.sakudo-clinic.jp/", "内容": "作道クリニック【2:診療所】【診療科目:内科_眼科_アレルギー科】愛媛県松山市一番町２丁目６－２１（伊予鉄一番町第二ビル２Ｆ）" }, "geometry": { "type": "Point", "coordinates": [ 132.771595, 33.841797 ] } },
{ "type": "Feature", "properties": { "ID": 3822385649070, "正式名称": "北条フェニックス脳神経外科", "機関区分": 2, "都道府県コード": 38, "市区町村コード": 201, "所在地": "愛媛県松山市北条辻６０９－１", "緯度": 33.967478, "経度": 132.772839, "url": "https://www.iryou.teikyouseido.mhlw.go.jp/znk-web/juminkanja/S2430/initialize?prefCd=38&kikanCd=2385649070&kikanKbn=2", "url2": null, "内容": "北条フェニックス脳神経外科【2:診療所】【診療科目:神経内科_脳神経外科_リハビリテーション科】愛媛県松山市北条辻６０９－１" }, "geometry": { "type": "Point", "coordinates": [ 132.772839, 33.967478 ] } },
{ "type": "Feature", "properties": { "ID": 3822385649230, "正式名称": "別所眼科", "機関区分": 2, "都道府県コード": 38, "市区町村コード": 201, "所在地": "愛媛県松山市山越５丁目１４－１４", "緯度": 33.861822, "経度": 132.751512, "url": "https://www.iryou.teikyouseido.mhlw.go.jp/znk-web/juminkanja/S2430/initialize?prefCd=38&kikanCd=2385649230&kikanKbn=2", "url2": "http://besshoganka.com/hp/", "内容": "別所眼科【2:診療所】【診療科目:眼科】愛媛県松山市山越５丁目１４－１４" }, "geometry": { "type": "Point", "coordinates": [ 132.751512, 33.861822 ] } },
{ "type": "Feature", "properties": { "ID": 3822385649360, "正式名称": "小田ひ尿器科・ふみこ皮フ科", "機関区分": 2, "都道府県コード": 38, "市区町村コード": 201, "所在地": "愛媛県松山市枝松６丁目１２－１０", "緯度": 33.826327, "経度": 132.783873, "url": "https://www.iryou.teikyouseido.mhlw.go.jp/znk-web/juminkanja/S2430/initialize?prefCd=38&kikanCd=2385649360&kikanKbn=2", "url2": "http://www.oda-clinic.jp/", "内容": "小田ひ尿器科・ふみこ皮フ科【2:診療所】【診療科目:皮膚科_泌尿器科】愛媛県松山市枝松６丁目１２－１０" }, "geometry": { "type": "Point", "coordinates": [ 132.783873, 33.826327 ] } },
{ "type": "Feature", "properties": { "ID": 3822385649490, "正式名称": "森内科", "機関区分": 2, "都道府県コード": 38, "市区町村コード": 201, "所在地": "愛媛県松山市余戸中２丁目５－２３", "緯度": 33.812799, "経度": 132.73035, "url": "https://www.iryou.teikyouseido.mhlw.go.jp/znk-web/juminkanja/S2430/initialize?prefCd=38&kikanCd=2385649490&kikanKbn=2", "url2": null, "内容": "森内科【2:診療所】【診療科目:内科】愛媛県松山市余戸中２丁目５－２３" }, "geometry": { "type": "Point", "coordinates": [ 132.73035, 33.812799 ] } },
{ "type": "Feature", "properties": { "ID": 3822385649520, "正式名称": "束村内科医院", "機関区分": 2, "都道府県コード": 38, "市区町村コード": 201, "所在地": "愛媛県松山市若葉町７の２１", "緯度": 33.857128, "経度": 132.716877, "url": "https://www.iryou.teikyouseido.mhlw.go.jp/znk-web/juminkanja/S2430/initialize?prefCd=38&kikanCd=2385649520&kikanKbn=2", "url2": null, "内容": "束村内科医院【2:診療所】【診療科目:内科】愛媛県松山市若葉町７の２１" }, "geometry": { "type": "Point", "coordinates": [ 132.716877, 33.857128 ] } },
{ "type": "Feature", "properties": { "ID": 3822385649780, "正式名称": "竹宮皮フ科", "機関区分": 2, "都道府県コード": 38, "市区町村コード": 201, "所在地": "愛媛県松山市空港通４丁目８番３号", "緯度": 33.828576, "経度": 132.73671, "url": "https://www.iryou.teikyouseido.mhlw.go.jp/znk-web/juminkanja/S2430/initialize?prefCd=38&kikanCd=2385649780&kikanKbn=2", "url2": null, "内容": "竹宮皮フ科【2:診療所】【診療科目:皮膚科】愛媛県松山市空港通４丁目８番３号" }, "geometry": { "type": "Point", "coordinates": [ 132.73671, 33.828576 ] } },
{ "type": "Feature", "properties": { "ID": 3822385649810, "正式名称": "大塚皮フ科", "機関区分": 2, "都道府県コード": 38, "市区町村コード": 201, "所在地": "愛媛県松山市南江戸３丁目４番３６号", "緯度": 33.837547, "経度": 132.746292, "url": "https://www.iryou.teikyouseido.mhlw.go.jp/znk-web/juminkanja/S2430/initialize?prefCd=38&kikanCd=2385649810&kikanKbn=2", "url2": null, "内容": "大塚皮フ科【2:診療所】【診療科目:皮膚科】愛媛県松山市南江戸３丁目４番３６号" }, "geometry": { "type": "Point", "coordinates": [ 132.746292, 33.837547 ] } },
{ "type": "Feature", "properties": { "ID": 3822385649940, "正式名称": "椿クリニック", "機関区分": 2, "都道府県コード": 38, "市区町村コード": 201, "所在地": "愛媛県松山市市坪南１丁目５－２６", "緯度": 33.809384, "経度": 132.754765, "url": "https://www.iryou.teikyouseido.mhlw.go.jp/znk-web/juminkanja/S2430/initialize?prefCd=38&kikanCd=2385649940&kikanKbn=2", "url2": "http://www.tsubaki-clinic.jp/", "内容": "椿クリニック【2:診療所】【診療科目:消化器内科_外科】愛媛県松山市市坪南１丁目５－２６" }, "geometry": { "type": "Point", "coordinates": [ 132.754765, 33.809384 ] } },
{ "type": "Feature", "properties": { "ID": 3822385650050, "正式名称": "岡本耳鼻咽喉科小児科", "機関区分": 2, "都道府県コード": 38, "市区町村コード": 201, "所在地": "愛媛県松山市山越２丁目１番３０号", "緯度": 33.859739, "経度": 132.758901, "url": "https://www.iryou.teikyouseido.mhlw.go.jp/znk-web/juminkanja/S2430/initialize?prefCd=38&kikanCd=2385650050&kikanKbn=2", "url2": "http://www.sue.jp/m-project/okamoto/", "内容": "岡本耳鼻咽喉科小児科【2:診療所】【診療科目:小児科_耳鼻いんこう科】愛媛県松山市山越２丁目１番３０号" }, "geometry": { "type": "Point", "coordinates": [ 132.758901, 33.859739 ] } },
{ "type": "Feature", "properties": { "ID": 3822385650180, "正式名称": "久万ノ台診療所", "機関区分": 2, "都道府県コード": 38, "市区町村コード": 201, "所在地": "愛媛県松山市久万ノ台１５０１", "緯度": 33.861961, "経度": 132.738014, "url": "https://www.iryou.teikyouseido.mhlw.go.jp/znk-web/juminkanja/S2430/initialize?prefCd=38&kikanCd=2385650180&kikanKbn=2", "url2": "kumachin.sakura.ne.jp", "内容": "久万ノ台診療所【2:診療所】【診療科目:内科_泌尿器科】愛媛県松山市久万ノ台１５０１" }, "geometry": { "type": "Point", "coordinates": [ 132.738014, 33.861961 ] } },
{ "type": "Feature", "properties": { "ID": 3822385650210, "正式名称": "福井整形外科麻酔科医院", "機関区分": 2, "都道府県コード": 38, "市区町村コード": 201, "所在地": "愛媛県松山市久米窪田町７８４番地１", "緯度": 33.80669, "経度": 132.812149, "url": "https://www.iryou.teikyouseido.mhlw.go.jp/znk-web/juminkanja/S2430/initialize?prefCd=38&kikanCd=2385650210&kikanKbn=2", "url2": "http://www.fukui-g.com/fukui-clinic/information.", "内容": "福井整形外科麻酔科医院【2:診療所】【診療科目:整形外科_リウマチ科_リハビリテーション科_麻酔科】愛媛県松山市久米窪田町７８４番地１" }, "geometry": { "type": "Point", "coordinates": [ 132.812149, 33.80669 ] } },
{ "type": "Feature", "properties": { "ID": 3822385650340, "正式名称": "藤原耳鼻咽喉科", "機関区分": 2, "都道府県コード": 38, "市区町村コード": 201, "所在地": "愛媛県松山市保免中３－８－２２", "緯度": 33.815272, "経度": 132.748265, "url": "https://www.iryou.teikyouseido.mhlw.go.jp/znk-web/juminkanja/S2430/initialize?prefCd=38&kikanCd=2385650340&kikanKbn=2", "url2": "https://fujiwarajibika.com/", "内容": "藤原耳鼻咽喉科【2:診療所】【診療科目:耳鼻いんこう科_頭頸部・耳鼻いんこう科】愛媛県松山市保免中３－８－２２" }, "geometry": { "type": "Point", "coordinates": [ 132.748265, 33.815272 ] } },
{ "type": "Feature", "properties": { "ID": 3822385650630, "正式名称": "ひろ整形外科", "機関区分": 2, "都道府県コード": 38, "市区町村コード": 201, "所在地": "愛媛県松山市桑原４丁目１６番１１号", "緯度": 33.830576, "経度": 132.795899, "url": "https://www.iryou.teikyouseido.mhlw.go.jp/znk-web/juminkanja/S2430/initialize?prefCd=38&kikanCd=2385650630&kikanKbn=2", "url2": "www.hiro-seikei.jp/", "内容": "ひろ整形外科【2:診療所】【診療科目:整形外科_リウマチ科_リハビリテーション科】愛媛県松山市桑原４丁目１６番１１号" }, "geometry": { "type": "Point", "coordinates": [ 132.795899, 33.830576 ] } },
{ "type": "Feature", "properties": { "ID": 3822385651060, "正式名称": "高岡耳鼻咽喉科", "機関区分": 2, "都道府県コード": 38, "市区町村コード": 201, "所在地": "愛媛県松山市北久米町４７７－１４", "緯度": 33.815884, "経度": 132.798261, "url": "https://www.iryou.teikyouseido.mhlw.go.jp/znk-web/juminkanja/S2430/initialize?prefCd=38&kikanCd=2385651060&kikanKbn=2", "url2": null, "内容": "高岡耳鼻咽喉科【2:診療所】【診療科目:耳鼻いんこう科】愛媛県松山市北久米町４７７－１４" }, "geometry": { "type": "Point", "coordinates": [ 132.798261, 33.815884 ] } },
{ "type": "Feature", "properties": { "ID": 3822385651190, "正式名称": "西本整形外科", "機関区分": 2, "都道府県コード": 38, "市区町村コード": 215, "所在地": "愛媛県東温市田窪３０３－１", "緯度": 33.791665, "経度": 132.866645, "url": "https://www.iryou.teikyouseido.mhlw.go.jp/znk-web/juminkanja/S2430/initialize?prefCd=38&kikanCd=2385651190&kikanKbn=2", "url2": "nishimotoseikei.doctorsfile.jp", "内容": "西本整形外科【2:診療所】【診療科目:整形外科_リウマチ科_リハビリテーション科】愛媛県東温市田窪３０３－１" }, "geometry": { "type": "Point", "coordinates": [ 132.866645, 33.791665 ] } },
{ "type": "Feature", "properties": { "ID": 3822385651350, "正式名称": "吉岡クリニック", "機関区分": 2, "都道府県コード": 38, "市区町村コード": 201, "所在地": "愛媛県松山市古川西三丁目６－２１", "緯度": 33.807634, "経度": 132.759848, "url": "https://www.iryou.teikyouseido.mhlw.go.jp/znk-web/juminkanja/S2430/initialize?prefCd=38&kikanCd=2385651350&kikanKbn=2", "url2": "http://ww3.enjoy.ne.jp/~suyoshio/", "内容": "吉岡クリニック【2:診療所】【診療科目:皮膚科_泌尿器科】愛媛県松山市古川西三丁目６－２１" }, "geometry": { "type": "Point", "coordinates": [ 132.759848, 33.807634 ] } },
{ "type": "Feature", "properties": { "ID": 3822385651510, "正式名称": "くぼた内科循環器科呼吸器科", "機関区分": 2, "都道府県コード": 38, "市区町村コード": 201, "所在地": "愛媛県松山市北梅本町甲３２８８番地１", "緯度": 33.798386, "経度": 132.845035, "url": "https://www.iryou.teikyouseido.mhlw.go.jp/znk-web/juminkanja/S2430/initialize?prefCd=38&kikanCd=2385651510&kikanKbn=2", "url2": "https://m-kcrc.jp/", "内容": "くぼた内科循環器科呼吸器科【2:診療所】【診療科目:内科_呼吸器内科_循環器内科】愛媛県松山市北梅本町甲３２８８番地１" }, "geometry": { "type": "Point", "coordinates": [ 132.845035, 33.798386 ] } },
{ "type": "Feature", "properties": { "ID": 3822385651640, "正式名称": "増田整形外科", "機関区分": 2, "都道府県コード": 38, "市区町村コード": 201, "所在地": "愛媛県松山市南梅本町１１３６－２", "緯度": 33.797636, "経度": 132.832064, "url": "https://www.iryou.teikyouseido.mhlw.go.jp/znk-web/juminkanja/S2430/initialize?prefCd=38&kikanCd=2385651640&kikanKbn=2", "url2": null, "内容": "増田整形外科【2:診療所】【診療科目:整形外科_リウマチ科_リハビリテーション科】愛媛県松山市南梅本町１１３６－２" }, "geometry": { "type": "Point", "coordinates": [ 132.832064, 33.797636 ] } },
{ "type": "Feature", "properties": { "ID": 3822385651770, "正式名称": "今村循環器科内科", "機関区分": 2, "都道府県コード": 38, "市区町村コード": 201, "所在地": "愛媛県松山市古川西２丁目３番２３号", "緯度": 33.809273, "経度": 132.759375, "url": "https://www.iryou.teikyouseido.mhlw.go.jp/znk-web/juminkanja/S2430/initialize?prefCd=38&kikanCd=2385651770&kikanKbn=2", "url2": "http://imamura-junkan.net/", "内容": "今村循環器科内科【2:診療所】【診療科目:内科_循環器内科】愛媛県松山市古川西２丁目３番２３号" }, "geometry": { "type": "Point", "coordinates": [ 132.759375, 33.809273 ] } },
{ "type": "Feature", "properties": { "ID": 3822385651800, "正式名称": "山田内科クリニック", "機関区分": 2, "都道府県コード": 38, "市区町村コード": 201, "所在地": "愛媛県松山市三番町５丁目９－４", "緯度": 33.837992, "経度": 132.763457, "url": "https://www.iryou.teikyouseido.mhlw.go.jp/znk-web/juminkanja/S2430/initialize?prefCd=38&kikanCd=2385651800&kikanKbn=2", "url2": "http://yamadanaika-clinic.com/", "内容": "山田内科クリニック【2:診療所】【診療科目:内科】愛媛県松山市三番町５丁目９－４" }, "geometry": { "type": "Point", "coordinates": [ 132.763457, 33.837992 ] } },
{ "type": "Feature", "properties": { "ID": 3822385652070, "正式名称": "桑折皮膚科・内科", "機関区分": 2, "都道府県コード": 38, "市区町村コード": 201, "所在地": "愛媛県松山市道後北代２番２４号", "緯度": 33.852129, "経度": 132.777511, "url": "https://www.iryou.teikyouseido.mhlw.go.jp/znk-web/juminkanja/S2430/initialize?prefCd=38&kikanCd=2385652070&kikanKbn=2", "url2": null, "内容": "桑折皮膚科・内科【2:診療所】【診療科目:内科_皮膚科】愛媛県松山市道後北代２番２４号" }, "geometry": { "type": "Point", "coordinates": [ 132.777511, 33.852129 ] } },
{ "type": "Feature", "properties": { "ID": 3822385652360, "正式名称": "和気クリニック", "機関区分": 2, "都道府県コード": 38, "市区町村コード": 201, "所在地": "愛媛県松山市太山寺町１１１７－１", "緯度": 33.888791, "経度": 132.731374, "url": "https://www.iryou.teikyouseido.mhlw.go.jp/znk-web/juminkanja/S2430/initialize?prefCd=38&kikanCd=2385652360&kikanKbn=2", "url2": "www.wake-cli.com", "内容": "和気クリニック【2:診療所】【診療科目:内科_外科】愛媛県松山市太山寺町１１１７－１" }, "geometry": { "type": "Point", "coordinates": [ 132.731374, 33.888791 ] } },
{ "type": "Feature", "properties": { "ID": 3822385652520, "正式名称": "医療法人　せごえ耳鼻咽喉科", "機関区分": 2, "都道府県コード": 38, "市区町村コード": 201, "所在地": "愛媛県松山市石風呂町１番２０号", "緯度": 33.869765, "経度": 132.716265, "url": "https://www.iryou.teikyouseido.mhlw.go.jp/znk-web/juminkanja/S2430/initialize?prefCd=38&kikanCd=2385652520&kikanKbn=2", "url2": "http://www.segoe-ent.com/", "内容": "医療法人　せごえ耳鼻咽喉科【2:診療所】【診療科目:耳鼻いんこう科】愛媛県松山市石風呂町１番２０号" }, "geometry": { "type": "Point", "coordinates": [ 132.716265, 33.869765 ] } },
{ "type": "Feature", "properties": { "ID": 3822385652650, "正式名称": "山下脳神経外科", "機関区分": 2, "都道府県コード": 38, "市区町村コード": 201, "所在地": "愛媛県松山市西長戸町１６０番地", "緯度": 33.867044, "経度": 132.745263, "url": "https://www.iryou.teikyouseido.mhlw.go.jp/znk-web/juminkanja/S2430/initialize?prefCd=38&kikanCd=2385652650&kikanKbn=2", "url2": "http//www.yamasitanougeka.jp/", "内容": "山下脳神経外科【2:診療所】【診療科目:脳神経外科_リハビリテーション科】愛媛県松山市西長戸町１６０番地" }, "geometry": { "type": "Point", "coordinates": [ 132.745263, 33.867044 ] } },
{ "type": "Feature", "properties": { "ID": 3822385652780, "正式名称": "松本耳鼻咽喉科", "機関区分": 2, "都道府県コード": 38, "市区町村コード": 201, "所在地": "愛媛県松山市桑原１丁目４番４８号", "緯度": 33.834743, "経度": 132.789983, "url": "https://www.iryou.teikyouseido.mhlw.go.jp/znk-web/juminkanja/S2430/initialize?prefCd=38&kikanCd=2385652780&kikanKbn=2", "url2": "http://home.e-catv.ne.jp/yamatsumoto/index.htm", "内容": "松本耳鼻咽喉科【2:診療所】【診療科目:耳鼻いんこう科】愛媛県松山市桑原１丁目４番４８号" }, "geometry": { "type": "Point", "coordinates": [ 132.789983, 33.834743 ] } },
{ "type": "Feature", "properties": { "ID": 3822385652940, "正式名称": "田辺医院", "機関区分": 2, "都道府県コード": 38, "市区町村コード": 201, "所在地": "愛媛県松山市北条辻１３番地４", "緯度": 33.976755, "経度": 132.778311, "url": "https://www.iryou.teikyouseido.mhlw.go.jp/znk-web/juminkanja/S2430/initialize?prefCd=38&kikanCd=2385652940&kikanKbn=2", "url2": "http://www.tanabe-clinic.or.jp", "内容": "田辺医院【2:診療所】【診療科目:内科_呼吸器内科_循環器内科_小児科_アレルギー科】愛媛県松山市北条辻１３番地４" }, "geometry": { "type": "Point", "coordinates": [ 132.778311, 33.976755 ] } },
{ "type": "Feature", "properties": { "ID": 3822385653110, "正式名称": "興居島診療所", "機関区分": 2, "都道府県コード": 38, "市区町村コード": 201, "所在地": "愛媛県松山市由良町１１６５－２", "緯度": 33.903344, "経度": 132.681433, "url": "https://www.iryou.teikyouseido.mhlw.go.jp/znk-web/juminkanja/S2430/initialize?prefCd=38&kikanCd=2385653110&kikanKbn=2", "url2": "http://gogoshima-clinic.wixsite.com/gogoshima", "内容": "興居島診療所【2:診療所】【診療科目:内科】愛媛県松山市由良町１１６５－２" }, "geometry": { "type": "Point", "coordinates": [ 132.681433, 33.903344 ] } },
{ "type": "Feature", "properties": { "ID": 3822385653370, "正式名称": "山口耳鼻咽喉科クリニック", "機関区分": 2, "都道府県コード": 38, "市区町村コード": 201, "所在地": "愛媛県松山市余戸中１丁目２－１", "緯度": 33.813688, "経度": 132.731711, "url": "https://www.iryou.teikyouseido.mhlw.go.jp/znk-web/juminkanja/S2430/initialize?prefCd=38&kikanCd=2385653370&kikanKbn=2", "url2": "http://home.e-catv.ne.jp/jibika/", "内容": "山口耳鼻咽喉科クリニック【2:診療所】【診療科目:気管食道外科_耳鼻いんこう科_アレルギー科】愛媛県松山市余戸中１丁目２－１" }, "geometry": { "type": "Point", "coordinates": [ 132.731711, 33.813688 ] } },
{ "type": "Feature", "properties": { "ID": 3822385653530, "正式名称": "向井内科クリニック", "機関区分": 2, "都道府県コード": 38, "市区町村コード": 201, "所在地": "愛媛県松山市二番町４丁目４－１１", "緯度": 33.839881, "経度": 132.76779, "url": "https://www.iryou.teikyouseido.mhlw.go.jp/znk-web/juminkanja/S2430/initialize?prefCd=38&kikanCd=2385653530&kikanKbn=2", "url2": "https://www.mukai-naika-cl.com", "内容": "向井内科クリニック【2:診療所】【診療科目:内科_消化器内科】愛媛県松山市二番町４丁目４－１１" }, "geometry": { "type": "Point", "coordinates": [ 132.76779, 33.839881 ] } },
{ "type": "Feature", "properties": { "ID": 3822385653660, "正式名称": "愛媛県厚生連健診センター", "機関区分": 2, "都道府県コード": 38, "市区町村コード": 201, "所在地": "愛媛県松山市鷹子町５３３番地１", "緯度": 33.814662, "経度": 132.814398, "url": "https://www.iryou.teikyouseido.mhlw.go.jp/znk-web/juminkanja/S2430/initialize?prefCd=38&kikanCd=2385653660&kikanKbn=2", "url2": "http://www.kousei-ehime.or.jp", "内容": "愛媛県厚生連健診センター【2:診療所】【診療科目:内科_循環器内科_消化器内科_放射線科】愛媛県松山市鷹子町５３３番地１" }, "geometry": { "type": "Point", "coordinates": [ 132.814398, 33.814662 ] } },
{ "type": "Feature", "properties": { "ID": 3822385653820, "正式名称": "医療法人城北耳鼻咽喉科", "機関区分": 2, "都道府県コード": 38, "市区町村コード": 201, "所在地": "愛媛県松山市木屋町３丁目１１番地４", "緯度": 33.853315, "経度": 132.759826, "url": "https://www.iryou.teikyouseido.mhlw.go.jp/znk-web/juminkanja/S2430/initialize?prefCd=38&kikanCd=2385653820&kikanKbn=2", "url2": "http://johoku-ot.com/", "内容": "医療法人城北耳鼻咽喉科【2:診療所】【診療科目:耳鼻いんこう科】愛媛県松山市木屋町３丁目１１番地４" }, "geometry": { "type": "Point", "coordinates": [ 132.759826, 33.853315 ] } },
{ "type": "Feature", "properties": { "ID": 3822385653950, "正式名称": "医療法人　内田クリニック", "機関区分": 2, "都道府県コード": 38, "市区町村コード": 201, "所在地": "愛媛県松山市河野別府７０５－１", "緯度": 33.958257, "経度": 132.782839, "url": "https://www.iryou.teikyouseido.mhlw.go.jp/znk-web/juminkanja/S2430/initialize?prefCd=38&kikanCd=2385653950&kikanKbn=2", "url2": null, "内容": "医療法人　内田クリニック【2:診療所】【診療科目:内科_循環器内科_胃腸内科_皮膚科_放射線科】愛媛県松山市河野別府７０５－１" }, "geometry": { "type": "Point", "coordinates": [ 132.782839, 33.958257 ] } },
{ "type": "Feature", "properties": { "ID": 3822385654090, "正式名称": "眞理こころのクリニック", "機関区分": 2, "都道府県コード": 38, "市区町村コード": 201, "所在地": "愛媛県松山市空港通２丁目１３番８号", "緯度": 33.828908, "経度": 132.741019, "url": "https://www.iryou.teikyouseido.mhlw.go.jp/znk-web/juminkanja/S2430/initialize?prefCd=38&kikanCd=2385654090&kikanKbn=2", "url2": "https://www.marikokorono-clinic.com", "内容": "眞理こころのクリニック【2:診療所】【診療科目:精神科_心療内科】愛媛県松山市空港通２丁目１３番８号" }, "geometry": { "type": "Point", "coordinates": [ 132.741019, 33.828908 ] } },
{ "type": "Feature", "properties": { "ID": 3822385654540, "正式名称": "あべ眼科クリニック", "機関区分": 2, "都道府県コード": 38, "市区町村コード": 201, "所在地": "愛媛県松山市古三津一丁目２４－２５　ヒガキビル", "緯度": 33.861766, "経度": 132.723793, "url": "https://www.iryou.teikyouseido.mhlw.go.jp/znk-web/juminkanja/S2430/initialize?prefCd=38&kikanCd=2385654540&kikanKbn=2", "url2": null, "内容": "あべ眼科クリニック【2:診療所】【診療科目:眼科】愛媛県松山市古三津一丁目２４－２５　ヒガキビル" }, "geometry": { "type": "Point", "coordinates": [ 132.723793, 33.861766 ] } },
{ "type": "Feature", "properties": { "ID": 3822385655390, "正式名称": "菅井内科", "機関区分": 2, "都道府県コード": 38, "市区町村コード": 201, "所在地": "愛媛県松山市一番町３丁目３番地３", "緯度": 33.841937, "経度": 132.769844, "url": "https://www.iryou.teikyouseido.mhlw.go.jp/znk-web/juminkanja/S2430/initialize?prefCd=38&kikanCd=2385655390&kikanKbn=2", "url2": "http://www.sugai-clinic.or.jp/", "内容": "菅井内科【2:診療所】【診療科目:内科_精神科】愛媛県松山市一番町３丁目３番地３" }, "geometry": { "type": "Point", "coordinates": [ 132.769844, 33.841937 ] } },
{ "type": "Feature", "properties": { "ID": 3822385655420, "正式名称": "余戸クリニック", "機関区分": 2, "都道府県コード": 38, "市区町村コード": 201, "所在地": "愛媛県松山市余戸中二丁目１４番３号", "緯度": 33.814883, "経度": 132.730739, "url": "https://www.iryou.teikyouseido.mhlw.go.jp/znk-web/juminkanja/S2430/initialize?prefCd=38&kikanCd=2385655420&kikanKbn=2", "url2": null, "内容": "余戸クリニック【2:診療所】【診療科目:内科_循環器内科】愛媛県松山市余戸中二丁目１４番３号" }, "geometry": { "type": "Point", "coordinates": [ 132.730739, 33.814883 ] } },
{ "type": "Feature", "properties": { "ID": 3822385655680, "正式名称": "金澤整形外科", "機関区分": 2, "都道府県コード": 38, "市区町村コード": 201, "所在地": "愛媛県松山市小村町８７－６", "緯度": 33.777694, "経度": 132.814817, "url": "https://www.iryou.teikyouseido.mhlw.go.jp/znk-web/juminkanja/S2430/initialize?prefCd=38&kikanCd=2385655680&kikanKbn=2", "url2": "http://www.kanazawa-seikei.com/", "内容": "金澤整形外科【2:診療所】【診療科目:整形外科_美容外科_リウマチ科_リハビリテーション科】愛媛県松山市小村町８７－６" }, "geometry": { "type": "Point", "coordinates": [ 132.814817, 33.777694 ] } },
{ "type": "Feature", "properties": { "ID": 3822385655710, "正式名称": "いのうえ小児科", "機関区分": 2, "都道府県コード": 38, "市区町村コード": 215, "所在地": "愛媛県東温市野田２丁目４８５番地１", "緯度": 33.793331, "経度": 132.837564, "url": "https://www.iryou.teikyouseido.mhlw.go.jp/znk-web/juminkanja/S2430/initialize?prefCd=38&kikanCd=2385655710&kikanKbn=2", "url2": "http://inoue-kids.mdja.jp/", "内容": "いのうえ小児科【2:診療所】【診療科目:小児科】愛媛県東温市野田２丁目４８５番地１" }, "geometry": { "type": "Point", "coordinates": [ 132.837564, 33.793331 ] } },
{ "type": "Feature", "properties": { "ID": 3822385655970, "正式名称": "福井耳鼻咽喉科クリニック", "機関区分": 2, "都道府県コード": 38, "市区町村コード": 201, "所在地": "愛媛県松山市安城寺町５２３－１", "緯度": 33.87421, "経度": 132.740541, "url": "https://www.iryou.teikyouseido.mhlw.go.jp/znk-web/juminkanja/S2430/initialize?prefCd=38&kikanCd=2385655970&kikanKbn=2", "url2": "https://fukui-jibiinkoukacl.doctorsfile.jp/", "内容": "福井耳鼻咽喉科クリニック【2:診療所】【診療科目:耳鼻いんこう科_アレルギー科】愛媛県松山市安城寺町５２３－１" }, "geometry": { "type": "Point", "coordinates": [ 132.740541, 33.87421 ] } },
{ "type": "Feature", "properties": { "ID": 3822385656010, "正式名称": "宮内内科医院", "機関区分": 2, "都道府県コード": 38, "市区町村コード": 201, "所在地": "愛媛県松山市北久米町１１０１－１", "緯度": 33.811523, "経度": 132.790067, "url": "https://www.iryou.teikyouseido.mhlw.go.jp/znk-web/juminkanja/S2430/initialize?prefCd=38&kikanCd=2385656010&kikanKbn=2", "url2": "https://www.miyauchi-clinic-ehime.com", "内容": "宮内内科医院【2:診療所】【診療科目:内科_循環器内科_消化器内科_外科_肛門外科_アレルギー科_麻酔科】愛媛県松山市北久米町１１０１－１" }, "geometry": { "type": "Point", "coordinates": [ 132.790067, 33.811523 ] } },
{ "type": "Feature", "properties": { "ID": 3822385656430, "正式名称": "たけだ泌尿器科クリニック", "機関区分": 2, "都道府県コード": 38, "市区町村コード": 201, "所在地": "愛媛県松山市鷹子町２２２－１", "緯度": 33.810246, "経度": 132.812676, "url": "https://www.iryou.teikyouseido.mhlw.go.jp/znk-web/juminkanja/S2430/initialize?prefCd=38&kikanCd=2385656430&kikanKbn=2", "url2": "http://home.e-catv.ne.jp/tuc/", "内容": "たけだ泌尿器科クリニック【2:診療所】【診療科目:泌尿器科】愛媛県松山市鷹子町２２２－１" }, "geometry": { "type": "Point", "coordinates": [ 132.812676, 33.810246 ] } },
{ "type": "Feature", "properties": { "ID": 3822385656560, "正式名称": "宮内消化器科内科", "機関区分": 2, "都道府県コード": 38, "市区町村コード": 201, "所在地": "愛媛県松山市溝辺町甲６２７", "緯度": 33.851435, "経度": 132.803481, "url": "https://www.iryou.teikyouseido.mhlw.go.jp/znk-web/juminkanja/S2430/initialize?prefCd=38&kikanCd=2385656560&kikanKbn=2", "url2": null, "内容": "宮内消化器科内科【2:診療所】【診療科目:内科_消化器内科】愛媛県松山市溝辺町甲６２７" }, "geometry": { "type": "Point", "coordinates": [ 132.803481, 33.851435 ] } },
{ "type": "Feature", "properties": { "ID": 3822385656720, "正式名称": "石川小児科", "機関区分": 2, "都道府県コード": 38, "市区町村コード": 215, "所在地": "愛媛県東温市横河原３３７－１", "緯度": 33.80222, "経度": 132.884143, "url": "https://www.iryou.teikyouseido.mhlw.go.jp/znk-web/juminkanja/S2430/initialize?prefCd=38&kikanCd=2385656720&kikanKbn=2", "url2": "http://ishikawaped.byoinnavi.jp/pc/", "内容": "石川小児科【2:診療所】【診療科目:小児科】愛媛県東温市横河原３３７－１" }, "geometry": { "type": "Point", "coordinates": [ 132.884143, 33.80222 ] } },
{ "type": "Feature", "properties": { "ID": 3822385656850, "正式名称": "村上ひ尿器科皮ふ科", "機関区分": 2, "都道府県コード": 38, "市区町村コード": 201, "所在地": "愛媛県松山市鹿峰２３２", "緯度": 33.942508, "経度": 132.768785, "url": "https://www.iryou.teikyouseido.mhlw.go.jp/znk-web/juminkanja/S2430/initialize?prefCd=38&kikanCd=2385656850&kikanKbn=2", "url2": "http://www.murakami-ud.com", "内容": "村上ひ尿器科皮ふ科【2:診療所】【診療科目:皮膚科_泌尿器科】愛媛県松山市鹿峰２３２" }, "geometry": { "type": "Point", "coordinates": [ 132.768785, 33.942508 ] } },
{ "type": "Feature", "properties": { "ID": 3822385656980, "正式名称": "河村耳鼻咽喉科クリニック", "機関区分": 2, "都道府県コード": 38, "市区町村コード": 201, "所在地": "愛媛県松山市久米窪田町１１７０番地１", "緯度": 33.808968, "経度": 132.806455, "url": "https://www.iryou.teikyouseido.mhlw.go.jp/znk-web/juminkanja/S2430/initialize?prefCd=38&kikanCd=2385656980&kikanKbn=2", "url2": "http://k-ent-clinic.com/", "内容": "河村耳鼻咽喉科クリニック【2:診療所】【診療科目:耳鼻いんこう科】愛媛県松山市久米窪田町１１７０番地１" }, "geometry": { "type": "Point", "coordinates": [ 132.806455, 33.808968 ] } },
{ "type": "Feature", "properties": { "ID": 3822385657150, "正式名称": "城北診療所", "機関区分": 2, "都道府県コード": 38, "市区町村コード": 201, "所在地": "愛媛県松山市姫原３丁目７－１７", "緯度": 33.865433, "経度": 132.757206, "url": "https://www.iryou.teikyouseido.mhlw.go.jp/znk-web/juminkanja/S2430/initialize?prefCd=38&kikanCd=2385657150&kikanKbn=2", "url2": "http://www.ehime-med.or.jp/cms/?guide=%e5%9f%8e%e5%8c%97%e8%a8%ba%e7%99%82%e6%89%80-copy", "内容": "城北診療所【2:診療所】【診療科目:内科】愛媛県松山市姫原３丁目７－１７" }, "geometry": { "type": "Point", "coordinates": [ 132.757206, 33.865433 ] } },
{ "type": "Feature", "properties": { "ID": 3822385657280, "正式名称": "土居外科胃腸科医院", "機関区分": 2, "都道府県コード": 38, "市区町村コード": 201, "所在地": "愛媛県松山市平井町甲３２５６－１", "緯度": 33.806663, "経度": 132.818454, "url": "https://www.iryou.teikyouseido.mhlw.go.jp/znk-web/juminkanja/S2430/initialize?prefCd=38&kikanCd=2385657280&kikanKbn=2", "url2": null, "内容": "土居外科胃腸科医院【2:診療所】【診療科目:消化器内科_外科_肛門外科_リハビリテーション科】愛媛県松山市平井町甲３２５６－１" }, "geometry": { "type": "Point", "coordinates": [ 132.818454, 33.806663 ] } },
{ "type": "Feature", "properties": { "ID": 3822385657440, "正式名称": "医療法人　よしだ小児科", "機関区分": 2, "都道府県コード": 38, "市区町村コード": 201, "所在地": "愛媛県松山市道後一万３－１３", "緯度": 33.847574, "経度": 132.776067, "url": "https://www.iryou.teikyouseido.mhlw.go.jp/znk-web/juminkanja/S2430/initialize?prefCd=38&kikanCd=2385657440&kikanKbn=2", "url2": "http://www.yoshida-kids-clinic.com", "内容": "医療法人　よしだ小児科【2:診療所】【診療科目:小児科】愛媛県松山市道後一万３－１３" }, "geometry": { "type": "Point", "coordinates": [ 132.776067, 33.847574 ] } },
{ "type": "Feature", "properties": { "ID": 3822385657570, "正式名称": "池川内科・神経内科", "機関区分": 2, "都道府県コード": 38, "市区町村コード": 215, "所在地": "愛媛県東温市志津川８９番地３", "緯度": 33.806914, "経度": 132.880032, "url": "https://www.iryou.teikyouseido.mhlw.go.jp/znk-web/juminkanja/S2430/initialize?prefCd=38&kikanCd=2385657570&kikanKbn=2", "url2": "http://ikegawa-clinic.com", "内容": "池川内科・神経内科【2:診療所】【診療科目:内科_神経内科_リハビリテーション科】愛媛県東温市志津川８９番地３" }, "geometry": { "type": "Point", "coordinates": [ 132.880032, 33.806914 ] } },
{ "type": "Feature", "properties": { "ID": 3822385657600, "正式名称": "宮内皮フ科クリニック", "機関区分": 2, "都道府県コード": 38, "市区町村コード": 201, "所在地": "愛媛県松山市北梅本町甲８９９－４", "緯度": 33.805663, "経度": 132.843563, "url": "https://www.iryou.teikyouseido.mhlw.go.jp/znk-web/juminkanja/S2430/initialize?prefCd=38&kikanCd=2385657600&kikanKbn=2", "url2": null, "内容": "宮内皮フ科クリニック【2:診療所】【診療科目:皮膚科】愛媛県松山市北梅本町甲８９９－４" }, "geometry": { "type": "Point", "coordinates": [ 132.843563, 33.805663 ] } },
{ "type": "Feature", "properties": { "ID": 3822385657860, "正式名称": "佐伯皮ふ科・形成外科", "機関区分": 2, "都道府県コード": 38, "市区町村コード": 201, "所在地": "愛媛県松山市束本一丁目６番２２号", "緯度": 33.833326, "経度": 132.786705, "url": "https://www.iryou.teikyouseido.mhlw.go.jp/znk-web/juminkanja/S2430/initialize?prefCd=38&kikanCd=2385657860&kikanKbn=2", "url2": null, "内容": "佐伯皮ふ科・形成外科【2:診療所】【診療科目:形成外科_皮膚科】愛媛県松山市束本一丁目６番２２号" }, "geometry": { "type": "Point", "coordinates": [ 132.786705, 33.833326 ] } },
{ "type": "Feature", "properties": { "ID": 3822385658030, "正式名称": "大島眼科", "機関区分": 2, "都道府県コード": 38, "市区町村コード": 201, "所在地": "愛媛県松山市福音寺町２５－１", "緯度": 33.819855, "経度": 132.794927, "url": "https://www.iryou.teikyouseido.mhlw.go.jp/znk-web/juminkanja/S2430/initialize?prefCd=38&kikanCd=2385658030&kikanKbn=2", "url2": "https://oshimaganka.jp", "内容": "大島眼科【2:診療所】【診療科目:眼科】愛媛県松山市福音寺町２５－１" }, "geometry": { "type": "Point", "coordinates": [ 132.794927, 33.819855 ] } },
{ "type": "Feature", "properties": { "ID": 3822385658160, "正式名称": "星島内科医院", "機関区分": 2, "都道府県コード": 38, "市区町村コード": 201, "所在地": "愛媛県松山市余戸西４丁目１６番１０号", "緯度": 33.819187, "経度": 132.7206, "url": "https://www.iryou.teikyouseido.mhlw.go.jp/znk-web/juminkanja/S2430/initialize?prefCd=38&kikanCd=2385658160&kikanKbn=2", "url2": null, "内容": "星島内科医院【2:診療所】【診療科目:内科_呼吸器内科_循環器内科_消化器内科_アレルギー科】愛媛県松山市余戸西４丁目１６番１０号" }, "geometry": { "type": "Point", "coordinates": [ 132.7206, 33.819187 ] } },
{ "type": "Feature", "properties": { "ID": 3822385658290, "正式名称": "医療法人　小国皮フ科医院", "機関区分": 2, "都道府県コード": 38, "市区町村コード": 201, "所在地": "愛媛県松山市森松町９４６－３", "緯度": 33.795108, "経度": 132.794151, "url": "https://www.iryou.teikyouseido.mhlw.go.jp/znk-web/juminkanja/S2430/initialize?prefCd=38&kikanCd=2385658290&kikanKbn=2", "url2": null, "内容": "医療法人　小国皮フ科医院【2:診療所】【診療科目:皮膚科】愛媛県松山市森松町９４６－３" }, "geometry": { "type": "Point", "coordinates": [ 132.794151, 33.795108 ] } },
{ "type": "Feature", "properties": { "ID": 3822385658320, "正式名称": "たんげ内科クリニック", "機関区分": 2, "都道府県コード": 38, "市区町村コード": 201, "所在地": "愛媛県松山市東石井７丁目８－２６", "緯度": 33.809162, "経度": 132.777235, "url": "https://www.iryou.teikyouseido.mhlw.go.jp/znk-web/juminkanja/S2430/initialize?prefCd=38&kikanCd=2385658320&kikanKbn=2", "url2": "https://www.tangenaikaclinic.com", "内容": "たんげ内科クリニック【2:診療所】【診療科目:内科_呼吸器内科_胃腸内科】愛媛県松山市東石井７丁目８－２６" }, "geometry": { "type": "Point", "coordinates": [ 132.777235, 33.809162 ] } },
{ "type": "Feature", "properties": { "ID": 3822385658450, "正式名称": "医療法人ユリイカ　はた心療内科", "機関区分": 2, "都道府県コード": 38, "市区町村コード": 201, "所在地": "愛媛県松山市木屋町３丁目１３－１２", "緯度": 33.854268, "経度": 132.759373, "url": "https://www.iryou.teikyouseido.mhlw.go.jp/znk-web/juminkanja/S2430/initialize?prefCd=38&kikanCd=2385658450&kikanKbn=2", "url2": "http://www.eureka.dr-clinic.jp", "内容": "医療法人ユリイカ　はた心療内科【2:診療所】【診療科目:精神科_心療内科】愛媛県松山市木屋町３丁目１３－１２" }, "geometry": { "type": "Point", "coordinates": [ 132.759373, 33.854268 ] } },
{ "type": "Feature", "properties": { "ID": 3822385658580, "正式名称": "かんだ内科消化器科循環器科", "機関区分": 2, "都道府県コード": 38, "市区町村コード": 201, "所在地": "愛媛県松山市北久米町９７－１", "緯度": 33.822744, "経度": 132.801732, "url": "https://www.iryou.teikyouseido.mhlw.go.jp/znk-web/juminkanja/S2430/initialize?prefCd=38&kikanCd=2385658580&kikanKbn=2", "url2": null, "内容": "かんだ内科消化器科循環器科【2:診療所】【診療科目:内科_循環器内科_消化器内科】愛媛県松山市北久米町９７－１" }, "geometry": { "type": "Point", "coordinates": [ 132.801732, 33.822744 ] } },
{ "type": "Feature", "properties": { "ID": 3822385658740, "正式名称": "いずみだ眼科", "機関区分": 2, "都道府県コード": 38, "市区町村コード": 215, "所在地": "愛媛県東温市田窪２２２８－１", "緯度": 33.795665, "経度": 132.867117, "url": "https://www.iryou.teikyouseido.mhlw.go.jp/znk-web/juminkanja/S2430/initialize?prefCd=38&kikanCd=2385658740&kikanKbn=2", "url2": null, "内容": "いずみだ眼科【2:診療所】【診療科目:眼科】愛媛県東温市田窪２２２８－１" }, "geometry": { "type": "Point", "coordinates": [ 132.867117, 33.795665 ] } },
{ "type": "Feature", "properties": { "ID": 3822385659330, "正式名称": "生島眼科", "機関区分": 2, "都道府県コード": 38, "市区町村コード": 215, "所在地": "愛媛県東温市野田２丁目１０３番地３", "緯度": 33.793303, "経度": 132.838092, "url": "https://www.iryou.teikyouseido.mhlw.go.jp/znk-web/juminkanja/S2430/initialize?prefCd=38&kikanCd=2385659330&kikanKbn=2", "url2": null, "内容": "生島眼科【2:診療所】【診療科目:眼科】愛媛県東温市野田２丁目１０３番地３" }, "geometry": { "type": "Point", "coordinates": [ 132.838092, 33.793303 ] } },
{ "type": "Feature", "properties": { "ID": 3822385659460, "正式名称": "かどた内科", "機関区分": 2, "都道府県コード": 38, "市区町村コード": 402, "所在地": "愛媛県伊予郡砥部町高尾田６３５番２", "緯度": 33.780721, "経度": 132.796985, "url": "https://www.iryou.teikyouseido.mhlw.go.jp/znk-web/juminkanja/S2430/initialize?prefCd=38&kikanCd=2385659460&kikanKbn=2", "url2": "http://www.kadota-naika.com/", "内容": "かどた内科【2:診療所】【診療科目:内科_循環器内科】愛媛県伊予郡砥部町高尾田６３５番２" }, "geometry": { "type": "Point", "coordinates": [ 132.796985, 33.780721 ] } },
{ "type": "Feature", "properties": { "ID": 3822385659590, "正式名称": "かざはやクリニック", "機関区分": 2, "都道府県コード": 38, "市区町村コード": 201, "所在地": "愛媛県松山市中西内６１８番地", "緯度": 33.969617, "経度": 132.786338, "url": "https://www.iryou.teikyouseido.mhlw.go.jp/znk-web/juminkanja/S2430/initialize?prefCd=38&kikanCd=2385659590&kikanKbn=2", "url2": null, "内容": "かざはやクリニック【2:診療所】【診療科目:内科_循環器内科_消化器内科】愛媛県松山市中西内６１８番地" }, "geometry": { "type": "Point", "coordinates": [ 132.786338, 33.969617 ] } },
{ "type": "Feature", "properties": { "ID": 3822385659880, "正式名称": "藤本内科クリニック", "機関区分": 2, "都道府県コード": 38, "市区町村コード": 215, "所在地": "愛媛県東温市横河原１３０１－３", "緯度": 33.804497, "経度": 132.886198, "url": "https://www.iryou.teikyouseido.mhlw.go.jp/znk-web/juminkanja/S2430/initialize?prefCd=38&kikanCd=2385659880&kikanKbn=2", "url2": null, "内容": "藤本内科クリニック【2:診療所】【診療科目:内科】愛媛県東温市横河原１３０１－３" }, "geometry": { "type": "Point", "coordinates": [ 132.886198, 33.804497 ] } },
{ "type": "Feature", "properties": { "ID": 3822385660150, "正式名称": "梶原クリニック", "機関区分": 2, "都道府県コード": 38, "市区町村コード": 401, "所在地": "愛媛県伊予郡松前町出作字山王１－１", "緯度": 33.785692, "経度": 132.749599, "url": "https://www.iryou.teikyouseido.mhlw.go.jp/znk-web/juminkanja/S2430/initialize?prefCd=38&kikanCd=2385660150&kikanKbn=2", "url2": null, "内容": "梶原クリニック【2:診療所】【診療科目:消化器内科_外科_肛門外科_リハビリテーション科】愛媛県伊予郡松前町出作字山王１－１" }, "geometry": { "type": "Point", "coordinates": [ 132.749599, 33.785692 ] } },
{ "type": "Feature", "properties": { "ID": 3822385660440, "正式名称": "三好整形外科内科", "機関区分": 2, "都道府県コード": 38, "市区町村コード": 201, "所在地": "愛媛県松山市小川甲８２番地", "緯度": 33.927621, "経度": 132.764231, "url": "https://www.iryou.teikyouseido.mhlw.go.jp/znk-web/juminkanja/S2430/initialize?prefCd=38&kikanCd=2385660440&kikanKbn=2", "url2": "https://miyoshi-s.jp", "内容": "三好整形外科内科【2:診療所】【診療科目:内科_整形外科_リハビリテーション科】愛媛県松山市小川甲８２番地" }, "geometry": { "type": "Point", "coordinates": [ 132.764231, 33.927621 ] } },
{ "type": "Feature", "properties": { "ID": 3822385660600, "正式名称": "増田泌尿器科", "機関区分": 2, "都道府県コード": 38, "市区町村コード": 210, "所在地": "愛媛県伊予市上野１６１６番地１", "緯度": 33.774478, "経度": 132.74796, "url": "https://www.iryou.teikyouseido.mhlw.go.jp/znk-web/juminkanja/S2430/initialize?prefCd=38&kikanCd=2385660600&kikanKbn=2", "url2": null, "内容": "増田泌尿器科【2:診療所】【診療科目:泌尿器科】愛媛県伊予市上野１６１６番地１" }, "geometry": { "type": "Point", "coordinates": [ 132.74796, 33.774478 ] } },
{ "type": "Feature", "properties": { "ID": 3822385660730, "正式名称": "福井内科呼吸器科クリニック", "機関区分": 2, "都道府県コード": 38, "市区町村コード": 201, "所在地": "愛媛県松山市鹿峰９９－１", "緯度": 33.938481, "経度": 132.772424, "url": "https://www.iryou.teikyouseido.mhlw.go.jp/znk-web/juminkanja/S2430/initialize?prefCd=38&kikanCd=2385660730&kikanKbn=2", "url2": null, "内容": "福井内科呼吸器科クリニック【2:診療所】【診療科目:内科_呼吸器内科_アレルギー科】愛媛県松山市鹿峰９９－１" }, "geometry": { "type": "Point", "coordinates": [ 132.772424, 33.938481 ] } },
{ "type": "Feature", "properties": { "ID": 3822385660860, "正式名称": "直瀬クリニック", "機関区分": 2, "都道府県コード": 38, "市区町村コード": 386, "所在地": "愛媛県上浮穴郡久万高原町直瀬甲２８８１－１", "緯度": 33.705093, "経度": 132.959919, "url": "https://www.iryou.teikyouseido.mhlw.go.jp/znk-web/juminkanja/S2430/initialize?prefCd=38&kikanCd=2385660860&kikanKbn=2", "url2": null, "内容": "直瀬クリニック【2:診療所】【診療科目:内科_消化器内科_外科_整形外科】愛媛県上浮穴郡久万高原町直瀬甲２８８１－１" }, "geometry": { "type": "Point", "coordinates": [ 132.959919, 33.705093 ] } },
{ "type": "Feature", "properties": { "ID": 3822385660990, "正式名称": "畑野川クリニック", "機関区分": 2, "都道府県コード": 38, "市区町村コード": 386, "所在地": "愛媛県上浮穴郡久万高原町下畑野川甲３７０－２", "緯度": 33.673096, "経度": 132.927395, "url": "https://www.iryou.teikyouseido.mhlw.go.jp/znk-web/juminkanja/S2430/initialize?prefCd=38&kikanCd=2385660990&kikanKbn=2", "url2": null, "内容": "畑野川クリニック【2:診療所】【診療科目:内科_消化器内科_外科_整形外科】愛媛県上浮穴郡久万高原町下畑野川甲３７０－２" }, "geometry": { "type": "Point", "coordinates": [ 132.927395, 33.673096 ] } },
{ "type": "Feature", "properties": { "ID": 3822385661290, "正式名称": "柳田医院", "機関区分": 2, "都道府県コード": 38, "市区町村コード": 402, "所在地": "愛媛県伊予郡砥部町高尾田２８７", "緯度": 33.783776, "経度": 132.796401, "url": "https://www.iryou.teikyouseido.mhlw.go.jp/znk-web/juminkanja/S2430/initialize?prefCd=38&kikanCd=2385661290&kikanKbn=2", "url2": null, "内容": "柳田医院【2:診療所】【診療科目:内科_外科_整形外科】愛媛県伊予郡砥部町高尾田２８７" }, "geometry": { "type": "Point", "coordinates": [ 132.796401, 33.783776 ] } },
{ "type": "Feature", "properties": { "ID": 3822385661450, "正式名称": "せいけ内科循環器科", "機関区分": 2, "都道府県コード": 38, "市区町村コード": 401, "所在地": "愛媛県伊予郡松前町大溝５０８番地１２", "緯度": 33.780025, "経度": 132.720824, "url": "https://www.iryou.teikyouseido.mhlw.go.jp/znk-web/juminkanja/S2430/initialize?prefCd=38&kikanCd=2385661450&kikanKbn=2", "url2": "https://seikeclinic.com/", "内容": "せいけ内科循環器科【2:診療所】【診療科目:内科_循環器内科】愛媛県伊予郡松前町大溝５０８番地１２" }, "geometry": { "type": "Point", "coordinates": [ 132.720824, 33.780025 ] } },
{ "type": "Feature", "properties": { "ID": 3822385661580, "正式名称": "怒和診療所", "機関区分": 2, "都道府県コード": 38, "市区町村コード": 201, "所在地": "愛媛県松山市元怒和甲１０８１番地１", "緯度": 33.975473, "経度": 132.541275, "url": "https://www.iryou.teikyouseido.mhlw.go.jp/znk-web/juminkanja/S2430/initialize?prefCd=38&kikanCd=2385661580&kikanKbn=2", "url2": "http://www.yuhokai.net/", "内容": "怒和診療所【2:診療所】【診療科目:内科_外科_整形外科】愛媛県松山市元怒和甲１０８１番地１" }, "geometry": { "type": "Point", "coordinates": [ 132.541275, 33.975473 ] } },
{ "type": "Feature", "properties": { "ID": 3822385661740, "正式名称": "心療内科　兵頭クリニック", "機関区分": 2, "都道府県コード": 38, "市区町村コード": 401, "所在地": "愛媛県伊予郡松前町中川原字新田４５６番地", "緯度": 33.799773, "経度": 132.753043, "url": "https://www.iryou.teikyouseido.mhlw.go.jp/znk-web/juminkanja/S2430/initialize?prefCd=38&kikanCd=2385661740&kikanKbn=2", "url2": "http://hyodo-clinic.jp/", "内容": "心療内科　兵頭クリニック【2:診療所】【診療科目:内科_精神科_心療内科】愛媛県伊予郡松前町中川原字新田４５６番地" }, "geometry": { "type": "Point", "coordinates": [ 132.753043, 33.799773 ] } },
{ "type": "Feature", "properties": { "ID": 3822385661870, "正式名称": "清家眼科", "機関区分": 2, "都道府県コード": 38, "市区町村コード": 201, "所在地": "愛媛県松山市河野中須賀１２６番地", "緯度": 33.946869, "経度": 132.772396, "url": "https://www.iryou.teikyouseido.mhlw.go.jp/znk-web/juminkanja/S2430/initialize?prefCd=38&kikanCd=2385661870&kikanKbn=2", "url2": "https://seike-eyeclinic.jp/", "内容": "清家眼科【2:診療所】【診療科目:眼科】愛媛県松山市河野中須賀１２６番地" }, "geometry": { "type": "Point", "coordinates": [ 132.772396, 33.946869 ] } },
{ "type": "Feature", "properties": { "ID": 3822385661900, "正式名称": "辻整形外科クリニック", "機関区分": 2, "都道府県コード": 38, "市区町村コード": 215, "所在地": "愛媛県東温市北方２８８０番１", "緯度": 33.800415, "経度": 132.899475, "url": "https://www.iryou.teikyouseido.mhlw.go.jp/znk-web/juminkanja/S2430/initialize?prefCd=38&kikanCd=2385661900&kikanKbn=2", "url2": "https://tsuji-seikei.doctorsfile.jp", "内容": "辻整形外科クリニック【2:診療所】【診療科目:整形外科_リハビリテーション科】愛媛県東温市北方２８８０番１" }, "geometry": { "type": "Point", "coordinates": [ 132.899475, 33.800415 ] } },
{ "type": "Feature", "properties": { "ID": 3822385662040, "正式名称": "久万高原町国民健康保険柳谷診療所", "機関区分": 2, "都道府県コード": 38, "市区町村コード": 386, "所在地": "愛媛県上浮穴郡久万高原町柳井川８４９番地２", "緯度": 33.553727, "経度": 133.00477, "url": "https://www.iryou.teikyouseido.mhlw.go.jp/znk-web/juminkanja/S2430/initialize?prefCd=38&kikanCd=2385662040&kikanKbn=2", "url2": null, "内容": "久万高原町国民健康保険柳谷診療所【2:診療所】【診療科目:内科】愛媛県上浮穴郡久万高原町柳井川８４９番地２" }, "geometry": { "type": "Point", "coordinates": [ 133.00477, 33.553727 ] } },
{ "type": "Feature", "properties": { "ID": 3822385662200, "正式名称": "山本クリニック", "機関区分": 2, "都道府県コード": 38, "市区町村コード": 402, "所在地": "愛媛県伊予郡砥部町宮内９４６", "緯度": 33.756862, "経度": 132.790347, "url": "https://www.iryou.teikyouseido.mhlw.go.jp/znk-web/juminkanja/S2430/initialize?prefCd=38&kikanCd=2385662200&kikanKbn=2", "url2": null, "内容": "山本クリニック【2:診療所】【診療科目:内科_消化器内科_外科_肛門外科】愛媛県伊予郡砥部町宮内９４６" }, "geometry": { "type": "Point", "coordinates": [ 132.790347, 33.756862 ] } },
{ "type": "Feature", "properties": { "ID": 3822385662460, "正式名称": "武智ひ尿器科・内科", "機関区分": 2, "都道府県コード": 38, "市区町村コード": 401, "所在地": "愛媛県伊予郡松前町恵久美７１１番", "緯度": 33.795968, "経度": 132.724296, "url": "https://www.iryou.teikyouseido.mhlw.go.jp/znk-web/juminkanja/S2430/initialize?prefCd=38&kikanCd=2385662460&kikanKbn=2", "url2": "https://takechi-clinic.jp/", "内容": "武智ひ尿器科・内科【2:診療所】【診療科目:内科_泌尿器科】愛媛県伊予郡松前町恵久美７１１番" }, "geometry": { "type": "Point", "coordinates": [ 132.724296, 33.795968 ] } },
{ "type": "Feature", "properties": { "ID": 3822385662590, "正式名称": "敬史整形外科", "機関区分": 2, "都道府県コード": 38, "市区町村コード": 210, "所在地": "愛媛県伊予市上野７８１番地３", "緯度": 33.773664, "経度": 132.744231, "url": "https://www.iryou.teikyouseido.mhlw.go.jp/znk-web/juminkanja/S2430/initialize?prefCd=38&kikanCd=2385662590&kikanKbn=2", "url2": null, "内容": "敬史整形外科【2:診療所】【診療科目:整形外科_リウマチ科_リハビリテーション科】愛媛県伊予市上野７８１番地３" }, "geometry": { "type": "Point", "coordinates": [ 132.744231, 33.773664 ] } },
{ "type": "Feature", "properties": { "ID": 3822385662750, "正式名称": "中野クリニック", "機関区分": 2, "都道府県コード": 38, "市区町村コード": 215, "所在地": "愛媛県東温市志津川１５７７－１", "緯度": 33.801414, "経度": 132.869006, "url": "https://www.iryou.teikyouseido.mhlw.go.jp/znk-web/juminkanja/S2430/initialize?prefCd=38&kikanCd=2385662750&kikanKbn=2", "url2": "http://www.nakanoclinic.jp/", "内容": "中野クリニック【2:診療所】【診療科目:脳神経外科_リハビリテーション科】愛媛県東温市志津川１５７７－１" }, "geometry": { "type": "Point", "coordinates": [ 132.869006, 33.801414 ] } },
{ "type": "Feature", "properties": { "ID": 3822385662880, "正式名称": "八倉医院", "機関区分": 2, "都道府県コード": 38, "市区町村コード": 402, "所在地": "愛媛県伊予郡砥部町重光２７５番地１", "緯度": 33.786386, "経度": 132.778597, "url": "https://www.iryou.teikyouseido.mhlw.go.jp/znk-web/juminkanja/S2430/initialize?prefCd=38&kikanCd=2385662880&kikanKbn=2", "url2": "http://www.atomgroup.net/jun/yak.htm", "内容": "八倉医院【2:診療所】【診療科目:内科】愛媛県伊予郡砥部町重光２７５番地１" }, "geometry": { "type": "Point", "coordinates": [ 132.778597, 33.786386 ] } },
{ "type": "Feature", "properties": { "ID": 3822385663050, "正式名称": "さとう耳鼻咽喉科クリニック", "機関区分": 2, "都道府県コード": 38, "市区町村コード": 215, "所在地": "愛媛県東温市志津川甲１５６０－１", "緯度": 33.802636, "経度": 132.872089, "url": "https://www.iryou.teikyouseido.mhlw.go.jp/znk-web/juminkanja/S2430/initialize?prefCd=38&kikanCd=2385663050&kikanKbn=2", "url2": "http://www.sato-ent.jp/", "内容": "さとう耳鼻咽喉科クリニック【2:診療所】【診療科目:耳鼻いんこう科】愛媛県東温市志津川甲１５６０－１" }, "geometry": { "type": "Point", "coordinates": [ 132.872089, 33.802636 ] } },
{ "type": "Feature", "properties": { "ID": 3822385663340, "正式名称": "北伊予緩和ケアクリニック", "機関区分": 2, "都道府県コード": 38, "市区町村コード": 401, "所在地": "愛媛県伊予郡松前町神崎６９", "緯度": 33.78633, "経度": 132.748572, "url": "https://www.iryou.teikyouseido.mhlw.go.jp/znk-web/juminkanja/S2430/initialize?prefCd=38&kikanCd=2385663340&kikanKbn=2", "url2": null, "内容": "北伊予緩和ケアクリニック【2:診療所】【診療科目:内科_麻酔科】愛媛県伊予郡松前町神崎６９" }, "geometry": { "type": "Point", "coordinates": [ 132.748572, 33.78633 ] } },
{ "type": "Feature", "properties": { "ID": 3822385663470, "正式名称": "中村脳神経外科", "機関区分": 2, "都道府県コード": 38, "市区町村コード": 210, "所在地": "愛媛県伊予市米湊７８６番１", "緯度": 33.759499, "経度": 132.70416, "url": "https://www.iryou.teikyouseido.mhlw.go.jp/znk-web/juminkanja/S2430/initialize?prefCd=38&kikanCd=2385663470&kikanKbn=2", "url2": null, "内容": "中村脳神経外科【2:診療所】【診療科目:循環器内科_脳神経外科】愛媛県伊予市米湊７８６番１" }, "geometry": { "type": "Point", "coordinates": [ 132.70416, 33.759499 ] } },
{ "type": "Feature", "properties": { "ID": 3822385663500, "正式名称": "１０１クリニック", "機関区分": 2, "都道府県コード": 38, "市区町村コード": 402, "所在地": "愛媛県伊予郡砥部町麻生７番５", "緯度": 33.779971, "経度": 132.78768, "url": "https://www.iryou.teikyouseido.mhlw.go.jp/znk-web/juminkanja/S2430/initialize?prefCd=38&kikanCd=2385663500&kikanKbn=2", "url2": "http://www.mizuhoseikei.com/", "内容": "１０１クリニック【2:診療所】【診療科目:整形外科_リハビリテーション科】愛媛県伊予郡砥部町麻生７番５" }, "geometry": { "type": "Point", "coordinates": [ 132.78768, 33.779971 ] } },
{ "type": "Feature", "properties": { "ID": 3822385663760, "正式名称": "たなか消化器科クリニック", "機関区分": 2, "都道府県コード": 38, "市区町村コード": 210, "所在地": "愛媛県伊予市下吾川９４３－３", "緯度": 33.76436, "経度": 132.708493, "url": "https://www.iryou.teikyouseido.mhlw.go.jp/znk-web/juminkanja/S2430/initialize?prefCd=38&kikanCd=2385663760&kikanKbn=2", "url2": null, "内容": "たなか消化器科クリニック【2:診療所】【診療科目:内科_消化器内科】愛媛県伊予市下吾川９４３－３" }, "geometry": { "type": "Point", "coordinates": [ 132.708493, 33.76436 ] } },
{ "type": "Feature", "properties": { "ID": 3822385663920, "正式名称": "松野内科クリニック", "機関区分": 2, "都道府県コード": 38, "市区町村コード": 401, "所在地": "愛媛県伊予郡松前町大間１６６番地１", "緯度": 33.798173, "経度": 132.735445, "url": "https://www.iryou.teikyouseido.mhlw.go.jp/znk-web/juminkanja/S2430/initialize?prefCd=38&kikanCd=2385663920&kikanKbn=2", "url2": "http://www.matuno-cl.com", "内容": "松野内科クリニック【2:診療所】【診療科目:内科_循環器内科】愛媛県伊予郡松前町大間１６６番地１" }, "geometry": { "type": "Point", "coordinates": [ 132.735445, 33.798173 ] } },
{ "type": "Feature", "properties": { "ID": 3822385664060, "正式名称": "米湊わたなべクリニック", "機関区分": 2, "都道府県コード": 38, "市区町村コード": 210, "所在地": "愛媛県伊予市米湊１４７７－１", "緯度": 33.74933, "経度": 132.701993, "url": "https://www.iryou.teikyouseido.mhlw.go.jp/znk-web/juminkanja/S2430/initialize?prefCd=38&kikanCd=2385664060&kikanKbn=2", "url2": null, "内容": "米湊わたなべクリニック【2:診療所】【診療科目:内科_消化器内科_リハビリテーション科】愛媛県伊予市米湊１４７７－１" }, "geometry": { "type": "Point", "coordinates": [ 132.701993, 33.74933 ] } },
{ "type": "Feature", "properties": { "ID": 3822385664220, "正式名称": "たけもと整形外科クリニック", "機関区分": 2, "都道府県コード": 38, "市区町村コード": 215, "所在地": "愛媛県東温市野田２丁目１００の２", "緯度": 33.792942, "経度": 132.838842, "url": "https://www.iryou.teikyouseido.mhlw.go.jp/znk-web/juminkanja/S2430/initialize?prefCd=38&kikanCd=2385664220&kikanKbn=2", "url2": "http://www.takemotoseikeigeka.com", "内容": "たけもと整形外科クリニック【2:診療所】【診療科目:整形外科】愛媛県東温市野田２丁目１００の２" }, "geometry": { "type": "Point", "coordinates": [ 132.838842, 33.792942 ] } },
{ "type": "Feature", "properties": { "ID": 3822385664350, "正式名称": "こばやし内科クリニック", "機関区分": 2, "都道府県コード": 38, "市区町村コード": 215, "所在地": "愛媛県東温市野田２丁目１０２－２", "緯度": 33.793271, "経度": 132.838844, "url": "https://www.iryou.teikyouseido.mhlw.go.jp/znk-web/juminkanja/S2430/initialize?prefCd=38&kikanCd=2385664350&kikanKbn=2", "url2": "http://kobayashi-cl.com", "内容": "こばやし内科クリニック【2:診療所】【診療科目:内科_呼吸器内科_循環器内科】愛媛県東温市野田２丁目１０２－２" }, "geometry": { "type": "Point", "coordinates": [ 132.838844, 33.793271 ] } },
{ "type": "Feature", "properties": { "ID": 3822385664480, "正式名称": "宮内ひふ科", "機関区分": 2, "都道府県コード": 38, "市区町村コード": 401, "所在地": "愛媛県伊予郡松前町浜４００", "緯度": 33.789774, "経度": 132.702575, "url": "https://www.iryou.teikyouseido.mhlw.go.jp/znk-web/juminkanja/S2430/initialize?prefCd=38&kikanCd=2385664480&kikanKbn=2", "url2": null, "内容": "宮内ひふ科【2:診療所】【診療科目:皮膚科】愛媛県伊予郡松前町浜４００" }, "geometry": { "type": "Point", "coordinates": [ 132.702575, 33.789774 ] } },
{ "type": "Feature", "properties": { "ID": 3822385664640, "正式名称": "たけだ内科クリニック", "機関区分": 2, "都道府県コード": 38, "市区町村コード": 401, "所在地": "愛媛県伊予郡松前町筒井９４７－７", "緯度": 33.786274, "経度": 132.713019, "url": "https://www.iryou.teikyouseido.mhlw.go.jp/znk-web/juminkanja/S2430/initialize?prefCd=38&kikanCd=2385664640&kikanKbn=2", "url2": "http://www.takedanaikaclinic.com/", "内容": "たけだ内科クリニック【2:診療所】【診療科目:内科_リウマチ科】愛媛県伊予郡松前町筒井９４７－７" }, "geometry": { "type": "Point", "coordinates": [ 132.713019, 33.786274 ] } },
{ "type": "Feature", "properties": { "ID": 3822385664770, "正式名称": "Ｄｒ．盛次診療所", "機関区分": 2, "都道府県コード": 38, "市区町村コード": 401, "所在地": "愛媛県伊予郡松前町筒井１５４０", "緯度": 33.79244, "経度": 132.701964, "url": "https://www.iryou.teikyouseido.mhlw.go.jp/znk-web/juminkanja/S2430/initialize?prefCd=38&kikanCd=2385664770&kikanKbn=2", "url2": "http://www.kirari01.com/index.html", "内容": "Ｄｒ．盛次診療所【2:診療所】【診療科目:内科_精神科】愛媛県伊予郡松前町筒井１５４０" }, "geometry": { "type": "Point", "coordinates": [ 132.701964, 33.79244 ] } },
{ "type": "Feature", "properties": { "ID": 3822385664800, "正式名称": "パールレディースクリニック", "機関区分": 2, "都道府県コード": 38, "市区町村コード": 215, "所在地": "愛媛県東温市野田２丁目１００－１", "緯度": 33.793248, "経度": 132.838711, "url": "https://www.iryou.teikyouseido.mhlw.go.jp/znk-web/juminkanja/S2430/initialize?prefCd=38&kikanCd=2385664800&kikanKbn=2", "url2": "https://pearl--o--ladies.com/", "内容": "パールレディースクリニック【2:診療所】【診療科目:婦人科】愛媛県東温市野田２丁目１００－１" }, "geometry": { "type": "Point", "coordinates": [ 132.838711, 33.793248 ] } },
{ "type": "Feature", "properties": { "ID": 3822385664930, "正式名称": "谷口耳鼻咽喉科", "機関区分": 2, "都道府県コード": 38, "市区町村コード": 210, "所在地": "愛媛県伊予市下吾川９０５番地１", "緯度": 33.763138, "経度": 132.706965, "url": "https://www.iryou.teikyouseido.mhlw.go.jp/znk-web/juminkanja/S2430/initialize?prefCd=38&kikanCd=2385664930&kikanKbn=2", "url2": "http://www.taniguchi-ent-clinic.jp/", "内容": "谷口耳鼻咽喉科【2:診療所】【診療科目:耳鼻いんこう科】愛媛県伊予市下吾川９０５番地１" }, "geometry": { "type": "Point", "coordinates": [ 132.706965, 33.763138 ] } },
{ "type": "Feature", "properties": { "ID": 3822385665070, "正式名称": "本宮眼科クリニック", "機関区分": 2, "都道府県コード": 38, "市区町村コード": 210, "所在地": "愛媛県伊予市下吾川９０８番地１", "緯度": 33.763277, "経度": 132.706771, "url": "https://www.iryou.teikyouseido.mhlw.go.jp/znk-web/juminkanja/S2430/initialize?prefCd=38&kikanCd=2385665070&kikanKbn=2", "url2": "http://www.hongu-eyeclinic.jp", "内容": "本宮眼科クリニック【2:診療所】【診療科目:眼科】愛媛県伊予市下吾川９０８番地１" }, "geometry": { "type": "Point", "coordinates": [ 132.706771, 33.763277 ] } },
{ "type": "Feature", "properties": { "ID": 3822385665490, "正式名称": "うつのみや内科", "機関区分": 2, "都道府県コード": 38, "市区町村コード": 386, "所在地": "愛媛県上浮穴郡久万高原町久万２０６番地５", "緯度": 33.65568, "経度": 132.900704, "url": "https://www.iryou.teikyouseido.mhlw.go.jp/znk-web/juminkanja/S2430/initialize?prefCd=38&kikanCd=2385665490&kikanKbn=2", "url2": null, "内容": "うつのみや内科【2:診療所】【診療科目:内科_循環器内科_心療内科】愛媛県上浮穴郡久万高原町久万２０６番地５" }, "geometry": { "type": "Point", "coordinates": [ 132.900704, 33.65568 ] } },
{ "type": "Feature", "properties": { "ID": 3822385665650, "正式名称": "たけます診療所", "機関区分": 2, "都道府県コード": 38, "市区町村コード": 210, "所在地": "愛媛県伊予市双海町上灘甲５３５０番地１６", "緯度": 33.686895, "経度": 132.645446, "url": "https://www.iryou.teikyouseido.mhlw.go.jp/znk-web/juminkanja/S2430/initialize?prefCd=38&kikanCd=2385665650&kikanKbn=2", "url2": null, "内容": "たけます診療所【2:診療所】【診療科目:内科_外科_整形外科】愛媛県伊予市双海町上灘甲５３５０番地１６" }, "geometry": { "type": "Point", "coordinates": [ 132.645446, 33.686895 ] } },
{ "type": "Feature", "properties": { "ID": 3822385665810, "正式名称": "古川医院", "機関区分": 2, "都道府県コード": 38, "市区町村コード": 210, "所在地": "愛媛県伊予市中山町出渕２－１２８", "緯度": 33.641012, "経度": 132.710832, "url": "https://www.iryou.teikyouseido.mhlw.go.jp/znk-web/juminkanja/S2430/initialize?prefCd=38&kikanCd=2385665810&kikanKbn=2", "url2": null, "内容": "古川医院【2:診療所】【診療科目:内科】愛媛県伊予市中山町出渕２－１２８" }, "geometry": { "type": "Point", "coordinates": [ 132.710832, 33.641012 ] } },
{ "type": "Feature", "properties": { "ID": 3822385665940, "正式名称": "きはら整形外科", "機関区分": 2, "都道府県コード": 38, "市区町村コード": 210, "所在地": "愛媛県伊予市米湊８１５－１", "緯度": 33.758305, "経度": 132.704327, "url": "https://www.iryou.teikyouseido.mhlw.go.jp/znk-web/juminkanja/S2430/initialize?prefCd=38&kikanCd=2385665940&kikanKbn=2", "url2": "kihara-seikei.com", "内容": "きはら整形外科【2:診療所】【診療科目:整形外科】愛媛県伊予市米湊８１５－１" }, "geometry": { "type": "Point", "coordinates": [ 132.704327, 33.758305 ] } },
{ "type": "Feature", "properties": { "ID": 3822385666080, "正式名称": "春香メンタルクリニック", "機関区分": 2, "都道府県コード": 38, "市区町村コード": 215, "所在地": "愛媛県東温市志津川１７９－１４", "緯度": 33.804247, "経度": 132.882171, "url": "https://www.iryou.teikyouseido.mhlw.go.jp/znk-web/juminkanja/S2430/initialize?prefCd=38&kikanCd=2385666080&kikanKbn=2", "url2": "http://www.haruka-mental.jp", "内容": "春香メンタルクリニック【2:診療所】【診療科目:精神科_心療内科】愛媛県東温市志津川１７９－１４" }, "geometry": { "type": "Point", "coordinates": [ 132.882171, 33.804247 ] } },
{ "type": "Feature", "properties": { "ID": 3822385666110, "正式名称": "佐礼谷診療所", "機関区分": 2, "都道府県コード": 38, "市区町村コード": 210, "所在地": "愛媛県伊予市中山町佐礼谷甲８１６番地１", "緯度": 33.682108, "経度": 132.718958, "url": "https://www.iryou.teikyouseido.mhlw.go.jp/znk-web/juminkanja/S2430/initialize?prefCd=38&kikanCd=2385666110&kikanKbn=2", "url2": "http://www.saredani-clinic.jp", "内容": "佐礼谷診療所【2:診療所】【診療科目:内科_小児科_放射線科】愛媛県伊予市中山町佐礼谷甲８１６番地１" }, "geometry": { "type": "Point", "coordinates": [ 132.718958, 33.682108 ] } },
{ "type": "Feature", "properties": { "ID": 3822385666790, "正式名称": "もりのぶ整形外科", "機関区分": 2, "都道府県コード": 38, "市区町村コード": 210, "所在地": "愛媛県伊予市下吾川馬塚９４３番地１", "緯度": 33.764499, "経度": 132.707687, "url": "https://www.iryou.teikyouseido.mhlw.go.jp/znk-web/juminkanja/S2430/initialize?prefCd=38&kikanCd=2385666790&kikanKbn=2", "url2": "https://morinobu-seikei.com", "内容": "もりのぶ整形外科【2:診療所】【診療科目:整形外科_リハビリテーション科】愛媛県伊予市下吾川馬塚９４３番地１" }, "geometry": { "type": "Point", "coordinates": [ 132.707687, 33.764499 ] } },
{ "type": "Feature", "properties": { "ID": 3822385666950, "正式名称": "永井クリニック", "機関区分": 2, "都道府県コード": 38, "市区町村コード": 210, "所在地": "愛媛県伊予市灘町６６番地", "緯度": 33.755398, "経度": 132.701349, "url": "https://www.iryou.teikyouseido.mhlw.go.jp/znk-web/juminkanja/S2430/initialize?prefCd=38&kikanCd=2385666950&kikanKbn=2", "url2": "https://nagai-dermacl.iyo-kofukai.jp/", "内容": "永井クリニック【2:診療所】【診療科目:皮膚科】愛媛県伊予市灘町６６番地" }, "geometry": { "type": "Point", "coordinates": [ 132.701349, 33.755398 ] } },
{ "type": "Feature", "properties": { "ID": 3822385700320, "正式名称": "久万高原町国民健康保険父二峰診療所", "機関区分": 2, "都道府県コード": 38, "市区町村コード": 386, "所在地": "愛媛県上浮穴郡久万高原町露峰甲４１５－２", "緯度": 33.61199, "経度": 132.886041, "url": "https://www.iryou.teikyouseido.mhlw.go.jp/znk-web/juminkanja/S2430/initialize?prefCd=38&kikanCd=2385700320&kikanKbn=2", "url2": null, "内容": "久万高原町国民健康保険父二峰診療所【2:診療所】【診療科目:内科_外科_小児科】愛媛県上浮穴郡久万高原町露峰甲４１５－２" }, "geometry": { "type": "Point", "coordinates": [ 132.886041, 33.61199 ] } },
{ "type": "Feature", "properties": { "ID": 3822385700740, "正式名称": "久万高原町国民健康保険面河診療所前組出張所", "機関区分": 2, "都道府県コード": 38, "市区町村コード": 386, "所在地": "愛媛県上浮穴郡久万高原町前組１７７４", "緯度": 33.711565, "経度": 132.991916, "url": "https://www.iryou.teikyouseido.mhlw.go.jp/znk-web/juminkanja/S2430/initialize?prefCd=38&kikanCd=2385700740&kikanKbn=2", "url2": null, "内容": "久万高原町国民健康保険面河診療所前組出張所【2:診療所】【診療科目:内科】愛媛県上浮穴郡久万高原町前組１７７４" }, "geometry": { "type": "Point", "coordinates": [ 132.991916, 33.711565 ] } },
{ "type": "Feature", "properties": { "ID": 3822385700870, "正式名称": "久万高原町国民健康保険面河診療所", "機関区分": 2, "都道府県コード": 38, "市区町村コード": 386, "所在地": "愛媛県上浮穴郡久万高原町渋草２４７４番地", "緯度": 33.691207, "経度": 133.033969, "url": "https://www.iryou.teikyouseido.mhlw.go.jp/znk-web/juminkanja/S2430/initialize?prefCd=38&kikanCd=2385700870&kikanKbn=2", "url2": null, "内容": "久万高原町国民健康保険面河診療所【2:診療所】【診療科目:内科】愛媛県上浮穴郡久万高原町渋草２４７４番地" }, "geometry": { "type": "Point", "coordinates": [ 133.033969, 33.691207 ] } },
{ "type": "Feature", "properties": { "ID": 3822385702050, "正式名称": "みかわクリニック", "機関区分": 2, "都道府県コード": 38, "市区町村コード": 386, "所在地": "愛媛県上浮穴郡久万高原町上黒岩２９２０番地", "緯度": 33.614658, "経度": 132.976589, "url": "https://www.iryou.teikyouseido.mhlw.go.jp/znk-web/juminkanja/S2430/initialize?prefCd=38&kikanCd=2385702050&kikanKbn=2", "url2": "http://mikawa-clinic.sakura.ne.jp/", "内容": "みかわクリニック【2:診療所】【診療科目:内科_小児科_アレルギー科】愛媛県上浮穴郡久万高原町上黒岩２９２０番地" }, "geometry": { "type": "Point", "coordinates": [ 132.976589, 33.614658 ] } },
{ "type": "Feature", "properties": { "ID": 3822385800770, "正式名称": "伊予診療所", "機関区分": 2, "都道府県コード": 38, "市区町村コード": 210, "所在地": "愛媛県伊予市下吾川５５番地１", "緯度": 33.767099, "経度": 132.70777, "url": "https://www.iryou.teikyouseido.mhlw.go.jp/znk-web/juminkanja/S2430/initialize?prefCd=38&kikanCd=2385800770&kikanKbn=2", "url2": "http://iyo-clinic.jp", "内容": "伊予診療所【2:診療所】【診療科目:内科】愛媛県伊予市下吾川５５番地１" }, "geometry": { "type": "Point", "coordinates": [ 132.70777, 33.767099 ] } },
{ "type": "Feature", "properties": { "ID": 3822385801230, "正式名称": "医療法人萠生会稲田内科医院", "機関区分": 2, "都道府県コード": 38, "市区町村コード": 210, "所在地": "愛媛県伊予市下吾川字北野３８１－１", "緯度": 33.769526, "経度": 132.710881, "url": "https://www.iryou.teikyouseido.mhlw.go.jp/znk-web/juminkanja/S2430/initialize?prefCd=38&kikanCd=2385801230&kikanKbn=2", "url2": "https://www.inadanaika.com", "内容": "医療法人萠生会稲田内科医院【2:診療所】【診療科目:内科_糖尿病内科_消化器内科】愛媛県伊予市下吾川字北野３８１－１" }, "geometry": { "type": "Point", "coordinates": [ 132.710881, 33.769526 ] } },
{ "type": "Feature", "properties": { "ID": 3822385801940, "正式名称": "木口ペインクリニック内科", "機関区分": 2, "都道府県コード": 38, "市区町村コード": 401, "所在地": "愛媛県伊予郡松前町西高柳１１０－１", "緯度": 33.804106, "経度": 132.72399, "url": "https://www.iryou.teikyouseido.mhlw.go.jp/znk-web/juminkanja/S2430/initialize?prefCd=38&kikanCd=2385801940&kikanKbn=2", "url2": "http://kiguchi.webmedipr.jp/", "内容": "木口ペインクリニック内科【2:診療所】【診療科目:内科_ペインクリニック内科_麻酔科】愛媛県伊予郡松前町西高柳１１０－１" }, "geometry": { "type": "Point", "coordinates": [ 132.72399, 33.804106 ] } },
{ "type": "Feature", "properties": { "ID": 3822385803410, "正式名称": "中川内科", "機関区分": 2, "都道府県コード": 38, "市区町村コード": 402, "所在地": "愛媛県伊予郡砥部町高尾田５１番地", "緯度": 33.78272, "経度": 132.792374, "url": "https://www.iryou.teikyouseido.mhlw.go.jp/znk-web/juminkanja/S2430/initialize?prefCd=38&kikanCd=2385803410&kikanKbn=2", "url2": null, "内容": "中川内科【2:診療所】【診療科目:内科_外科】愛媛県伊予郡砥部町高尾田５１番地" }, "geometry": { "type": "Point", "coordinates": [ 132.792374, 33.78272 ] } },
{ "type": "Feature", "properties": { "ID": 3822385803670, "正式名称": "鎌井内科", "機関区分": 2, "都道府県コード": 38, "市区町村コード": 402, "所在地": "愛媛県伊予郡砥部町千足２０－７", "緯度": 33.746558, "経度": 132.789987, "url": "https://www.iryou.teikyouseido.mhlw.go.jp/znk-web/juminkanja/S2430/initialize?prefCd=38&kikanCd=2385803670&kikanKbn=2", "url2": null, "内容": "鎌井内科【2:診療所】【診療科目:内科_呼吸器内科_循環器内科_胃腸内科】愛媛県伊予郡砥部町千足２０－７" }, "geometry": { "type": "Point", "coordinates": [ 132.789987, 33.746558 ] } },
{ "type": "Feature", "properties": { "ID": 3822385803960, "正式名称": "村上医院", "機関区分": 2, "都道府県コード": 38, "市区町村コード": 210, "所在地": "愛媛県伊予市下三谷１５０２番地", "緯度": 33.767582, "経度": 132.724908, "url": "https://www.iryou.teikyouseido.mhlw.go.jp/znk-web/juminkanja/S2430/initialize?prefCd=38&kikanCd=2385803960&kikanKbn=2", "url2": null, "内容": "村上医院【2:診療所】【診療科目:内科】愛媛県伊予市下三谷１５０２番地" }, "geometry": { "type": "Point", "coordinates": [ 132.724908, 33.767582 ] } },
{ "type": "Feature", "properties": { "ID": 3822385804000, "正式名称": "砥部町国民健康保険診療所", "機関区分": 2, "都道府県コード": 38, "市区町村コード": 402, "所在地": "愛媛県伊予郡砥部町総津３９６番地", "緯度": 33.63057, "経度": 132.798519, "url": "https://www.iryou.teikyouseido.mhlw.go.jp/znk-web/juminkanja/S2430/initialize?prefCd=38&kikanCd=2385804000&kikanKbn=2", "url2": "http://www.town.tobe.ehime.jp/soshiki/20/kokuhosinryousyo.html", "内容": "砥部町国民健康保険診療所【2:診療所】【診療科目:内科_歯科】愛媛県伊予郡砥部町総津３９６番地" }, "geometry": { "type": "Point", "coordinates": [ 132.798519, 33.63057 ] } },
{ "type": "Feature", "properties": { "ID": 3822385804260, "正式名称": "小泉小児科", "機関区分": 2, "都道府県コード": 38, "市区町村コード": 402, "所在地": "愛媛県伊予郡砥部町拾町２８１番地２", "緯度": 33.781193, "経度": 132.786347, "url": "https://www.iryou.teikyouseido.mhlw.go.jp/znk-web/juminkanja/S2430/initialize?prefCd=38&kikanCd=2385804260&kikanKbn=2", "url2": "https://itp.ne.jp/info/382277646400000899/", "内容": "小泉小児科【2:診療所】【診療科目:小児科_アレルギー科】愛媛県伊予郡砥部町拾町２８１番地２" }, "geometry": { "type": "Point", "coordinates": [ 132.786347, 33.781193 ] } },
{ "type": "Feature", "properties": { "ID": 3822385804550, "正式名称": "西村医院", "機関区分": 2, "都道府県コード": 38, "市区町村コード": 402, "所在地": "愛媛県伊予郡砥部町宮内８１１", "緯度": 33.75039, "経度": 132.790487, "url": "https://www.iryou.teikyouseido.mhlw.go.jp/znk-web/juminkanja/S2430/initialize?prefCd=38&kikanCd=2385804550&kikanKbn=2", "url2": null, "内容": "西村医院【2:診療所】【診療科目:内科_胃腸内科_外科_整形外科_小児外科】愛媛県伊予郡砥部町宮内８１１" }, "geometry": { "type": "Point", "coordinates": [ 132.790487, 33.75039 ] } },
{ "type": "Feature", "properties": { "ID": 3822385804970, "正式名称": "いよ産婦人科医院", "機関区分": 2, "都道府県コード": 38, "市区町村コード": 210, "所在地": "愛媛県伊予市下吾川字浜田１４４２－１３", "緯度": 33.763388, "経度": 132.704493, "url": "https://www.iryou.teikyouseido.mhlw.go.jp/znk-web/juminkanja/S2430/initialize?prefCd=38&kikanCd=2385804970&kikanKbn=2", "url2": null, "内容": "いよ産婦人科医院【2:診療所】【診療科目:産婦人科】愛媛県伊予市下吾川字浜田１４４２－１３" }, "geometry": { "type": "Point", "coordinates": [ 132.704493, 33.763388 ] } },
{ "type": "Feature", "properties": { "ID": 3822385805010, "正式名称": "友澤外科", "機関区分": 2, "都道府県コード": 38, "市区町村コード": 401, "所在地": "愛媛県伊予郡松前町北黒田１７３－１", "緯度": 33.782247, "経度": 132.713436, "url": "https://www.iryou.teikyouseido.mhlw.go.jp/znk-web/juminkanja/S2430/initialize?prefCd=38&kikanCd=2385805010&kikanKbn=2", "url2": null, "内容": "友澤外科【2:診療所】【診療科目:外科】愛媛県伊予郡松前町北黒田１７３－１" }, "geometry": { "type": "Point", "coordinates": [ 132.713436, 33.782247 ] } },
{ "type": "Feature", "properties": { "ID": 3822385805300, "正式名称": "きむら内科クリニック", "機関区分": 2, "都道府県コード": 38, "市区町村コード": 210, "所在地": "愛媛県伊予市灘町１５１番地", "緯度": 33.759721, "経度": 132.702105, "url": "https://www.iryou.teikyouseido.mhlw.go.jp/znk-web/juminkanja/S2430/initialize?prefCd=38&kikanCd=2385805300&kikanKbn=2", "url2": "http://kimura-naika-clinic.com/", "内容": "きむら内科クリニック【2:診療所】【診療科目:内科_血液内科_消化器内科】愛媛県伊予市灘町１５１番地" }, "geometry": { "type": "Point", "coordinates": [ 132.702105, 33.759721 ] } },
{ "type": "Feature", "properties": { "ID": 3822385805430, "正式名称": "河辺整形外科", "機関区分": 2, "都道府県コード": 38, "市区町村コード": 401, "所在地": "愛媛県伊予郡松前町浜８５８番地", "緯度": 33.786663, "経度": 132.708797, "url": "https://www.iryou.teikyouseido.mhlw.go.jp/znk-web/juminkanja/S2430/initialize?prefCd=38&kikanCd=2385805430&kikanKbn=2", "url2": null, "内容": "河辺整形外科【2:診療所】【診療科目:整形外科_リハビリテーション科】愛媛県伊予郡松前町浜８５８番地" }, "geometry": { "type": "Point", "coordinates": [ 132.708797, 33.786663 ] } },
{ "type": "Feature", "properties": { "ID": 3822385805850, "正式名称": "高瀬内科胃腸科", "機関区分": 2, "都道府県コード": 38, "市区町村コード": 401, "所在地": "愛媛県伊予郡松前町出作５３９番地１", "緯度": 33.790691, "経度": 132.750905, "url": "https://www.iryou.teikyouseido.mhlw.go.jp/znk-web/juminkanja/S2430/initialize?prefCd=38&kikanCd=2385805850&kikanKbn=2", "url2": "https://asitamo-1117.jimdofree.com", "内容": "高瀬内科胃腸科【2:診療所】【診療科目:内科】愛媛県伊予郡松前町出作５３９番地１" }, "geometry": { "type": "Point", "coordinates": [ 132.750905, 33.790691 ] } },
{ "type": "Feature", "properties": { "ID": 3822385805980, "正式名称": "医療法人真幸会中山クリニック", "機関区分": 2, "都道府県コード": 38, "市区町村コード": 210, "所在地": "愛媛県伊予市中山町出渕２番耕地２８番－３", "緯度": 33.63679, "経度": 132.709415, "url": "https://www.iryou.teikyouseido.mhlw.go.jp/znk-web/juminkanja/S2430/initialize?prefCd=38&kikanCd=2385805980&kikanKbn=2", "url2": null, "内容": "医療法人真幸会中山クリニック【2:診療所】【診療科目:内科_小児科_リハビリテーション科】愛媛県伊予市中山町出渕２番耕地２８番－３" }, "geometry": { "type": "Point", "coordinates": [ 132.709415, 33.63679 ] } },
{ "type": "Feature", "properties": { "ID": 3822385806020, "正式名称": "むかいだ小児科", "機関区分": 2, "都道府県コード": 38, "市区町村コード": 401, "所在地": "愛媛県伊予郡松前町恵久美７９２番地１", "緯度": 33.798218, "経度": 132.725545, "url": "https://www.iryou.teikyouseido.mhlw.go.jp/znk-web/juminkanja/S2430/initialize?prefCd=38&kikanCd=2385806020&kikanKbn=2", "url2": "http://www.mukaida.or.jp", "内容": "むかいだ小児科【2:診療所】【診療科目:小児科_皮膚科】愛媛県伊予郡松前町恵久美７９２番地１" }, "geometry": { "type": "Point", "coordinates": [ 132.725545, 33.798218 ] } },
{ "type": "Feature", "properties": { "ID": 3822385806150, "正式名称": "下灘診療所", "機関区分": 2, "都道府県コード": 38, "市区町村コード": 210, "所在地": "愛媛県伊予市双海町串甲９７番地１０", "緯度": 33.651508, "経度": 132.579481, "url": "https://www.iryou.teikyouseido.mhlw.go.jp/znk-web/juminkanja/S2430/initialize?prefCd=38&kikanCd=2385806150&kikanKbn=2", "url2": null, "内容": "下灘診療所【2:診療所】【診療科目:内科_外科】愛媛県伊予市双海町串甲９７番地１０" }, "geometry": { "type": "Point", "coordinates": [ 132.579481, 33.651508 ] } },
{ "type": "Feature", "properties": { "ID": 3822385806280, "正式名称": "西原耳鼻咽喉科", "機関区分": 2, "都道府県コード": 38, "市区町村コード": 401, "所在地": "愛媛県伊予郡松前町恵久美８１１－１", "緯度": 33.798967, "経度": 132.726017, "url": "https://www.iryou.teikyouseido.mhlw.go.jp/znk-web/juminkanja/S2430/initialize?prefCd=38&kikanCd=2385806280&kikanKbn=2", "url2": "https://www.nishihara-jibika.jp/", "内容": "西原耳鼻咽喉科【2:診療所】【診療科目:耳鼻いんこう科】愛媛県伊予郡松前町恵久美８１１－１" }, "geometry": { "type": "Point", "coordinates": [ 132.726017, 33.798967 ] } },
{ "type": "Feature", "properties": { "ID": 3822385806310, "正式名称": "よしおか内科", "機関区分": 2, "都道府県コード": 38, "市区町村コード": 402, "所在地": "愛媛県伊予郡砥部町高尾田１０９３－１５", "緯度": 33.77611, "経度": 132.793485, "url": "https://www.iryou.teikyouseido.mhlw.go.jp/znk-web/juminkanja/S2430/initialize?prefCd=38&kikanCd=2385806310&kikanKbn=2", "url2": "https://www.yoshiokanaika.com/", "内容": "よしおか内科【2:診療所】【診療科目:内科】愛媛県伊予郡砥部町高尾田１０９３－１５" }, "geometry": { "type": "Point", "coordinates": [ 132.793485, 33.77611 ] } },
{ "type": "Feature", "properties": { "ID": 3822385806570, "正式名称": "豊島医院", "機関区分": 2, "都道府県コード": 38, "市区町村コード": 402, "所在地": "愛媛県伊予郡砥部町大南１９８番地２", "緯度": 33.739475, "経度": 132.794098, "url": "https://www.iryou.teikyouseido.mhlw.go.jp/znk-web/juminkanja/S2430/initialize?prefCd=38&kikanCd=2385806570&kikanKbn=2", "url2": null, "内容": "豊島医院【2:診療所】【診療科目:内科_小児科_麻酔科】愛媛県伊予郡砥部町大南１９８番地２" }, "geometry": { "type": "Point", "coordinates": [ 132.794098, 33.739475 ] } },
{ "type": "Feature", "properties": { "ID": 3822385806730, "正式名称": "西尾眼科", "機関区分": 2, "都道府県コード": 38, "市区町村コード": 401, "所在地": "愛媛県伊予郡松前町北黒田字石山１８５－５", "緯度": 33.781469, "経度": 132.711408, "url": "https://www.iryou.teikyouseido.mhlw.go.jp/znk-web/juminkanja/S2430/initialize?prefCd=38&kikanCd=2385806730&kikanKbn=2", "url2": null, "内容": "西尾眼科【2:診療所】【診療科目:眼科_眼科】愛媛県伊予郡松前町北黒田字石山１８５－５" }, "geometry": { "type": "Point", "coordinates": [ 132.711408, 33.781469 ] } },
{ "type": "Feature", "properties": { "ID": 3822385806860, "正式名称": "木谷耳鼻咽喉科", "機関区分": 2, "都道府県コード": 38, "市区町村コード": 402, "所在地": "愛媛県伊予郡砥部町麻生１－３", "緯度": 33.780542, "経度": 132.787643, "url": "https://www.iryou.teikyouseido.mhlw.go.jp/znk-web/juminkanja/S2430/initialize?prefCd=38&kikanCd=2385806860&kikanKbn=2", "url2": "https://www.kitani-ent.com", "内容": "木谷耳鼻咽喉科【2:診療所】【診療科目:耳鼻いんこう科】愛媛県伊予郡砥部町麻生１－３" }, "geometry": { "type": "Point", "coordinates": [ 132.787643, 33.780542 ] } },
{ "type": "Feature", "properties": { "ID": 3822385901000, "正式名称": "浦岡医院", "機関区分": 2, "都道府県コード": 38, "市区町村コード": 207, "所在地": "愛媛県大洲市大洲８７７番地", "緯度": 33.50769, "経度": 132.54188, "url": "https://www.iryou.teikyouseido.mhlw.go.jp/znk-web/juminkanja/S2430/initialize?prefCd=38&kikanCd=2385901000&kikanKbn=2", "url2": null, "内容": "浦岡医院【2:診療所】【診療科目:内科_呼吸器内科_循環器内科_消化器内科_小児科_リハビリテーション科】愛媛県大洲市大洲８７７番地" }, "geometry": { "type": "Point", "coordinates": [ 132.54188, 33.50769 ] } },
{ "type": "Feature", "properties": { "ID": 3822385901260, "正式名称": "岡本耳鼻咽喉科気管食道科医院", "機関区分": 2, "都道府県コード": 38, "市区町村コード": 207, "所在地": "愛媛県大洲市大洲１８番地１", "緯度": 33.50794, "経度": 132.544435, "url": "https://www.iryou.teikyouseido.mhlw.go.jp/znk-web/juminkanja/S2430/initialize?prefCd=38&kikanCd=2385901260&kikanKbn=2", "url2": "https://okamoto-entclinic.com/", "内容": "岡本耳鼻咽喉科気管食道科医院【2:診療所】【診療科目:気管食道外科_耳鼻いんこう科】愛媛県大洲市大洲１８番地１" }, "geometry": { "type": "Point", "coordinates": [ 132.544435, 33.50794 ] } },
{ "type": "Feature", "properties": { "ID": 3822385901680, "正式名称": "澤井耳鼻咽喉科・気管食道科", "機関区分": 2, "都道府県コード": 38, "市区町村コード": 207, "所在地": "愛媛県大洲市中村４３２番地２", "緯度": 33.512578, "経度": 132.544296, "url": "https://www.iryou.teikyouseido.mhlw.go.jp/znk-web/juminkanja/S2430/initialize?prefCd=38&kikanCd=2385901680&kikanKbn=2", "url2": null, "内容": "澤井耳鼻咽喉科・気管食道科【2:診療所】【診療科目:気管食道外科_耳鼻いんこう科】愛媛県大洲市中村４３２番地２" }, "geometry": { "type": "Point", "coordinates": [ 132.544296, 33.512578 ] } },
{ "type": "Feature", "properties": { "ID": 3822385902850, "正式名称": "医療法人　菊原医院", "機関区分": 2, "都道府県コード": 38, "市区町村コード": 207, "所在地": "愛媛県大洲市八多喜町甲９７番地１", "緯度": 33.563295, "経度": 132.541821, "url": "https://www.iryou.teikyouseido.mhlw.go.jp/znk-web/juminkanja/S2430/initialize?prefCd=38&kikanCd=2385902850&kikanKbn=2", "url2": null, "内容": "医療法人　菊原医院【2:診療所】【診療科目:内科_外科_整形外科】愛媛県大洲市八多喜町甲９７番地１" }, "geometry": { "type": "Point", "coordinates": [ 132.541821, 33.563295 ] } },
{ "type": "Feature", "properties": { "ID": 3822385903730, "正式名称": "医療法人社団池田医院", "機関区分": 2, "都道府県コード": 38, "市区町村コード": 207, "所在地": "愛媛県大洲市東大洲８４番地１１", "緯度": 33.518133, "経度": 132.551989, "url": "https://www.iryou.teikyouseido.mhlw.go.jp/znk-web/juminkanja/S2430/initialize?prefCd=38&kikanCd=2385903730&kikanKbn=2", "url2": "http://ikeda-clinic.jpn.com/", "内容": "医療法人社団池田医院【2:診療所】【診療科目:皮膚科_泌尿器科_アレルギー科】愛媛県大洲市東大洲８４番地１１" }, "geometry": { "type": "Point", "coordinates": [ 132.551989, 33.518133 ] } },
{ "type": "Feature", "properties": { "ID": 3822385904160, "正式名称": "大洲市出海診療所", "機関区分": 2, "都道府県コード": 38, "市区町村コード": 207, "所在地": "愛媛県大洲市長浜町出海甲１２８２番地", "緯度": 33.558599, "経度": 132.434358, "url": "https://www.iryou.teikyouseido.mhlw.go.jp/znk-web/juminkanja/S2430/initialize?prefCd=38&kikanCd=2385904160&kikanKbn=2", "url2": "https://www.city.ozu.ehime.jp", "内容": "大洲市出海診療所【2:診療所】【診療科目:内科】愛媛県大洲市長浜町出海甲１２８２番地" }, "geometry": { "type": "Point", "coordinates": [ 132.434358, 33.558599 ] } },
{ "type": "Feature", "properties": { "ID": 3822385905460, "正式名称": "小川医院", "機関区分": 2, "都道府県コード": 38, "市区町村コード": 422, "所在地": "愛媛県喜多郡内子町２２１２番地", "緯度": 33.553631, "経度": 132.65384, "url": "https://www.iryou.teikyouseido.mhlw.go.jp/znk-web/juminkanja/S2430/initialize?prefCd=38&kikanCd=2385905460&kikanKbn=2", "url2": "https://ogawaiin100.wixsite.com/mysite", "内容": "小川医院【2:診療所】【診療科目:内科_呼吸器内科_消化器内科_小児科】愛媛県喜多郡内子町２２１２番地" }, "geometry": { "type": "Point", "coordinates": [ 132.65384, 33.553631 ] } },
{ "type": "Feature", "properties": { "ID": 3822385905910, "正式名称": "古川医院", "機関区分": 2, "都道府県コード": 38, "市区町村コード": 422, "所在地": "愛媛県喜多郡内子町内子２２５６番地", "緯度": 33.553881, "経度": 132.654535, "url": "https://www.iryou.teikyouseido.mhlw.go.jp/znk-web/juminkanja/S2430/initialize?prefCd=38&kikanCd=2385905910&kikanKbn=2", "url2": "https://www.furukawaclinic-uchiko.com", "内容": "古川医院【2:診療所】【診療科目:内科_胃腸内科】愛媛県喜多郡内子町内子２２５６番地" }, "geometry": { "type": "Point", "coordinates": [ 132.654535, 33.553881 ] } },
{ "type": "Feature", "properties": { "ID": 3822385906470, "正式名称": "植木内科医院", "機関区分": 2, "都道府県コード": 38, "市区町村コード": 422, "所在地": "愛媛県喜多郡内子町五十崎甲１２１２番地", "緯度": 33.535057, "経度": 132.654997, "url": "https://www.iryou.teikyouseido.mhlw.go.jp/znk-web/juminkanja/S2430/initialize?prefCd=38&kikanCd=2385906470&kikanKbn=2", "url2": null, "内容": "植木内科医院【2:診療所】【診療科目:内科_消化器内科_胃腸内科】愛媛県喜多郡内子町五十崎甲１２１２番地" }, "geometry": { "type": "Point", "coordinates": [ 132.654997, 33.535057 ] } },
{ "type": "Feature", "properties": { "ID": 3822385907220, "正式名称": "大野内科", "機関区分": 2, "都道府県コード": 38, "市区町村コード": 207, "所在地": "愛媛県大洲市大洲６６５番地７", "緯度": 33.506329, "経度": 132.546101, "url": "https://www.iryou.teikyouseido.mhlw.go.jp/znk-web/juminkanja/S2430/initialize?prefCd=38&kikanCd=2385907220&kikanKbn=2", "url2": null, "内容": "大野内科【2:診療所】【診療科目:内科_循環器内科】愛媛県大洲市大洲６６５番地７" }, "geometry": { "type": "Point", "coordinates": [ 132.546101, 33.506329 ] } },
{ "type": "Feature", "properties": { "ID": 3822385907480, "正式名称": "石村整形外科医院", "機関区分": 2, "都道府県コード": 38, "市区町村コード": 207, "所在地": "愛媛県大洲市若宮９５５－１", "緯度": 33.522161, "経度": 132.556017, "url": "https://www.iryou.teikyouseido.mhlw.go.jp/znk-web/juminkanja/S2430/initialize?prefCd=38&kikanCd=2385907480&kikanKbn=2", "url2": null, "内容": "石村整形外科医院【2:診療所】【診療科目:整形外科】愛媛県大洲市若宮９５５－１" }, "geometry": { "type": "Point", "coordinates": [ 132.556017, 33.522161 ] } },
{ "type": "Feature", "properties": { "ID": 3822385907800, "正式名称": "久保内科循環器科", "機関区分": 2, "都道府県コード": 38, "市区町村コード": 207, "所在地": "愛媛県大洲市新谷町甲１８番地", "緯度": 33.536382, "経度": 132.599485, "url": "https://www.iryou.teikyouseido.mhlw.go.jp/znk-web/juminkanja/S2430/initialize?prefCd=38&kikanCd=2385907800&kikanKbn=2", "url2": null, "内容": "久保内科循環器科【2:診療所】【診療科目:内科_呼吸器内科_循環器内科】愛媛県大洲市新谷町甲１８番地" }, "geometry": { "type": "Point", "coordinates": [ 132.599485, 33.536382 ] } },
{ "type": "Feature", "properties": { "ID": 3822385907930, "正式名称": "大洲市国民健康保険河辺診療所", "機関区分": 2, "都道府県コード": 38, "市区町村コード": 207, "所在地": "愛媛県大洲市河辺町植松４２８番地", "緯度": 33.48464, "経度": 132.736642, "url": "https://www.iryou.teikyouseido.mhlw.go.jp/znk-web/juminkanja/S2430/initialize?prefCd=38&kikanCd=2385907930&kikanKbn=2", "url2": "https://www.city.ozu.ehime.jp/soshiki/shimin/0612.html", "内容": "大洲市国民健康保険河辺診療所【2:診療所】【診療科目:内科_外科_小児科】愛媛県大洲市河辺町植松４２８番地" }, "geometry": { "type": "Point", "coordinates": [ 132.736642, 33.48464 ] } },
{ "type": "Feature", "properties": { "ID": 3822385908100, "正式名称": "医療法人佐々木整形外科クリニック", "機関区分": 2, "都道府県コード": 38, "市区町村コード": 422, "所在地": "愛媛県喜多郡内子町五十崎甲１４０８番地１", "緯度": 33.538077, "経度": 132.655285, "url": "https://www.iryou.teikyouseido.mhlw.go.jp/znk-web/juminkanja/S2430/initialize?prefCd=38&kikanCd=2385908100&kikanKbn=2", "url2": null, "内容": "医療法人佐々木整形外科クリニック【2:診療所】【診療科目:内科_整形外科_リハビリテーション科】愛媛県喜多郡内子町五十崎甲１４０８番地１" }, "geometry": { "type": "Point", "coordinates": [ 132.655285, 33.538077 ] } },
{ "type": "Feature", "properties": { "ID": 3822385908360, "正式名称": "大洲市櫛生診療所", "機関区分": 2, "都道府県コード": 38, "市区町村コード": 207, "所在地": "愛媛県大洲市長浜町櫛生甲１９６番地の３", "緯度": 33.572913, "経度": 132.444377, "url": "https://www.iryou.teikyouseido.mhlw.go.jp/znk-web/juminkanja/S2430/initialize?prefCd=38&kikanCd=2385908360&kikanKbn=2", "url2": "https://www.city.ozu.ehime.jp", "内容": "大洲市櫛生診療所【2:診療所】【診療科目:内科】愛媛県大洲市長浜町櫛生甲１９６番地の３" }, "geometry": { "type": "Point", "coordinates": [ 132.444377, 33.572913 ] } },
{ "type": "Feature", "properties": { "ID": 3822385908490, "正式名称": "村上内科医院", "機関区分": 2, "都道府県コード": 38, "市区町村コード": 207, "所在地": "愛媛県大洲市北只１６８番地", "緯度": 33.494969, "経度": 132.546574, "url": "https://www.iryou.teikyouseido.mhlw.go.jp/znk-web/juminkanja/S2430/initialize?prefCd=38&kikanCd=2385908490&kikanKbn=2", "url2": null, "内容": "村上内科医院【2:診療所】【診療科目:内科_呼吸器内科_循環器内科_胃腸内科_放射線科】愛媛県大洲市北只１６８番地" }, "geometry": { "type": "Point", "coordinates": [ 132.546574, 33.494969 ] } },
{ "type": "Feature", "properties": { "ID": 3822385908780, "正式名称": "土居内科外科医院", "機関区分": 2, "都道府県コード": 38, "市区町村コード": 422, "所在地": "愛媛県喜多郡内子町平岡甲１３５番地１", "緯度": 33.532356, "経度": 132.658924, "url": "https://www.iryou.teikyouseido.mhlw.go.jp/znk-web/juminkanja/S2430/initialize?prefCd=38&kikanCd=2385908780&kikanKbn=2", "url2": "http://rikyukai.web.fc2.com/", "内容": "土居内科外科医院【2:診療所】【診療科目:内科_外科_整形外科】愛媛県喜多郡内子町平岡甲１３５番地１" }, "geometry": { "type": "Point", "coordinates": [ 132.658924, 33.532356 ] } },
{ "type": "Feature", "properties": { "ID": 3822385909080, "正式名称": "東大洲城戸眼科", "機関区分": 2, "都道府県コード": 38, "市区町村コード": 207, "所在地": "愛媛県大洲市東大洲１４９番地２", "緯度": 33.516661, "経度": 132.556322, "url": "https://www.iryou.teikyouseido.mhlw.go.jp/znk-web/juminkanja/S2430/initialize?prefCd=38&kikanCd=2385909080&kikanKbn=2", "url2": null, "内容": "東大洲城戸眼科【2:診療所】【診療科目:眼科】愛媛県大洲市東大洲１４９番地２" }, "geometry": { "type": "Point", "coordinates": [ 132.556322, 33.516661 ] } },
{ "type": "Feature", "properties": { "ID": 3822385909240, "正式名称": "松本整形外科医院", "機関区分": 2, "都道府県コード": 38, "市区町村コード": 422, "所在地": "愛媛県喜多郡内子町内子９６８番地", "緯度": 33.548937, "経度": 132.648258, "url": "https://www.iryou.teikyouseido.mhlw.go.jp/znk-web/juminkanja/S2430/initialize?prefCd=38&kikanCd=2385909240&kikanKbn=2", "url2": "https://kitaishikai.jp/hp/doctor_map/1958/", "内容": "松本整形外科医院【2:診療所】【診療科目:内科_整形外科_リウマチ科_リハビリテーション科】愛媛県喜多郡内子町内子９６８番地" }, "geometry": { "type": "Point", "coordinates": [ 132.648258, 33.548937 ] } },
{ "type": "Feature", "properties": { "ID": 3822385909400, "正式名称": "大久保内科クリニック", "機関区分": 2, "都道府県コード": 38, "市区町村コード": 207, "所在地": "愛媛県大洲市八多喜町甲２１１番地１", "緯度": 33.563795, "経度": 132.539516, "url": "https://www.iryou.teikyouseido.mhlw.go.jp/znk-web/juminkanja/S2430/initialize?prefCd=38&kikanCd=2385909400&kikanKbn=2", "url2": null, "内容": "大久保内科クリニック【2:診療所】【診療科目:内科_呼吸器内科_循環器内科_消化器内科】愛媛県大洲市八多喜町甲２１１番地１" }, "geometry": { "type": "Point", "coordinates": [ 132.539516, 33.563795 ] } },
{ "type": "Feature", "properties": { "ID": 3822385909790, "正式名称": "平田胃腸科肛門科", "機関区分": 2, "都道府県コード": 38, "市区町村コード": 207, "所在地": "愛媛県大洲市若宮６７２ー５", "緯度": 33.5198, "経度": 132.549795, "url": "https://www.iryou.teikyouseido.mhlw.go.jp/znk-web/juminkanja/S2430/initialize?prefCd=38&kikanCd=2385909790&kikanKbn=2", "url2": null, "内容": "平田胃腸科肛門科【2:診療所】【診療科目:内科_消化器内科_胃腸内科_外科_肛門外科_リハビリテーション科】愛媛県大洲市若宮６７２ー５" }, "geometry": { "type": "Point", "coordinates": [ 132.549795, 33.5198 ] } },
{ "type": "Feature", "properties": { "ID": 3822385909950, "正式名称": "いんなみ眼科神経内科", "機関区分": 2, "都道府県コード": 38, "市区町村コード": 207, "所在地": "愛媛県大洲市田口甲３８０番地１", "緯度": 33.519578, "経度": 132.549962, "url": "https://www.iryou.teikyouseido.mhlw.go.jp/znk-web/juminkanja/S2430/initialize?prefCd=38&kikanCd=2385909950&kikanKbn=2", "url2": null, "内容": "いんなみ眼科神経内科【2:診療所】【診療科目:脳神経内科_眼科_精神科】愛媛県大洲市田口甲３８０番地１" }, "geometry": { "type": "Point", "coordinates": [ 132.549962, 33.519578 ] } },
{ "type": "Feature", "properties": { "ID": 3822385910350, "正式名称": "西原耳鼻咽喉科", "機関区分": 2, "都道府県コード": 38, "市区町村コード": 207, "所在地": "愛媛県大洲市東大洲１４０番地１", "緯度": 33.516134, "経度": 132.555211, "url": "https://www.iryou.teikyouseido.mhlw.go.jp/znk-web/juminkanja/S2430/initialize?prefCd=38&kikanCd=2385910350&kikanKbn=2", "url2": "https://nishihara-ent.com/", "内容": "西原耳鼻咽喉科【2:診療所】【診療科目:耳鼻いんこう科】愛媛県大洲市東大洲１４０番地１" }, "geometry": { "type": "Point", "coordinates": [ 132.555211, 33.516134 ] } },
{ "type": "Feature", "properties": { "ID": 3822385910480, "正式名称": "かわばた産婦人科", "機関区分": 2, "都道府県コード": 38, "市区町村コード": 207, "所在地": "愛媛県大洲市東大洲２３０番地２", "緯度": 33.517106, "経度": 132.557878, "url": "https://www.iryou.teikyouseido.mhlw.go.jp/znk-web/juminkanja/S2430/initialize?prefCd=38&kikanCd=2385910480&kikanKbn=2", "url2": "http://www.kawabata-lc.jp/", "内容": "かわばた産婦人科【2:診療所】【診療科目:産婦人科】愛媛県大洲市東大洲２３０番地２" }, "geometry": { "type": "Point", "coordinates": [ 132.557878, 33.517106 ] } },
{ "type": "Feature", "properties": { "ID": 3822385910640, "正式名称": "みやうち医院", "機関区分": 2, "都道府県コード": 38, "市区町村コード": 207, "所在地": "愛媛県大洲市徳森２２１７－１１", "緯度": 33.520717, "経度": 132.587153, "url": "https://www.iryou.teikyouseido.mhlw.go.jp/znk-web/juminkanja/S2430/initialize?prefCd=38&kikanCd=2385910640&kikanKbn=2", "url2": null, "内容": "みやうち医院【2:診療所】【診療科目:内科_消化器内科_外科_整形外科】愛媛県大洲市徳森２２１７－１１" }, "geometry": { "type": "Point", "coordinates": [ 132.587153, 33.520717 ] } },
{ "type": "Feature", "properties": { "ID": 3822385911230, "正式名称": "井関クリニック", "機関区分": 2, "都道府県コード": 38, "市区町村コード": 207, "所在地": "愛媛県大洲市新谷町甲３０６番地", "緯度": 33.537299, "経度": 132.596485, "url": "https://www.iryou.teikyouseido.mhlw.go.jp/znk-web/juminkanja/S2430/initialize?prefCd=38&kikanCd=2385911230&kikanKbn=2", "url2": null, "内容": "井関クリニック【2:診療所】【診療科目:内科_消化器内科_外科_肛門外科_麻酔科】愛媛県大洲市新谷町甲３０６番地" }, "geometry": { "type": "Point", "coordinates": [ 132.596485, 33.537299 ] } },
{ "type": "Feature", "properties": { "ID": 3822385912370, "正式名称": "ごとう小児科", "機関区分": 2, "都道府県コード": 38, "市区町村コード": 207, "所在地": "愛媛県大洲市東大洲７４番地２", "緯度": 33.516411, "経度": 132.5526, "url": "https://www.iryou.teikyouseido.mhlw.go.jp/znk-web/juminkanja/S2430/initialize?prefCd=38&kikanCd=2385912370&kikanKbn=2", "url2": "https://gotoushounika.org/", "内容": "ごとう小児科【2:診療所】【診療科目:小児科】愛媛県大洲市東大洲７４番地２" }, "geometry": { "type": "Point", "coordinates": [ 132.5526, 33.516411 ] } },
{ "type": "Feature", "properties": { "ID": 3822385913250, "正式名称": "おおむら小児科", "機関区分": 2, "都道府県コード": 38, "市区町村コード": 422, "所在地": "愛媛県喜多郡内子町城廻８４６－３０番地", "緯度": 33.562492, "経度": 132.657617, "url": "https://www.iryou.teikyouseido.mhlw.go.jp/znk-web/juminkanja/S2430/initialize?prefCd=38&kikanCd=2385913250&kikanKbn=2", "url2": null, "内容": "おおむら小児科【2:診療所】【診療科目:小児科】愛媛県喜多郡内子町城廻８４６－３０番地" }, "geometry": { "type": "Point", "coordinates": [ 132.657617, 33.562492 ] } },
{ "type": "Feature", "properties": { "ID": 3822385913410, "正式名称": "てらおか内科クリニック", "機関区分": 2, "都道府県コード": 38, "市区町村コード": 207, "所在地": "愛媛県大洲市若宮４９７番地", "緯度": 33.517328, "経度": 132.546545, "url": "https://www.iryou.teikyouseido.mhlw.go.jp/znk-web/juminkanja/S2430/initialize?prefCd=38&kikanCd=2385913410&kikanKbn=2", "url2": null, "内容": "てらおか内科クリニック【2:診療所】【診療科目:内科】愛媛県大洲市若宮４９７番地" }, "geometry": { "type": "Point", "coordinates": [ 132.546545, 33.517328 ] } },
{ "type": "Feature", "properties": { "ID": 3822386002340, "正式名称": "八幡浜市大島診療所", "機関区分": 2, "都道府県コード": 38, "市区町村コード": 204, "所在地": "愛媛県八幡浜市大島２番耕地１０１番地１", "緯度": 33.386227, "経度": 132.340069, "url": "https://www.iryou.teikyouseido.mhlw.go.jp/znk-web/juminkanja/S2430/initialize?prefCd=38&kikanCd=2386002340&kikanKbn=2", "url2": null, "内容": "八幡浜市大島診療所【2:診療所】【診療科目:内科】愛媛県八幡浜市大島２番耕地１０１番地１" }, "geometry": { "type": "Point", "coordinates": [ 132.340069, 33.386227 ] } },
{ "type": "Feature", "properties": { "ID": 3822386002760, "正式名称": "鎌田内科消化器科クリニック", "機関区分": 2, "都道府県コード": 38, "市区町村コード": 204, "所在地": "愛媛県八幡浜市大黒町３丁目１５２６番地８０", "緯度": 33.459332, "経度": 132.422558, "url": "https://www.iryou.teikyouseido.mhlw.go.jp/znk-web/juminkanja/S2430/initialize?prefCd=38&kikanCd=2386002760&kikanKbn=2", "url2": "http://www.kamada-clinic.net/.", "内容": "鎌田内科消化器科クリニック【2:診療所】【診療科目:内科_消化器内科】愛媛県八幡浜市大黒町３丁目１５２６番地８０" }, "geometry": { "type": "Point", "coordinates": [ 132.422558, 33.459332 ] } },
{ "type": "Feature", "properties": { "ID": 3822386003800, "正式名称": "穴井診療所", "機関区分": 2, "都道府県コード": 38, "市区町村コード": 204, "所在地": "愛媛県八幡浜市穴井３番耕地４０１番地", "緯度": 33.403532, "経度": 132.394008, "url": "https://www.iryou.teikyouseido.mhlw.go.jp/znk-web/juminkanja/S2430/initialize?prefCd=38&kikanCd=2386003800&kikanKbn=2", "url2": null, "内容": "穴井診療所【2:診療所】【診療科目:内科_小児科】愛媛県八幡浜市穴井３番耕地４０１番地" }, "geometry": { "type": "Point", "coordinates": [ 132.394008, 33.403532 ] } },
{ "type": "Feature", "properties": { "ID": 3822386003930, "正式名称": "浅田内科医院", "機関区分": 2, "都道府県コード": 38, "市区町村コード": 204, "所在地": "愛媛県八幡浜市仲之町３８９番地２", "緯度": 33.460274, "経度": 132.42342, "url": "https://www.iryou.teikyouseido.mhlw.go.jp/znk-web/juminkanja/S2430/initialize?prefCd=38&kikanCd=2386003930&kikanKbn=2", "url2": null, "内容": "浅田内科医院【2:診療所】【診療科目:内科_消化器内科】愛媛県八幡浜市仲之町３８９番地２" }, "geometry": { "type": "Point", "coordinates": [ 132.42342, 33.460274 ] } },
{ "type": "Feature", "properties": { "ID": 3822386004070, "正式名称": "中野医院", "機関区分": 2, "都道府県コード": 38, "市区町村コード": 204, "所在地": "愛媛県八幡浜市五反田１番耕地３６番地２", "緯度": 33.448805, "経度": 132.434447, "url": "https://www.iryou.teikyouseido.mhlw.go.jp/znk-web/juminkanja/S2430/initialize?prefCd=38&kikanCd=2386004070&kikanKbn=2", "url2": "https://nakanoclinic-yawatahama.com/", "内容": "中野医院【2:診療所】【診療科目:内科_消化器内科_肝臓内科】愛媛県八幡浜市五反田１番耕地３６番地２" }, "geometry": { "type": "Point", "coordinates": [ 132.434447, 33.448805 ] } },
{ "type": "Feature", "properties": { "ID": 3822386004810, "正式名称": "永松内科医院", "機関区分": 2, "都道府県コード": 38, "市区町村コード": 204, "所在地": "愛媛県八幡浜市保内町川之石１番耕地２６０番地２", "緯度": 33.477218, "経度": 132.396726, "url": "https://www.iryou.teikyouseido.mhlw.go.jp/znk-web/juminkanja/S2430/initialize?prefCd=38&kikanCd=2386004810&kikanKbn=2", "url2": null, "内容": "永松内科医院【2:診療所】【診療科目:内科_呼吸器内科_循環器内科_消化器内科_リハビリテーション科_放射線科】愛媛県八幡浜市保内町川之石１番耕地２６０番地２" }, "geometry": { "type": "Point", "coordinates": [ 132.396726, 33.477218 ] } },
{ "type": "Feature", "properties": { "ID": 3822386006120, "正式名称": "伊方町国民健康保険大久出張診療所", "機関区分": 2, "都道府県コード": 38, "市区町村コード": 442, "所在地": "愛媛県西宇和郡伊方町大久１６６７番地", "緯度": 33.415943, "経度": 132.192524, "url": "https://www.iryou.teikyouseido.mhlw.go.jp/znk-web/juminkanja/S2430/initialize?prefCd=38&kikanCd=2386006120&kikanKbn=2", "url2": "https://www.town.ikata.ehime.jp/soshiki/34/18078.html", "内容": "伊方町国民健康保険大久出張診療所【2:診療所】【診療科目:内科_外科_整形外科】愛媛県西宇和郡伊方町大久１６６７番地" }, "geometry": { "type": "Point", "coordinates": [ 132.192524, 33.415943 ] } },
{ "type": "Feature", "properties": { "ID": 3822386006960, "正式名称": "伊方町国民健康保険串診療所", "機関区分": 2, "都道府県コード": 38, "市区町村コード": 442, "所在地": "愛媛県西宇和郡伊方町串４６６番地", "緯度": 33.372335, "経度": 132.053121, "url": "https://www.iryou.teikyouseido.mhlw.go.jp/znk-web/juminkanja/S2430/initialize?prefCd=38&kikanCd=2386006960&kikanKbn=2", "url2": null, "内容": "伊方町国民健康保険串診療所【2:診療所】【診療科目:内科_外科】愛媛県西宇和郡伊方町串４６６番地" }, "geometry": { "type": "Point", "coordinates": [ 132.053121, 33.372335 ] } },
{ "type": "Feature", "properties": { "ID": 3822386007710, "正式名称": "西予市国民健康保険二及診療所", "機関区分": 2, "都道府県コード": 38, "市区町村コード": 214, "所在地": "愛媛県西予市三瓶町二及２番耕地６８４番地１", "緯度": 33.375868, "経度": 132.404064, "url": "https://www.iryou.teikyouseido.mhlw.go.jp/znk-web/juminkanja/S2430/initialize?prefCd=38&kikanCd=2386007710&kikanKbn=2", "url2": null, "内容": "西予市国民健康保険二及診療所【2:診療所】【診療科目:内科_小児科】愛媛県西予市三瓶町二及２番耕地６８４番地１" }, "geometry": { "type": "Point", "coordinates": [ 132.404064, 33.375868 ] } },
{ "type": "Feature", "properties": { "ID": 3822386008010, "正式名称": "伊方町国民健康保険九町診療所", "機関区分": 2, "都道府県コード": 38, "市区町村コード": 442, "所在地": "愛媛県西宇和郡伊方町九町１番耕地５９７番地１", "緯度": 33.47655, "経度": 132.305873, "url": "https://www.iryou.teikyouseido.mhlw.go.jp/znk-web/juminkanja/S2430/initialize?prefCd=38&kikanCd=2386008010&kikanKbn=2", "url2": null, "内容": "伊方町国民健康保険九町診療所【2:診療所】【診療科目:内科_外科_整形外科】愛媛県西宇和郡伊方町九町１番耕地５９７番地１" }, "geometry": { "type": "Point", "coordinates": [ 132.305873, 33.47655 ] } },
{ "type": "Feature", "properties": { "ID": 3822386008720, "正式名称": "守口小児科医院", "機関区分": 2, "都道府県コード": 38, "市区町村コード": 204, "所在地": "愛媛県八幡浜市産業通２８０番地１", "緯度": 33.453916, "経度": 132.43178, "url": "https://www.iryou.teikyouseido.mhlw.go.jp/znk-web/juminkanja/S2430/initialize?prefCd=38&kikanCd=2386008720&kikanKbn=2", "url2": null, "内容": "守口小児科医院【2:診療所】【診療科目:小児科】愛媛県八幡浜市産業通２８０番地１" }, "geometry": { "type": "Point", "coordinates": [ 132.43178, 33.453916 ] } },
{ "type": "Feature", "properties": { "ID": 3822386008980, "正式名称": "本田眼科医院", "機関区分": 2, "都道府県コード": 38, "市区町村コード": 204, "所在地": "愛媛県八幡浜市新町４丁目２９２番地１", "緯度": 34.677069, "経度": 135.484542, "url": "https://www.iryou.teikyouseido.mhlw.go.jp/znk-web/juminkanja/S2430/initialize?prefCd=38&kikanCd=2386008980&kikanKbn=2", "url2": null, "内容": "本田眼科医院【2:診療所】【診療科目:眼科】愛媛県八幡浜市新町４丁目２９２番地１" }, "geometry": { "type": "Point", "coordinates": [ 135.484542, 34.677069 ] } },
{ "type": "Feature", "properties": { "ID": 3822386009150, "正式名称": "矢野脳神経外科医院", "機関区分": 2, "都道府県コード": 38, "市区町村コード": 204, "所在地": "愛媛県八幡浜市古町一丁目６番１２号", "緯度": 33.455888, "経度": 132.43003, "url": "https://www.iryou.teikyouseido.mhlw.go.jp/znk-web/juminkanja/S2430/initialize?prefCd=38&kikanCd=2386009150&kikanKbn=2", "url2": null, "内容": "矢野脳神経外科医院【2:診療所】【診療科目:脳神経外科_リハビリテーション科】愛媛県八幡浜市古町一丁目６番１２号" }, "geometry": { "type": "Point", "coordinates": [ 132.43003, 33.455888 ] } },
{ "type": "Feature", "properties": { "ID": 3822386009600, "正式名称": "わとう医院", "機関区分": 2, "都道府県コード": 38, "市区町村コード": 442, "所在地": "愛媛県西宇和郡伊方町湊浦字古川８６６", "緯度": 33.489355, "経度": 132.355924, "url": "https://www.iryou.teikyouseido.mhlw.go.jp/znk-web/juminkanja/S2430/initialize?prefCd=38&kikanCd=2386009600&kikanKbn=2", "url2": null, "内容": "わとう医院【2:診療所】【診療科目:内科_呼吸器内科_循環器内科_消化器内科_小児科_リハビリテーション科】愛媛県西宇和郡伊方町湊浦字古川８６６" }, "geometry": { "type": "Point", "coordinates": [ 132.355924, 33.489355 ] } },
{ "type": "Feature", "properties": { "ID": 3822386009990, "正式名称": "川上診療所", "機関区分": 2, "都道府県コード": 38, "市区町村コード": 204, "所在地": "愛媛県八幡浜市川上町川名津甲３２５番６", "緯度": 33.423835, "経度": 132.406756, "url": "https://www.iryou.teikyouseido.mhlw.go.jp/znk-web/juminkanja/S2430/initialize?prefCd=38&kikanCd=2386009990&kikanKbn=2", "url2": null, "内容": "川上診療所【2:診療所】【診療科目:内科_小児科】愛媛県八幡浜市川上町川名津甲３２５番６" }, "geometry": { "type": "Point", "coordinates": [ 132.406756, 33.423835 ] } },
{ "type": "Feature", "properties": { "ID": 3822386010550, "正式名称": "町田耳鼻咽喉科医院", "機関区分": 2, "都道府県コード": 38, "市区町村コード": 204, "所在地": "愛媛県八幡浜市港町４２２番地", "緯度": 33.461887, "経度": 132.423364, "url": "https://www.iryou.teikyouseido.mhlw.go.jp/znk-web/juminkanja/S2430/initialize?prefCd=38&kikanCd=2386010550&kikanKbn=2", "url2": null, "内容": "町田耳鼻咽喉科医院【2:診療所】【診療科目:耳鼻いんこう科】愛媛県八幡浜市港町４２２番地" }, "geometry": { "type": "Point", "coordinates": [ 132.423364, 33.461887 ] } },
{ "type": "Feature", "properties": { "ID": 3822386010680, "正式名称": "松多クリニック", "機関区分": 2, "都道府県コード": 38, "市区町村コード": 214, "所在地": "愛媛県西予市宇和町稲生４９８番地１・４７６番地８", "緯度": 33.354817, "経度": 132.530526, "url": "https://www.iryou.teikyouseido.mhlw.go.jp/znk-web/juminkanja/S2430/initialize?prefCd=38&kikanCd=2386010680&kikanKbn=2", "url2": null, "内容": "松多クリニック【2:診療所】【診療科目:精神科_心療内科】愛媛県西予市宇和町稲生４９８番地１・４７６番地８" }, "geometry": { "type": "Point", "coordinates": [ 132.530526, 33.354817 ] } },
{ "type": "Feature", "properties": { "ID": 3822386010710, "正式名称": "医療法人青峰会チヨダクリニック", "機関区分": 2, "都道府県コード": 38, "市区町村コード": 204, "所在地": "愛媛県八幡浜市矢野町７丁目１４５５番地２２", "緯度": 33.457027, "経度": 132.424253, "url": "https://www.iryou.teikyouseido.mhlw.go.jp/znk-web/juminkanja/S2430/initialize?prefCd=38&kikanCd=2386010710&kikanKbn=2", "url2": "http://www.kujira.biz/", "内容": "医療法人青峰会チヨダクリニック【2:診療所】【診療科目:精神科_心療内科_リハビリテーション科】愛媛県八幡浜市矢野町７丁目１４５５番地２２" }, "geometry": { "type": "Point", "coordinates": [ 132.424253, 33.457027 ] } },
{ "type": "Feature", "properties": { "ID": 3822386010840, "正式名称": "矢野整形外科", "機関区分": 2, "都道府県コード": 38, "市区町村コード": 214, "所在地": "愛媛県西予市宇和町卯之町３丁目３５９番地", "緯度": 33.362038, "経度": 132.513278, "url": "https://www.iryou.teikyouseido.mhlw.go.jp/znk-web/juminkanja/S2430/initialize?prefCd=38&kikanCd=2386010840&kikanKbn=2", "url2": null, "内容": "矢野整形外科【2:診療所】【診療科目:整形外科_リハビリテーション科】愛媛県西予市宇和町卯之町３丁目３５９番地" }, "geometry": { "type": "Point", "coordinates": [ 132.513278, 33.362038 ] } },
{ "type": "Feature", "properties": { "ID": 3822386010970, "正式名称": "二宮医院", "機関区分": 2, "都道府県コード": 38, "市区町村コード": 214, "所在地": "愛媛県西予市宇和町卯之町２丁目２１８番地", "緯度": 33.365205, "経度": 132.510916, "url": "https://www.iryou.teikyouseido.mhlw.go.jp/znk-web/juminkanja/S2430/initialize?prefCd=38&kikanCd=2386010970&kikanKbn=2", "url2": null, "内容": "二宮医院【2:診療所】【診療科目:内科】愛媛県西予市宇和町卯之町２丁目２１８番地" }, "geometry": { "type": "Point", "coordinates": [ 132.510916, 33.365205 ] } },
{ "type": "Feature", "properties": { "ID": 3822386011270, "正式名称": "上甲耳鼻咽喉科", "機関区分": 2, "都道府県コード": 38, "市区町村コード": 214, "所在地": "愛媛県西予市宇和町卯之町一丁目４１９番地１", "緯度": 33.368676, "経度": 132.508472, "url": "https://www.iryou.teikyouseido.mhlw.go.jp/znk-web/juminkanja/S2430/initialize?prefCd=38&kikanCd=2386011270&kikanKbn=2", "url2": "joko-jibi.jp", "内容": "上甲耳鼻咽喉科【2:診療所】【診療科目:耳鼻いんこう科】愛媛県西予市宇和町卯之町一丁目４１９番地１" }, "geometry": { "type": "Point", "coordinates": [ 132.508472, 33.368676 ] } },
{ "type": "Feature", "properties": { "ID": 3822386011430, "正式名称": "伊方町国民健康保険瀬戸診療所", "機関区分": 2, "都道府県コード": 38, "市区町村コード": 442, "所在地": "愛媛県西宇和郡伊方町三机乙２５８７番地", "緯度": 33.455162, "経度": 132.24699, "url": "https://www.iryou.teikyouseido.mhlw.go.jp/znk-web/juminkanja/S2430/initialize?prefCd=38&kikanCd=2386011430&kikanKbn=2", "url2": "https://www.town.ikata.ehime.jp/soshiki/34/18078.html", "内容": "伊方町国民健康保険瀬戸診療所【2:診療所】【診療科目:内科_外科_リハビリテーション科】愛媛県西宇和郡伊方町三机乙２５８７番地" }, "geometry": { "type": "Point", "coordinates": [ 132.24699, 33.455162 ] } },
{ "type": "Feature", "properties": { "ID": 3822386012280, "正式名称": "土居内科", "機関区分": 2, "都道府県コード": 38, "市区町村コード": 214, "所在地": "愛媛県西予市宇和町上松葉１４５番地１", "緯度": 33.384202, "経度": 132.500194, "url": "https://www.iryou.teikyouseido.mhlw.go.jp/znk-web/juminkanja/S2430/initialize?prefCd=38&kikanCd=2386012280&kikanKbn=2", "url2": null, "内容": "土居内科【2:診療所】【診療科目:内科_呼吸器内科_循環器内科_消化器内科】愛媛県西予市宇和町上松葉１４５番地１" }, "geometry": { "type": "Point", "coordinates": [ 132.500194, 33.384202 ] } },
{ "type": "Feature", "properties": { "ID": 3822386013450, "正式名称": "おか医院", "機関区分": 2, "都道府県コード": 38, "市区町村コード": 214, "所在地": "愛媛県西予市野村町阿下７－１７－１", "緯度": 33.381177, "経度": 132.649349, "url": "https://www.iryou.teikyouseido.mhlw.go.jp/znk-web/juminkanja/S2430/initialize?prefCd=38&kikanCd=2386013450&kikanKbn=2", "url2": null, "内容": "おか医院【2:診療所】【診療科目:内科_外科_肛門外科】愛媛県西予市野村町阿下７－１７－１" }, "geometry": { "type": "Point", "coordinates": [ 132.649349, 33.381177 ] } },
{ "type": "Feature", "properties": { "ID": 3822386013740, "正式名称": "医療法人加藤内科", "機関区分": 2, "都道府県コード": 38, "市区町村コード": 204, "所在地": "愛媛県八幡浜市産業通６番２８号", "緯度": 33.455638, "経度": 132.431947, "url": "https://www.iryou.teikyouseido.mhlw.go.jp/znk-web/juminkanja/S2430/initialize?prefCd=38&kikanCd=2386013740&kikanKbn=2", "url2": null, "内容": "医療法人加藤内科【2:診療所】【診療科目:内科_内分泌内科_脂質代謝内科_糖尿病・代謝内科_消化器内科】愛媛県八幡浜市産業通６番２８号" }, "geometry": { "type": "Point", "coordinates": [ 132.431947, 33.455638 ] } },
{ "type": "Feature", "properties": { "ID": 3822386014040, "正式名称": "三瀬医院", "機関区分": 2, "都道府県コード": 38, "市区町村コード": 204, "所在地": "愛媛県八幡浜市大正町１１８２番地１", "緯度": 33.45761, "経度": 132.429197, "url": "https://www.iryou.teikyouseido.mhlw.go.jp/znk-web/juminkanja/S2430/initialize?prefCd=38&kikanCd=2386014040&kikanKbn=2", "url2": "https://sites.google.com/site/miseclinic/", "内容": "三瀬医院【2:診療所】【診療科目:内科_呼吸器内科_外科】愛媛県八幡浜市大正町１１８２番地１" }, "geometry": { "type": "Point", "coordinates": [ 132.429197, 33.45761 ] } },
{ "type": "Feature", "properties": { "ID": 3822386014330, "正式名称": "樋口内科蔵貫診療所", "機関区分": 2, "都道府県コード": 38, "市区町村コード": 214, "所在地": "愛媛県西予市三瓶町蔵貫浦６７４番地１", "緯度": 33.356621, "経度": 132.422869, "url": "https://www.iryou.teikyouseido.mhlw.go.jp/znk-web/juminkanja/S2430/initialize?prefCd=38&kikanCd=2386014330&kikanKbn=2", "url2": null, "内容": "樋口内科蔵貫診療所【2:診療所】【診療科目:内科】愛媛県西予市三瓶町蔵貫浦６７４番地１" }, "geometry": { "type": "Point", "coordinates": [ 132.422869, 33.356621 ] } },
{ "type": "Feature", "properties": { "ID": 3822386014460, "正式名称": "樋口内科皆江診療所", "機関区分": 2, "都道府県コード": 38, "市区町村コード": 214, "所在地": "愛媛県西予市三瓶町皆江１８５６番地２８", "緯度": 33.342983, "経度": 132.409954, "url": "https://www.iryou.teikyouseido.mhlw.go.jp/znk-web/juminkanja/S2430/initialize?prefCd=38&kikanCd=2386014460&kikanKbn=2", "url2": null, "内容": "樋口内科皆江診療所【2:診療所】【診療科目:内科】愛媛県西予市三瓶町皆江１８５６番地２８" }, "geometry": { "type": "Point", "coordinates": [ 132.409954, 33.342983 ] } },
{ "type": "Feature", "properties": { "ID": 3822386014880, "正式名称": "おだクリニック", "機関区分": 2, "都道府県コード": 38, "市区町村コード": 214, "所在地": "愛媛県西予市宇和町卯之町５丁目３１３番地６", "緯度": 33.337652, "経度": 132.523028, "url": "https://www.iryou.teikyouseido.mhlw.go.jp/znk-web/juminkanja/S2430/initialize?prefCd=38&kikanCd=2386014880&kikanKbn=2", "url2": "https://www.odaclinic-seiyo.jp/", "内容": "おだクリニック【2:診療所】【診療科目:泌尿器科】愛媛県西予市宇和町卯之町５丁目３１３番地６" }, "geometry": { "type": "Point", "coordinates": [ 132.523028, 33.337652 ] } },
{ "type": "Feature", "properties": { "ID": 3822386015210, "正式名称": "こくぶ内科クリニック", "機関区分": 2, "都道府県コード": 38, "市区町村コード": 204, "所在地": "愛媛県八幡浜市松柏乙９９９番地", "緯度": 33.461387, "経度": 132.440223, "url": "https://www.iryou.teikyouseido.mhlw.go.jp/znk-web/juminkanja/S2430/initialize?prefCd=38&kikanCd=2386015210&kikanKbn=2", "url2": null, "内容": "こくぶ内科クリニック【2:診療所】【診療科目:内科_消化器内科】愛媛県八幡浜市松柏乙９９９番地" }, "geometry": { "type": "Point", "coordinates": [ 132.440223, 33.461387 ] } },
{ "type": "Feature", "properties": { "ID": 3822386102240, "正式名称": "医療法人　井上眼科", "機関区分": 2, "都道府県コード": 38, "市区町村コード": 214, "所在地": "愛媛県西予市宇和町卯之町４丁目３９３番地", "緯度": 33.361761, "経度": 132.515583, "url": "https://www.iryou.teikyouseido.mhlw.go.jp/znk-web/juminkanja/S2430/initialize?prefCd=38&kikanCd=2386102240&kikanKbn=2", "url2": null, "内容": "医療法人　井上眼科【2:診療所】【診療科目:眼科】愛媛県西予市宇和町卯之町４丁目３９３番地" }, "geometry": { "type": "Point", "coordinates": [ 132.515583, 33.361761 ] } },
{ "type": "Feature", "properties": { "ID": 3822386102820, "正式名称": "あじき医院", "機関区分": 2, "都道府県コード": 38, "市区町村コード": 214, "所在地": "愛媛県西予市明浜町高山甲３６３０番地", "緯度": 33.322541, "経度": 132.433369, "url": "https://www.iryou.teikyouseido.mhlw.go.jp/znk-web/juminkanja/S2430/initialize?prefCd=38&kikanCd=2386102820&kikanKbn=2", "url2": null, "内容": "あじき医院【2:診療所】【診療科目:内科_小児科】愛媛県西予市明浜町高山甲３６３０番地" }, "geometry": { "type": "Point", "coordinates": [ 132.433369, 33.322541 ] } },
{ "type": "Feature", "properties": { "ID": 3822386103380, "正式名称": "医療法人　かどた医院", "機関区分": 2, "都道府県コード": 38, "市区町村コード": 214, "所在地": "愛媛県西予市宇和町卯之町５丁目２４０番地１", "緯度": 33.358289, "経度": 132.524749, "url": "https://www.iryou.teikyouseido.mhlw.go.jp/znk-web/juminkanja/S2430/initialize?prefCd=38&kikanCd=2386103380&kikanKbn=2", "url2": null, "内容": "医療法人　かどた医院【2:診療所】【診療科目:内科_胃腸内科_外科_肛門外科_リハビリテーション科】愛媛県西予市宇和町卯之町５丁目２４０番地１" }, "geometry": { "type": "Point", "coordinates": [ 132.524749, 33.358289 ] } },
{ "type": "Feature", "properties": { "ID": 3822386201550, "正式名称": "西予市国民健康保険土居診療所", "機関区分": 2, "都道府県コード": 38, "市区町村コード": 214, "所在地": "愛媛県西予市城川町土居５７８", "緯度": 33.386647, "経度": 132.767704, "url": "https://www.iryou.teikyouseido.mhlw.go.jp/znk-web/juminkanja/S2430/initialize?prefCd=38&kikanCd=2386201550&kikanKbn=2", "url2": null, "内容": "西予市国民健康保険土居診療所【2:診療所】【診療科目:内科】愛媛県西予市城川町土居５７８" }, "geometry": { "type": "Point", "coordinates": [ 132.767704, 33.386647 ] } },
{ "type": "Feature", "properties": { "ID": 3822386201710, "正式名称": "井関整形外科・皮膚科", "機関区分": 2, "都道府県コード": 38, "市区町村コード": 214, "所在地": "愛媛県西予市野村町野村１１号１１０番地", "緯度": 33.372401, "経度": 132.643988, "url": "https://www.iryou.teikyouseido.mhlw.go.jp/znk-web/juminkanja/S2430/initialize?prefCd=38&kikanCd=2386201710&kikanKbn=2", "url2": "https://iseki-mc.wixsite.com/iseki-mc", "内容": "井関整形外科・皮膚科【2:診療所】【診療科目:内科_外科_整形外科_皮膚科_アレルギー科_リウマチ科_リハビリテーション科】愛媛県西予市野村町野村１１号１１０番地" }, "geometry": { "type": "Point", "coordinates": [ 132.643988, 33.372401 ] } },
{ "type": "Feature", "properties": { "ID": 3822386302200, "正式名称": "山中医院", "機関区分": 2, "都道府県コード": 38, "市区町村コード": 203, "所在地": "愛媛県宇和島市広小路１－３１", "緯度": 33.216833, "経度": 132.568196, "url": "https://www.iryou.teikyouseido.mhlw.go.jp/znk-web/juminkanja/S2430/initialize?prefCd=38&kikanCd=2386302200&kikanKbn=2", "url2": "http://yamanaka-cl.jp/", "内容": "山中医院【2:診療所】【診療科目:内科_皮膚科_泌尿器科】愛媛県宇和島市広小路１－３１" }, "geometry": { "type": "Point", "coordinates": [ 132.568196, 33.216833 ] } },
{ "type": "Feature", "properties": { "ID": 3822386302750, "正式名称": "藤田整形外科", "機関区分": 2, "都道府県コード": 38, "市区町村コード": 203, "所在地": "愛媛県宇和島市鶴島町３番８号", "緯度": 33.226304, "経度": 132.564585, "url": "https://www.iryou.teikyouseido.mhlw.go.jp/znk-web/juminkanja/S2430/initialize?prefCd=38&kikanCd=2386302750&kikanKbn=2", "url2": null, "内容": "藤田整形外科【2:診療所】【診療科目:整形外科】愛媛県宇和島市鶴島町３番８号" }, "geometry": { "type": "Point", "coordinates": [ 132.564585, 33.226304 ] } },
{ "type": "Feature", "properties": { "ID": 3822386303470, "正式名称": "秋山医院", "機関区分": 2, "都道府県コード": 38, "市区町村コード": 203, "所在地": "愛媛県宇和島市堀端町１－１６", "緯度": 33.217027, "経度": 132.567807, "url": "https://www.iryou.teikyouseido.mhlw.go.jp/znk-web/juminkanja/S2430/initialize?prefCd=38&kikanCd=2386303470&kikanKbn=2", "url2": null, "内容": "秋山医院【2:診療所】【診療科目:皮膚科_泌尿器科】愛媛県宇和島市堀端町１－１６" }, "geometry": { "type": "Point", "coordinates": [ 132.567807, 33.217027 ] } },
{ "type": "Feature", "properties": { "ID": 3822386304060, "正式名称": "宇和島市国民健康保険遊子診療所", "機関区分": 2, "都道府県コード": 38, "市区町村コード": 203, "所在地": "愛媛県宇和島市遊子３６２７", "緯度": 33.193527, "経度": 132.455151, "url": "https://www.iryou.teikyouseido.mhlw.go.jp/znk-web/juminkanja/S2430/initialize?prefCd=38&kikanCd=2386304060&kikanKbn=2", "url2": null, "内容": "宇和島市国民健康保険遊子診療所【2:診療所】【診療科目:内科_外科_小児科】愛媛県宇和島市遊子３６２７" }, "geometry": { "type": "Point", "coordinates": [ 132.455151, 33.193527 ] } },
{ "type": "Feature", "properties": { "ID": 3822386304190, "正式名称": "宇和島市国民健康保険下波診療所", "機関区分": 2, "都道府県コード": 38, "市区町村コード": 203, "所在地": "愛媛県宇和島市下波２９５２－４", "緯度": 33.169613, "経度": 132.463429, "url": "https://www.iryou.teikyouseido.mhlw.go.jp/znk-web/juminkanja/S2430/initialize?prefCd=38&kikanCd=2386304190&kikanKbn=2", "url2": null, "内容": "宇和島市国民健康保険下波診療所【2:診療所】【診療科目:内科_外科_小児科】愛媛県宇和島市下波２９５２－４" }, "geometry": { "type": "Point", "coordinates": [ 132.463429, 33.169613 ] } },
{ "type": "Feature", "properties": { "ID": 3822386304220, "正式名称": "宇和島市国民健康保険蒋淵診療所", "機関区分": 2, "都道府県コード": 38, "市区町村コード": 203, "所在地": "愛媛県宇和島市蒋渕１１１９", "緯度": 33.196887, "経度": 132.406572, "url": "https://www.iryou.teikyouseido.mhlw.go.jp/znk-web/juminkanja/S2430/initialize?prefCd=38&kikanCd=2386304220&kikanKbn=2", "url2": null, "内容": "宇和島市国民健康保険蒋淵診療所【2:診療所】【診療科目:内科_外科_小児科】愛媛県宇和島市蒋渕１１１９" }, "geometry": { "type": "Point", "coordinates": [ 132.406572, 33.196887 ] } },
{ "type": "Feature", "properties": { "ID": 3822386304350, "正式名称": "宇和島市国民健康保険戸島診療所", "機関区分": 2, "都道府県コード": 38, "市区町村コード": 203, "所在地": "愛媛県宇和島市戸島２０１４", "緯度": 33.198081, "経度": 132.35877, "url": "https://www.iryou.teikyouseido.mhlw.go.jp/znk-web/juminkanja/S2430/initialize?prefCd=38&kikanCd=2386304350&kikanKbn=2", "url2": null, "内容": "宇和島市国民健康保険戸島診療所【2:診療所】【診療科目:内科_外科_小児科】愛媛県宇和島市戸島２０１４" }, "geometry": { "type": "Point", "coordinates": [ 132.35877, 33.198081 ] } },
{ "type": "Feature", "properties": { "ID": 3822386304480, "正式名称": "宇和島市国民健康保険日振島診療所", "機関区分": 2, "都道府県コード": 38, "市区町村コード": 203, "所在地": "愛媛県宇和島市日振島１７２９", "緯度": 33.171582, "経度": 132.292471, "url": "https://www.iryou.teikyouseido.mhlw.go.jp/znk-web/juminkanja/S2430/initialize?prefCd=38&kikanCd=2386304480&kikanKbn=2", "url2": null, "内容": "宇和島市国民健康保険日振島診療所【2:診療所】【診療科目:内科_小児科】愛媛県宇和島市日振島１７２９" }, "geometry": { "type": "Point", "coordinates": [ 132.292471, 33.171582 ] } },
{ "type": "Feature", "properties": { "ID": 3822386304640, "正式名称": "宇和島市国民健康保険嘉島診療所", "機関区分": 2, "都道府県コード": 38, "市区町村コード": 203, "所在地": "愛媛県宇和島市戸島３９８１", "緯度": 33.203886, "経度": 132.368852, "url": "https://www.iryou.teikyouseido.mhlw.go.jp/znk-web/juminkanja/S2430/initialize?prefCd=38&kikanCd=2386304640&kikanKbn=2", "url2": null, "内容": "宇和島市国民健康保険嘉島診療所【2:診療所】【診療科目:内科_外科_小児科】愛媛県宇和島市戸島３９８１" }, "geometry": { "type": "Point", "coordinates": [ 132.368852, 33.203886 ] } },
{ "type": "Feature", "properties": { "ID": 3822386304930, "正式名称": "沖内科クリニック", "機関区分": 2, "都道府県コード": 38, "市区町村コード": 203, "所在地": "愛媛県宇和島市新田町１丁目２番３０号", "緯度": 33.212055, "経度": 132.559142, "url": "https://www.iryou.teikyouseido.mhlw.go.jp/znk-web/juminkanja/S2430/initialize?prefCd=38&kikanCd=2386304930&kikanKbn=2", "url2": "http://oki-clinic.jp", "内容": "沖内科クリニック【2:診療所】【診療科目:内科_糖尿病内科_循環器内科】愛媛県宇和島市新田町１丁目２番３０号" }, "geometry": { "type": "Point", "coordinates": [ 132.559142, 33.212055 ] } },
{ "type": "Feature", "properties": { "ID": 3822386305360, "正式名称": "しませ医院", "機関区分": 2, "都道府県コード": 38, "市区町村コード": 203, "所在地": "愛媛県宇和島市保田甲８５６－１", "緯度": 33.189752, "経度": 132.548144, "url": "https://www.iryou.teikyouseido.mhlw.go.jp/znk-web/juminkanja/S2430/initialize?prefCd=38&kikanCd=2386305360&kikanKbn=2", "url2": null, "内容": "しませ医院【2:診療所】【診療科目:内科_胃腸内科_外科_肛門外科】愛媛県宇和島市保田甲８５６－１" }, "geometry": { "type": "Point", "coordinates": [ 132.548144, 33.189752 ] } },
{ "type": "Feature", "properties": { "ID": 3822386306240, "正式名称": "長野産婦人科", "機関区分": 2, "都道府県コード": 38, "市区町村コード": 203, "所在地": "愛媛県宇和島市堀端町１－８", "緯度": 33.21761, "経度": 132.568557, "url": "https://www.iryou.teikyouseido.mhlw.go.jp/znk-web/juminkanja/S2430/initialize?prefCd=38&kikanCd=2386306240&kikanKbn=2", "url2": "http://nagano-ladies.jp/", "内容": "長野産婦人科【2:診療所】【診療科目:産婦人科】愛媛県宇和島市堀端町１－８" }, "geometry": { "type": "Point", "coordinates": [ 132.568557, 33.21761 ] } },
{ "type": "Feature", "properties": { "ID": 3822386307250, "正式名称": "水谷医院", "機関区分": 2, "都道府県コード": 38, "市区町村コード": 203, "所在地": "愛媛県宇和島市吉田町立間２－２６１９", "緯度": 33.287013, "経度": 132.541561, "url": "https://www.iryou.teikyouseido.mhlw.go.jp/znk-web/juminkanja/S2430/initialize?prefCd=38&kikanCd=2386307250&kikanKbn=2", "url2": "https://mizutani-cl.com", "内容": "水谷医院【2:診療所】【診療科目:内科_小児科】愛媛県宇和島市吉田町立間２－２６１９" }, "geometry": { "type": "Point", "coordinates": [ 132.541561, 33.287013 ] } },
{ "type": "Feature", "properties": { "ID": 3822386307700, "正式名称": "富山医院", "機関区分": 2, "都道府県コード": 38, "市区町村コード": 488, "所在地": "愛媛県北宇和郡鬼北町近永１３００", "緯度": 33.255127, "経度": 132.683301, "url": "https://www.iryou.teikyouseido.mhlw.go.jp/znk-web/juminkanja/S2430/initialize?prefCd=38&kikanCd=2386307700&kikanKbn=2", "url2": null, "内容": "富山医院【2:診療所】【診療科目:内科】愛媛県北宇和郡鬼北町近永１３００" }, "geometry": { "type": "Point", "coordinates": [ 132.683301, 33.255127 ] } },
{ "type": "Feature", "properties": { "ID": 3822386307960, "正式名称": "鬼北町国民健康保険三島診療所", "機関区分": 2, "都道府県コード": 38, "市区町村コード": 488, "所在地": "愛媛県北宇和郡鬼北町小松１５１１", "緯度": 33.307076, "経度": 132.742872, "url": "https://www.iryou.teikyouseido.mhlw.go.jp/znk-web/juminkanja/S2430/initialize?prefCd=38&kikanCd=2386307960&kikanKbn=2", "url2": null, "内容": "鬼北町国民健康保険三島診療所【2:診療所】【診療科目:内科_小児科】愛媛県北宇和郡鬼北町小松１５１１" }, "geometry": { "type": "Point", "coordinates": [ 132.742872, 33.307076 ] } },
{ "type": "Feature", "properties": { "ID": 3822386308000, "正式名称": "鬼北町国民健康保険愛治診療所", "機関区分": 2, "都道府県コード": 38, "市区町村コード": 488, "所在地": "愛媛県北宇和郡鬼北町清水９７０－１", "緯度": 33.303342, "経度": 132.690235, "url": "https://www.iryou.teikyouseido.mhlw.go.jp/znk-web/juminkanja/S2430/initialize?prefCd=38&kikanCd=2386308000&kikanKbn=2", "url2": null, "内容": "鬼北町国民健康保険愛治診療所【2:診療所】【診療科目:内科】愛媛県北宇和郡鬼北町清水９７０－１" }, "geometry": { "type": "Point", "coordinates": [ 132.690235, 33.303342 ] } },
{ "type": "Feature", "properties": { "ID": 3822386309430, "正式名称": "口羽外科胃腸科医院", "機関区分": 2, "都道府県コード": 38, "市区町村コード": 203, "所在地": "愛媛県宇和島市津島町高田丙５４７－１", "緯度": 33.123036, "経度": 132.516955, "url": "https://www.iryou.teikyouseido.mhlw.go.jp/znk-web/juminkanja/S2430/initialize?prefCd=38&kikanCd=2386309430&kikanKbn=2", "url2": null, "内容": "口羽外科胃腸科医院【2:診療所】【診療科目:内科_外科】愛媛県宇和島市津島町高田丙５４７－１" }, "geometry": { "type": "Point", "coordinates": [ 132.516955, 33.123036 ] } },
{ "type": "Feature", "properties": { "ID": 3822386309560, "正式名称": "田中循環器科内科", "機関区分": 2, "都道府県コード": 38, "市区町村コード": 203, "所在地": "愛媛県宇和島市堀端町２９番地", "緯度": 33.216701, "経度": 132.567331, "url": "https://www.iryou.teikyouseido.mhlw.go.jp/znk-web/juminkanja/S2430/initialize?prefCd=38&kikanCd=2386309560&kikanKbn=2", "url2": null, "内容": "田中循環器科内科【2:診療所】【診療科目:内科_循環器内科】愛媛県宇和島市堀端町２９番地" }, "geometry": { "type": "Point", "coordinates": [ 132.567331, 33.216701 ] } },
{ "type": "Feature", "properties": { "ID": 3822386309690, "正式名称": "吉田内科泌尿器科医院", "機関区分": 2, "都道府県コード": 38, "市区町村コード": 203, "所在地": "愛媛県宇和島市御幸町２－２－１２", "緯度": 33.225526, "経度": 132.563307, "url": "https://www.iryou.teikyouseido.mhlw.go.jp/znk-web/juminkanja/S2430/initialize?prefCd=38&kikanCd=2386309690&kikanKbn=2", "url2": null, "内容": "吉田内科泌尿器科医院【2:診療所】【診療科目:内科_泌尿器科】愛媛県宇和島市御幸町２－２－１２" }, "geometry": { "type": "Point", "coordinates": [ 132.563307, 33.225526 ] } },
{ "type": "Feature", "properties": { "ID": 3822386309850, "正式名称": "萩山医院寿レディースクリニック", "機関区分": 2, "都道府県コード": 38, "市区町村コード": 203, "所在地": "愛媛県宇和島市寿町１－４－５", "緯度": 33.224859, "経度": 132.562085, "url": "https://www.iryou.teikyouseido.mhlw.go.jp/znk-web/juminkanja/S2430/initialize?prefCd=38&kikanCd=2386309850&kikanKbn=2", "url2": null, "内容": "萩山医院寿レディースクリニック【2:診療所】【診療科目:形成外科_産婦人科_皮膚科】愛媛県宇和島市寿町１－４－５" }, "geometry": { "type": "Point", "coordinates": [ 132.562085, 33.224859 ] } },
{ "type": "Feature", "properties": { "ID": 3822386309980, "正式名称": "桑折小児科", "機関区分": 2, "都道府県コード": 38, "市区町村コード": 203, "所在地": "愛媛県宇和島市中央町１－１０－５", "緯度": 33.219777, "経度": 132.567057, "url": "https://www.iryou.teikyouseido.mhlw.go.jp/znk-web/juminkanja/S2430/initialize?prefCd=38&kikanCd=2386309980&kikanKbn=2", "url2": "http://www.koori-childrens-clinic.com/", "内容": "桑折小児科【2:診療所】【診療科目:小児科】愛媛県宇和島市中央町１－１０－５" }, "geometry": { "type": "Point", "coordinates": [ 132.567057, 33.219777 ] } },
{ "type": "Feature", "properties": { "ID": 3822386310250, "正式名称": "友松外科・胃腸科", "機関区分": 2, "都道府県コード": 38, "市区町村コード": 203, "所在地": "愛媛県宇和島市鶴島町６－２７", "緯度": 33.226887, "経度": 132.566057, "url": "https://www.iryou.teikyouseido.mhlw.go.jp/znk-web/juminkanja/S2430/initialize?prefCd=38&kikanCd=2386310250&kikanKbn=2", "url2": null, "内容": "友松外科・胃腸科【2:診療所】【診療科目:消化器内科_外科_整形外科】愛媛県宇和島市鶴島町６－２７" }, "geometry": { "type": "Point", "coordinates": [ 132.566057, 33.226887 ] } },
{ "type": "Feature", "properties": { "ID": 3822386310830, "正式名称": "笹岡内科医院", "機関区分": 2, "都道府県コード": 38, "市区町村コード": 203, "所在地": "愛媛県宇和島市中央町２丁目３番１７号", "緯度": 33.22186, "経度": 132.567085, "url": "https://www.iryou.teikyouseido.mhlw.go.jp/znk-web/juminkanja/S2430/initialize?prefCd=38&kikanCd=2386310830&kikanKbn=2", "url2": null, "内容": "笹岡内科医院【2:診療所】【診療科目:内科】愛媛県宇和島市中央町２丁目３番１７号" }, "geometry": { "type": "Point", "coordinates": [ 132.567085, 33.22186 ] } },
{ "type": "Feature", "properties": { "ID": 3822386310960, "正式名称": "和霊町松浦内科", "機関区分": 2, "都道府県コード": 38, "市区町村コード": 203, "所在地": "愛媛県宇和島市和霊元町２－４－２１", "緯度": 33.228581, "経度": 132.567196, "url": "https://www.iryou.teikyouseido.mhlw.go.jp/znk-web/juminkanja/S2430/initialize?prefCd=38&kikanCd=2386310960&kikanKbn=2", "url2": null, "内容": "和霊町松浦内科【2:診療所】【診療科目:内科_リウマチ科】愛媛県宇和島市和霊元町２－４－２１" }, "geometry": { "type": "Point", "coordinates": [ 132.567196, 33.228581 ] } },
{ "type": "Feature", "properties": { "ID": 3822386311000, "正式名称": "公益財団法人正光会広小路診療所", "機関区分": 2, "都道府県コード": 38, "市区町村コード": 203, "所在地": "愛媛県宇和島市堀端町１の１３", "緯度": 33.217352, "経度": 132.568043, "url": "https://www.iryou.teikyouseido.mhlw.go.jp/znk-web/juminkanja/S2430/initialize?prefCd=38&kikanCd=2386311000&kikanKbn=2", "url2": "http://www.shokokai-grp.or.jp", "内容": "公益財団法人正光会広小路診療所【2:診療所】【診療科目:精神科_心療内科】愛媛県宇和島市堀端町１の１３" }, "geometry": { "type": "Point", "coordinates": [ 132.568043, 33.217352 ] } },
{ "type": "Feature", "properties": { "ID": 3822386311260, "正式名称": "山本内科医院", "機関区分": 2, "都道府県コード": 38, "市区町村コード": 203, "所在地": "愛媛県宇和島市本町追手１丁目１番１５号", "緯度": 33.218869, "経度": 132.570651, "url": "https://www.iryou.teikyouseido.mhlw.go.jp/znk-web/juminkanja/S2430/initialize?prefCd=38&kikanCd=2386311260&kikanKbn=2", "url2": null, "内容": "山本内科医院【2:診療所】【診療科目:内科_循環器内科_消化器内科_皮膚科】愛媛県宇和島市本町追手１丁目１番１５号" }, "geometry": { "type": "Point", "coordinates": [ 132.570651, 33.218869 ] } },
{ "type": "Feature", "properties": { "ID": 3822386311710, "正式名称": "上甲外科クリニック", "機関区分": 2, "都道府県コード": 38, "市区町村コード": 203, "所在地": "愛媛県宇和島市寄松甲２３０－１", "緯度": 33.20225, "経度": 132.549782, "url": "https://www.iryou.teikyouseido.mhlw.go.jp/znk-web/juminkanja/S2430/initialize?prefCd=38&kikanCd=2386311710&kikanKbn=2", "url2": null, "内容": "上甲外科クリニック【2:診療所】【診療科目:外科】愛媛県宇和島市寄松甲２３０－１" }, "geometry": { "type": "Point", "coordinates": [ 132.549782, 33.20225 ] } },
{ "type": "Feature", "properties": { "ID": 3822386312430, "正式名称": "いわむらクリニック", "機関区分": 2, "都道府県コード": 38, "市区町村コード": 203, "所在地": "愛媛県宇和島市吉田町魚棚２０番地３", "緯度": 33.276045, "経度": 132.540642, "url": "https://www.iryou.teikyouseido.mhlw.go.jp/znk-web/juminkanja/S2430/initialize?prefCd=38&kikanCd=2386312430&kikanKbn=2", "url2": "http://www.ca.pikara.ne.jp/iwamura-clinic/", "内容": "いわむらクリニック【2:診療所】【診療科目:内科_外科_リハビリテーション科】愛媛県宇和島市吉田町魚棚２０番地３" }, "geometry": { "type": "Point", "coordinates": [ 132.540642, 33.276045 ] } },
{ "type": "Feature", "properties": { "ID": 3822386312560, "正式名称": "木村内科医院", "機関区分": 2, "都道府県コード": 38, "市区町村コード": 203, "所在地": "愛媛県宇和島市京町２－４０", "緯度": 33.215638, "経度": 132.567946, "url": "https://www.iryou.teikyouseido.mhlw.go.jp/znk-web/juminkanja/S2430/initialize?prefCd=38&kikanCd=2386312560&kikanKbn=2", "url2": null, "内容": "木村内科医院【2:診療所】【診療科目:内科_糖尿病内科_循環器内科_腎臓内科】愛媛県宇和島市京町２－４０" }, "geometry": { "type": "Point", "coordinates": [ 132.567946, 33.215638 ] } },
{ "type": "Feature", "properties": { "ID": 3822386312690, "正式名称": "篠原医院", "機関区分": 2, "都道府県コード": 38, "市区町村コード": 488, "所在地": "愛媛県北宇和郡鬼北町近永１５１７－３", "緯度": 33.25247, "経度": 132.677963, "url": "https://www.iryou.teikyouseido.mhlw.go.jp/znk-web/juminkanja/S2430/initialize?prefCd=38&kikanCd=2386312690&kikanKbn=2", "url2": null, "内容": "篠原医院【2:診療所】【診療科目:胃腸内科_外科_肛門外科_リハビリテーション科】愛媛県北宇和郡鬼北町近永１５１７－３" }, "geometry": { "type": "Point", "coordinates": [ 132.677963, 33.25247 ] } },
{ "type": "Feature", "properties": { "ID": 3822386312720, "正式名称": "谷耳鼻咽喉科医院", "機関区分": 2, "都道府県コード": 38, "市区町村コード": 203, "所在地": "愛媛県宇和島市並松１丁目１－４１", "緯度": 33.208555, "経度": 132.55817, "url": "https://www.iryou.teikyouseido.mhlw.go.jp/znk-web/juminkanja/S2430/initialize?prefCd=38&kikanCd=2386312720&kikanKbn=2", "url2": null, "内容": "谷耳鼻咽喉科医院【2:診療所】【診療科目:耳鼻いんこう科】愛媛県宇和島市並松１丁目１－４１" }, "geometry": { "type": "Point", "coordinates": [ 132.55817, 33.208555 ] } },
{ "type": "Feature", "properties": { "ID": 3822386312980, "正式名称": "鬼北町国民健康保険日吉診療所", "機関区分": 2, "都道府県コード": 38, "市区町村コード": 488, "所在地": "愛媛県北宇和郡鬼北町下鍵山２９９番地", "緯度": 33.335352, "経度": 132.796005, "url": "https://www.iryou.teikyouseido.mhlw.go.jp/znk-web/juminkanja/S2430/initialize?prefCd=38&kikanCd=2386312980&kikanKbn=2", "url2": null, "内容": "鬼北町国民健康保険日吉診療所【2:診療所】【診療科目:内科_小児科】愛媛県北宇和郡鬼北町下鍵山２９９番地" }, "geometry": { "type": "Point", "coordinates": [ 132.796005, 33.335352 ] } },
{ "type": "Feature", "properties": { "ID": 3822386313020, "正式名称": "楠崎内科", "機関区分": 2, "都道府県コード": 38, "市区町村コード": 203, "所在地": "愛媛県宇和島市本町追手１丁目２番１５号", "緯度": 33.218527, "経度": 132.570057, "url": "https://www.iryou.teikyouseido.mhlw.go.jp/znk-web/juminkanja/S2430/initialize?prefCd=38&kikanCd=2386313020&kikanKbn=2", "url2": null, "内容": "楠崎内科【2:診療所】【診療科目:内科】愛媛県宇和島市本町追手１丁目２番１５号" }, "geometry": { "type": "Point", "coordinates": [ 132.570057, 33.218527 ] } },
{ "type": "Feature", "properties": { "ID": 3822386313570, "正式名称": "阿部眼科", "機関区分": 2, "都道府県コード": 38, "市区町村コード": 203, "所在地": "愛媛県宇和島市堀端町１番４号", "緯度": 33.21786, "経度": 132.568724, "url": "https://www.iryou.teikyouseido.mhlw.go.jp/znk-web/juminkanja/S2430/initialize?prefCd=38&kikanCd=2386313570&kikanKbn=2", "url2": null, "内容": "阿部眼科【2:診療所】【診療科目:眼科】愛媛県宇和島市堀端町１番４号" }, "geometry": { "type": "Point", "coordinates": [ 132.568724, 33.21786 ] } },
{ "type": "Feature", "properties": { "ID": 3822386313600, "正式名称": "河野整形外科クリニック", "機関区分": 2, "都道府県コード": 38, "市区町村コード": 203, "所在地": "愛媛県宇和島市丸之内３丁目１番１号", "緯度": 33.217277, "経度": 132.563502, "url": "https://www.iryou.teikyouseido.mhlw.go.jp/znk-web/juminkanja/S2430/initialize?prefCd=38&kikanCd=2386313600&kikanKbn=2", "url2": null, "内容": "河野整形外科クリニック【2:診療所】【診療科目:整形外科_リウマチ科_リハビリテーション科】愛媛県宇和島市丸之内３丁目１番１号" }, "geometry": { "type": "Point", "coordinates": [ 132.563502, 33.217277 ] } },
{ "type": "Feature", "properties": { "ID": 3822386313860, "正式名称": "橋本内科クリニック", "機関区分": 2, "都道府県コード": 38, "市区町村コード": 203, "所在地": "愛媛県宇和島市吉田町沖村甲６０９－１", "緯度": 33.290657, "経度": 132.534168, "url": "https://www.iryou.teikyouseido.mhlw.go.jp/znk-web/juminkanja/S2430/initialize?prefCd=38&kikanCd=2386313860&kikanKbn=2", "url2": null, "内容": "橋本内科クリニック【2:診療所】【診療科目:内科_循環器内科_消化器内科】愛媛県宇和島市吉田町沖村甲６０９－１" }, "geometry": { "type": "Point", "coordinates": [ 132.534168, 33.290657 ] } },
{ "type": "Feature", "properties": { "ID": 3822386313990, "正式名称": "永井内科医院", "機関区分": 2, "都道府県コード": 38, "市区町村コード": 203, "所在地": "愛媛県宇和島市津島町高田甲５９４－１", "緯度": 33.135118, "経度": 132.52387, "url": "https://www.iryou.teikyouseido.mhlw.go.jp/znk-web/juminkanja/S2430/initialize?prefCd=38&kikanCd=2386313990&kikanKbn=2", "url2": null, "内容": "永井内科医院【2:診療所】【診療科目:内科_循環器内科_消化器内科】愛媛県宇和島市津島町高田甲５９４－１" }, "geometry": { "type": "Point", "coordinates": [ 132.52387, 33.135118 ] } },
{ "type": "Feature", "properties": { "ID": 3822386314030, "正式名称": "宇和島市国民健康保険日振島診療所喜路出張所", "機関区分": 2, "都道府県コード": 38, "市区町村コード": 203, "所在地": "愛媛県宇和島市日振島３３１０番地", "緯度": 33.150974, "経度": 132.30836, "url": "https://www.iryou.teikyouseido.mhlw.go.jp/znk-web/juminkanja/S2430/initialize?prefCd=38&kikanCd=2386314030&kikanKbn=2", "url2": null, "内容": "宇和島市国民健康保険日振島診療所喜路出張所【2:診療所】【診療科目:内科_小児科】愛媛県宇和島市日振島３３１０番地" }, "geometry": { "type": "Point", "coordinates": [ 132.30836, 33.150974 ] } },
{ "type": "Feature", "properties": { "ID": 3822386314160, "正式名称": "宇和島市国民健康保険日振島診療所能登出張所", "機関区分": 2, "都道府県コード": 38, "市区町村コード": 203, "所在地": "愛媛県宇和島市日振島４１１番地", "緯度": 33.172554, "経度": 132.269418, "url": "https://www.iryou.teikyouseido.mhlw.go.jp/znk-web/juminkanja/S2430/initialize?prefCd=38&kikanCd=2386314160&kikanKbn=2", "url2": null, "内容": "宇和島市国民健康保険日振島診療所能登出張所【2:診療所】【診療科目:内科_小児科】愛媛県宇和島市日振島４１１番地" }, "geometry": { "type": "Point", "coordinates": [ 132.269418, 33.172554 ] } },
{ "type": "Feature", "properties": { "ID": 3822386314320, "正式名称": "大野内科医院", "機関区分": 2, "都道府県コード": 38, "市区町村コード": 488, "所在地": "愛媛県北宇和郡鬼北町近永６１８．６１９番地", "緯度": 33.25708, "経度": 132.675908, "url": "https://www.iryou.teikyouseido.mhlw.go.jp/znk-web/juminkanja/S2430/initialize?prefCd=38&kikanCd=2386314320&kikanKbn=2", "url2": null, "内容": "大野内科医院【2:診療所】【診療科目:内科_小児科】愛媛県北宇和郡鬼北町近永６１８．６１９番地" }, "geometry": { "type": "Point", "coordinates": [ 132.675908, 33.25708 ] } },
{ "type": "Feature", "properties": { "ID": 3822386314450, "正式名称": "松﨑クリニック", "機関区分": 2, "都道府県コード": 38, "市区町村コード": 203, "所在地": "愛媛県宇和島市三間町宮野下７９３番", "緯度": 33.290548, "経度": 132.609495, "url": "https://www.iryou.teikyouseido.mhlw.go.jp/znk-web/juminkanja/S2430/initialize?prefCd=38&kikanCd=2386314450&kikanKbn=2", "url2": null, "内容": "松﨑クリニック【2:診療所】【診療科目:消化器内科_胃腸内科_外科_肛門外科】愛媛県宇和島市三間町宮野下７９３番" }, "geometry": { "type": "Point", "coordinates": [ 132.609495, 33.290548 ] } },
{ "type": "Feature", "properties": { "ID": 3822386314580, "正式名称": "たけだ耳鼻咽喉科医院", "機関区分": 2, "都道府県コード": 38, "市区町村コード": 203, "所在地": "愛媛県宇和島市丸之内１丁目１番５号", "緯度": 33.218027, "経度": 132.567446, "url": "https://www.iryou.teikyouseido.mhlw.go.jp/znk-web/juminkanja/S2430/initialize?prefCd=38&kikanCd=2386314580&kikanKbn=2", "url2": null, "内容": "たけだ耳鼻咽喉科医院【2:診療所】【診療科目:耳鼻いんこう科】愛媛県宇和島市丸之内１丁目１番５号" }, "geometry": { "type": "Point", "coordinates": [ 132.567446, 33.218027 ] } },
{ "type": "Feature", "properties": { "ID": 3822386314610, "正式名称": "松野町国民健康保険中央診療所", "機関区分": 2, "都道府県コード": 38, "市区町村コード": 484, "所在地": "愛媛県北宇和郡松野町延野々１４０６番地第４", "緯度": 33.231, "経度": 132.708351, "url": "https://www.iryou.teikyouseido.mhlw.go.jp/znk-web/juminkanja/S2430/initialize?prefCd=38&kikanCd=2386314610&kikanKbn=2", "url2": "http://www.town.matsuno.ehime.jp/soshiki/7/shinryousyo2305.html", "内容": "松野町国民健康保険中央診療所【2:診療所】【診療科目:内科_外科_リハビリテーション科】愛媛県北宇和郡松野町延野々１４０６番地第４" }, "geometry": { "type": "Point", "coordinates": [ 132.708351, 33.231 ] } },
{ "type": "Feature", "properties": { "ID": 3822386314740, "正式名称": "松澤循環器科内科", "機関区分": 2, "都道府県コード": 38, "市区町村コード": 203, "所在地": "愛媛県宇和島市天神町８－１９", "緯度": 33.227026, "経度": 132.569446, "url": "https://www.iryou.teikyouseido.mhlw.go.jp/znk-web/juminkanja/S2430/initialize?prefCd=38&kikanCd=2386314740&kikanKbn=2", "url2": null, "内容": "松澤循環器科内科【2:診療所】【診療科目:内科_循環器内科】愛媛県宇和島市天神町８－１９" }, "geometry": { "type": "Point", "coordinates": [ 132.569446, 33.227026 ] } },
{ "type": "Feature", "properties": { "ID": 3822386314870, "正式名称": "松林眼科医院", "機関区分": 2, "都道府県コード": 38, "市区町村コード": 203, "所在地": "愛媛県宇和島市丸之内３－１－１３", "緯度": 33.217699, "経度": 132.563507, "url": "https://www.iryou.teikyouseido.mhlw.go.jp/znk-web/juminkanja/S2430/initialize?prefCd=38&kikanCd=2386314870&kikanKbn=2", "url2": null, "内容": "松林眼科医院【2:診療所】【診療科目:眼科】愛媛県宇和島市丸之内３－１－１３" }, "geometry": { "type": "Point", "coordinates": [ 132.563507, 33.217699 ] } },
{ "type": "Feature", "properties": { "ID": 3822386314900, "正式名称": "こばやし小児科", "機関区分": 2, "都道府県コード": 38, "市区町村コード": 203, "所在地": "愛媛県宇和島市長堀３丁目５－１２", "緯度": 33.208236, "経度": 132.550711, "url": "https://www.iryou.teikyouseido.mhlw.go.jp/znk-web/juminkanja/S2430/initialize?prefCd=38&kikanCd=2386314900&kikanKbn=2", "url2": null, "内容": "こばやし小児科【2:診療所】【診療科目:小児科】愛媛県宇和島市長堀３丁目５－１２" }, "geometry": { "type": "Point", "coordinates": [ 132.550711, 33.208236 ] } },
{ "type": "Feature", "properties": { "ID": 3822386315170, "正式名称": "溜尾整形外科", "機関区分": 2, "都道府県コード": 38, "市区町村コード": 203, "所在地": "愛媛県宇和島市吉田町東小路甲９８－１", "緯度": 33.28077, "経度": 132.540196, "url": "https://www.iryou.teikyouseido.mhlw.go.jp/znk-web/juminkanja/S2430/initialize?prefCd=38&kikanCd=2386315170&kikanKbn=2", "url2": null, "内容": "溜尾整形外科【2:診療所】【診療科目:整形外科_リウマチ科_リハビリテーション科】愛媛県宇和島市吉田町東小路甲９８－１" }, "geometry": { "type": "Point", "coordinates": [ 132.540196, 33.28077 ] } },
{ "type": "Feature", "properties": { "ID": 3822386315200, "正式名称": "小川クリニック", "機関区分": 2, "都道府県コード": 38, "市区町村コード": 203, "所在地": "愛媛県宇和島市丸之内１丁目１番１１号", "緯度": 33.21778, "経度": 132.56696, "url": "https://www.iryou.teikyouseido.mhlw.go.jp/znk-web/juminkanja/S2430/initialize?prefCd=38&kikanCd=2386315200&kikanKbn=2", "url2": null, "内容": "小川クリニック【2:診療所】【診療科目:内科_消化器内科_外科】愛媛県宇和島市丸之内１丁目１番１１号" }, "geometry": { "type": "Point", "coordinates": [ 132.56696, 33.21778 ] } },
{ "type": "Feature", "properties": { "ID": 3822386315620, "正式名称": "岡沢クリニック", "機関区分": 2, "都道府県コード": 38, "市区町村コード": 506, "所在地": "愛媛県南宇和郡愛南町御荘平城１９７６", "緯度": 32.962721, "経度": 132.560441, "url": "https://www.iryou.teikyouseido.mhlw.go.jp/znk-web/juminkanja/S2430/initialize?prefCd=38&kikanCd=2386315620&kikanKbn=2", "url2": null, "内容": "岡沢クリニック【2:診療所】【診療科目:小児科】愛媛県南宇和郡愛南町御荘平城１９７６" }, "geometry": { "type": "Point", "coordinates": [ 132.560441, 32.962721 ] } },
{ "type": "Feature", "properties": { "ID": 3822386316180, "正式名称": "石川循環器科・内科", "機関区分": 2, "都道府県コード": 38, "市区町村コード": 203, "所在地": "愛媛県宇和島市中沢町１丁目２－９", "緯度": 33.208972, "経度": 132.557725, "url": "https://www.iryou.teikyouseido.mhlw.go.jp/znk-web/juminkanja/S2430/initialize?prefCd=38&kikanCd=2386316180&kikanKbn=2", "url2": null, "内容": "石川循環器科・内科【2:診療所】【診療科目:内科_循環器内科】愛媛県宇和島市中沢町１丁目２－９" }, "geometry": { "type": "Point", "coordinates": [ 132.557725, 33.208972 ] } },
{ "type": "Feature", "properties": { "ID": 3822386316470, "正式名称": "あべ医院", "機関区分": 2, "都道府県コード": 38, "市区町村コード": 203, "所在地": "愛媛県宇和島市津島町岩松", "緯度": 33.12187, "経度": 132.521927, "url": "https://www.iryou.teikyouseido.mhlw.go.jp/znk-web/juminkanja/S2430/initialize?prefCd=38&kikanCd=2386316470&kikanKbn=2", "url2": null, "内容": "あべ医院【2:診療所】【診療科目:内科_小児科】愛媛県宇和島市津島町岩松" }, "geometry": { "type": "Point", "coordinates": [ 132.521927, 33.12187 ] } },
{ "type": "Feature", "properties": { "ID": 3822386317350, "正式名称": "いしむら整形外科", "機関区分": 2, "都道府県コード": 38, "市区町村コード": 488, "所在地": "愛媛県北宇和郡鬼北町奈良４２９８番地１", "緯度": 33.246422, "経度": 132.667525, "url": "https://www.iryou.teikyouseido.mhlw.go.jp/znk-web/juminkanja/S2430/initialize?prefCd=38&kikanCd=2386317350&kikanKbn=2", "url2": null, "内容": "いしむら整形外科【2:診療所】【診療科目:整形外科】愛媛県北宇和郡鬼北町奈良４２９８番地１" }, "geometry": { "type": "Point", "coordinates": [ 132.667525, 33.246422 ] } },
{ "type": "Feature", "properties": { "ID": 3822386317480, "正式名称": "くきた内科クリニック", "機関区分": 2, "都道府県コード": 38, "市区町村コード": 203, "所在地": "愛媛県宇和島市中沢町二丁目甲８６２番地３", "緯度": 33.206861, "経度": 132.554198, "url": "https://www.iryou.teikyouseido.mhlw.go.jp/znk-web/juminkanja/S2430/initialize?prefCd=38&kikanCd=2386317480&kikanKbn=2", "url2": "http://wwwd.pikara.ne.jp/kukita-naika", "内容": "くきた内科クリニック【2:診療所】【診療科目:内科_糖尿病内科_脂質代謝内科_呼吸器内科_循環器内科_腎臓内科】愛媛県宇和島市中沢町二丁目甲８６２番地３" }, "geometry": { "type": "Point", "coordinates": [ 132.554198, 33.206861 ] } },
{ "type": "Feature", "properties": { "ID": 3822386319080, "正式名称": "岡宮眼科", "機関区分": 2, "都道府県コード": 38, "市区町村コード": 488, "所在地": "愛媛県北宇和郡鬼北町近永１４８９番地１", "緯度": 33.252608, "経度": 132.676547, "url": "https://www.iryou.teikyouseido.mhlw.go.jp/znk-web/juminkanja/S2430/initialize?prefCd=38&kikanCd=2386319080&kikanKbn=2", "url2": "https://www.qq.pref.ehime.jp/qq38/qqport/kenmintop/detail/fk1101.php?sisetuid=11253&kinouid=fk9101", "内容": "岡宮眼科【2:診療所】【診療科目:眼科】愛媛県北宇和郡鬼北町近永１４８９番地１" }, "geometry": { "type": "Point", "coordinates": [ 132.676547, 33.252608 ] } },
{ "type": "Feature", "properties": { "ID": 3822386320480, "正式名称": "清岡眼科", "機関区分": 2, "都道府県コード": 38, "市区町村コード": 203, "所在地": "愛媛県宇和島市御幸町２丁目５番５号", "緯度": 33.226692, "経度": 132.563724, "url": "https://www.iryou.teikyouseido.mhlw.go.jp/znk-web/juminkanja/S2430/initialize?prefCd=38&kikanCd=2386320480&kikanKbn=2", "url2": null, "内容": "清岡眼科【2:診療所】【診療科目:眼科_麻酔科】愛媛県宇和島市御幸町２丁目５番５号" }, "geometry": { "type": "Point", "coordinates": [ 132.563724, 33.226692 ] } },
{ "type": "Feature", "properties": { "ID": 3822386323380, "正式名称": "ますだクリニック", "機関区分": 2, "都道府県コード": 38, "市区町村コード": 203, "所在地": "愛媛県宇和島市伊吹町甲１１５５－７", "緯度": 33.237386, "経度": 132.570528, "url": "https://www.iryou.teikyouseido.mhlw.go.jp/znk-web/juminkanja/S2430/initialize?prefCd=38&kikanCd=2386323380&kikanKbn=2", "url2": null, "内容": "ますだクリニック【2:診療所】【診療科目:内科_消化器内科_外科_肛門外科】愛媛県宇和島市伊吹町甲１１５５－７" }, "geometry": { "type": "Point", "coordinates": [ 132.570528, 33.237386 ] } },
{ "type": "Feature", "properties": { "ID": 3822386323410, "正式名称": "愛南町国保一本松病院附属内海診療所魚神山出張所", "機関区分": 2, "都道府県コード": 38, "市区町村コード": 506, "所在地": "愛媛県南宇和郡愛南町魚神山２２９", "緯度": 33.051764, "経度": 132.407078, "url": "https://www.iryou.teikyouseido.mhlw.go.jp/znk-web/juminkanja/S2430/initialize?prefCd=38&kikanCd=2386323410&kikanKbn=2", "url2": null, "内容": "愛南町国保一本松病院附属内海診療所魚神山出張所【2:診療所】【診療科目:内科】愛媛県南宇和郡愛南町魚神山２２９" }, "geometry": { "type": "Point", "coordinates": [ 132.407078, 33.051764 ] } },
{ "type": "Feature", "properties": { "ID": 3822386325140, "正式名称": "古賀耳鼻咽喉科", "機関区分": 2, "都道府県コード": 38, "市区町村コード": 203, "所在地": "愛媛県宇和島市御幸町２丁目６番３号", "緯度": 33.226776, "経度": 132.564085, "url": "https://www.iryou.teikyouseido.mhlw.go.jp/znk-web/juminkanja/S2430/initialize?prefCd=38&kikanCd=2386325140&kikanKbn=2", "url2": "koga.mdja.jp", "内容": "古賀耳鼻咽喉科【2:診療所】【診療科目:耳鼻いんこう科】愛媛県宇和島市御幸町２丁目６番３号" }, "geometry": { "type": "Point", "coordinates": [ 132.564085, 33.226776 ] } },
{ "type": "Feature", "properties": { "ID": 3822386327160, "正式名称": "加藤整形外科", "機関区分": 2, "都道府県コード": 38, "市区町村コード": 203, "所在地": "愛媛県宇和島市和霊元町四丁目２―８", "緯度": 33.229637, "経度": 132.56814, "url": "https://www.iryou.teikyouseido.mhlw.go.jp/znk-web/juminkanja/S2430/initialize?prefCd=38&kikanCd=2386327160&kikanKbn=2", "url2": null, "内容": "加藤整形外科【2:診療所】【診療科目:整形外科_リハビリテーション科】愛媛県宇和島市和霊元町四丁目２―８" }, "geometry": { "type": "Point", "coordinates": [ 132.56814, 33.229637 ] } },
{ "type": "Feature", "properties": { "ID": 3822386331330, "正式名称": "山内産婦人科医院", "機関区分": 2, "都道府県コード": 38, "市区町村コード": 203, "所在地": "愛媛県宇和島市宮下甲２２３－５", "緯度": 33.203531, "経度": 132.549528, "url": "https://www.iryou.teikyouseido.mhlw.go.jp/znk-web/juminkanja/S2430/initialize?prefCd=38&kikanCd=2386331330&kikanKbn=2", "url2": "http://yamauchi-lc.com", "内容": "山内産婦人科医院【2:診療所】【診療科目:産婦人科】愛媛県宇和島市宮下甲２２３－５" }, "geometry": { "type": "Point", "coordinates": [ 132.549528, 33.203531 ] } },
{ "type": "Feature", "properties": { "ID": 3822386400180, "正式名称": "愛南町国保一本松病院附属内海診療所", "機関区分": 2, "都道府県コード": 38, "市区町村コード": 506, "所在地": "愛媛県南宇和郡愛南町柏４３４番地１", "緯度": 33.018057, "経度": 132.498961, "url": "https://www.iryou.teikyouseido.mhlw.go.jp/znk-web/juminkanja/S2430/initialize?prefCd=38&kikanCd=2386400180&kikanKbn=2", "url2": "https://www.town.ainan.ehime.jp", "内容": "愛南町国保一本松病院附属内海診療所【2:診療所】【診療科目:内科】愛媛県南宇和郡愛南町柏４３４番地１" }, "geometry": { "type": "Point", "coordinates": [ 132.498961, 33.018057 ] } },
{ "type": "Feature", "properties": { "ID": 3822386400210, "正式名称": "愛南町国保一本松病院附属内海診療所家串出張所", "機関区分": 2, "都道府県コード": 38, "市区町村コード": 506, "所在地": "愛媛県南宇和郡愛南町家串１１５５", "緯度": 33.047043, "経度": 132.471212, "url": "https://www.iryou.teikyouseido.mhlw.go.jp/znk-web/juminkanja/S2430/initialize?prefCd=38&kikanCd=2386400210&kikanKbn=2", "url2": null, "内容": "愛南町国保一本松病院附属内海診療所家串出張所【2:診療所】【診療科目:内科】愛媛県南宇和郡愛南町家串１１５５" }, "geometry": { "type": "Point", "coordinates": [ 132.471212, 33.047043 ] } },
{ "type": "Feature", "properties": { "ID": 3822386400890, "正式名称": "かんクリニック－ＡＩＮＡＮ－", "機関区分": 2, "都道府県コード": 38, "市区町村コード": 506, "所在地": "愛媛県南宇和郡愛南町御荘平城１５９０番地", "緯度": 32.963915, "経度": 132.556764, "url": "https://www.iryou.teikyouseido.mhlw.go.jp/znk-web/juminkanja/S2430/initialize?prefCd=38&kikanCd=2386400890&kikanKbn=2", "url2": null, "内容": "かんクリニック－ＡＩＮＡＮ－【2:診療所】【診療科目:内科_糖尿病内科_外科】愛媛県南宇和郡愛南町御荘平城１５９０番地" }, "geometry": { "type": "Point", "coordinates": [ 132.556764, 32.963915 ] } },
{ "type": "Feature", "properties": { "ID": 3822386401220, "正式名称": "沢近医院", "機関区分": 2, "都道府県コード": 38, "市区町村コード": 506, "所在地": "愛媛県南宇和郡愛南町城辺甲３４７－２", "緯度": 32.96061, "経度": 132.577291, "url": "https://www.iryou.teikyouseido.mhlw.go.jp/znk-web/juminkanja/S2430/initialize?prefCd=38&kikanCd=2386401220&kikanKbn=2", "url2": null, "内容": "沢近医院【2:診療所】【診療科目:内科_外科_小児科_リウマチ科_リハビリテーション科】愛媛県南宇和郡愛南町城辺甲３４７－２" }, "geometry": { "type": "Point", "coordinates": [ 132.577291, 32.96061 ] } },
{ "type": "Feature", "properties": { "ID": 3822386401510, "正式名称": "粉川ファミリークリニック", "機関区分": 2, "都道府県コード": 38, "市区町村コード": 506, "所在地": "愛媛県南宇和郡愛南町城辺甲８６", "緯度": 32.960804, "経度": 132.571013, "url": "https://www.iryou.teikyouseido.mhlw.go.jp/znk-web/juminkanja/S2430/initialize?prefCd=38&kikanCd=2386401510&kikanKbn=2", "url2": null, "内容": "粉川ファミリークリニック【2:診療所】【診療科目:内科】愛媛県南宇和郡愛南町城辺甲８６" }, "geometry": { "type": "Point", "coordinates": [ 132.571013, 32.960804 ] } },
{ "type": "Feature", "properties": { "ID": 3822386403080, "正式名称": "竹本医院", "機関区分": 2, "都道府県コード": 38, "市区町村コード": 506, "所在地": "愛媛県南宇和郡愛南町城辺乙５０７", "緯度": 32.962383, "経度": 132.572881, "url": "https://www.iryou.teikyouseido.mhlw.go.jp/znk-web/juminkanja/S2430/initialize?prefCd=38&kikanCd=2386403080&kikanKbn=2", "url2": null, "内容": "竹本医院【2:診療所】【診療科目:消化器内科_外科_肛門外科_皮膚科】愛媛県南宇和郡愛南町城辺乙５０７" }, "geometry": { "type": "Point", "coordinates": [ 132.572881, 32.962383 ] } },
{ "type": "Feature", "properties": { "ID": 3822386403370, "正式名称": "松本クリニック", "機関区分": 2, "都道府県コード": 38, "市区町村コード": 506, "所在地": "愛媛県南宇和郡愛南町一本松３３７５－３", "緯度": 32.963882, "経度": 132.647684, "url": "https://www.iryou.teikyouseido.mhlw.go.jp/znk-web/juminkanja/S2430/initialize?prefCd=38&kikanCd=2386403370&kikanKbn=2", "url2": "http://matsumotoclinic-ainan.com/", "内容": "松本クリニック【2:診療所】【診療科目:内科_消化器内科】愛媛県南宇和郡愛南町一本松３３７５－３" }, "geometry": { "type": "Point", "coordinates": [ 132.647684, 32.963882 ] } },
{ "type": "Feature", "properties": { "ID": 3822386404410, "正式名称": "松田循環器科内科", "機関区分": 2, "都道府県コード": 38, "市区町村コード": 206, "所在地": "愛媛県西条市三津屋南１３－５０", "緯度": 33.930738, "経度": 133.086481, "url": "https://www.iryou.teikyouseido.mhlw.go.jp/znk-web/juminkanja/S2430/initialize?prefCd=38&kikanCd=2386404410&kikanKbn=2", "url2": null, "内容": "松田循環器科内科【2:診療所】【診療科目:内科_循環器内科】愛媛県西条市三津屋南１３－５０" }, "geometry": { "type": "Point", "coordinates": [ 133.086481, 33.930738 ] } },
{ "type": "Feature", "properties": { "ID": 3822386404960, "正式名称": "つだ眼科ピコリック", "機関区分": 2, "都道府県コード": 38, "市区町村コード": 206, "所在地": "愛媛県西条市樋之口４３６－８", "緯度": 33.924212, "経度": 133.175058, "url": "https://www.iryou.teikyouseido.mhlw.go.jp/znk-web/juminkanja/S2430/initialize?prefCd=38&kikanCd=2386404960&kikanKbn=2", "url2": null, "内容": "つだ眼科ピコリック【2:診療所】【診療科目:眼科】愛媛県西条市樋之口４３６－８" }, "geometry": { "type": "Point", "coordinates": [ 133.175058, 33.924212 ] } },
{ "type": "Feature", "properties": { "ID": 3822386408450, "正式名称": "かりやま整形外科", "機関区分": 2, "都道府県コード": 38, "市区町村コード": 206, "所在地": "愛媛県西条市大町７０１－２", "緯度": 33.915908, "経度": 133.185946, "url": "https://www.iryou.teikyouseido.mhlw.go.jp/znk-web/juminkanja/S2430/initialize?prefCd=38&kikanCd=2386408450&kikanKbn=2", "url2": "https://www.kariyama-seikeigeka.com/", "内容": "かりやま整形外科【2:診療所】【診療科目:整形外科_リウマチ科_リハビリテーション科】愛媛県西条市大町７０１－２" }, "geometry": { "type": "Point", "coordinates": [ 133.185946, 33.915908 ] } },
{ "type": "Feature", "properties": { "ID": 3822386409750, "正式名称": "桑嶋クリニック", "機関区分": 2, "都道府県コード": 38, "市区町村コード": 205, "所在地": "愛媛県新居浜市坂井町３丁目６－３", "緯度": 33.94374, "経度": 133.294158, "url": "https://www.iryou.teikyouseido.mhlw.go.jp/znk-web/juminkanja/S2430/initialize?prefCd=38&kikanCd=2386409750&kikanKbn=2", "url2": null, "内容": "桑嶋クリニック【2:診療所】【診療科目:外科_泌尿器科】愛媛県新居浜市坂井町３丁目６－３" }, "geometry": { "type": "Point", "coordinates": [ 133.294158, 33.94374 ] } },
{ "type": "Feature", "properties": { "ID": 3822386410990, "正式名称": "キッズクリニックＤｒ．パパ", "機関区分": 2, "都道府県コード": 38, "市区町村コード": 206, "所在地": "愛媛県西条市周布４８６－３", "緯度": 33.928488, "経度": 133.077705, "url": "https://www.iryou.teikyouseido.mhlw.go.jp/znk-web/juminkanja/S2430/initialize?prefCd=38&kikanCd=2386410990&kikanKbn=2", "url2": null, "内容": "キッズクリニックＤｒ．パパ【2:診療所】【診療科目:小児科_アレルギー科】愛媛県西条市周布４８６－３" }, "geometry": { "type": "Point", "coordinates": [ 133.077705, 33.928488 ] } },
{ "type": "Feature", "properties": { "ID": 3822386412170, "正式名称": "医療法人　雄大　とのやまクリニック", "機関区分": 2, "都道府県コード": 38, "市区町村コード": 206, "所在地": "愛媛県西条市大町７０３－１", "緯度": 33.91638, "経度": 133.186002, "url": "https://www.iryou.teikyouseido.mhlw.go.jp/znk-web/juminkanja/S2430/initialize?prefCd=38&kikanCd=2386412170&kikanKbn=2", "url2": "https://www.tonoyama.jp/", "内容": "医療法人　雄大　とのやまクリニック【2:診療所】【診療科目:精神科_心療内科】愛媛県西条市大町７０３－１" }, "geometry": { "type": "Point", "coordinates": [ 133.186002, 33.91638 ] } },
{ "type": "Feature", "properties": { "ID": 3822386412590, "正式名称": "今井クリニック整形外科", "機関区分": 2, "都道府県コード": 38, "市区町村コード": 206, "所在地": "愛媛県西条市丹原町今井１０６－１", "緯度": 33.900657, "経度": 133.05593, "url": "https://www.iryou.teikyouseido.mhlw.go.jp/znk-web/juminkanja/S2430/initialize?prefCd=38&kikanCd=2386412590&kikanKbn=2", "url2": "http://imai-clinic.net", "内容": "今井クリニック整形外科【2:診療所】【診療科目:整形外科_リウマチ科_リハビリテーション科】愛媛県西条市丹原町今井１０６－１" }, "geometry": { "type": "Point", "coordinates": [ 133.05593, 33.900657 ] } },
{ "type": "Feature", "properties": { "ID": 3822386412620, "正式名称": "いしまる皮ふ科", "機関区分": 2, "都道府県コード": 38, "市区町村コード": 205, "所在地": "愛媛県新居浜市中村松木１丁目７－８", "緯度": 33.940962, "経度": 133.289603, "url": "https://www.iryou.teikyouseido.mhlw.go.jp/znk-web/juminkanja/S2430/initialize?prefCd=38&kikanCd=2386412620&kikanKbn=2", "url2": "http://ishimaruhifuka.wixsite.com/clinic", "内容": "いしまる皮ふ科【2:診療所】【診療科目:皮膚科】愛媛県新居浜市中村松木１丁目７－８" }, "geometry": { "type": "Point", "coordinates": [ 133.289603, 33.940962 ] } },
{ "type": "Feature", "properties": { "ID": 3822386413050, "正式名称": "中山皮膚科クリニック", "機関区分": 2, "都道府県コード": 38, "市区町村コード": 205, "所在地": "愛媛県新居浜市中須賀町１丁目６－１０", "緯度": 33.964487, "経度": 133.272798, "url": "https://www.iryou.teikyouseido.mhlw.go.jp/znk-web/juminkanja/S2430/initialize?prefCd=38&kikanCd=2386413050&kikanKbn=2", "url2": "http://www.nakayama-dr.jp/", "内容": "中山皮膚科クリニック【2:診療所】【診療科目:皮膚科_泌尿器科】愛媛県新居浜市中須賀町１丁目６－１０" }, "geometry": { "type": "Point", "coordinates": [ 133.272798, 33.964487 ] } },
{ "type": "Feature", "properties": { "ID": 3822386415940, "正式名称": "みやもと眼科クリニック", "機関区分": 2, "都道府県コード": 38, "市区町村コード": 205, "所在地": "愛媛県新居浜市坂井町３丁目６番２６号", "緯度": 33.945101, "経度": 133.295575, "url": "https://www.iryou.teikyouseido.mhlw.go.jp/znk-web/juminkanja/S2430/initialize?prefCd=38&kikanCd=2386415940&kikanKbn=2", "url2": "https://miyamotoganka.com/", "内容": "みやもと眼科クリニック【2:診療所】【診療科目:眼科】愛媛県新居浜市坂井町３丁目６番２６号" }, "geometry": { "type": "Point", "coordinates": [ 133.295575, 33.945101 ] } },
{ "type": "Feature", "properties": { "ID": 3822386416080, "正式名称": "公益財団法人正光会周桑こころのクリニック", "機関区分": 2, "都道府県コード": 38, "市区町村コード": 206, "所在地": "愛媛県西条市丹原町願連寺２７４番地１", "緯度": 33.908823, "経度": 133.063318, "url": "https://www.iryou.teikyouseido.mhlw.go.jp/znk-web/juminkanja/S2430/initialize?prefCd=38&kikanCd=2386416080&kikanKbn=2", "url2": "http://www.shokokai-grp.or.jp/", "内容": "公益財団法人正光会周桑こころのクリニック【2:診療所】【診療科目:精神科_神経科_心療内科】愛媛県西条市丹原町願連寺２７４番地１" }, "geometry": { "type": "Point", "coordinates": [ 133.063318, 33.908823 ] } },
{ "type": "Feature", "properties": { "ID": 3822386417120, "正式名称": "かとうクリニック", "機関区分": 2, "都道府県コード": 38, "市区町村コード": 205, "所在地": "愛媛県新居浜市船木甲４３２２番地２", "緯度": 33.936713, "経度": 133.325739, "url": "https://www.iryou.teikyouseido.mhlw.go.jp/znk-web/juminkanja/S2430/initialize?prefCd=38&kikanCd=2386417120&kikanKbn=2", "url2": "http://katoclinic.biz", "内容": "かとうクリニック【2:診療所】【診療科目:内科_呼吸器内科_循環器内科_消化器内科_小児科_リハビリテーション科】愛媛県新居浜市船木甲４３２２番地２" }, "geometry": { "type": "Point", "coordinates": [ 133.325739, 33.936713 ] } },
{ "type": "Feature", "properties": { "ID": 3822386423730, "正式名称": "やまもと眼科クリニック", "機関区分": 2, "都道府県コード": 38, "市区町村コード": 206, "所在地": "愛媛県西条市丹原町池田１０９－４", "緯度": 33.925293, "経度": 133.072955, "url": "https://www.iryou.teikyouseido.mhlw.go.jp/znk-web/juminkanja/S2430/initialize?prefCd=38&kikanCd=2386423730&kikanKbn=2", "url2": "http://www.yamamotoganka.com/", "内容": "やまもと眼科クリニック【2:診療所】【診療科目:眼科】愛媛県西条市丹原町池田１０９－４" }, "geometry": { "type": "Point", "coordinates": [ 133.072955, 33.925293 ] } },
{ "type": "Feature", "properties": { "ID": 3822386423860, "正式名称": "ふれあい診療所", "機関区分": 2, "都道府県コード": 38, "市区町村コード": 206, "所在地": "愛媛県西条市壬生川１１１番地１", "緯度": 33.932321, "経度": 133.080426, "url": "https://www.iryou.teikyouseido.mhlw.go.jp/znk-web/juminkanja/S2430/initialize?prefCd=38&kikanCd=2386423860&kikanKbn=2", "url2": null, "内容": "ふれあい診療所【2:診療所】【診療科目:内科_外科】愛媛県西条市壬生川１１１番地１" }, "geometry": { "type": "Point", "coordinates": [ 133.080426, 33.932321 ] } },
{ "type": "Feature", "properties": { "ID": 3822386424160, "正式名称": "もりざね耳鼻咽喉科", "機関区分": 2, "都道府県コード": 38, "市区町村コード": 206, "所在地": "愛媛県西条市樋之口４３６－１２", "緯度": 33.924018, "経度": 133.175197, "url": "https://www.iryou.teikyouseido.mhlw.go.jp/znk-web/juminkanja/S2430/initialize?prefCd=38&kikanCd=2386424160&kikanKbn=2", "url2": "http://morizane.la.coocan.jp/index.htm", "内容": "もりざね耳鼻咽喉科【2:診療所】【診療科目:耳鼻いんこう科_アレルギー科】愛媛県西条市樋之口４３６－１２" }, "geometry": { "type": "Point", "coordinates": [ 133.175197, 33.924018 ] } },
{ "type": "Feature", "properties": { "ID": 3822386424290, "正式名称": "小林耳鼻咽喉科クリニック", "機関区分": 2, "都道府県コード": 38, "市区町村コード": 206, "所在地": "愛媛県西条市丹原町池田１０９－５", "緯度": 33.90835, "経度": 133.048875, "url": "https://www.iryou.teikyouseido.mhlw.go.jp/znk-web/juminkanja/S2430/initialize?prefCd=38&kikanCd=2386424290&kikanKbn=2", "url2": "http://www.kobayashi-ent.jp", "内容": "小林耳鼻咽喉科クリニック【2:診療所】【診療科目:耳鼻いんこう科_アレルギー科】愛媛県西条市丹原町池田１０９－５" }, "geometry": { "type": "Point", "coordinates": [ 133.048875, 33.90835 ] } },
{ "type": "Feature", "properties": { "ID": 3822386424580, "正式名称": "こんどう心療内科", "機関区分": 2, "都道府県コード": 38, "市区町村コード": 205, "所在地": "愛媛県新居浜市坂井町二丁目５－１４", "緯度": 33.94985, "経度": 133.293325, "url": "https://www.iryou.teikyouseido.mhlw.go.jp/znk-web/juminkanja/S2430/initialize?prefCd=38&kikanCd=2386424580&kikanKbn=2", "url2": "http://www.kondoh-m.com", "内容": "こんどう心療内科【2:診療所】【診療科目:精神科_心療内科】愛媛県新居浜市坂井町二丁目５－１４" }, "geometry": { "type": "Point", "coordinates": [ 133.293325, 33.94985 ] } },
{ "type": "Feature", "properties": { "ID": 3822386425880, "正式名称": "せんば眼科", "機関区分": 2, "都道府県コード": 38, "市区町村コード": 205, "所在地": "愛媛県新居浜市前田町８番８号　イオンモール新居浜２階", "緯度": 33.954044, "経度": 133.268438, "url": "https://www.iryou.teikyouseido.mhlw.go.jp/znk-web/juminkanja/S2430/initialize?prefCd=38&kikanCd=2386425880&kikanKbn=2", "url2": null, "内容": "せんば眼科【2:診療所】【診療科目:眼科】愛媛県新居浜市前田町８番８号　イオンモール新居浜２階" }, "geometry": { "type": "Point", "coordinates": [ 133.268438, 33.954044 ] } },
{ "type": "Feature", "properties": { "ID": 3822386432400, "正式名称": "西条市休日夜間急患センター", "機関区分": 2, "都道府県コード": 38, "市区町村コード": 206, "所在地": "愛媛県西条市野々市４０番地１", "緯度": 33.891881, "経度": 133.138923, "url": "https://www.iryou.teikyouseido.mhlw.go.jp/znk-web/juminkanja/S2430/initialize?prefCd=38&kikanCd=2386432400&kikanKbn=2", "url2": null, "内容": "西条市休日夜間急患センター【2:診療所】【診療科目:内科_外科】愛媛県西条市野々市４０番地１" }, "geometry": { "type": "Point", "coordinates": [ 133.138923, 33.891881 ] } },
{ "type": "Feature", "properties": { "ID": 3822386432660, "正式名称": "えもり内科クリニック", "機関区分": 2, "都道府県コード": 38, "市区町村コード": 205, "所在地": "愛媛県新居浜市久保田町２丁目４番２７号", "緯度": 33.955738, "経度": 133.277826, "url": "https://www.iryou.teikyouseido.mhlw.go.jp/znk-web/juminkanja/S2430/initialize?prefCd=38&kikanCd=2386432660&kikanKbn=2", "url2": "http://www.emori-clinic.com/", "内容": "えもり内科クリニック【2:診療所】【診療科目:内科】愛媛県新居浜市久保田町２丁目４番２７号" }, "geometry": { "type": "Point", "coordinates": [ 133.277826, 33.955738 ] } },
{ "type": "Feature", "properties": { "ID": 3822386437870, "正式名称": "しらかた皮フ科クリニック", "機関区分": 2, "都道府県コード": 38, "市区町村コード": 206, "所在地": "愛媛県西条市明屋敷５６２番地３", "緯度": 33.922407, "経度": 133.17603, "url": "https://www.iryou.teikyouseido.mhlw.go.jp/znk-web/juminkanja/S2430/initialize?prefCd=38&kikanCd=2386437870&kikanKbn=2", "url2": "http://www.shirakata-skin.net", "内容": "しらかた皮フ科クリニック【2:診療所】【診療科目:皮膚科】愛媛県西条市明屋敷５６２番地３" }, "geometry": { "type": "Point", "coordinates": [ 133.17603, 33.922407 ] } },
{ "type": "Feature", "properties": { "ID": 3822386500110, "正式名称": "樋口脳神経外科", "機関区分": 2, "都道府県コード": 38, "市区町村コード": 214, "所在地": "愛媛県西予市宇和町上松葉１９１番地１", "緯度": 33.384286, "経度": 132.502472, "url": "https://www.iryou.teikyouseido.mhlw.go.jp/znk-web/juminkanja/S2430/initialize?prefCd=38&kikanCd=2386500110&kikanKbn=2", "url2": "higuchi-nougeka.jp", "内容": "樋口脳神経外科【2:診療所】【診療科目:脳神経外科_麻酔科】愛媛県西予市宇和町上松葉１９１番地１" }, "geometry": { "type": "Point", "coordinates": [ 132.502472, 33.384286 ] } },
{ "type": "Feature", "properties": { "ID": 3822386501120, "正式名称": "東若宮中川脳神経外科クリニック", "機関区分": 2, "都道府県コード": 38, "市区町村コード": 207, "所在地": "愛媛県大洲市東若宮８番地７", "緯度": 33.53066, "経度": 132.565377, "url": "https://www.iryou.teikyouseido.mhlw.go.jp/znk-web/juminkanja/S2430/initialize?prefCd=38&kikanCd=2386501120&kikanKbn=2", "url2": "https://www.nakagawa-neurosurgical-clinic.com/", "内容": "東若宮中川脳神経外科クリニック【2:診療所】【診療科目:内科_外科_脳神経外科_リハビリテーション科】愛媛県大洲市東若宮８番地７" }, "geometry": { "type": "Point", "coordinates": [ 132.565377, 33.53066 ] } },
{ "type": "Feature", "properties": { "ID": 3822386501250, "正式名称": "なかの泌尿器科", "機関区分": 2, "都道府県コード": 38, "市区町村コード": 204, "所在地": "愛媛県八幡浜市保内町喜木１番耕地２４０番地１", "緯度": 33.48344, "経度": 132.406864, "url": "https://www.iryou.teikyouseido.mhlw.go.jp/znk-web/juminkanja/S2430/initialize?prefCd=38&kikanCd=2386501250&kikanKbn=2", "url2": null, "内容": "なかの泌尿器科【2:診療所】【診療科目:泌尿器科_腎臓・泌尿器科_人工透析】愛媛県八幡浜市保内町喜木１番耕地２４０番地１" }, "geometry": { "type": "Point", "coordinates": [ 132.406864, 33.48344 ] } },
{ "type": "Feature", "properties": { "ID": 3822386501380, "正式名称": "にしむら整形外科", "機関区分": 2, "都道府県コード": 38, "市区町村コード": 204, "所在地": "愛媛県八幡浜市昭和通１５１０－１３９", "緯度": 33.458249, "経度": 132.419698, "url": "https://www.iryou.teikyouseido.mhlw.go.jp/znk-web/juminkanja/S2430/initialize?prefCd=38&kikanCd=2386501380&kikanKbn=2", "url2": null, "内容": "にしむら整形外科【2:診療所】【診療科目:整形外科_リウマチ科_リハビリテーション科】愛媛県八幡浜市昭和通１５１０－１３９" }, "geometry": { "type": "Point", "coordinates": [ 132.419698, 33.458249 ] } },
{ "type": "Feature", "properties": { "ID": 3822386501410, "正式名称": "神南診療所", "機関区分": 2, "都道府県コード": 38, "市区町村コード": 207, "所在地": "愛媛県大洲市新谷乙１１８６－１", "緯度": 33.534327, "経度": 132.59954, "url": "https://www.iryou.teikyouseido.mhlw.go.jp/znk-web/juminkanja/S2430/initialize?prefCd=38&kikanCd=2386501410&kikanKbn=2", "url2": null, "内容": "神南診療所【2:診療所】【診療科目:内科_外科_整形外科】愛媛県大洲市新谷乙１１８６－１" }, "geometry": { "type": "Point", "coordinates": [ 132.59954, 33.534327 ] } },
{ "type": "Feature", "properties": { "ID": 3822386501540, "正式名称": "眼科うちこＣＬＩＮＩＣ", "機関区分": 2, "都道府県コード": 38, "市区町村コード": 422, "所在地": "愛媛県喜多郡内子町内子３８０番地", "緯度": 33.547854, "経度": 132.646313, "url": "https://www.iryou.teikyouseido.mhlw.go.jp/znk-web/juminkanja/S2430/initialize?prefCd=38&kikanCd=2386501540&kikanKbn=2", "url2": null, "内容": "眼科うちこＣＬＩＮＩＣ【2:診療所】【診療科目:眼科】愛媛県喜多郡内子町内子３８０番地" }, "geometry": { "type": "Point", "coordinates": [ 132.646313, 33.547854 ] } },
{ "type": "Feature", "properties": { "ID": 3822386501670, "正式名称": "近藤医院", "機関区分": 2, "都道府県コード": 38, "市区町村コード": 214, "所在地": "愛媛県西予市宇和町卯之町１丁目３７６－２", "緯度": 33.367621, "経度": 132.508722, "url": "https://www.iryou.teikyouseido.mhlw.go.jp/znk-web/juminkanja/S2430/initialize?prefCd=38&kikanCd=2386501670&kikanKbn=2", "url2": null, "内容": "近藤医院【2:診療所】【診療科目:内科_神経内科_アレルギー科_リウマチ科_リハビリテーション科】愛媛県西予市宇和町卯之町１丁目３７６－２" }, "geometry": { "type": "Point", "coordinates": [ 132.508722, 33.367621 ] } },
{ "type": "Feature", "properties": { "ID": 3822386501700, "正式名称": "清水医院", "機関区分": 2, "都道府県コード": 38, "市区町村コード": 204, "所在地": "愛媛県八幡浜市日土町１番耕地２５６番地", "緯度": 33.494578, "経度": 132.422723, "url": "https://www.iryou.teikyouseido.mhlw.go.jp/znk-web/juminkanja/S2430/initialize?prefCd=38&kikanCd=2386501700&kikanKbn=2", "url2": null, "内容": "清水医院【2:診療所】【診療科目:内科_外科】愛媛県八幡浜市日土町１番耕地２５６番地" }, "geometry": { "type": "Point", "coordinates": [ 132.422723, 33.494578 ] } },
{ "type": "Feature", "properties": { "ID": 3822386502840, "正式名称": "べっく医院", "機関区分": 2, "都道府県コード": 38, "市区町村コード": 207, "所在地": "愛媛県大洲市平野町野田３２２０番地１", "緯度": 33.495274, "経度": 132.519438, "url": "https://www.iryou.teikyouseido.mhlw.go.jp/znk-web/juminkanja/S2430/initialize?prefCd=38&kikanCd=2386502840&kikanKbn=2", "url2": null, "内容": "べっく医院【2:診療所】【診療科目:整形外科_リハビリテーション科】愛媛県大洲市平野町野田３２２０番地１" }, "geometry": { "type": "Point", "coordinates": [ 132.519438, 33.495274 ] } },
{ "type": "Feature", "properties": { "ID": 3822386503270, "正式名称": "にしわき眼科クリニック", "機関区分": 2, "都道府県コード": 38, "市区町村コード": 204, "所在地": "愛媛県八幡浜市江戸岡一丁目４番５号", "緯度": 33.457999, "経度": 132.432919, "url": "https://www.iryou.teikyouseido.mhlw.go.jp/znk-web/juminkanja/S2430/initialize?prefCd=38&kikanCd=2386503270&kikanKbn=2", "url2": null, "内容": "にしわき眼科クリニック【2:診療所】【診療科目:眼科】愛媛県八幡浜市江戸岡一丁目４番５号" }, "geometry": { "type": "Point", "coordinates": [ 132.432919, 33.457999 ] } },
{ "type": "Feature", "properties": { "ID": 3822386503560, "正式名称": "柳田脳神経外科", "機関区分": 2, "都道府県コード": 38, "市区町村コード": 204, "所在地": "愛媛県八幡浜市江戸岡一丁目７番１０号", "緯度": 33.457249, "経度": 132.434557, "url": "https://www.iryou.teikyouseido.mhlw.go.jp/znk-web/juminkanja/S2430/initialize?prefCd=38&kikanCd=2386503560&kikanKbn=2", "url2": null, "内容": "柳田脳神経外科【2:診療所】【診療科目:脳神経外科】愛媛県八幡浜市江戸岡一丁目７番１０号" }, "geometry": { "type": "Point", "coordinates": [ 132.434557, 33.457249 ] } },
{ "type": "Feature", "properties": { "ID": 3822386503850, "正式名称": "みかんこどもクリニック", "機関区分": 2, "都道府県コード": 38, "市区町村コード": 204, "所在地": "愛媛県八幡浜市白浜通１５３６番地５", "緯度": 33.464692, "経度": 132.424447, "url": "https://www.iryou.teikyouseido.mhlw.go.jp/znk-web/juminkanja/S2430/initialize?prefCd=38&kikanCd=2386503850&kikanKbn=2", "url2": null, "内容": "みかんこどもクリニック【2:診療所】【診療科目:小児科】愛媛県八幡浜市白浜通１５３６番地５" }, "geometry": { "type": "Point", "coordinates": [ 132.424447, 33.464692 ] } },
{ "type": "Feature", "properties": { "ID": 3822386505870, "正式名称": "こじま内科", "機関区分": 2, "都道府県コード": 38, "市区町村コード": 207, "所在地": "愛媛県大洲市東大洲１０－１", "緯度": 33.516661, "経度": 132.55049, "url": "https://www.iryou.teikyouseido.mhlw.go.jp/znk-web/juminkanja/S2430/initialize?prefCd=38&kikanCd=2386505870&kikanKbn=2", "url2": "https://kojimanaika2009.com", "内容": "こじま内科【2:診療所】【診療科目:内科】愛媛県大洲市東大洲１０－１" }, "geometry": { "type": "Point", "coordinates": [ 132.55049, 33.516661 ] } },
{ "type": "Feature", "properties": { "ID": 3822386506170, "正式名称": "社会福祉法人　恩賜財団　済生会　小田診療所", "機関区分": 2, "都道府県コード": 38, "市区町村コード": 422, "所在地": "愛媛県喜多郡内子町小田１３０番地", "緯度": 33.56799, "経度": 132.803838, "url": "https://www.iryou.teikyouseido.mhlw.go.jp/znk-web/juminkanja/S2430/initialize?prefCd=38&kikanCd=2386506170&kikanKbn=2", "url2": null, "内容": "社会福祉法人　恩賜財団　済生会　小田診療所【2:診療所】【診療科目:内科_消化器内科_整形外科_精神科_リハビリテーション科_放射線科】愛媛県喜多郡内子町小田１３０番地" }, "geometry": { "type": "Point", "coordinates": [ 132.803838, 33.56799 ] } },
{ "type": "Feature", "properties": { "ID": 3822386506880, "正式名称": "医療法人　大洲ななほしクリニック", "機関区分": 2, "都道府県コード": 38, "市区町村コード": 207, "所在地": "愛媛県大洲市東若宮１６番２号", "緯度": 33.529743, "経度": 132.563654, "url": "https://www.iryou.teikyouseido.mhlw.go.jp/znk-web/juminkanja/S2430/initialize?prefCd=38&kikanCd=2386506880&kikanKbn=2", "url2": "htpps://oozunanahoshi.org", "内容": "医療法人　大洲ななほしクリニック【2:診療所】【診療科目:小児科】愛媛県大洲市東若宮１６番２号" }, "geometry": { "type": "Point", "coordinates": [ 132.563654, 33.529743 ] } },
{ "type": "Feature", "properties": { "ID": 3822386507180, "正式名称": "開明眼科", "機関区分": 2, "都道府県コード": 38, "市区町村コード": 214, "所在地": "愛媛県西予市宇和町卯之町５丁目２５２", "緯度": 33.3579, "経度": 132.523832, "url": "https://www.iryou.teikyouseido.mhlw.go.jp/znk-web/juminkanja/S2430/initialize?prefCd=38&kikanCd=2386507180&kikanKbn=2", "url2": null, "内容": "開明眼科【2:診療所】【診療科目:眼科】愛媛県西予市宇和町卯之町５丁目２５２" }, "geometry": { "type": "Point", "coordinates": [ 132.523832, 33.3579 ] } },
{ "type": "Feature", "properties": { "ID": 3822386507210, "正式名称": "真網代診療所", "機関区分": 2, "都道府県コード": 38, "市区町村コード": 204, "所在地": "愛媛県八幡浜市真網代丙２４７番１０", "緯度": 33.413556, "経度": 132.393807, "url": "https://www.iryou.teikyouseido.mhlw.go.jp/znk-web/juminkanja/S2430/initialize?prefCd=38&kikanCd=2386507210&kikanKbn=2", "url2": null, "内容": "真網代診療所【2:診療所】【診療科目:内科_小児科】愛媛県八幡浜市真網代丙２４７番１０" }, "geometry": { "type": "Point", "coordinates": [ 132.393807, 33.413556 ] } },
{ "type": "Feature", "properties": { "ID": 3822386508640, "正式名称": "よりみつ眼科", "機関区分": 2, "都道府県コード": 38, "市区町村コード": 204, "所在地": "愛媛県八幡浜市矢野町１丁目１２２７番地３", "緯度": 33.458139, "経度": 132.432158, "url": "https://www.iryou.teikyouseido.mhlw.go.jp/znk-web/juminkanja/S2430/initialize?prefCd=38&kikanCd=2386508640&kikanKbn=2", "url2": "http://yorimitsu.ganka.co.jp", "内容": "よりみつ眼科【2:診療所】【診療科目:眼科】愛媛県八幡浜市矢野町１丁目１２２７番地３" }, "geometry": { "type": "Point", "coordinates": [ 132.432158, 33.458139 ] } },
{ "type": "Feature", "properties": { "ID": 3822386508770, "正式名称": "よしもとレディースクリニック", "機関区分": 2, "都道府県コード": 38, "市区町村コード": 207, "所在地": "愛媛県大洲市東若宮１４－１４", "緯度": 33.530066, "経度": 132.565493, "url": "https://www.iryou.teikyouseido.mhlw.go.jp/znk-web/juminkanja/S2430/initialize?prefCd=38&kikanCd=2386508770&kikanKbn=2", "url2": "http://www.yoshimotolc.com/", "内容": "よしもとレディースクリニック【2:診療所】【診療科目:産婦人科_産科_婦人科】愛媛県大洲市東若宮１４－１４" }, "geometry": { "type": "Point", "coordinates": [ 132.565493, 33.530066 ] } },
{ "type": "Feature", "properties": { "ID": 3822386508800, "正式名称": "医療法人おち内科クリニック", "機関区分": 2, "都道府県コード": 38, "市区町村コード": 207, "所在地": "愛媛県大洲市若宮９８５－１", "緯度": 33.521077, "経度": 132.553434, "url": "https://www.iryou.teikyouseido.mhlw.go.jp/znk-web/juminkanja/S2430/initialize?prefCd=38&kikanCd=2386508800&kikanKbn=2", "url2": null, "内容": "医療法人おち内科クリニック【2:診療所】【診療科目:内科_呼吸器内科_循環器内科_消化器内科】愛媛県大洲市若宮９８５－１" }, "geometry": { "type": "Point", "coordinates": [ 132.553434, 33.521077 ] } },
{ "type": "Feature", "properties": { "ID": 3822386509070, "正式名称": "三瀬医院", "機関区分": 2, "都道府県コード": 38, "市区町村コード": 207, "所在地": "愛媛県大洲市八多喜町甲１１３番地", "緯度": 33.563479, "経度": 132.542224, "url": "https://www.iryou.teikyouseido.mhlw.go.jp/znk-web/juminkanja/S2430/initialize?prefCd=38&kikanCd=2386509070&kikanKbn=2", "url2": null, "内容": "三瀬医院【2:診療所】【診療科目:内科】愛媛県大洲市八多喜町甲１１３番地" }, "geometry": { "type": "Point", "coordinates": [ 132.542224, 33.563479 ] } },
{ "type": "Feature", "properties": { "ID": 3822386510050, "正式名称": "かめおか内科", "機関区分": 2, "都道府県コード": 38, "市区町村コード": 207, "所在地": "愛媛県大洲市東大洲９８７番地１", "緯度": 33.520245, "経度": 132.569932, "url": "https://www.iryou.teikyouseido.mhlw.go.jp/znk-web/juminkanja/S2430/initialize?prefCd=38&kikanCd=2386510050&kikanKbn=2", "url2": null, "内容": "かめおか内科【2:診療所】【診療科目:内科】愛媛県大洲市東大洲９８７番地１" }, "geometry": { "type": "Point", "coordinates": [ 132.569932, 33.520245 ] } },
{ "type": "Feature", "properties": { "ID": 3822386510180, "正式名称": "旭町内科クリニック", "機関区分": 2, "都道府県コード": 38, "市区町村コード": 204, "所在地": "愛媛県八幡浜市旭町３丁目１５１０－７３", "緯度": 33.458412, "経度": 132.421721, "url": "https://www.iryou.teikyouseido.mhlw.go.jp/znk-web/juminkanja/S2430/initialize?prefCd=38&kikanCd=2386510180&kikanKbn=2", "url2": "asahimachi-gp-clinic.com", "内容": "旭町内科クリニック【2:診療所】【診療科目:内科_リハビリテーション科】愛媛県八幡浜市旭町３丁目１５１０－７３" }, "geometry": { "type": "Point", "coordinates": [ 132.421721, 33.458412 ] } },
{ "type": "Feature", "properties": { "ID": 3822386510890, "正式名称": "田之浜あじき医院", "機関区分": 2, "都道府県コード": 38, "市区町村コード": 214, "所在地": "愛媛県西予市明浜町田之浜甲１１０８番地第３", "緯度": 33.319907, "経度": 132.390201, "url": "https://www.iryou.teikyouseido.mhlw.go.jp/znk-web/juminkanja/S2430/initialize?prefCd=38&kikanCd=2386510890&kikanKbn=2", "url2": null, "内容": "田之浜あじき医院【2:診療所】【診療科目:内科_小児科】愛媛県西予市明浜町田之浜甲１１０８番地第３" }, "geometry": { "type": "Point", "coordinates": [ 132.390201, 33.319907 ] } },
{ "type": "Feature", "properties": { "ID": 3822386510920, "正式名称": "樋口内科下泊診療所", "機関区分": 2, "都道府県コード": 38, "市区町村コード": 214, "所在地": "愛媛県西予市三瓶町下泊７８５番地１", "緯度": 33.335936, "経度": 132.39022, "url": "https://www.iryou.teikyouseido.mhlw.go.jp/znk-web/juminkanja/S2430/initialize?prefCd=38&kikanCd=2386510920&kikanKbn=2", "url2": null, "内容": "樋口内科下泊診療所【2:診療所】【診療科目:内科】愛媛県西予市三瓶町下泊７８５番地１" }, "geometry": { "type": "Point", "coordinates": [ 132.39022, 33.335936 ] } },
{ "type": "Feature", "properties": { "ID": 3822388313860, "正式名称": "医療法人　たかのこみどり眼科クリニック", "機関区分": 2, "都道府県コード": 38, "市区町村コード": 201, "所在地": "愛媛県松山市鷹子町２３６－１", "緯度": 33.809551, "経度": 132.813926, "url": "https://www.iryou.teikyouseido.mhlw.go.jp/znk-web/juminkanja/S2430/initialize?prefCd=38&kikanCd=2388313860&kikanKbn=2", "url2": "http://www.takanokomidori-eyeclinic.com/", "内容": "医療法人　たかのこみどり眼科クリニック【2:診療所】【診療科目:眼科】愛媛県松山市鷹子町２３６－１" }, "geometry": { "type": "Point", "coordinates": [ 132.813926, 33.809551 ] } },
{ "type": "Feature", "properties": { "ID": 3822388313886, "正式名称": "石手まつもと内科循環器クリニック", "機関区分": 2, "都道府県コード": 38, "市区町村コード": 201, "所在地": "愛媛県松山市新石手甲７２番地１", "緯度": 33.844853, "経度": 132.800509, "url": "https://www.iryou.teikyouseido.mhlw.go.jp/znk-web/juminkanja/S2430/initialize?prefCd=38&kikanCd=2388313886&kikanKbn=2", "url2": "http://www.ishite-matsumoto-clinic2010.com/", "内容": "石手まつもと内科循環器クリニック【2:診療所】【診療科目:内科_循環器内科】愛媛県松山市新石手甲７２番地１" }, "geometry": { "type": "Point", "coordinates": [ 132.800509, 33.844853 ] } },
{ "type": "Feature", "properties": { "ID": 3822388313916, "正式名称": "おおつか循環器・内科クリニック", "機関区分": 2, "都道府県コード": 38, "市区町村コード": 201, "所在地": "愛媛県松山市樽味４丁目２－２５", "緯度": 33.838683, "経度": 132.789565, "url": "https://www.iryou.teikyouseido.mhlw.go.jp/znk-web/juminkanja/S2430/initialize?prefCd=38&kikanCd=2388313916&kikanKbn=2", "url2": "http://www.ohtsuka-clinic.info/", "内容": "おおつか循環器・内科クリニック【2:診療所】【診療科目:内科_循環器内科】愛媛県松山市樽味４丁目２－２５" }, "geometry": { "type": "Point", "coordinates": [ 132.789565, 33.838683 ] } },
{ "type": "Feature", "properties": { "ID": 3822388313929, "正式名称": "かわさき眼科", "機関区分": 2, "都道府県コード": 38, "市区町村コード": 201, "所在地": "愛媛県松山市三杉町１番１号", "緯度": 33.862231, "経度": 132.722957, "url": "https://www.iryou.teikyouseido.mhlw.go.jp/znk-web/juminkanja/S2430/initialize?prefCd=38&kikanCd=2388313929&kikanKbn=2", "url2": "http://www.kawasaki-eye-clinic.jp/", "内容": "かわさき眼科【2:診療所】【診療科目:眼科】愛媛県松山市三杉町１番１号" }, "geometry": { "type": "Point", "coordinates": [ 132.722957, 33.862231 ] } },
{ "type": "Feature", "properties": { "ID": 3822388313961, "正式名称": "みやぎクリニック", "機関区分": 2, "都道府県コード": 38, "市区町村コード": 201, "所在地": "愛媛県松山市鷹子町４４２－２", "緯度": 33.812376, "経度": 132.818167, "url": "https://www.iryou.teikyouseido.mhlw.go.jp/znk-web/juminkanja/S2430/initialize?prefCd=38&kikanCd=2388313961&kikanKbn=2", "url2": "https://www.clinic-miyagi.com/", "内容": "みやぎクリニック【2:診療所】【診療科目:外科_消化器外科】愛媛県松山市鷹子町４４２－２" }, "geometry": { "type": "Point", "coordinates": [ 132.818167, 33.812376 ] } },
{ "type": "Feature", "properties": { "ID": 3822388313974, "正式名称": "医療法人星亮会城本クリニック松山院", "機関区分": 2, "都道府県コード": 38, "市区町村コード": 201, "所在地": "愛媛県松山市大街道２丁目５－９　久保豊ビル６Ｆ", "緯度": 33.840769, "経度": 132.770512, "url": "https://www.iryou.teikyouseido.mhlw.go.jp/znk-web/juminkanja/S2430/initialize?prefCd=38&kikanCd=2388313974&kikanKbn=2", "url2": "http://www.sc-matsuyama.net/", "内容": "医療法人星亮会城本クリニック松山院【2:診療所】【診療科目:美容外科_美容皮膚科】愛媛県松山市大街道２丁目５－９　久保豊ビル６Ｆ" }, "geometry": { "type": "Point", "coordinates": [ 132.770512, 33.840769 ] } },
{ "type": "Feature", "properties": { "ID": 3822388313987, "正式名称": "徳丸皮フ科クリニック", "機関区分": 2, "都道府県コード": 38, "市区町村コード": 201, "所在地": "愛媛県松山市古川北三丁目３番２２号", "緯度": 33.8116, "経度": 132.767017, "url": "https://www.iryou.teikyouseido.mhlw.go.jp/znk-web/juminkanja/S2430/initialize?prefCd=38&kikanCd=2388313987&kikanKbn=2", "url2": "tokumaru-hifu.com/", "内容": "徳丸皮フ科クリニック【2:診療所】【診療科目:皮膚科】愛媛県松山市古川北三丁目３番２２号" }, "geometry": { "type": "Point", "coordinates": [ 132.767017, 33.8116 ] } },
{ "type": "Feature", "properties": { "ID": 3822388313990, "正式名称": "松下クリニック", "機関区分": 2, "都道府県コード": 38, "市区町村コード": 201, "所在地": "愛媛県松山市千舟町八丁目６７番地１６", "緯度": 33.837131, "経度": 132.754319, "url": "https://www.iryou.teikyouseido.mhlw.go.jp/znk-web/juminkanja/S2430/initialize?prefCd=38&kikanCd=2388313990&kikanKbn=2", "url2": "http://www.matsushita-clinic.com", "内容": "松下クリニック【2:診療所】【診療科目:人工透析内科_泌尿器科】愛媛県松山市千舟町八丁目６７番地１６" }, "geometry": { "type": "Point", "coordinates": [ 132.754319, 33.837131 ] } },
{ "type": "Feature", "properties": { "ID": 3822388314001, "正式名称": "そよかぜ循環器内科・糖尿病内科", "機関区分": 2, "都道府県コード": 38, "市区町村コード": 201, "所在地": "愛媛県松山市室町７３番１", "緯度": 33.831326, "経度": 132.763596, "url": "https://www.iryou.teikyouseido.mhlw.go.jp/znk-web/juminkanja/S2430/initialize?prefCd=38&kikanCd=2388314001&kikanKbn=2", "url2": "http://www.soyokaze-cvd.jp/", "内容": "そよかぜ循環器内科・糖尿病内科【2:診療所】【診療科目:糖尿病内科_循環器内科】愛媛県松山市室町７３番１" }, "geometry": { "type": "Point", "coordinates": [ 132.763596, 33.831326 ] } },
{ "type": "Feature", "properties": { "ID": 3822388314030, "正式名称": "立命クリニック", "機関区分": 2, "都道府県コード": 38, "市区町村コード": 201, "所在地": "愛媛県松山市本町四丁目５番地１", "緯度": 33.848268, "経度": 132.758513, "url": "https://www.iryou.teikyouseido.mhlw.go.jp/znk-web/juminkanja/S2430/initialize?prefCd=38&kikanCd=2388314030&kikanKbn=2", "url2": "http://www.corazones.jp", "内容": "立命クリニック【2:診療所】【診療科目:内科_循環器内科】愛媛県松山市本町四丁目５番地１" }, "geometry": { "type": "Point", "coordinates": [ 132.758513, 33.848268 ] } },
{ "type": "Feature", "properties": { "ID": 3822388314043, "正式名称": "しらかた内科クリニック", "機関区分": 2, "都道府県コード": 38, "市区町村コード": 201, "所在地": "愛媛県松山市森松町６６３番地１", "緯度": 33.791442, "経度": 132.787402, "url": "https://www.iryou.teikyouseido.mhlw.go.jp/znk-web/juminkanja/S2430/initialize?prefCd=38&kikanCd=2388314043&kikanKbn=2", "url2": null, "内容": "しらかた内科クリニック【2:診療所】【診療科目:内科】愛媛県松山市森松町６６３番地１" }, "geometry": { "type": "Point", "coordinates": [ 132.787402, 33.791442 ] } },
{ "type": "Feature", "properties": { "ID": 3822388314056, "正式名称": "カメリア内科・糖尿病内科クリニック", "機関区分": 2, "都道府県コード": 38, "市区町村コード": 201, "所在地": "愛媛県松山市東石井五丁目７番２２号", "緯度": 33.815356, "経度": 132.77704, "url": "https://www.iryou.teikyouseido.mhlw.go.jp/znk-web/juminkanja/S2430/initialize?prefCd=38&kikanCd=2388314056&kikanKbn=2", "url2": "http://www.camellia-clinic.jp", "内容": "カメリア内科・糖尿病内科クリニック【2:診療所】【診療科目:内科_糖尿病内科_消化器内科_リウマチ科】愛媛県松山市東石井五丁目７番２２号" }, "geometry": { "type": "Point", "coordinates": [ 132.77704, 33.815356 ] } },
{ "type": "Feature", "properties": { "ID": 3822388314072, "正式名称": "もりまつ内科", "機関区分": 2, "都道府県コード": 38, "市区町村コード": 201, "所在地": "愛媛県松山市森松町１４８番地１", "緯度": 33.7912, "経度": 132.796425, "url": "https://www.iryou.teikyouseido.mhlw.go.jp/znk-web/juminkanja/S2430/initialize?prefCd=38&kikanCd=2388314072&kikanKbn=2", "url2": "http://morimatsu-clinic.com/", "内容": "もりまつ内科【2:診療所】【診療科目:内科】愛媛県松山市森松町１４８番地１" }, "geometry": { "type": "Point", "coordinates": [ 132.796425, 33.7912 ] } },
{ "type": "Feature", "properties": { "ID": 3822388314085, "正式名称": "医療法人　眼科さなだ医院", "機関区分": 2, "都道府県コード": 38, "市区町村コード": 201, "所在地": "愛媛県松山市平和通五丁目６番地３", "緯度": 33.847835, "経度": 132.761522, "url": "https://www.iryou.teikyouseido.mhlw.go.jp/znk-web/juminkanja/S2430/initialize?prefCd=38&kikanCd=2388314085&kikanKbn=2", "url2": null, "内容": "医療法人　眼科さなだ医院【2:診療所】【診療科目:眼科】愛媛県松山市平和通五丁目６番地３" }, "geometry": { "type": "Point", "coordinates": [ 132.761522, 33.847835 ] } },
{ "type": "Feature", "properties": { "ID": 3822388314102, "正式名称": "村上皮膚科クリニック", "機関区分": 2, "都道府県コード": 38, "市区町村コード": 201, "所在地": "愛媛県松山市山越四丁目１番３２号", "緯度": 33.861885, "経度": 132.758693, "url": "https://www.iryou.teikyouseido.mhlw.go.jp/znk-web/juminkanja/S2430/initialize?prefCd=38&kikanCd=2388314102&kikanKbn=2", "url2": "http://www.saori-cl.com/", "内容": "村上皮膚科クリニック【2:診療所】【診療科目:皮膚科_美容皮膚科】愛媛県松山市山越四丁目１番３２号" }, "geometry": { "type": "Point", "coordinates": [ 132.758693, 33.861885 ] } },
{ "type": "Feature", "properties": { "ID": 3822388314115, "正式名称": "たかおか小児科", "機関区分": 2, "都道府県コード": 38, "市区町村コード": 201, "所在地": "愛媛県松山市竹原町１丁目３－８", "緯度": 33.832964, "経度": 132.755152, "url": "https://www.iryou.teikyouseido.mhlw.go.jp/znk-web/juminkanja/S2430/initialize?prefCd=38&kikanCd=2388314115&kikanKbn=2", "url2": "http://takaoka-cl.jp", "内容": "たかおか小児科【2:診療所】【診療科目:小児科_アレルギー科】愛媛県松山市竹原町１丁目３－８" }, "geometry": { "type": "Point", "coordinates": [ 132.755152, 33.832964 ] } },
{ "type": "Feature", "properties": { "ID": 3822388314128, "正式名称": "南の町こども医院", "機関区分": 2, "都道府県コード": 38, "市区町村コード": 201, "所在地": "愛媛県松山市鷹子町７９７番地１６", "緯度": 33.814706, "経度": 132.806805, "url": "https://www.iryou.teikyouseido.mhlw.go.jp/znk-web/juminkanja/S2430/initialize?prefCd=38&kikanCd=2388314128&kikanKbn=2", "url2": null, "内容": "南の町こども医院【2:診療所】【診療科目:小児科】愛媛県松山市鷹子町７９７番地１６" }, "geometry": { "type": "Point", "coordinates": [ 132.806805, 33.814706 ] } },
{ "type": "Feature", "properties": { "ID": 3822388314131, "正式名称": "医療法人はしだクリニック", "機関区分": 2, "都道府県コード": 38, "市区町村コード": 201, "所在地": "愛媛県松山市和泉南六丁目２－２７", "緯度": 33.811877, "経度": 132.760577, "url": "https://www.iryou.teikyouseido.mhlw.go.jp/znk-web/juminkanja/S2430/initialize?prefCd=38&kikanCd=2388314131&kikanKbn=2", "url2": "https://hashida-cl.com/", "内容": "医療法人はしだクリニック【2:診療所】【診療科目:内科_リハビリテーション科】愛媛県松山市和泉南六丁目２－２７" }, "geometry": { "type": "Point", "coordinates": [ 132.760577, 33.811877 ] } },
{ "type": "Feature", "properties": { "ID": 3822388314144, "正式名称": "西田泌尿器科クリニック", "機関区分": 2, "都道府県コード": 38, "市区町村コード": 201, "所在地": "愛媛県松山市三番町５丁目２番地８", "緯度": 33.837492, "経度": 132.763596, "url": "https://www.iryou.teikyouseido.mhlw.go.jp/znk-web/juminkanja/S2430/initialize?prefCd=38&kikanCd=2388314144&kikanKbn=2", "url2": "http://www.nishida-urology.com/", "内容": "西田泌尿器科クリニック【2:診療所】【診療科目:泌尿器科】愛媛県松山市三番町５丁目２番地８" }, "geometry": { "type": "Point", "coordinates": [ 132.763596, 33.837492 ] } },
{ "type": "Feature", "properties": { "ID": 3822388314157, "正式名称": "こみなと胃腸内科", "機関区分": 2, "都道府県コード": 38, "市区町村コード": 201, "所在地": "愛媛県松山市北土居３丁目１１－３２　２Ｆ", "緯度": 33.803968, "経度": 132.784429, "url": "https://www.iryou.teikyouseido.mhlw.go.jp/znk-web/juminkanja/S2430/initialize?prefCd=38&kikanCd=2388314157&kikanKbn=2", "url2": null, "内容": "こみなと胃腸内科【2:診療所】【診療科目:内科_消化器内科_胃腸内科_内視鏡内科】愛媛県松山市北土居３丁目１１－３２　２Ｆ" }, "geometry": { "type": "Point", "coordinates": [ 132.784429, 33.803968 ] } },
{ "type": "Feature", "properties": { "ID": 3822388314173, "正式名称": "平和通心療内科", "機関区分": 2, "都道府県コード": 38, "市区町村コード": 201, "所在地": "愛媛県松山市平和通一丁目５－２１", "緯度": 33.847873, "経度": 132.773624, "url": "https://www.iryou.teikyouseido.mhlw.go.jp/znk-web/juminkanja/S2430/initialize?prefCd=38&kikanCd=2388314173&kikanKbn=2", "url2": "http://heiwadoorimental.com/index.html", "内容": "平和通心療内科【2:診療所】【診療科目:精神科_心療内科_老年精神科】愛媛県松山市平和通一丁目５－２１" }, "geometry": { "type": "Point", "coordinates": [ 132.773624, 33.847873 ] } },
{ "type": "Feature", "properties": { "ID": 3822388314199, "正式名称": "大手町クリニック", "機関区分": 2, "都道府県コード": 38, "市区町村コード": 201, "所在地": "愛媛県松山市大手町一丁目４番地１", "緯度": 33.83931, "経度": 132.756487, "url": "https://www.iryou.teikyouseido.mhlw.go.jp/znk-web/juminkanja/S2430/initialize?prefCd=38&kikanCd=2388314199&kikanKbn=2", "url2": "http://www.ootemachi.info", "内容": "大手町クリニック【2:診療所】【診療科目:内科_消化器内科】愛媛県松山市大手町一丁目４番地１" }, "geometry": { "type": "Point", "coordinates": [ 132.756487, 33.83931 ] } },
{ "type": "Feature", "properties": { "ID": 3822388314203, "正式名称": "にしだわたる糖尿病内科", "機関区分": 2, "都道府県コード": 38, "市区町村コード": 201, "所在地": "愛媛県松山市朝生田町六丁目４番１号", "緯度": 33.820049, "経度": 132.766347, "url": "https://www.iryou.teikyouseido.mhlw.go.jp/znk-web/juminkanja/S2430/initialize?prefCd=38&kikanCd=2388314203&kikanKbn=2", "url2": "https://nishida-wataru.com", "内容": "にしだわたる糖尿病内科【2:診療所】【診療科目:内科_糖尿病内科】愛媛県松山市朝生田町六丁目４番１号" }, "geometry": { "type": "Point", "coordinates": [ 132.766347, 33.820049 ] } },
{ "type": "Feature", "properties": { "ID": 3822388314229, "正式名称": "のびのびこどもクリニック", "機関区分": 2, "都道府県コード": 38, "市区町村コード": 201, "所在地": "愛媛県松山市衣山一丁目１８８番地", "緯度": 33.85249, "経度": 132.746847, "url": "https://www.iryou.teikyouseido.mhlw.go.jp/znk-web/juminkanja/S2430/initialize?prefCd=38&kikanCd=2388314229&kikanKbn=2", "url2": "http://www.nobinobi-kc.info/", "内容": "のびのびこどもクリニック【2:診療所】【診療科目:小児科】愛媛県松山市衣山一丁目１８８番地" }, "geometry": { "type": "Point", "coordinates": [ 132.746847, 33.85249 ] } },
{ "type": "Feature", "properties": { "ID": 3822388314232, "正式名称": "山下消化器外科クリニック", "機関区分": 2, "都道府県コード": 38, "市区町村コード": 201, "所在地": "愛媛県松山市西長戸町３１１番地１", "緯度": 33.86699, "経度": 132.741589, "url": "https://www.iryou.teikyouseido.mhlw.go.jp/znk-web/juminkanja/S2430/initialize?prefCd=38&kikanCd=2388314232&kikanKbn=2", "url2": "https://yamashitagesc.com", "内容": "山下消化器外科クリニック【2:診療所】【診療科目:外科_消化器外科_乳腺外科_肛門外科】愛媛県松山市西長戸町３１１番地１" }, "geometry": { "type": "Point", "coordinates": [ 132.741589, 33.86699 ] } },
{ "type": "Feature", "properties": { "ID": 3822388314245, "正式名称": "医療法人七色心療クリニック", "機関区分": 2, "都道府県コード": 38, "市区町村コード": 201, "所在地": "愛媛県松山市味酒町一丁目３番地　四国ガス第２ビル１階", "緯度": 33.841204, "経度": 132.755628, "url": "https://www.iryou.teikyouseido.mhlw.go.jp/znk-web/juminkanja/S2430/initialize?prefCd=38&kikanCd=2388314245&kikanKbn=2", "url2": null, "内容": "医療法人七色心療クリニック【2:診療所】【診療科目:精神科_心療内科】愛媛県松山市味酒町一丁目３番地　四国ガス第２ビル１階" }, "geometry": { "type": "Point", "coordinates": [ 132.755628, 33.841204 ] } },
{ "type": "Feature", "properties": { "ID": 3822388314258, "正式名称": "こうの内科クリニック", "機関区分": 2, "都道府県コード": 38, "市区町村コード": 201, "所在地": "愛媛県松山市余戸西六丁目１０番５０号", "緯度": 33.818031, "経度": 132.725976, "url": "https://www.iryou.teikyouseido.mhlw.go.jp/znk-web/juminkanja/S2430/initialize?prefCd=38&kikanCd=2388314258&kikanKbn=2", "url2": "http://www.kono-clinic2012.com", "内容": "こうの内科クリニック【2:診療所】【診療科目:内科_感染症内科_消化器内科_リウマチ科】愛媛県松山市余戸西六丁目１０番５０号" }, "geometry": { "type": "Point", "coordinates": [ 132.725976, 33.818031 ] } },
{ "type": "Feature", "properties": { "ID": 3822388314261, "正式名称": "やまだ耳鼻咽喉科", "機関区分": 2, "都道府県コード": 38, "市区町村コード": 201, "所在地": "愛媛県松山市古川北三丁目４番２６号", "緯度": 33.811661, "経度": 132.766291, "url": "https://www.iryou.teikyouseido.mhlw.go.jp/znk-web/juminkanja/S2430/initialize?prefCd=38&kikanCd=2388314261&kikanKbn=2", "url2": "http://yamada-ent.jp", "内容": "やまだ耳鼻咽喉科【2:診療所】【診療科目:耳鼻いんこう科】愛媛県松山市古川北三丁目４番２６号" }, "geometry": { "type": "Point", "coordinates": [ 132.766291, 33.811661 ] } },
{ "type": "Feature", "properties": { "ID": 3822388314274, "正式名称": "もりもと在宅クリニック", "機関区分": 2, "都道府県コード": 38, "市区町村コード": 201, "所在地": "愛媛県松山市道後一万３－１　サンインテグラル道後１Ｆ", "緯度": 33.847565, "経度": 132.777241, "url": "https://www.iryou.teikyouseido.mhlw.go.jp/znk-web/juminkanja/S2430/initialize?prefCd=38&kikanCd=2388314274&kikanKbn=2", "url2": "www.morimoto-cl.com", "内容": "もりもと在宅クリニック【2:診療所】【診療科目:内科】愛媛県松山市道後一万３－１　サンインテグラル道後１Ｆ" }, "geometry": { "type": "Point", "coordinates": [ 132.777241, 33.847565 ] } },
{ "type": "Feature", "properties": { "ID": 3822388314287, "正式名称": "佐伯内科クリニック", "機関区分": 2, "都道府県コード": 38, "市区町村コード": 201, "所在地": "愛媛県松山市宮田町１７０番地", "緯度": 33.84413, "経度": 132.753819, "url": "https://www.iryou.teikyouseido.mhlw.go.jp/znk-web/juminkanja/S2430/initialize?prefCd=38&kikanCd=2388314287&kikanKbn=2", "url2": "https://www.saekiclinic.net/", "内容": "佐伯内科クリニック【2:診療所】【診療科目:内科】愛媛県松山市宮田町１７０番地" }, "geometry": { "type": "Point", "coordinates": [ 132.753819, 33.84413 ] } },
{ "type": "Feature", "properties": { "ID": 3822388314333, "正式名称": "いちかわ内視鏡内科クリニック", "機関区分": 2, "都道府県コード": 38, "市区町村コード": 201, "所在地": "愛媛県松山市枝松五丁目６－１０", "緯度": 33.827354, "経度": 132.784539, "url": "https://www.iryou.teikyouseido.mhlw.go.jp/znk-web/juminkanja/S2430/initialize?prefCd=38&kikanCd=2388314333&kikanKbn=2", "url2": "http://www.ichikawa-naisikyou.com", "内容": "いちかわ内視鏡内科クリニック【2:診療所】【診療科目:内科_消化器内科】愛媛県松山市枝松五丁目６－１０" }, "geometry": { "type": "Point", "coordinates": [ 132.784539, 33.827354 ] } },
{ "type": "Feature", "properties": { "ID": 3822388314346, "正式名称": "三世ペインクリニック", "機関区分": 2, "都道府県コード": 38, "市区町村コード": 201, "所在地": "愛媛県松山市桑原一丁目４番４５号", "緯度": 33.835023, "経度": 132.789801, "url": "https://www.iryou.teikyouseido.mhlw.go.jp/znk-web/juminkanja/S2430/initialize?prefCd=38&kikanCd=2388314346&kikanKbn=2", "url2": "http://www.mitsuyo-clinic.jp/sp/", "内容": "三世ペインクリニック【2:診療所】【診療科目:ペインクリニック内科_リハビリテーション科_麻酔科】愛媛県松山市桑原一丁目４番４５号" }, "geometry": { "type": "Point", "coordinates": [ 132.789801, 33.835023 ] } },
{ "type": "Feature", "properties": { "ID": 3822388314359, "正式名称": "乳腺クリニック・道後", "機関区分": 2, "都道府県コード": 38, "市区町村コード": 201, "所在地": "愛媛県松山市勝山町二丁目９番地１０", "緯度": 33.843658, "経度": 132.775622, "url": "https://www.iryou.teikyouseido.mhlw.go.jp/znk-web/juminkanja/S2430/initialize?prefCd=38&kikanCd=2388314359&kikanKbn=2", "url2": "http://nyusen-dogo.com/", "内容": "乳腺クリニック・道後【2:診療所】【診療科目:乳腺外科】愛媛県松山市勝山町二丁目９番地１０" }, "geometry": { "type": "Point", "coordinates": [ 132.775622, 33.843658 ] } },
{ "type": "Feature", "properties": { "ID": 3822388314362, "正式名称": "はらだ脳神経外科", "機関区分": 2, "都道府県コード": 38, "市区町村コード": 201, "所在地": "愛媛県松山市桑原四丁目８番３１号", "緯度": 33.83402, "経度": 132.792788, "url": "https://www.iryou.teikyouseido.mhlw.go.jp/znk-web/juminkanja/S2430/initialize?prefCd=38&kikanCd=2388314362&kikanKbn=2", "url2": "http://www.harada-nougeka.com/", "内容": "はらだ脳神経外科【2:診療所】【診療科目:脳神経外科_リハビリテーション科】愛媛県松山市桑原四丁目８番３１号" }, "geometry": { "type": "Point", "coordinates": [ 132.792788, 33.83402 ] } },
{ "type": "Feature", "properties": { "ID": 3822388314388, "正式名称": "村上胃腸内科クリニック", "機関区分": 2, "都道府県コード": 38, "市区町村コード": 201, "所在地": "愛媛県松山市竹原町一丁目６－５", "緯度": 33.833802, "経度": 132.756093, "url": "https://www.iryou.teikyouseido.mhlw.go.jp/znk-web/juminkanja/S2430/initialize?prefCd=38&kikanCd=2388314388&kikanKbn=2", "url2": "http://murakamiclinic.net", "内容": "村上胃腸内科クリニック【2:診療所】【診療科目:内科_消化器内科】愛媛県松山市竹原町一丁目６－５" }, "geometry": { "type": "Point", "coordinates": [ 132.756093, 33.833802 ] } },
{ "type": "Feature", "properties": { "ID": 3822388314391, "正式名称": "たきした耳鼻咽喉科", "機関区分": 2, "都道府県コード": 38, "市区町村コード": 201, "所在地": "愛媛県松山市東石井三丁目３番８号", "緯度": 33.813983, "経度": 132.781154, "url": "https://www.iryou.teikyouseido.mhlw.go.jp/znk-web/juminkanja/S2430/initialize?prefCd=38&kikanCd=2388314391&kikanKbn=2", "url2": "http://web.clinicn.jp/takishita/", "内容": "たきした耳鼻咽喉科【2:診療所】【診療科目:頭頸部外科_小児耳鼻いんこう科_耳鼻いんこう科】愛媛県松山市東石井三丁目３番８号" }, "geometry": { "type": "Point", "coordinates": [ 132.781154, 33.813983 ] } },
{ "type": "Feature", "properties": { "ID": 3822388314405, "正式名称": "医療法人　はなみずき眼科", "機関区分": 2, "都道府県コード": 38, "市区町村コード": 201, "所在地": "愛媛県松山市古川南三丁目１６番２８号", "緯度": 33.80519, "経度": 132.764903, "url": "https://www.iryou.teikyouseido.mhlw.go.jp/znk-web/juminkanja/S2430/initialize?prefCd=38&kikanCd=2388314405&kikanKbn=2", "url2": "http://www.hanamizuki-eye-clinic.jp/", "内容": "医療法人　はなみずき眼科【2:診療所】【診療科目:眼科】愛媛県松山市古川南三丁目１６番２８号" }, "geometry": { "type": "Point", "coordinates": [ 132.764903, 33.80519 ] } },
{ "type": "Feature", "properties": { "ID": 3822388314418, "正式名称": "ノエルクリニック心臓血管外科歯科", "機関区分": 2, "都道府県コード": 38, "市区町村コード": 201, "所在地": "愛媛県松山市本町六丁目３番地３", "緯度": 33.852296, "経度": 132.758457, "url": "https://www.iryou.teikyouseido.mhlw.go.jp/znk-web/juminkanja/S2430/initialize?prefCd=38&kikanCd=2388314418&kikanKbn=2", "url2": "http://www.noel-clinic.or.jp", "内容": "ノエルクリニック心臓血管外科歯科【2:診療所】【診療科目:心臓血管外科_歯科_矯正歯科】愛媛県松山市本町六丁目３番地３" }, "geometry": { "type": "Point", "coordinates": [ 132.758457, 33.852296 ] } },
{ "type": "Feature", "properties": { "ID": 3822388314421, "正式名称": "ふるかわ内科クリニック", "機関区分": 2, "都道府県コード": 38, "市区町村コード": 201, "所在地": "愛媛県松山市古川南三丁目１６－２７", "緯度": 33.805284, "経度": 132.765184, "url": "https://www.iryou.teikyouseido.mhlw.go.jp/znk-web/juminkanja/S2430/initialize?prefCd=38&kikanCd=2388314421&kikanKbn=2", "url2": "http://furukawanaika01.wix.com/furukawa-clinic", "内容": "ふるかわ内科クリニック【2:診療所】【診療科目:内科_糖尿病内科_消化器内科】愛媛県松山市古川南三丁目１６－２７" }, "geometry": { "type": "Point", "coordinates": [ 132.765184, 33.805284 ] } },
{ "type": "Feature", "properties": { "ID": 3822388314476, "正式名称": "はしもと脳神経外科", "機関区分": 2, "都道府県コード": 38, "市区町村コード": 201, "所在地": "愛媛県松山市馬木町２２３０－１", "緯度": 33.892013, "経度": 132.745373, "url": "https://www.iryou.teikyouseido.mhlw.go.jp/znk-web/juminkanja/S2430/initialize?prefCd=38&kikanCd=2388314476&kikanKbn=2", "url2": "https://hashimoto-nougeka.com", "内容": "はしもと脳神経外科【2:診療所】【診療科目:脳神経外科】愛媛県松山市馬木町２２３０－１" }, "geometry": { "type": "Point", "coordinates": [ 132.745373, 33.892013 ] } },
{ "type": "Feature", "properties": { "ID": 3822388314522, "正式名称": "産科婦人科　ばらのいずみクリニック", "機関区分": 2, "都道府県コード": 38, "市区町村コード": 201, "所在地": "愛媛県松山市和泉南一丁目７番１０号", "緯度": 33.817818, "経度": 132.764284, "url": "https://www.iryou.teikyouseido.mhlw.go.jp/znk-web/juminkanja/S2430/initialize?prefCd=38&kikanCd=2388314522&kikanKbn=2", "url2": "http://www.baranoizumi-clinic.com/", "内容": "産科婦人科　ばらのいずみクリニック【2:診療所】【診療科目:産科_婦人科】愛媛県松山市和泉南一丁目７番１０号" }, "geometry": { "type": "Point", "coordinates": [ 132.764284, 33.817818 ] } },
{ "type": "Feature", "properties": { "ID": 3822388314551, "正式名称": "やました糖尿病内科", "機関区分": 2, "都道府県コード": 38, "市区町村コード": 201, "所在地": "愛媛県松山市一番町二丁目４番８号　久保豊一番町ビル２階", "緯度": 33.840797, "経度": 132.770956, "url": "https://www.iryou.teikyouseido.mhlw.go.jp/znk-web/juminkanja/S2430/initialize?prefCd=38&kikanCd=2388314551&kikanKbn=2", "url2": "http://www.yamashita-tounyoubyou-naika.jp/", "内容": "やました糖尿病内科【2:診療所】【診療科目:内科_糖尿病内科】愛媛県松山市一番町二丁目４番８号　久保豊一番町ビル２階" }, "geometry": { "type": "Point", "coordinates": [ 132.770956, 33.840797 ] } },
{ "type": "Feature", "properties": { "ID": 3822388314580, "正式名称": "心療内科　こころのクリニック　たちばな", "機関区分": 2, "都道府県コード": 38, "市区町村コード": 201, "所在地": "愛媛県松山市東雲町２番地２", "緯度": 33.844826, "経度": 132.773708, "url": "https://www.iryou.teikyouseido.mhlw.go.jp/znk-web/juminkanja/S2430/initialize?prefCd=38&kikanCd=2388314580&kikanKbn=2", "url2": "http://www.kokoro-tachibana.com", "内容": "心療内科　こころのクリニック　たちばな【2:診療所】【診療科目:精神科_心療内科】愛媛県松山市東雲町２番地２" }, "geometry": { "type": "Point", "coordinates": [ 132.773708, 33.844826 ] } },
{ "type": "Feature", "properties": { "ID": 3822388314610, "正式名称": "しみず耳鼻咽喉科クリニック", "機関区分": 2, "都道府県コード": 38, "市区町村コード": 201, "所在地": "愛媛県松山市来住町１３９１番地１", "緯度": 33.807357, "経度": 132.800789, "url": "https://www.iryou.teikyouseido.mhlw.go.jp/znk-web/juminkanja/S2430/initialize?prefCd=38&kikanCd=2388314610&kikanKbn=2", "url2": "http://www.shimizu-jibika.com", "内容": "しみず耳鼻咽喉科クリニック【2:診療所】【診療科目:耳鼻いんこう科_アレルギー科】愛媛県松山市来住町１３９１番地１" }, "geometry": { "type": "Point", "coordinates": [ 132.800789, 33.807357 ] } },
{ "type": "Feature", "properties": { "ID": 3822388314623, "正式名称": "みかんホームメディカルクリニック", "機関区分": 2, "都道府県コード": 38, "市区町村コード": 201, "所在地": "愛媛県松山市古三津二丁目１５番１３号", "緯度": 33.859393, "経度": 132.728467, "url": "https://www.iryou.teikyouseido.mhlw.go.jp/znk-web/juminkanja/S2430/initialize?prefCd=38&kikanCd=2388314623&kikanKbn=2", "url2": "http://mikankai.com/mikanclinic/", "内容": "みかんホームメディカルクリニック【2:診療所】【診療科目:内科_消化器内科_整形外科_リハビリテーション科】愛媛県松山市古三津二丁目１５番１３号" }, "geometry": { "type": "Point", "coordinates": [ 132.728467, 33.859393 ] } },
{ "type": "Feature", "properties": { "ID": 3822388314636, "正式名称": "うめおか神経クリニック", "機関区分": 2, "都道府県コード": 38, "市区町村コード": 201, "所在地": "愛媛県松山市二番町三丁目８番地２１　久保豊二番町ビル２階", "緯度": 33.840019, "経度": 132.769706, "url": "https://www.iryou.teikyouseido.mhlw.go.jp/znk-web/juminkanja/S2430/initialize?prefCd=38&kikanCd=2388314636&kikanKbn=2", "url2": "http://umeoka-clinic.com/", "内容": "うめおか神経クリニック【2:診療所】【診療科目:脳神経外科_精神科】愛媛県松山市二番町三丁目８番地２１　久保豊二番町ビル２階" }, "geometry": { "type": "Point", "coordinates": [ 132.769706, 33.840019 ] } },
{ "type": "Feature", "properties": { "ID": 3822388314649, "正式名称": "医療法人ほりうち眼科クリニック", "機関区分": 2, "都道府県コード": 38, "市区町村コード": 201, "所在地": "愛媛県松山市柳井町三丁目６番地１", "緯度": 33.8349, "経度": 132.766556, "url": "https://www.iryou.teikyouseido.mhlw.go.jp/znk-web/juminkanja/S2430/initialize?prefCd=38&kikanCd=2388314649&kikanKbn=2", "url2": "http://horiuchi-eye-clinic.com/", "内容": "医療法人ほりうち眼科クリニック【2:診療所】【診療科目:眼科】愛媛県松山市柳井町三丁目６番地１" }, "geometry": { "type": "Point", "coordinates": [ 132.766556, 33.8349 ] } },
{ "type": "Feature", "properties": { "ID": 3822388552199, "正式名称": "よりい眼科", "機関区分": 2, "都道府県コード": 38, "市区町村コード": 202, "所在地": "愛媛県今治市小泉四丁目１１番９号", "緯度": 34.046834, "経度": 132.979679, "url": "https://www.iryou.teikyouseido.mhlw.go.jp/znk-web/juminkanja/S2430/initialize?prefCd=38&kikanCd=2388552199&kikanKbn=2", "url2": "https://www.yorii-eyeclinic.com", "内容": "よりい眼科【2:診療所】【診療科目:眼科】愛媛県今治市小泉四丁目１１番９号" }, "geometry": { "type": "Point", "coordinates": [ 132.979679, 34.046834 ] } },
{ "type": "Feature", "properties": { "ID": 3822388566536, "正式名称": "隻手薬師石川眼科", "機関区分": 2, "都道府県コード": 38, "市区町村コード": 215, "所在地": "愛媛県東温市田窪１４９５番地１", "緯度": 33.792582, "経度": 132.861145, "url": "https://www.iryou.teikyouseido.mhlw.go.jp/znk-web/juminkanja/S2430/initialize?prefCd=38&kikanCd=2388566536&kikanKbn=2", "url2": null, "内容": "隻手薬師石川眼科【2:診療所】【診療科目:眼科】愛媛県東温市田窪１４９５番地１" }, "geometry": { "type": "Point", "coordinates": [ 132.861145, 33.792582 ] } },
{ "type": "Feature", "properties": { "ID": 3822388633088, "正式名称": "ささき皮フ科クリニック", "機関区分": 2, "都道府県コード": 38, "市区町村コード": 214, "所在地": "愛媛県西予市宇和町卯之町２丁目２９６番地", "緯度": 33.364353, "経度": 132.510912, "url": "https://www.iryou.teikyouseido.mhlw.go.jp/znk-web/juminkanja/S2430/initialize?prefCd=38&kikanCd=2388633088&kikanKbn=2", "url2": "http://www.sasaki-hifu-seiyo.com/", "内容": "ささき皮フ科クリニック【2:診療所】【診療科目:皮膚科】愛媛県西予市宇和町卯之町２丁目２９６番地" }, "geometry": { "type": "Point", "coordinates": [ 132.510912, 33.364353 ] } },
{ "type": "Feature", "properties": { "ID": 3822388633091, "正式名称": "じょうとく内科クリニック", "機関区分": 2, "都道府県コード": 38, "市区町村コード": 206, "所在地": "愛媛県西条市神拝甲２１７番１", "緯度": 33.913212, "経度": 133.178695, "url": "https://www.iryou.teikyouseido.mhlw.go.jp/znk-web/juminkanja/S2430/initialize?prefCd=38&kikanCd=2388633091&kikanKbn=2", "url2": "http://www.jotoku-clinic.com/", "内容": "じょうとく内科クリニック【2:診療所】【診療科目:循環器内科_腎臓内科】愛媛県西条市神拝甲２１７番１" }, "geometry": { "type": "Point", "coordinates": [ 133.178695, 33.913212 ] } },
{ "type": "Feature", "properties": { "ID": 3822388633093, "正式名称": "清家消化器内科クリニック", "機関区分": 2, "都道府県コード": 38, "市区町村コード": 203, "所在地": "愛媛県宇和島市恵美須町１丁目３番１０号", "緯度": 33.223471, "経度": 132.564854, "url": "https://www.iryou.teikyouseido.mhlw.go.jp/znk-web/juminkanja/S2430/initialize?prefCd=38&kikanCd=2388633093&kikanKbn=2", "url2": "http://seike-gm.com/", "内容": "清家消化器内科クリニック【2:診療所】【診療科目:内科_消化器内科】愛媛県宇和島市恵美須町１丁目３番１０号" }, "geometry": { "type": "Point", "coordinates": [ 132.564854, 33.223471 ] } },
{ "type": "Feature", "properties": { "ID": 3822388633094, "正式名称": "はぴねす内科クリニック", "機関区分": 2, "都道府県コード": 38, "市区町村コード": 205, "所在地": "愛媛県新居浜市一宮町二町目６番７２号", "緯度": 33.958312, "経度": 133.278035, "url": "https://www.iryou.teikyouseido.mhlw.go.jp/znk-web/juminkanja/S2430/initialize?prefCd=38&kikanCd=2388633094&kikanKbn=2", "url2": "http://www.hapinesu.com/intemal-medicine/clinic-top.html", "内容": "はぴねす内科クリニック【2:診療所】【診療科目:内科_外科】愛媛県新居浜市一宮町二町目６番７２号" }, "geometry": { "type": "Point", "coordinates": [ 133.278035, 33.958312 ] } },
{ "type": "Feature", "properties": { "ID": 3822388633099, "正式名称": "たかおか眼科・内科クリニック", "機関区分": 2, "都道府県コード": 38, "市区町村コード": 201, "所在地": "愛媛県松山市竹原２丁目１番５０号１階", "緯度": 33.831744, "経度": 132.752804, "url": "https://www.iryou.teikyouseido.mhlw.go.jp/znk-web/juminkanja/S2430/initialize?prefCd=38&kikanCd=2388633099&kikanKbn=2", "url2": "http://www.takaokaclinic.jp/", "内容": "たかおか眼科・内科クリニック【2:診療所】【診療科目:内科_眼科】愛媛県松山市竹原２丁目１番５０号１階" }, "geometry": { "type": "Point", "coordinates": [ 132.752804, 33.831744 ] } },
{ "type": "Feature", "properties": { "ID": 3822388633102, "正式名称": "ⅰクリニック内科・呼吸器内科", "機関区分": 2, "都道府県コード": 38, "市区町村コード": 202, "所在地": "愛媛県今治市郷新屋敷町３丁目１番３９号", "緯度": 34.04169, "経度": 133.002005, "url": "https://www.iryou.teikyouseido.mhlw.go.jp/znk-web/juminkanja/S2430/initialize?prefCd=38&kikanCd=2388633102&kikanKbn=2", "url2": "http://iclinic-health.com", "内容": "ⅰクリニック内科・呼吸器内科【2:診療所】【診療科目:内科_呼吸器内科_アレルギー科_放射線科】愛媛県今治市郷新屋敷町３丁目１番３９号" }, "geometry": { "type": "Point", "coordinates": [ 133.002005, 34.04169 ] } },
{ "type": "Feature", "properties": { "ID": 3822388633103, "正式名称": "星の岡心臓・血管クリニック", "機関区分": 2, "都道府県コード": 38, "市区町村コード": 201, "所在地": "愛媛県松山市東石井一丁目５－５", "緯度": 33.818135, "経度": 132.779158, "url": "https://www.iryou.teikyouseido.mhlw.go.jp/znk-web/juminkanja/S2430/initialize?prefCd=38&kikanCd=2388633103&kikanKbn=2", "url2": "https://hoshinooka-cvc.com/", "内容": "星の岡心臓・血管クリニック【2:診療所】【診療科目:内科_循環器内科_心臓内科】愛媛県松山市東石井一丁目５－５" }, "geometry": { "type": "Point", "coordinates": [ 132.779158, 33.818135 ] } },
{ "type": "Feature", "properties": { "ID": 3822388633104, "正式名称": "さいとう脳神経外科", "機関区分": 2, "都道府県コード": 38, "市区町村コード": 205, "所在地": "愛媛県新居浜市寿町１１番４１号", "緯度": 33.940771, "経度": 133.299813, "url": "https://www.iryou.teikyouseido.mhlw.go.jp/znk-web/juminkanja/S2430/initialize?prefCd=38&kikanCd=2388633104&kikanKbn=2", "url2": "http://www.saito-nougeka.com", "内容": "さいとう脳神経外科【2:診療所】【診療科目:脳神経外科】愛媛県新居浜市寿町１１番４１号" }, "geometry": { "type": "Point", "coordinates": [ 133.299813, 33.940771 ] } },
{ "type": "Feature", "properties": { "ID": 3822388633109, "正式名称": "たてまつ眼科クリニック", "機関区分": 2, "都道府県コード": 38, "市区町村コード": 201, "所在地": "愛媛県松山市東野二丁目２番２１号", "緯度": 33.840728, "経度": 132.79878, "url": "https://www.iryou.teikyouseido.mhlw.go.jp/znk-web/juminkanja/S2430/initialize?prefCd=38&kikanCd=2388633109&kikanKbn=2", "url2": "http://www.tatematsu-eye-clinic.jp", "内容": "たてまつ眼科クリニック【2:診療所】【診療科目:眼科】愛媛県松山市東野二丁目２番２１号" }, "geometry": { "type": "Point", "coordinates": [ 132.79878, 33.840728 ] } },
{ "type": "Feature", "properties": { "ID": 3822388633111, "正式名称": "こうの整形外科クリニック", "機関区分": 2, "都道府県コード": 38, "市区町村コード": 201, "所在地": "愛媛県松山市和泉北一丁目８番５号", "緯度": 33.82289, "経度": 132.758232, "url": "https://www.iryou.teikyouseido.mhlw.go.jp/znk-web/juminkanja/S2430/initialize?prefCd=38&kikanCd=2388633111&kikanKbn=2", "url2": "kono-seikei.com", "内容": "こうの整形外科クリニック【2:診療所】【診療科目:整形外科_リウマチ科_リハビリテーション科】愛媛県松山市和泉北一丁目８番５号" }, "geometry": { "type": "Point", "coordinates": [ 132.758232, 33.82289 ] } },
{ "type": "Feature", "properties": { "ID": 3822388633113, "正式名称": "Ｄクリニック", "機関区分": 2, "都道府県コード": 38, "市区町村コード": 202, "所在地": "愛媛県今治市南大門町２丁目１番地２１", "緯度": 34.065954, "経度": 132.99561, "url": "https://www.iryou.teikyouseido.mhlw.go.jp/znk-web/juminkanja/S2430/initialize?prefCd=38&kikanCd=2388633113&kikanKbn=2", "url2": "http://www.d-clinic-imabari.jp", "内容": "Ｄクリニック【2:診療所】【診療科目:神経内科_精神科_心療内科】愛媛県今治市南大門町２丁目１番地２１" }, "geometry": { "type": "Point", "coordinates": [ 132.99561, 34.065954 ] } },
{ "type": "Feature", "properties": { "ID": 3822388633121, "正式名称": "前野整形外科", "機関区分": 2, "都道府県コード": 38, "市区町村コード": 201, "所在地": "愛媛県松山市小坂五丁目１１番１号", "緯度": 33.825951, "経度": 132.782707, "url": "https://www.iryou.teikyouseido.mhlw.go.jp/znk-web/juminkanja/S2430/initialize?prefCd=38&kikanCd=2388633121&kikanKbn=2", "url2": "http://maenoseikei.org/", "内容": "前野整形外科【2:診療所】【診療科目:消化器外科_整形外科_リハビリテーション科】愛媛県松山市小坂五丁目１１番１号" }, "geometry": { "type": "Point", "coordinates": [ 132.782707, 33.825951 ] } },
{ "type": "Feature", "properties": { "ID": 3822388633122, "正式名称": "つばきウイメンズクリニック", "機関区分": 2, "都道府県コード": 38, "市区町村コード": 201, "所在地": "愛媛県松山市北土居五丁目１１番７号", "緯度": 33.80797, "経度": 132.779055, "url": "https://www.iryou.teikyouseido.mhlw.go.jp/znk-web/juminkanja/S2430/initialize?prefCd=38&kikanCd=2388633122&kikanKbn=2", "url2": "http://www.tsubaki-wc.com", "内容": "つばきウイメンズクリニック【2:診療所】【診療科目:新生児内科_産婦人科_産婦人科（生殖医療）_麻酔科】愛媛県松山市北土居五丁目１１番７号" }, "geometry": { "type": "Point", "coordinates": [ 132.779055, 33.80797 ] } },
{ "type": "Feature", "properties": { "ID": 3822388633126, "正式名称": "ローズペインクリニック", "機関区分": 2, "都道府県コード": 38, "市区町村コード": 201, "所在地": "愛媛県松山市空港通４丁目７番２号", "緯度": 33.829213, "経度": 132.735267, "url": "https://www.iryou.teikyouseido.mhlw.go.jp/znk-web/juminkanja/S2430/initialize?prefCd=38&kikanCd=2388633126&kikanKbn=2", "url2": "http://rose-pc.jp", "内容": "ローズペインクリニック【2:診療所】【診療科目:ペインクリニック内科_麻酔科】愛媛県松山市空港通４丁目７番２号" }, "geometry": { "type": "Point", "coordinates": [ 132.735267, 33.829213 ] } },
{ "type": "Feature", "properties": { "ID": 3822388633127, "正式名称": "医療法人　いずみ診療所", "機関区分": 2, "都道府県コード": 38, "市区町村コード": 201, "所在地": "愛媛県松山市今在家１丁目１番１号", "緯度": 33.80788, "経度": 132.793956, "url": "https://www.iryou.teikyouseido.mhlw.go.jp/znk-web/juminkanja/S2430/initialize?prefCd=38&kikanCd=2388633127&kikanKbn=2", "url2": "http://izumi-cl.jp/", "内容": "医療法人　いずみ診療所【2:診療所】【診療科目:外科_消化器外科】愛媛県松山市今在家１丁目１番１号" }, "geometry": { "type": "Point", "coordinates": [ 132.793956, 33.80788 ] } },
{ "type": "Feature", "properties": { "ID": 3822388633128, "正式名称": "にしたに眼科クリニック", "機関区分": 2, "都道府県コード": 38, "市区町村コード": 201, "所在地": "愛媛県松山市森松町１３１番地３", "緯度": 33.791103, "経度": 132.798169, "url": "https://www.iryou.teikyouseido.mhlw.go.jp/znk-web/juminkanja/S2430/initialize?prefCd=38&kikanCd=2388633128&kikanKbn=2", "url2": "http://nishitani-eye.com/", "内容": "にしたに眼科クリニック【2:診療所】【診療科目:眼科】愛媛県松山市森松町１３１番地３" }, "geometry": { "type": "Point", "coordinates": [ 132.798169, 33.791103 ] } },
{ "type": "Feature", "properties": { "ID": 3822388633131, "正式名称": "公益財団法人正光会御荘診療所", "機関区分": 2, "都道府県コード": 38, "市区町村コード": 506, "所在地": "愛媛県南宇和郡愛南町御荘平山８４６", "緯度": 32.974486, "経度": 132.533724, "url": "https://www.iryou.teikyouseido.mhlw.go.jp/znk-web/juminkanja/S2430/initialize?prefCd=38&kikanCd=2388633131&kikanKbn=2", "url2": "http://www.shokokai-grp.or.jp/hospital/584.html", "内容": "公益財団法人正光会御荘診療所【2:診療所】【診療科目:精神科】愛媛県南宇和郡愛南町御荘平山８４６" }, "geometry": { "type": "Point", "coordinates": [ 132.533724, 32.974486 ] } },
{ "type": "Feature", "properties": { "ID": 3822388633132, "正式名称": "松山市医師会診療所（休日診療所）", "機関区分": 2, "都道府県コード": 38, "市区町村コード": 201, "所在地": "愛媛県松山市藤原２丁目４－７０", "緯度": 33.829894, "経度": 132.758218, "url": "https://www.iryou.teikyouseido.mhlw.go.jp/znk-web/juminkanja/S2430/initialize?prefCd=38&kikanCd=2388633132&kikanKbn=2", "url2": "https://www.matsuyama.ehime.med.or.jp/emergency/holiday.html", "内容": "松山市医師会診療所（休日診療所）【2:診療所】【診療科目:内科_小児科】愛媛県松山市藤原２丁目４－７０" }, "geometry": { "type": "Point", "coordinates": [ 132.758218, 33.829894 ] } },
{ "type": "Feature", "properties": { "ID": 3822388633139, "正式名称": "メンズライフクリニック松山院", "機関区分": 2, "都道府県コード": 38, "市区町村コード": 201, "所在地": "愛媛県松山市湊町４－１０－８　ＢＥーＦＬＡＴビル２階", "緯度": 33.83661, "経度": 132.764573, "url": "https://www.iryou.teikyouseido.mhlw.go.jp/znk-web/juminkanja/S2430/initialize?prefCd=38&kikanCd=2388633139&kikanKbn=2", "url2": "https://www.mens-life-clinic.com/clinic/matsuyama/", "内容": "メンズライフクリニック松山院【2:診療所】【診療科目:形成外科_泌尿器科】愛媛県松山市湊町４－１０－８　ＢＥーＦＬＡＴビル２階" }, "geometry": { "type": "Point", "coordinates": [ 132.764573, 33.83661 ] } },
{ "type": "Feature", "properties": { "ID": 3822388633140, "正式名称": "ＡＧＡスキンクリニック　松山院", "機関区分": 2, "都道府県コード": 38, "市区町村コード": 201, "所在地": "愛媛県松山市大街道２－５－１　丸栄ビル２Ｆ", "緯度": 33.840157, "経度": 132.770295, "url": "https://www.iryou.teikyouseido.mhlw.go.jp/znk-web/juminkanja/S2430/initialize?prefCd=38&kikanCd=2388633140&kikanKbn=2", "url2": "https://www.agaskin.net/my/", "内容": "ＡＧＡスキンクリニック　松山院【2:診療所】【診療科目:皮膚科_頭部皮膚科】愛媛県松山市大街道２－５－１　丸栄ビル２Ｆ" }, "geometry": { "type": "Point", "coordinates": [ 132.770295, 33.840157 ] } },
{ "type": "Feature", "properties": { "ID": 3822388633141, "正式名称": "さくらめんと耳鼻咽喉科", "機関区分": 2, "都道府県コード": 38, "市区町村コード": 201, "所在地": "愛媛県松山市南江戸３丁目１－６０", "緯度": 33.83578, "経度": 132.746263, "url": "https://www.iryou.teikyouseido.mhlw.go.jp/znk-web/juminkanja/S2430/initialize?prefCd=38&kikanCd=2388633141&kikanKbn=2", "url2": "https://www.sacramento-jibika.com", "内容": "さくらめんと耳鼻咽喉科【2:診療所】【診療科目:耳鼻いんこう科】愛媛県松山市南江戸３丁目１－６０" }, "geometry": { "type": "Point", "coordinates": [ 132.746263, 33.83578 ] } },
{ "type": "Feature", "properties": { "ID": 3822388633144, "正式名称": "西予市国民健康保険周木診療所", "機関区分": 2, "都道府県コード": 38, "市区町村コード": 214, "所在地": "愛媛県西予市三瓶町周木６番耕地２２９番地１", "緯度": 33.373621, "経度": 132.389333, "url": "https://www.iryou.teikyouseido.mhlw.go.jp/znk-web/juminkanja/S2430/initialize?prefCd=38&kikanCd=2388633144&kikanKbn=2", "url2": null, "内容": "西予市国民健康保険周木診療所【2:診療所】【診療科目:内科_小児科】愛媛県西予市三瓶町周木６番耕地２２９番地１" }, "geometry": { "type": "Point", "coordinates": [ 132.389333, 33.373621 ] } },
{ "type": "Feature", "properties": { "ID": 3822388633146, "正式名称": "特別養護老人ホーム萬翠荘診療所", "機関区分": 2, "都道府県コード": 38, "市区町村コード": 213, "所在地": "愛媛県四国中央市中之庄町５４２番地", "緯度": 33.977668, "経度": 133.534776, "url": "https://www.iryou.teikyouseido.mhlw.go.jp/znk-web/juminkanja/S2430/initialize?prefCd=38&kikanCd=2388633146&kikanKbn=2", "url2": "https://www.aibikai.jp", "内容": "特別養護老人ホーム萬翠荘診療所【2:診療所】【診療科目:内科_外科_精神科】愛媛県四国中央市中之庄町５４２番地" }, "geometry": { "type": "Point", "coordinates": [ 133.534776, 33.977668 ] } },
{ "type": "Feature", "properties": { "ID": 3822388633151, "正式名称": "どい消化器内科クリニック", "機関区分": 2, "都道府県コード": 38, "市区町村コード": 201, "所在地": "愛媛県松山市北斎院町４５５番地５", "緯度": 33.837434, "経度": 132.727584, "url": "https://www.iryou.teikyouseido.mhlw.go.jp/znk-web/juminkanja/S2430/initialize?prefCd=38&kikanCd=2388633151&kikanKbn=2", "url2": "http://www.ca.pikara.ne.jp/doi-clinic/", "内容": "どい消化器内科クリニック【2:診療所】【診療科目:内科_消化器内科_内視鏡内科】愛媛県松山市北斎院町４５５番地５" }, "geometry": { "type": "Point", "coordinates": [ 132.727584, 33.837434 ] } },
{ "type": "Feature", "properties": { "ID": 3822388633152, "正式名称": "鎌田リウマチ・整形外科", "機関区分": 2, "都道府県コード": 38, "市区町村コード": 201, "所在地": "愛媛県松山市東垣生町１７３番１", "緯度": 33.81302, "経度": 132.715086, "url": "https://www.iryou.teikyouseido.mhlw.go.jp/znk-web/juminkanja/S2430/initialize?prefCd=38&kikanCd=2388633152&kikanKbn=2", "url2": "https://www.kamada-clinic.com", "内容": "鎌田リウマチ・整形外科【2:診療所】【診療科目:整形外科_リウマチ科_リハビリテーション科】愛媛県松山市東垣生町１７３番１" }, "geometry": { "type": "Point", "coordinates": [ 132.715086, 33.81302 ] } },
{ "type": "Feature", "properties": { "ID": 3822388633156, "正式名称": "丹皮ふ科", "機関区分": 2, "都道府県コード": 38, "市区町村コード": 202, "所在地": "愛媛県今治市末広町３丁目４番地１０", "緯度": 34.061233, "経度": 133.005131, "url": "https://www.iryou.teikyouseido.mhlw.go.jp/znk-web/juminkanja/S2430/initialize?prefCd=38&kikanCd=2388633156&kikanKbn=2", "url2": "http://www.tanhifu.jp/", "内容": "丹皮ふ科【2:診療所】【診療科目:皮膚科】愛媛県今治市末広町３丁目４番地１０" }, "geometry": { "type": "Point", "coordinates": [ 133.005131, 34.061233 ] } },
{ "type": "Feature", "properties": { "ID": 3822388633158, "正式名称": "せきかわ皮ふ科", "機関区分": 2, "都道府県コード": 38, "市区町村コード": 201, "所在地": "愛媛県松山市平和通５丁目２番地１２", "緯度": 33.847412, "経度": 132.760501, "url": "https://www.iryou.teikyouseido.mhlw.go.jp/znk-web/juminkanja/S2430/initialize?prefCd=38&kikanCd=2388633158&kikanKbn=2", "url2": "http://www.sekikawa-derma.com", "内容": "せきかわ皮ふ科【2:診療所】【診療科目:皮膚科】愛媛県松山市平和通５丁目２番地１２" }, "geometry": { "type": "Point", "coordinates": [ 132.760501, 33.847412 ] } },
{ "type": "Feature", "properties": { "ID": 3822388633160, "正式名称": "やまにし眼科", "機関区分": 2, "都道府県コード": 38, "市区町村コード": 201, "所在地": "愛媛県松山市枝松一丁目９番４８号", "緯度": 33.837314, "経度": 132.787623, "url": "https://www.iryou.teikyouseido.mhlw.go.jp/znk-web/juminkanja/S2430/initialize?prefCd=38&kikanCd=2388633160&kikanKbn=2", "url2": "http://www.yamanishi-ganka.com", "内容": "やまにし眼科【2:診療所】【診療科目:眼科】愛媛県松山市枝松一丁目９番４８号" }, "geometry": { "type": "Point", "coordinates": [ 132.787623, 33.837314 ] } },
{ "type": "Feature", "properties": { "ID": 3822388633162, "正式名称": "清水内科・循環器内科", "機関区分": 2, "都道府県コード": 38, "市区町村コード": 203, "所在地": "愛媛県宇和島市御幸町２丁目６－３", "緯度": 33.226804, "経度": 132.564057, "url": "https://www.iryou.teikyouseido.mhlw.go.jp/znk-web/juminkanja/S2430/initialize?prefCd=38&kikanCd=2388633162&kikanKbn=2", "url2": "clinic-shimizu.com", "内容": "清水内科・循環器内科【2:診療所】【診療科目:内科_循環器内科】愛媛県宇和島市御幸町２丁目６－３" }, "geometry": { "type": "Point", "coordinates": [ 132.564057, 33.226804 ] } },
{ "type": "Feature", "properties": { "ID": 3822388633163, "正式名称": "湘南美容クリニック松山院", "機関区分": 2, "都道府県コード": 38, "市区町村コード": 201, "所在地": "愛媛県松山市湊町４丁目１０番８号　ＢＥ－ＦＬＡＴビル３階", "緯度": 33.836213, "経度": 132.765, "url": "https://www.iryou.teikyouseido.mhlw.go.jp/znk-web/juminkanja/S2430/initialize?prefCd=38&kikanCd=2388633163&kikanKbn=2", "url2": "https://www.s-b-c.net/clinic/branch/matsuyama/", "内容": "湘南美容クリニック松山院【2:診療所】【診療科目:美容外科_美容皮膚科】愛媛県松山市湊町４丁目１０番８号　ＢＥ－ＦＬＡＴビル３階" }, "geometry": { "type": "Point", "coordinates": [ 132.765, 33.836213 ] } },
{ "type": "Feature", "properties": { "ID": 3822388633164, "正式名称": "ひいらぎこどもクリニック", "機関区分": 2, "都道府県コード": 38, "市区町村コード": 201, "所在地": "愛媛県松山市別府町４４２番地１", "緯度": 33.844628, "経度": 132.72262, "url": "https://www.iryou.teikyouseido.mhlw.go.jp/znk-web/juminkanja/S2430/initialize?prefCd=38&kikanCd=2388633164&kikanKbn=2", "url2": "https://www.hiiragikodomo.com/", "内容": "ひいらぎこどもクリニック【2:診療所】【診療科目:小児科_アレルギー科】愛媛県松山市別府町４４２番地１" }, "geometry": { "type": "Point", "coordinates": [ 132.72262, 33.844628 ] } },
{ "type": "Feature", "properties": { "ID": 3822388633165, "正式名称": "古国分診療所", "機関区分": 2, "都道府県コード": 38, "市区町村コード": 202, "所在地": "愛媛県今治市古国分１丁目１３番２２号", "緯度": 34.027049, "経度": 133.039638, "url": "https://www.iryou.teikyouseido.mhlw.go.jp/znk-web/juminkanja/S2430/initialize?prefCd=38&kikanCd=2388633165&kikanKbn=2", "url2": null, "内容": "古国分診療所【2:診療所】【診療科目:内科】愛媛県今治市古国分１丁目１３番２２号" }, "geometry": { "type": "Point", "coordinates": [ 133.039638, 34.027049 ] } },
{ "type": "Feature", "properties": { "ID": 3822388633166, "正式名称": "松岡婦人科クリニック", "機関区分": 2, "都道府県コード": 38, "市区町村コード": 201, "所在地": "愛媛県松山市樽味２丁目８番３０号", "緯度": 33.841402, "経度": 132.793381, "url": "https://www.iryou.teikyouseido.mhlw.go.jp/znk-web/juminkanja/S2430/initialize?prefCd=38&kikanCd=2388633166&kikanKbn=2", "url2": "https://matsuokafujinka-cl.jp/", "内容": "松岡婦人科クリニック【2:診療所】【診療科目:婦人科】愛媛県松山市樽味２丁目８番３０号" }, "geometry": { "type": "Point", "coordinates": [ 132.793381, 33.841402 ] } },
{ "type": "Feature", "properties": { "ID": 3822388633167, "正式名称": "医療法人三番町ＳＡＯＲＩ皮膚科", "機関区分": 2, "都道府県コード": 38, "市区町村コード": 201, "所在地": "愛媛県松山市三番町一丁目７番地４　ＶＴビル１階", "緯度": 33.837934, "経度": 132.77449, "url": "https://www.iryou.teikyouseido.mhlw.go.jp/znk-web/juminkanja/S2430/initialize?prefCd=38&kikanCd=2388633167&kikanKbn=2", "url2": "http://www.3-saori-hifuka.jp/", "内容": "医療法人三番町ＳＡＯＲＩ皮膚科【2:診療所】【診療科目:皮膚科_美容皮膚科】愛媛県松山市三番町一丁目７番地４　ＶＴビル１階" }, "geometry": { "type": "Point", "coordinates": [ 132.77449, 33.837934 ] } },
{ "type": "Feature", "properties": { "ID": 3822388633169, "正式名称": "かなえ内科・糖尿病内科クリニック", "機関区分": 2, "都道府県コード": 38, "市区町村コード": 201, "所在地": "愛媛県松山市平井町２５７７番地", "緯度": 33.807101, "経度": 132.831799, "url": "https://www.iryou.teikyouseido.mhlw.go.jp/znk-web/juminkanja/S2430/initialize?prefCd=38&kikanCd=2388633169&kikanKbn=2", "url2": "https://www.kanae-clinic.com/", "内容": "かなえ内科・糖尿病内科クリニック【2:診療所】【診療科目:内科_糖尿病内科】愛媛県松山市平井町２５７７番地" }, "geometry": { "type": "Point", "coordinates": [ 132.831799, 33.807101 ] } },
{ "type": "Feature", "properties": { "ID": 3822388633170, "正式名称": "整形外科　尾形クリニック", "機関区分": 2, "都道府県コード": 38, "市区町村コード": 201, "所在地": "愛媛県松山市北久米町３８番８", "緯度": 33.822662, "経度": 132.802199, "url": "https://www.iryou.teikyouseido.mhlw.go.jp/znk-web/juminkanja/S2430/initialize?prefCd=38&kikanCd=2388633170&kikanKbn=2", "url2": "https://www.seikeigeka-ogata.jp", "内容": "整形外科　尾形クリニック【2:診療所】【診療科目:整形外科_リハビリテーション科】愛媛県松山市北久米町３８番８" }, "geometry": { "type": "Point", "coordinates": [ 132.802199, 33.822662 ] } },
{ "type": "Feature", "properties": { "ID": 3822388633171, "正式名称": "宇都宮内科クリニック", "機関区分": 2, "都道府県コード": 38, "市区町村コード": 214, "所在地": "愛媛県西予市宇和町卯之町三丁目３０９番地", "緯度": 33.362706, "経度": 132.512423, "url": "https://www.iryou.teikyouseido.mhlw.go.jp/znk-web/juminkanja/S2430/initialize?prefCd=38&kikanCd=2388633171&kikanKbn=2", "url2": "http://www.uwa-utsunomiya-cl.jp", "内容": "宇都宮内科クリニック【2:診療所】【診療科目:内科_消化器内科】愛媛県西予市宇和町卯之町三丁目３０９番地" }, "geometry": { "type": "Point", "coordinates": [ 132.512423, 33.362706 ] } },
{ "type": "Feature", "properties": { "ID": 3822388633173, "正式名称": "狩江あじき医院", "機関区分": 2, "都道府県コード": 38, "市区町村コード": 214, "所在地": "愛媛県西予市明浜町狩浜２番耕地１３２１番地第４", "緯度": 33.318819, "経度": 132.466966, "url": "https://www.iryou.teikyouseido.mhlw.go.jp/znk-web/juminkanja/S2430/initialize?prefCd=38&kikanCd=2388633173&kikanKbn=2", "url2": null, "内容": "狩江あじき医院【2:診療所】【診療科目:内科_小児科】愛媛県西予市明浜町狩浜２番耕地１３２１番地第４" }, "geometry": { "type": "Point", "coordinates": [ 132.466966, 33.318819 ] } },
{ "type": "Feature", "properties": { "ID": 3822388633178, "正式名称": "もりさわメンタルクリニック", "機関区分": 2, "都道府県コード": 38, "市区町村コード": 201, "所在地": "愛媛県松山市花園町４番地１２　和光ビル２階", "緯度": 33.837542, "経度": 132.762084, "url": "https://www.iryou.teikyouseido.mhlw.go.jp/znk-web/juminkanja/S2430/initialize?prefCd=38&kikanCd=2388633178&kikanKbn=2", "url2": "https://www.morisawa-mental-clinic.com/", "内容": "もりさわメンタルクリニック【2:診療所】【診療科目:精神科_心療内科】愛媛県松山市花園町４番地１２　和光ビル２階" }, "geometry": { "type": "Point", "coordinates": [ 132.762084, 33.837542 ] } },
{ "type": "Feature", "properties": { "ID": 3822388633182, "正式名称": "はすい心療内科", "機関区分": 2, "都道府県コード": 38, "市区町村コード": 201, "所在地": "愛媛県松山市桑原２丁目２番２８号", "緯度": 33.834784, "経度": 132.791784, "url": "https://www.iryou.teikyouseido.mhlw.go.jp/znk-web/juminkanja/S2430/initialize?prefCd=38&kikanCd=2388633182&kikanKbn=2", "url2": "https://www.hasui.jp/", "内容": "はすい心療内科【2:診療所】【診療科目:精神科_心療内科】愛媛県松山市桑原２丁目２番２８号" }, "geometry": { "type": "Point", "coordinates": [ 132.791784, 33.834784 ] } },
{ "type": "Feature", "properties": { "ID": 3822388633183, "正式名称": "亀天会診療所", "機関区分": 2, "都道府県コード": 38, "市区町村コード": 206, "所在地": "愛媛県西条市大野３４３番地１", "緯度": 33.945057, "経度": 133.047958, "url": "https://www.iryou.teikyouseido.mhlw.go.jp/znk-web/juminkanja/S2430/initialize?prefCd=38&kikanCd=2388633183&kikanKbn=2", "url2": null, "内容": "亀天会診療所【2:診療所】【診療科目:内科_精神科】愛媛県西条市大野３４３番地１" }, "geometry": { "type": "Point", "coordinates": [ 133.047958, 33.945057 ] } },
{ "type": "Feature", "properties": { "ID": 3822388633185, "正式名称": "まつやま余戸南診療所", "機関区分": 2, "都道府県コード": 38, "市区町村コード": 201, "所在地": "愛媛県松山市余戸南１丁目２４番３１号", "緯度": 33.81345, "経度": 132.739266, "url": "https://www.iryou.teikyouseido.mhlw.go.jp/znk-web/juminkanja/S2430/initialize?prefCd=38&kikanCd=2388633185&kikanKbn=2", "url2": "https://m-yogo373-cl.jp", "内容": "まつやま余戸南診療所【2:診療所】【診療科目:内科_消化器内科_外科】愛媛県松山市余戸南１丁目２４番３１号" }, "geometry": { "type": "Point", "coordinates": [ 132.739266, 33.81345 ] } },
{ "type": "Feature", "properties": { "ID": 3822388633187, "正式名称": "エヒメ健診協会　松山診療所", "機関区分": 2, "都道府県コード": 38, "市区町村コード": 201, "所在地": "愛媛県松山市湊町八丁目１１１番地１　愛建ビル３０２号室", "緯度": 33.835074, "経度": 132.75269, "url": "https://www.iryou.teikyouseido.mhlw.go.jp/znk-web/juminkanja/S2430/initialize?prefCd=38&kikanCd=2388633187&kikanKbn=2", "url2": "https://www.ekk.or.jp/", "内容": "エヒメ健診協会　松山診療所【2:診療所】【診療科目:内科】愛媛県松山市湊町八丁目１１１番地１　愛建ビル３０２号室" }, "geometry": { "type": "Point", "coordinates": [ 132.75269, 33.835074 ] } },
{ "type": "Feature", "properties": { "ID": 3822388633188, "正式名称": "やすらぎ在宅クリニック立花", "機関区分": 2, "都道府県コード": 38, "市区町村コード": 201, "所在地": "愛媛県松山市立花二丁目６－３１", "緯度": 33.829051, "経度": 132.772916, "url": "https://www.iryou.teikyouseido.mhlw.go.jp/znk-web/juminkanja/S2430/initialize?prefCd=38&kikanCd=2388633188&kikanKbn=2", "url2": null, "内容": "やすらぎ在宅クリニック立花【2:診療所】【診療科目:内科_漢方内科_精神科_心療内科】愛媛県松山市立花二丁目６－３１" }, "geometry": { "type": "Point", "coordinates": [ 132.772916, 33.829051 ] } },
{ "type": "Feature", "properties": { "ID": 3822388633191, "正式名称": "医療法人登桜会　みかみ血管外科・静脈瘤クリニック", "機関区分": 2, "都道府県コード": 38, "市区町村コード": 201, "所在地": "愛媛県松山市本町３丁目２－１７　ライトフラッツビル１階", "緯度": 33.845896, "経度": 132.758546, "url": "https://www.iryou.teikyouseido.mhlw.go.jp/znk-web/juminkanja/S2430/initialize?prefCd=38&kikanCd=2388633191&kikanKbn=2", "url2": "https://matsuyama-varix.com/", "内容": "医療法人登桜会　みかみ血管外科・静脈瘤クリニック【2:診療所】【診療科目:血管外科】愛媛県松山市本町３丁目２－１７　ライトフラッツビル１階" }, "geometry": { "type": "Point", "coordinates": [ 132.758546, 33.845896 ] } },
{ "type": "Feature", "properties": { "ID": 3822388633193, "正式名称": "清水医院", "機関区分": 2, "都道府県コード": 38, "市区町村コード": 207, "所在地": "愛媛県大洲市長浜甲２６８番地", "緯度": 33.612511, "経度": 132.481548, "url": "https://www.iryou.teikyouseido.mhlw.go.jp/znk-web/juminkanja/S2430/initialize?prefCd=38&kikanCd=2388633193&kikanKbn=2", "url2": "http://nagahamashimizuiin.jimdo.com/", "内容": "清水医院【2:診療所】【診療科目:内科_消化器内科】愛媛県大洲市長浜甲２６８番地" }, "geometry": { "type": "Point", "coordinates": [ 132.481548, 33.612511 ] } },
{ "type": "Feature", "properties": { "ID": 3822388633194, "正式名称": "石川内科", "機関区分": 2, "都道府県コード": 38, "市区町村コード": 207, "所在地": "愛媛県大洲市若宮４８３コスモポリタン中野２階", "緯度": 33.51709, "経度": 132.546479, "url": "https://www.iryou.teikyouseido.mhlw.go.jp/znk-web/juminkanja/S2430/initialize?prefCd=38&kikanCd=2388633194&kikanKbn=2", "url2": null, "内容": "石川内科【2:診療所】【診療科目:内科】愛媛県大洲市若宮４８３コスモポリタン中野２階" }, "geometry": { "type": "Point", "coordinates": [ 132.546479, 33.51709 ] } },
{ "type": "Feature", "properties": { "ID": 3822388633195, "正式名称": "山下クリニック", "機関区分": 2, "都道府県コード": 38, "市区町村コード": 203, "所在地": "愛媛県宇和島市桜町１番３８号", "緯度": 33.215282, "経度": 132.563694, "url": "https://www.iryou.teikyouseido.mhlw.go.jp/znk-web/juminkanja/S2430/initialize?prefCd=38&kikanCd=2388633195&kikanKbn=2", "url2": null, "内容": "山下クリニック【2:診療所】【診療科目:人工透析内科_泌尿器科】愛媛県宇和島市桜町１番３８号" }, "geometry": { "type": "Point", "coordinates": [ 132.563694, 33.215282 ] } },
{ "type": "Feature", "properties": { "ID": 3822388633197, "正式名称": "あさの胃腸内科クリニック", "機関区分": 2, "都道府県コード": 38, "市区町村コード": 201, "所在地": "愛媛県松山市小坂三丁目３番２６号", "緯度": 33.830573, "経度": 132.779774, "url": "https://www.iryou.teikyouseido.mhlw.go.jp/znk-web/juminkanja/S2430/initialize?prefCd=38&kikanCd=2388633197&kikanKbn=2", "url2": "http://asanohp.com", "内容": "あさの胃腸内科クリニック【2:診療所】【診療科目:内科_消化器内科_内視鏡内科】愛媛県松山市小坂三丁目３番２６号" }, "geometry": { "type": "Point", "coordinates": [ 132.779774, 33.830573 ] } },
{ "type": "Feature", "properties": { "ID": 3822388633198, "正式名称": "たに脳神経外科・内科・ものわすれクリニック", "機関区分": 2, "都道府県コード": 38, "市区町村コード": 205, "所在地": "愛媛県新居浜市郷２丁目１－１０", "緯度": 33.965989, "経度": 133.308941, "url": "https://www.iryou.teikyouseido.mhlw.go.jp/znk-web/juminkanja/S2430/initialize?prefCd=38&kikanCd=2388633198&kikanKbn=2", "url2": "http://www.nouikiiki.com/", "内容": "たに脳神経外科・内科・ものわすれクリニック【2:診療所】【診療科目:内科_脳神経外科】愛媛県新居浜市郷２丁目１－１０" }, "geometry": { "type": "Point", "coordinates": [ 133.308941, 33.965989 ] } },
{ "type": "Feature", "properties": { "ID": 3822388633199, "正式名称": "クリニック木屋町", "機関区分": 2, "都道府県コード": 38, "市区町村コード": 201, "所在地": "愛媛県松山市木屋町四丁目１０９", "緯度": 33.856191, "経度": 132.760835, "url": "https://www.iryou.teikyouseido.mhlw.go.jp/znk-web/juminkanja/S2430/initialize?prefCd=38&kikanCd=2388633199&kikanKbn=2", "url2": null, "内容": "クリニック木屋町【2:診療所】【診療科目:漢方内科_外科】愛媛県松山市木屋町四丁目１０９" }, "geometry": { "type": "Point", "coordinates": [ 132.760835, 33.856191 ] } },
{ "type": "Feature", "properties": { "ID": 3822388633200, "正式名称": "うぐもり耳鼻咽喉科", "機関区分": 2, "都道府県コード": 38, "市区町村コード": 201, "所在地": "愛媛県松山市余戸西三丁目１０番２５号", "緯度": 33.81433, "経度": 132.719541, "url": "https://www.iryou.teikyouseido.mhlw.go.jp/znk-web/juminkanja/S2430/initialize?prefCd=38&kikanCd=2388633200&kikanKbn=2", "url2": "https://www.ugumori-jibika.com", "内容": "うぐもり耳鼻咽喉科【2:診療所】【診療科目:耳鼻いんこう科_頭頸部・耳鼻いんこう科】愛媛県松山市余戸西三丁目１０番２５号" }, "geometry": { "type": "Point", "coordinates": [ 132.719541, 33.81433 ] } },
{ "type": "Feature", "properties": { "ID": 3822388633201, "正式名称": "あらたま内科・糖尿病内科", "機関区分": 2, "都道府県コード": 38, "市区町村コード": 201, "所在地": "愛媛県松山市千舟町八丁目６７番地１６", "緯度": 33.837095, "経度": 132.754394, "url": "https://www.iryou.teikyouseido.mhlw.go.jp/znk-web/juminkanja/S2430/initialize?prefCd=38&kikanCd=2388633201&kikanKbn=2", "url2": "https://aratama-tounyoubyou-naika.com/", "内容": "あらたま内科・糖尿病内科【2:診療所】【診療科目:内科_糖尿病内科】愛媛県松山市千舟町八丁目６７番地１６" }, "geometry": { "type": "Point", "coordinates": [ 132.754394, 33.837095 ] } },
{ "type": "Feature", "properties": { "ID": 3822388633202, "正式名称": "やいた内科・内視鏡クリニック", "機関区分": 2, "都道府県コード": 38, "市区町村コード": 201, "所在地": "愛媛県松山市東野二丁目２番１７号", "緯度": 33.840812, "経度": 132.798721, "url": "https://www.iryou.teikyouseido.mhlw.go.jp/znk-web/juminkanja/S2430/initialize?prefCd=38&kikanCd=2388633202&kikanKbn=2", "url2": "yaita-clinic.com", "内容": "やいた内科・内視鏡クリニック【2:診療所】【診療科目:内科_消化器内科_内視鏡内科】愛媛県松山市東野二丁目２番１７号" }, "geometry": { "type": "Point", "coordinates": [ 132.798721, 33.840812 ] } },
{ "type": "Feature", "properties": { "ID": 3822388633203, "正式名称": "愛南町国保一本松病院福浦出張所", "機関区分": 2, "都道府県コード": 38, "市区町村コード": 506, "所在地": "愛媛県南宇和郡愛南町福浦９９４番地", "緯度": 32.915869, "経度": 132.497787, "url": "https://www.iryou.teikyouseido.mhlw.go.jp/znk-web/juminkanja/S2430/initialize?prefCd=38&kikanCd=2388633203&kikanKbn=2", "url2": null, "内容": "愛南町国保一本松病院福浦出張所【2:診療所】【診療科目:内科】愛媛県南宇和郡愛南町福浦９９４番地" }, "geometry": { "type": "Point", "coordinates": [ 132.497787, 32.915869 ] } },
{ "type": "Feature", "properties": { "ID": 3822388633204, "正式名称": "今治セントラルクリニック", "機関区分": 2, "都道府県コード": 38, "市区町村コード": 202, "所在地": "愛媛県今治市松本町２丁目６番地６", "緯度": 34.063046, "経度": 133.002825, "url": "https://www.iryou.teikyouseido.mhlw.go.jp/znk-web/juminkanja/S2430/initialize?prefCd=38&kikanCd=2388633204&kikanKbn=2", "url2": "https://imabari-central-clinic.jp", "内容": "今治セントラルクリニック【2:診療所】【診療科目:内科_外科_消化器外科_整形外科_リハビリテーション科】愛媛県今治市松本町２丁目６番地６" }, "geometry": { "type": "Point", "coordinates": [ 133.002825, 34.063046 ] } },
{ "type": "Feature", "properties": { "ID": 3822388633205, "正式名称": "井出内科", "機関区分": 2, "都道府県コード": 38, "市区町村コード": 202, "所在地": "愛媛県今治市常盤町７丁目３番６号", "緯度": 34.055665, "経度": 132.987863, "url": "https://www.iryou.teikyouseido.mhlw.go.jp/znk-web/juminkanja/S2430/initialize?prefCd=38&kikanCd=2388633205&kikanKbn=2", "url2": "http://www.dokidoki.ne.jp/home1/idehosp/", "内容": "井出内科【2:診療所】【診療科目:内科_血液内科_糖尿病内科_消化器内科_リハビリテーション科】愛媛県今治市常盤町７丁目３番６号" }, "geometry": { "type": "Point", "coordinates": [ 132.987863, 34.055665 ] } },
{ "type": "Feature", "properties": { "ID": 3822388633206, "正式名称": "鹿野川診療所", "機関区分": 2, "都道府県コード": 38, "市区町村コード": 207, "所在地": "愛媛県大洲市肱川町山鳥坂７７番地", "緯度": 33.456112, "経度": 132.684365, "url": "https://www.iryou.teikyouseido.mhlw.go.jp/znk-web/juminkanja/S2430/initialize?prefCd=38&kikanCd=2388633206&kikanKbn=2", "url2": null, "内容": "鹿野川診療所【2:診療所】【診療科目:内科_外科_整形外科】愛媛県大洲市肱川町山鳥坂７７番地" }, "geometry": { "type": "Point", "coordinates": [ 132.684365, 33.456112 ] } },
{ "type": "Feature", "properties": { "ID": 3822388633207, "正式名称": "門田医院", "機関区分": 2, "都道府県コード": 38, "市区町村コード": 442, "所在地": "愛媛県西宇和郡伊方町三崎１４５２番地１", "緯度": 33.390243, "経度": 132.121253, "url": "https://www.iryou.teikyouseido.mhlw.go.jp/znk-web/juminkanja/S2430/initialize?prefCd=38&kikanCd=2388633207&kikanKbn=2", "url2": null, "内容": "門田医院【2:診療所】【診療科目:内科_循環器内科】愛媛県西宇和郡伊方町三崎１４５２番地１" }, "geometry": { "type": "Point", "coordinates": [ 132.121253, 33.390243 ] } },
{ "type": "Feature", "properties": { "ID": 3822388633208, "正式名称": "いろはホームケアクリニック", "機関区分": 2, "都道府県コード": 38, "市区町村コード": 201, "所在地": "愛媛県松山市平井町２４９５番地１", "緯度": 33.810816, "経度": 132.826913, "url": "https://www.iryou.teikyouseido.mhlw.go.jp/znk-web/juminkanja/S2430/initialize?prefCd=38&kikanCd=2388633208&kikanKbn=2", "url2": "https://irohaclinic.com/", "内容": "いろはホームケアクリニック【2:診療所】【診療科目:外科】愛媛県松山市平井町２４９５番地１" }, "geometry": { "type": "Point", "coordinates": [ 132.826913, 33.810816 ] } },
{ "type": "Feature", "properties": { "ID": 3822388633209, "正式名称": "こころの森しらいしクリニック", "機関区分": 2, "都道府県コード": 38, "市区町村コード": 213, "所在地": "愛媛県四国中央市三島中央４丁目１０番１６号", "緯度": 33.982153, "経度": 133.540774, "url": "https://www.iryou.teikyouseido.mhlw.go.jp/znk-web/juminkanja/S2430/initialize?prefCd=38&kikanCd=2388633209&kikanKbn=2", "url2": "https://www.shiracl.com", "内容": "こころの森しらいしクリニック【2:診療所】【診療科目:精神科_心療内科】愛媛県四国中央市三島中央４丁目１０番１６号" }, "geometry": { "type": "Point", "coordinates": [ 133.540774, 33.982153 ] } },
{ "type": "Feature", "properties": { "ID": 3822388633210, "正式名称": "おち内科・ペインクリニック", "機関区分": 2, "都道府県コード": 38, "市区町村コード": 201, "所在地": "愛媛県松山市北久米町７３２番１", "緯度": 33.817165, "経度": 132.794299, "url": "https://www.iryou.teikyouseido.mhlw.go.jp/znk-web/juminkanja/S2430/initialize?prefCd=38&kikanCd=2388633210&kikanKbn=2", "url2": "https://ochi-cln.com/", "内容": "おち内科・ペインクリニック【2:診療所】【診療科目:内科_ペインクリニック内科_麻酔科】愛媛県松山市北久米町７３２番１" }, "geometry": { "type": "Point", "coordinates": [ 132.794299, 33.817165 ] } },
{ "type": "Feature", "properties": { "ID": 3822388633212, "正式名称": "いわもと婦人科クリニック", "機関区分": 2, "都道府県コード": 38, "市区町村コード": 214, "所在地": "愛媛県西予市宇和町卯之町２丁目２７５－２", "緯度": 33.365492, "経度": 132.510286, "url": "https://www.iryou.teikyouseido.mhlw.go.jp/znk-web/juminkanja/S2430/initialize?prefCd=38&kikanCd=2388633212&kikanKbn=2", "url2": "https://www.iwamotofujinka-cl.com", "内容": "いわもと婦人科クリニック【2:診療所】【診療科目:婦人科】愛媛県西予市宇和町卯之町２丁目２７５－２" }, "geometry": { "type": "Point", "coordinates": [ 132.510286, 33.365492 ] } },
{ "type": "Feature", "properties": { "ID": 3822388633216, "正式名称": "あおば眼科クリニック", "機関区分": 2, "都道府県コード": 38, "市区町村コード": 201, "所在地": "愛媛県松山市藤原町６１７番地１３", "緯度": 33.833116, "経度": 132.759034, "url": "https://www.iryou.teikyouseido.mhlw.go.jp/znk-web/juminkanja/S2430/initialize?prefCd=38&kikanCd=2388633216&kikanKbn=2", "url2": "https://aoba-eye.com", "内容": "あおば眼科クリニック【2:診療所】【診療科目:眼科】愛媛県松山市藤原町６１７番地１３" }, "geometry": { "type": "Point", "coordinates": [ 132.759034, 33.833116 ] } },
{ "type": "Feature", "properties": { "ID": 3822388633217, "正式名称": "みやざきメンタルクリニック", "機関区分": 2, "都道府県コード": 38, "市区町村コード": 206, "所在地": "愛媛県西条市大町１６９９番地３　エストソレイユ紺屋町２０４", "緯度": 33.918309, "経度": 133.183752, "url": "https://www.iryou.teikyouseido.mhlw.go.jp/znk-web/juminkanja/S2430/initialize?prefCd=38&kikanCd=2388633217&kikanKbn=2", "url2": "https://dai-mcl.com", "内容": "みやざきメンタルクリニック【2:診療所】【診療科目:精神科_心療内科】愛媛県西条市大町１６９９番地３　エストソレイユ紺屋町２０４" }, "geometry": { "type": "Point", "coordinates": [ 133.183752, 33.918309 ] } },
{ "type": "Feature", "properties": { "ID": 3822388633218, "正式名称": "おちクリニック　内科・循環器内科", "機関区分": 2, "都道府県コード": 38, "市区町村コード": 202, "所在地": "愛媛県今治市馬越町一丁目２番２８号", "緯度": 34.054957, "経度": 132.983258, "url": "https://www.iryou.teikyouseido.mhlw.go.jp/znk-web/juminkanja/S2430/initialize?prefCd=38&kikanCd=2388633218&kikanKbn=2", "url2": "https://clinic-ochi.com/", "内容": "おちクリニック　内科・循環器内科【2:診療所】【診療科目:内科_循環器内科】愛媛県今治市馬越町一丁目２番２８号" }, "geometry": { "type": "Point", "coordinates": [ 132.983258, 34.054957 ] } },
{ "type": "Feature", "properties": { "ID": 3822388633219, "正式名称": "医療法人永青会　こころのクリニック永松心療内科", "機関区分": 2, "都道府県コード": 38, "市区町村コード": 207, "所在地": "愛媛県大洲市東大洲１６８番１", "緯度": 33.518373, "経度": 132.554098, "url": "https://www.iryou.teikyouseido.mhlw.go.jp/znk-web/juminkanja/S2430/initialize?prefCd=38&kikanCd=2388633219&kikanKbn=2", "url2": "http://kokoro-cli.com/clinic/", "内容": "医療法人永青会　こころのクリニック永松心療内科【2:診療所】【診療科目:精神科_心療内科】愛媛県大洲市東大洲１６８番１" }, "geometry": { "type": "Point", "coordinates": [ 132.554098, 33.518373 ] } },
{ "type": "Feature", "properties": { "ID": 3822388633220, "正式名称": "いまおか内科クリニック", "機関区分": 2, "都道府県コード": 38, "市区町村コード": 202, "所在地": "愛媛県今治市北高下町２丁目１番４８号", "緯度": 34.052526, "経度": 133.011325, "url": "https://www.iryou.teikyouseido.mhlw.go.jp/znk-web/juminkanja/S2430/initialize?prefCd=38&kikanCd=2388633220&kikanKbn=2", "url2": "https://ima-cli2011.jimdofree.com", "内容": "いまおか内科クリニック【2:診療所】【診療科目:内科_糖尿病内科_消化器内科】愛媛県今治市北高下町２丁目１番４８号" }, "geometry": { "type": "Point", "coordinates": [ 133.011325, 34.052526 ] } },
{ "type": "Feature", "properties": { "ID": 3822388633223, "正式名称": "Ｇクリニック", "機関区分": 2, "都道府県コード": 38, "市区町村コード": 202, "所在地": "愛媛県今治市中日吉町二丁目３番地２５", "緯度": 34.058382, "経度": 132.989098, "url": "https://www.iryou.teikyouseido.mhlw.go.jp/znk-web/juminkanja/S2430/initialize?prefCd=38&kikanCd=2388633223&kikanKbn=2", "url2": "https://gclinic.or.jp/", "内容": "Ｇクリニック【2:診療所】【診療科目:消化器内科_肛門外科_皮膚科】愛媛県今治市中日吉町二丁目３番地２５" }, "geometry": { "type": "Point", "coordinates": [ 132.989098, 34.058382 ] } },
{ "type": "Feature", "properties": { "ID": 3822388633224, "正式名称": "松山ひまわり眼科", "機関区分": 2, "都道府県コード": 38, "市区町村コード": 201, "所在地": "愛媛県松山市天山町一丁目１３－５　イオンスタイル松山２階", "緯度": 33.823544, "経度": 132.776252, "url": "https://www.iryou.teikyouseido.mhlw.go.jp/znk-web/juminkanja/S2430/initialize?prefCd=38&kikanCd=2388633224&kikanKbn=2", "url2": null, "内容": "松山ひまわり眼科【2:診療所】【診療科目:眼科】愛媛県松山市天山町一丁目１３－５　イオンスタイル松山２階" }, "geometry": { "type": "Point", "coordinates": [ 132.776252, 33.823544 ] } },
{ "type": "Feature", "properties": { "ID": 3822388633226, "正式名称": "ないとう眼科", "機関区分": 2, "都道府県コード": 38, "市区町村コード": 203, "所在地": "愛媛県宇和島市弁天町３丁目１番１０号", "緯度": 33.224137, "経度": 132.556977, "url": "https://www.iryou.teikyouseido.mhlw.go.jp/znk-web/juminkanja/S2430/initialize?prefCd=38&kikanCd=2388633226&kikanKbn=2", "url2": "https://naito-eye.com/", "内容": "ないとう眼科【2:診療所】【診療科目:眼科】愛媛県宇和島市弁天町３丁目１番１０号" }, "geometry": { "type": "Point", "coordinates": [ 132.556977, 33.224137 ] } },
{ "type": "Feature", "properties": { "ID": 3822388633228, "正式名称": "いずみ内科循環器クリニック", "機関区分": 2, "都道府県コード": 38, "市区町村コード": 215, "所在地": "愛媛県東温市志津川南一丁目１－２", "緯度": 33.80384, "経度": 132.875969, "url": "https://www.iryou.teikyouseido.mhlw.go.jp/znk-web/juminkanja/S2430/initialize?prefCd=38&kikanCd=2388633228&kikanKbn=2", "url2": "https://izumi-naika.com", "内容": "いずみ内科循環器クリニック【2:診療所】【診療科目:内科_循環器内科】愛媛県東温市志津川南一丁目１－２" }, "geometry": { "type": "Point", "coordinates": [ 132.875969, 33.80384 ] } },
{ "type": "Feature", "properties": { "ID": 3822388633229, "正式名称": "広瀬クリニック", "機関区分": 2, "都道府県コード": 38, "市区町村コード": 202, "所在地": "愛媛県今治市拝志３番１号", "緯度": 34.042821, "経度": 133.024692, "url": "https://www.iryou.teikyouseido.mhlw.go.jp/znk-web/juminkanja/S2430/initialize?prefCd=38&kikanCd=2388633229&kikanKbn=2", "url2": "http://hirose-youseikai.org/", "内容": "広瀬クリニック【2:診療所】【診療科目:内科_糖尿病内科_循環器内科_消化器内科_外科_消化器外科_整形外科_リハビリテーション科_放射線科】愛媛県今治市拝志３番１号" }, "geometry": { "type": "Point", "coordinates": [ 133.024692, 34.042821 ] } },
{ "type": "Feature", "properties": { "ID": 3822388633233, "正式名称": "医療法人真尚会ひねのクリニック", "機関区分": 2, "都道府県コード": 38, "市区町村コード": 202, "所在地": "愛媛県今治市馬越町四丁目４番１号", "緯度": 34.054175, "経度": 132.983297, "url": "https://www.iryou.teikyouseido.mhlw.go.jp/znk-web/juminkanja/S2430/initialize?prefCd=38&kikanCd=2388633233&kikanKbn=2", "url2": "https://www.hinenoclinic.com", "内容": "医療法人真尚会ひねのクリニック【2:診療所】【診療科目:精神科_神経科_心療内科_老年精神科_老年心療内科_神経内科】愛媛県今治市馬越町四丁目４番１号" }, "geometry": { "type": "Point", "coordinates": [ 132.983297, 34.054175 ] } },
{ "type": "Feature", "properties": { "ID": 3822388633234, "正式名称": "こころの診療所　いぶき", "機関区分": 2, "都道府県コード": 38, "市区町村コード": 213, "所在地": "愛媛県四国中央市下柏町７５５番２", "緯度": 33.989948, "経度": 133.567422, "url": "https://www.iryou.teikyouseido.mhlw.go.jp/znk-web/juminkanja/S2430/initialize?prefCd=38&kikanCd=2388633234&kikanKbn=2", "url2": "https://www.kokoronosinryoushoibuki.com/", "内容": "こころの診療所　いぶき【2:診療所】【診療科目:児童精神科_精神科_心療内科_老年精神科_老年心療内科】愛媛県四国中央市下柏町７５５番２" }, "geometry": { "type": "Point", "coordinates": [ 133.567422, 33.989948 ] } },
{ "type": "Feature", "properties": { "ID": 3822388633235, "正式名称": "たかいわ小児科", "機関区分": 2, "都道府県コード": 38, "市区町村コード": 201, "所在地": "愛媛県松山市小坂四丁目７番１２号", "緯度": 33.828124, "経度": 132.78103, "url": "https://www.iryou.teikyouseido.mhlw.go.jp/znk-web/juminkanja/S2430/initialize?prefCd=38&kikanCd=2388633235&kikanKbn=2", "url2": "https://takaiwa-c-clinic.com/", "内容": "たかいわ小児科【2:診療所】【診療科目:腎臓内科_小児科_小児泌尿器科_小児腎臓病_腎臓・泌尿器科】愛媛県松山市小坂四丁目７番１２号" }, "geometry": { "type": "Point", "coordinates": [ 132.78103, 33.828124 ] } },
{ "type": "Feature", "properties": { "ID": 3822388633236, "正式名称": "たるみこどもの杜クリニック", "機関区分": 2, "都道府県コード": 38, "市区町村コード": 201, "所在地": "愛媛県松山市樽味二丁目８番１０号", "緯度": 33.841166, "経度": 132.793231, "url": "https://www.iryou.teikyouseido.mhlw.go.jp/znk-web/juminkanja/S2430/initialize?prefCd=38&kikanCd=2388633236&kikanKbn=2", "url2": "https://tarumi-kodomo.com/", "内容": "たるみこどもの杜クリニック【2:診療所】【診療科目:小児科】愛媛県松山市樽味二丁目８番１０号" }, "geometry": { "type": "Point", "coordinates": [ 132.793231, 33.841166 ] } },
{ "type": "Feature", "properties": { "ID": 3822388633238, "正式名称": "さくらひめ眼科", "機関区分": 2, "都道府県コード": 38, "市区町村コード": 401, "所在地": "愛媛県伊予郡松前町筒井８５０番地１階", "緯度": 33.790153, "経度": 132.715011, "url": "https://www.iryou.teikyouseido.mhlw.go.jp/znk-web/juminkanja/S2430/initialize?prefCd=38&kikanCd=2388633238&kikanKbn=2", "url2": "https://sakurahime-ganka.jp/index.html", "内容": "さくらひめ眼科【2:診療所】【診療科目:眼科】愛媛県伊予郡松前町筒井８５０番地１階" }, "geometry": { "type": "Point", "coordinates": [ 132.715011, 33.790153 ] } },
{ "type": "Feature", "properties": { "ID": 3822388633239, "正式名称": "みかんの花クリニック糖尿病・内分泌・代謝内科", "機関区分": 2, "都道府県コード": 38, "市区町村コード": 201, "所在地": "愛媛県松山市藤原町６１７番地１３", "緯度": 33.832127, "経度": 132.759333, "url": "https://www.iryou.teikyouseido.mhlw.go.jp/znk-web/juminkanja/S2430/initialize?prefCd=38&kikanCd=2388633239&kikanKbn=2", "url2": "https://mikannohana-clinic.jp/", "内容": "みかんの花クリニック糖尿病・内分泌・代謝内科【2:診療所】【診療科目:内科_糖尿病内科_代謝・内分泌内科_老年内科】愛媛県松山市藤原町６１７番地１３" }, "geometry": { "type": "Point", "coordinates": [ 132.759333, 33.832127 ] } },
{ "type": "Feature", "properties": { "ID": 3822388633241, "正式名称": "医療法人　ひらやま内科・呼吸器内科クリニック", "機関区分": 2, "都道府県コード": 38, "市区町村コード": 204, "所在地": "愛媛県八幡浜市桧谷３丁目１０２４番地１", "緯度": 33.459874, "経度": 132.436007, "url": "https://www.iryou.teikyouseido.mhlw.go.jp/znk-web/juminkanja/S2430/initialize?prefCd=38&kikanCd=2388633241&kikanKbn=2", "url2": null, "内容": "医療法人　ひらやま内科・呼吸器内科クリニック【2:診療所】【診療科目:内科_呼吸器内科】愛媛県八幡浜市桧谷３丁目１０２４番地１" }, "geometry": { "type": "Point", "coordinates": [ 132.436007, 33.459874 ] } },
{ "type": "Feature", "properties": { "ID": 3822388633242, "正式名称": "コトハ今治ＰＶＰクリニック", "機関区分": 2, "都道府県コード": 38, "市区町村コード": 202, "所在地": "愛媛県今治市馬越町三丁目３番３０号", "緯度": 34.057744, "経度": 132.980058, "url": "https://www.iryou.teikyouseido.mhlw.go.jp/znk-web/juminkanja/S2430/initialize?prefCd=38&kikanCd=2388633242&kikanKbn=2", "url2": null, "内容": "コトハ今治ＰＶＰクリニック【2:診療所】【診療科目:内科_リハビリテーション科】愛媛県今治市馬越町三丁目３番３０号" }, "geometry": { "type": "Point", "coordinates": [ 132.980058, 34.057744 ] } },
{ "type": "Feature", "properties": { "ID": 3822388633243, "正式名称": "みやはら腎泌尿器科クリニック", "機関区分": 2, "都道府県コード": 38, "市区町村コード": 205, "所在地": "愛媛県新居浜市八幡２丁目６番３０号", "緯度": 33.981646, "経度": 133.307532, "url": "https://www.iryou.teikyouseido.mhlw.go.jp/znk-web/juminkanja/S2430/initialize?prefCd=38&kikanCd=2388633243&kikanKbn=2", "url2": "https://miyahara-cl.jp", "内容": "みやはら腎泌尿器科クリニック【2:診療所】【診療科目:内科_腎臓内科_人工透析内科_外科_泌尿器科】愛媛県新居浜市八幡２丁目６番３０号" }, "geometry": { "type": "Point", "coordinates": [ 133.307532, 33.981646 ] } },
{ "type": "Feature", "properties": { "ID": 3822388633246, "正式名称": "みやわきこどもクリニック", "機関区分": 2, "都道府県コード": 38, "市区町村コード": 201, "所在地": "愛媛県松山市錦町６番地７　ＴＲＥＥビル２階", "緯度": 33.83826, "経度": 132.776838, "url": "https://www.iryou.teikyouseido.mhlw.go.jp/znk-web/juminkanja/S2430/initialize?prefCd=38&kikanCd=2388633246&kikanKbn=2", "url2": "https://miyawaki-kodomo.com/clinic/", "内容": "みやわきこどもクリニック【2:診療所】【診療科目:小児科】愛媛県松山市錦町６番地７　ＴＲＥＥビル２階" }, "geometry": { "type": "Point", "coordinates": [ 132.776838, 33.83826 ] } },
{ "type": "Feature", "properties": { "ID": 3822388633247, "正式名称": "西の土居あらいクリニック", "機関区分": 2, "都道府県コード": 38, "市区町村コード": 205, "所在地": "愛媛県新居浜市西の土居町１丁目８番５号", "緯度": 33.949319, "経度": 133.282349, "url": "https://www.iryou.teikyouseido.mhlw.go.jp/znk-web/juminkanja/S2430/initialize?prefCd=38&kikanCd=2388633247&kikanKbn=2", "url2": "https://www.facebook.com/nishinodoi.arai/", "内容": "西の土居あらいクリニック【2:診療所】【診療科目:内科_脳神経外科】愛媛県新居浜市西の土居町１丁目８番５号" }, "geometry": { "type": "Point", "coordinates": [ 133.282349, 33.949319 ] } },
{ "type": "Feature", "properties": { "ID": 3822388633250, "正式名称": "おおくぼこどもクリニック", "機関区分": 2, "都道府県コード": 38, "市区町村コード": 207, "所在地": "愛媛県大洲市徳森２２６４－８", "緯度": 33.519663, "経度": 132.586565, "url": "https://www.iryou.teikyouseido.mhlw.go.jp/znk-web/juminkanja/S2430/initialize?prefCd=38&kikanCd=2388633250&kikanKbn=2", "url2": "https://okubo-kc.jp/", "内容": "おおくぼこどもクリニック【2:診療所】【診療科目:小児科】愛媛県大洲市徳森２２６４－８" }, "geometry": { "type": "Point", "coordinates": [ 132.586565, 33.519663 ] } },
{ "type": "Feature", "properties": { "ID": 3822388633253, "正式名称": "愛せる母・スピリチュアルクリニック", "機関区分": 2, "都道府県コード": 38, "市区町村コード": 201, "所在地": "愛媛県松山市朝生田町六丁目５－３６", "緯度": 33.820244, "経度": 132.767549, "url": "https://www.iryou.teikyouseido.mhlw.go.jp/znk-web/juminkanja/S2430/initialize?prefCd=38&kikanCd=2388633253&kikanKbn=2", "url2": "https://clinic.icerbo.com/", "内容": "愛せる母・スピリチュアルクリニック【2:診療所】【診療科目:内科_疼痛緩和内科_脳神経外科】愛媛県松山市朝生田町六丁目５－３６" }, "geometry": { "type": "Point", "coordinates": [ 132.767549, 33.820244 ] } },
{ "type": "Feature", "properties": { "ID": 3822388633254, "正式名称": "凜メディカルクリニック", "機関区分": 2, "都道府県コード": 38, "市区町村コード": 201, "所在地": "愛媛県松山市朝生田町二丁目８番５号", "緯度": 33.822887, "経度": 132.770785, "url": "https://www.iryou.teikyouseido.mhlw.go.jp/znk-web/juminkanja/S2430/initialize?prefCd=38&kikanCd=2388633254&kikanKbn=2", "url2": "https://rin-medical-clinic.com/", "内容": "凜メディカルクリニック【2:診療所】【診療科目:腫瘍内科_美容内科_美容皮膚科】愛媛県松山市朝生田町二丁目８番５号" }, "geometry": { "type": "Point", "coordinates": [ 132.770785, 33.822887 ] } },
{ "type": "Feature", "properties": { "ID": 3822388633256, "正式名称": "うつのみや皮ふ科", "機関区分": 2, "都道府県コード": 38, "市区町村コード": 201, "所在地": "愛媛県松山市余戸東四丁目１番５号", "緯度": 33.815797, "経度": 132.736663, "url": "https://www.iryou.teikyouseido.mhlw.go.jp/znk-web/juminkanja/S2430/initialize?prefCd=38&kikanCd=2388633256&kikanKbn=2", "url2": "https://utsunomiya-hifuka.com/", "内容": "うつのみや皮ふ科【2:診療所】【診療科目:小児皮膚科_皮膚科】愛媛県松山市余戸東四丁目１番５号" }, "geometry": { "type": "Point", "coordinates": [ 132.736663, 33.815797 ] } },
{ "type": "Feature", "properties": { "ID": 3822388633257, "正式名称": "きくち眼科クリニック", "機関区分": 2, "都道府県コード": 38, "市区町村コード": 204, "所在地": "愛媛県八幡浜市産業通１番３号", "緯度": 33.456282, "経度": 132.4313, "url": "https://www.iryou.teikyouseido.mhlw.go.jp/znk-web/juminkanja/S2430/initialize?prefCd=38&kikanCd=2388633257&kikanKbn=2", "url2": "https://www.kikuchi-eye-cl.com", "内容": "きくち眼科クリニック【2:診療所】【診療科目:眼科】愛媛県八幡浜市産業通１番３号" }, "geometry": { "type": "Point", "coordinates": [ 132.4313, 33.456282 ] } },
{ "type": "Feature", "properties": { "ID": 3822388633259, "正式名称": "菊池医院", "機関区分": 2, "都道府県コード": 38, "市区町村コード": 204, "所在地": "愛媛県八幡浜市広瀬一丁目７番７号", "緯度": 33.456158, "経度": 132.425427, "url": "https://www.iryou.teikyouseido.mhlw.go.jp/znk-web/juminkanja/S2430/initialize?prefCd=38&kikanCd=2388633259&kikanKbn=2", "url2": null, "内容": "菊池医院【2:診療所】【診療科目:気管食道外科_耳鼻いんこう科】愛媛県八幡浜市広瀬一丁目７番７号" }, "geometry": { "type": "Point", "coordinates": [ 132.425427, 33.456158 ] } },
{ "type": "Feature", "properties": { "ID": 3822388633260, "正式名称": "松本クリニック", "機関区分": 2, "都道府県コード": 38, "市区町村コード": 206, "所在地": "愛媛県西条市大町加茂新地１１８３番地４", "緯度": 33.906901, "経度": 133.184292, "url": "https://www.iryou.teikyouseido.mhlw.go.jp/znk-web/juminkanja/S2430/initialize?prefCd=38&kikanCd=2388633260&kikanKbn=2", "url2": null, "内容": "松本クリニック【2:診療所】【診療科目:内科_婦人科】愛媛県西条市大町加茂新地１１８３番地４" }, "geometry": { "type": "Point", "coordinates": [ 133.184292, 33.906901 ] } },
{ "type": "Feature", "properties": { "ID": 3822388633262, "正式名称": "藤田クリニック", "機関区分": 2, "都道府県コード": 38, "市区町村コード": 202, "所在地": "愛媛県今治市桜井２丁目５番５０号", "緯度": 34.020474, "経度": 133.037667, "url": "https://www.iryou.teikyouseido.mhlw.go.jp/znk-web/juminkanja/S2430/initialize?prefCd=38&kikanCd=2388633262&kikanKbn=2", "url2": "https://fujita.clinic/", "内容": "藤田クリニック【2:診療所】【診療科目:内科_整形外科_形成外科_リハビリテーション科】愛媛県今治市桜井２丁目５番５０号" }, "geometry": { "type": "Point", "coordinates": [ 133.037667, 34.020474 ] } },
{ "type": "Feature", "properties": { "ID": 3822388633263, "正式名称": "いまいリウマチ・リハビリテーション", "機関区分": 2, "都道府県コード": 38, "市区町村コード": 201, "所在地": "愛媛県松山市井門町５７４番地１", "緯度": 33.801453, "経度": 132.781206, "url": "https://www.iryou.teikyouseido.mhlw.go.jp/znk-web/juminkanja/S2430/initialize?prefCd=38&kikanCd=2388633263&kikanKbn=2", "url2": "https://imai-rehabilitation.jp/", "内容": "いまいリウマチ・リハビリテーション【2:診療所】【診療科目:ペインクリニック外科_整形外科_リウマチ科_リハビリテーション科_麻酔科】愛媛県松山市井門町５７４番地１" }, "geometry": { "type": "Point", "coordinates": [ 132.781206, 33.801453 ] } },
{ "type": "Feature", "properties": { "ID": 3822388633265, "正式名称": "救急・在宅　シャイニークリニック", "機関区分": 2, "都道府県コード": 38, "市区町村コード": 201, "所在地": "愛媛県松山市畑寺二丁目４番３９号", "緯度": 33.830985, "経度": 132.797139, "url": "https://www.iryou.teikyouseido.mhlw.go.jp/znk-web/juminkanja/S2430/initialize?prefCd=38&kikanCd=2388633265&kikanKbn=2", "url2": "https://shiny-clinic.com", "内容": "救急・在宅　シャイニークリニック【2:診療所】【診療科目:内科_外科_救急科】愛媛県松山市畑寺二丁目４番３９号" }, "geometry": { "type": "Point", "coordinates": [ 132.797139, 33.830985 ] } },
{ "type": "Feature", "properties": { "ID": 3822388633267, "正式名称": "ひまわり眼科", "機関区分": 2, "都道府県コード": 38, "市区町村コード": 202, "所在地": "愛媛県今治市にぎわい広場１番地１　イオンモール今治新都市２階", "緯度": 34.04378, "経度": 132.962378, "url": "https://www.iryou.teikyouseido.mhlw.go.jp/znk-web/juminkanja/S2430/initialize?prefCd=38&kikanCd=2388633267&kikanKbn=2", "url2": "https://himawari-imabari.navi-clinic.jp/", "内容": "ひまわり眼科【2:診療所】【診療科目:眼科】愛媛県今治市にぎわい広場１番地１　イオンモール今治新都市２階" }, "geometry": { "type": "Point", "coordinates": [ 132.962378, 34.04378 ] } },
{ "type": "Feature", "properties": { "ID": 3822388633268, "正式名称": "からまつ眼科クリニック", "機関区分": 2, "都道府県コード": 38, "市区町村コード": 207, "所在地": "愛媛県大洲市東大洲１１５番地１", "緯度": 33.518343, "経度": 132.55312, "url": "https://www.iryou.teikyouseido.mhlw.go.jp/znk-web/juminkanja/S2430/initialize?prefCd=38&kikanCd=2388633268&kikanKbn=2", "url2": "https://krmt-eyeclinic.com/", "内容": "からまつ眼科クリニック【2:診療所】【診療科目:眼科】愛媛県大洲市東大洲１１５番地１" }, "geometry": { "type": "Point", "coordinates": [ 132.55312, 33.518343 ] } },
{ "type": "Feature", "properties": { "ID": 3822388633269, "正式名称": "このはな脳とこころの診療所", "機関区分": 2, "都道府県コード": 38, "市区町村コード": 215, "所在地": "愛媛県東温市北野田８２０番地１", "緯度": 33.797878, "経度": 132.830922, "url": "https://www.iryou.teikyouseido.mhlw.go.jp/znk-web/juminkanja/S2430/initialize?prefCd=38&kikanCd=2388633269&kikanKbn=2", "url2": "https://www.konohana-neuropsychology.com", "内容": "このはな脳とこころの診療所【2:診療所】【診療科目:精神科_心療内科】愛媛県東温市北野田８２０番地１" }, "geometry": { "type": "Point", "coordinates": [ 132.830922, 33.797878 ] } },
{ "type": "Feature", "properties": { "ID": 3822388633271, "正式名称": "ＴＣＢ　東京中央美容外科・ＴＣＢ　スキンクリニック　松山院", "機関区分": 2, "都道府県コード": 38, "市区町村コード": 201, "所在地": "愛媛県松山市湊町五丁目４番地２５　日切りビル５階", "緯度": 33.836471, "経度": 132.762912, "url": "https://www.iryou.teikyouseido.mhlw.go.jp/znk-web/juminkanja/S2430/initialize?prefCd=38&kikanCd=2388633271&kikanKbn=2", "url2": "https://aoki-tsuyoshi.com/", "内容": "ＴＣＢ　東京中央美容外科・ＴＣＢ　スキンクリニック　松山院【2:診療所】【診療科目:形成外科_美容外科_皮膚科_美容皮膚科】愛媛県松山市湊町五丁目４番地２５　日切りビル５階" }, "geometry": { "type": "Point", "coordinates": [ 132.762912, 33.836471 ] } },
{ "type": "Feature", "properties": { "ID": 3822388633273, "正式名称": "宇都宮内科", "機関区分": 2, "都道府県コード": 38, "市区町村コード": 214, "所在地": "愛媛県西予市野村町野村１１号３５０番地１", "緯度": 33.372288, "経度": 132.645473, "url": "https://www.iryou.teikyouseido.mhlw.go.jp/znk-web/juminkanja/S2430/initialize?prefCd=38&kikanCd=2388633273&kikanKbn=2", "url2": "www.naika-utsunomiya.com", "内容": "宇都宮内科【2:診療所】【診療科目:内科_糖尿病内科_消化器内科_アレルギー疾患内科_アレルギー科】愛媛県西予市野村町野村１１号３５０番地１" }, "geometry": { "type": "Point", "coordinates": [ 132.645473, 33.372288 ] } },
{ "type": "Feature", "properties": { "ID": 3822388633277, "正式名称": "Ｕクリニック", "機関区分": 2, "都道府県コード": 38, "市区町村コード": 202, "所在地": "愛媛県今治市南大門町一丁目６番地１８", "緯度": 34.0658, "経度": 132.996294, "url": "https://www.iryou.teikyouseido.mhlw.go.jp/znk-web/juminkanja/S2430/initialize?prefCd=38&kikanCd=2388633277&kikanKbn=2", "url2": "https://u-clinic-imabari.jp/", "内容": "Ｕクリニック【2:診療所】【診療科目:内科_糖尿病内科_内分泌内科】愛媛県今治市南大門町一丁目６番地１８" }, "geometry": { "type": "Point", "coordinates": [ 132.996294, 34.0658 ] } },
{ "type": "Feature", "properties": { "ID": 3822388633278, "正式名称": "さくらクリニック", "機関区分": 2, "都道府県コード": 38, "市区町村コード": 201, "所在地": "愛媛県松山市千舟町５－２－６　共栄興産千舟町第３ビル９階", "緯度": 33.836636, "経度": 132.763429, "url": "https://www.iryou.teikyouseido.mhlw.go.jp/znk-web/juminkanja/S2430/initialize?prefCd=38&kikanCd=2388633278&kikanKbn=2", "url2": null, "内容": "さくらクリニック【2:診療所】【診療科目:形成外科_美容外科】愛媛県松山市千舟町５－２－６　共栄興産千舟町第３ビル９階" }, "geometry": { "type": "Point", "coordinates": [ 132.763429, 33.836636 ] } },
{ "type": "Feature", "properties": { "ID": 3822388633281, "正式名称": "なのはなこども医院", "機関区分": 2, "都道府県コード": 38, "市区町村コード": 210, "所在地": "愛媛県伊予市下吾川１００２番１", "緯度": 33.769594, "経度": 132.708347, "url": "https://www.iryou.teikyouseido.mhlw.go.jp/znk-web/juminkanja/S2430/initialize?prefCd=38&kikanCd=2388633281&kikanKbn=2", "url2": "https://nanohana-kids-clinic.com/#access", "内容": "なのはなこども医院【2:診療所】【診療科目:小児科】愛媛県伊予市下吾川１００２番１" }, "geometry": { "type": "Point", "coordinates": [ 132.708347, 33.769594 ] } },
{ "type": "Feature", "properties": { "ID": 3822388633285, "正式名称": "医療法人　有津むらかみクリニック", "機関区分": 2, "都道府県コード": 38, "市区町村コード": 202, "所在地": "愛媛県今治市伯方町有津甲２３３１番地", "緯度": 34.202586, "経度": 133.092586, "url": "https://www.iryou.teikyouseido.mhlw.go.jp/znk-web/juminkanja/S2430/initialize?prefCd=38&kikanCd=2388633285&kikanKbn=2", "url2": "http://mura-clinic.byoinnavi.jp/", "内容": "医療法人　有津むらかみクリニック【2:診療所】【診療科目:内科_呼吸器内科_消化器内科_外科_肛門外科_小児科】愛媛県今治市伯方町有津甲２３３１番地" }, "geometry": { "type": "Point", "coordinates": [ 133.092586, 34.202586 ] } },
{ "type": "Feature", "properties": { "ID": 3822388633286, "正式名称": "はまぐち呼吸器・内科クリニック", "機関区分": 2, "都道府県コード": 38, "市区町村コード": 201, "所在地": "愛媛県松山市鷹子町６８２番地２", "緯度": 33.814597, "経度": 132.810147, "url": "https://www.iryou.teikyouseido.mhlw.go.jp/znk-web/juminkanja/S2430/initialize?prefCd=38&kikanCd=2388633286&kikanKbn=2", "url2": null, "内容": "はまぐち呼吸器・内科クリニック【2:診療所】【診療科目:内科_呼吸器内科】愛媛県松山市鷹子町６８２番地２" }, "geometry": { "type": "Point", "coordinates": [ 132.810147, 33.814597 ] } },
{ "type": "Feature", "properties": { "ID": 3822388633289, "正式名称": "たけもと内科・婦人科・麻酔科", "機関区分": 2, "都道府県コード": 38, "市区町村コード": 201, "所在地": "愛媛県松山市北条５６０－３", "緯度": 33.977622, "経度": 132.778689, "url": "https://www.iryou.teikyouseido.mhlw.go.jp/znk-web/juminkanja/S2430/initialize?prefCd=38&kikanCd=2388633289&kikanKbn=2", "url2": "https://takemoto-e-clinic.com", "内容": "たけもと内科・婦人科・麻酔科【2:診療所】【診療科目:内科_婦人科_麻酔科】愛媛県松山市北条５６０－３" }, "geometry": { "type": "Point", "coordinates": [ 132.778689, 33.977622 ] } },
{ "type": "Feature", "properties": { "ID": 3822388633291, "正式名称": "斎藤クリニック", "機関区分": 2, "都道府県コード": 38, "市区町村コード": 202, "所在地": "愛媛県今治市吉海町仁江１６－２", "緯度": 34.148674, "経度": 133.044275, "url": "https://www.iryou.teikyouseido.mhlw.go.jp/znk-web/juminkanja/S2430/initialize?prefCd=38&kikanCd=2388633291&kikanKbn=2", "url2": null, "内容": "斎藤クリニック【2:診療所】【診療科目:内科_整形外科_リウマチ科_リハビリテーション科_放射線科】愛媛県今治市吉海町仁江１６－２" }, "geometry": { "type": "Point", "coordinates": [ 133.044275, 34.148674 ] } },
{ "type": "Feature", "properties": { "ID": 3822388633293, "正式名称": "おかだ耳鼻咽喉科", "機関区分": 2, "都道府県コード": 38, "市区町村コード": 201, "所在地": "愛媛県松山市土居町８０５番地１", "緯度": 33.797986, "経度": 132.786703, "url": "https://www.iryou.teikyouseido.mhlw.go.jp/znk-web/juminkanja/S2430/initialize?prefCd=38&kikanCd=2388633293&kikanKbn=2", "url2": "https://okd-ent.com", "内容": "おかだ耳鼻咽喉科【2:診療所】【診療科目:耳鼻いんこう科】愛媛県松山市土居町８０５番地１" }, "geometry": { "type": "Point", "coordinates": [ 132.786703, 33.797986 ] } },
{ "type": "Feature", "properties": { "ID": 3822388633294, "正式名称": "井石内科医院", "機関区分": 2, "都道府県コード": 38, "市区町村コード": 205, "所在地": "愛媛県新居浜市西原町１丁目１－６５", "緯度": 33.963353, "経度": 133.270558, "url": "https://www.iryou.teikyouseido.mhlw.go.jp/znk-web/juminkanja/S2430/initialize?prefCd=38&kikanCd=2388633294&kikanKbn=2", "url2": "https://iishinaika.wixsite.com/iishinaika", "内容": "井石内科医院【2:診療所】【診療科目:内科_胃腸内科_小児科_放射線科_麻酔科】愛媛県新居浜市西原町１丁目１－６５" }, "geometry": { "type": "Point", "coordinates": [ 133.270558, 33.963353 ] } },
{ "type": "Feature", "properties": { "ID": 3822388633296, "正式名称": "ゆりかごファミリークリニック", "機関区分": 2, "都道府県コード": 38, "市区町村コード": 205, "所在地": "愛媛県新居浜市東田１丁目甲１２３９番地２", "緯度": 33.944898, "経度": 133.315063, "url": "https://www.iryou.teikyouseido.mhlw.go.jp/znk-web/juminkanja/S2430/initialize?prefCd=38&kikanCd=2388633296&kikanKbn=2", "url2": "https://yurikago-clinic.jp/", "内容": "ゆりかごファミリークリニック【2:診療所】【診療科目:内科_小児科】愛媛県新居浜市東田１丁目甲１２３９番地２" }, "geometry": { "type": "Point", "coordinates": [ 133.315063, 33.944898 ] } },
{ "type": "Feature", "properties": { "ID": 3822388633298, "正式名称": "医療法人青空会　うみ・まちクリニック", "機関区分": 2, "都道府県コード": 38, "市区町村コード": 213, "所在地": "愛媛県四国中央市中之庄町５７５番地１", "緯度": 33.975782, "経度": 133.534894, "url": "https://www.iryou.teikyouseido.mhlw.go.jp/znk-web/juminkanja/S2430/initialize?prefCd=38&kikanCd=2388633298&kikanKbn=2", "url2": "https://umimachi-clinic.jp/", "内容": "医療法人青空会　うみ・まちクリニック【2:診療所】【診療科目:内科_形成外科】愛媛県四国中央市中之庄町５７５番地１" }, "geometry": { "type": "Point", "coordinates": [ 133.534894, 33.975782 ] } },
{ "type": "Feature", "properties": { "ID": 3822388633300, "正式名称": "なの花内科クリニック", "機関区分": 2, "都道府県コード": 38, "市区町村コード": 205, "所在地": "愛媛県新居浜市高木町５番９号", "緯度": 33.951814, "経度": 133.283876, "url": "https://www.iryou.teikyouseido.mhlw.go.jp/znk-web/juminkanja/S2430/initialize?prefCd=38&kikanCd=2388633300&kikanKbn=2", "url2": "https://nanohana-int-cl.com", "内容": "なの花内科クリニック【2:診療所】【診療科目:内科】愛媛県新居浜市高木町５番９号" }, "geometry": { "type": "Point", "coordinates": [ 133.283876, 33.951814 ] } },
{ "type": "Feature", "properties": { "ID": 3822388633301, "正式名称": "にこにこクリニック", "機関区分": 2, "都道府県コード": 38, "市区町村コード": 201, "所在地": "愛媛県松山市平和通６－９－６－３０２野中ビル", "緯度": 33.847897, "経度": 132.757786, "url": "https://www.iryou.teikyouseido.mhlw.go.jp/znk-web/juminkanja/S2430/initialize?prefCd=38&kikanCd=2388633301&kikanKbn=2", "url2": null, "内容": "にこにこクリニック【2:診療所】【診療科目:内科_皮膚科_精神科】愛媛県松山市平和通６－９－６－３０２野中ビル" }, "geometry": { "type": "Point", "coordinates": [ 132.757786, 33.847897 ] } },
{ "type": "Feature", "properties": { "ID": 3822388633302, "正式名称": "あいなん整形外科クリニック", "機関区分": 2, "都道府県コード": 38, "市区町村コード": 506, "所在地": "愛媛県南宇和郡愛南町御荘平城２９５９－１", "緯度": 32.963486, "経度": 132.567784, "url": "https://www.iryou.teikyouseido.mhlw.go.jp/znk-web/juminkanja/S2430/initialize?prefCd=38&kikanCd=2388633302&kikanKbn=2", "url2": null, "内容": "あいなん整形外科クリニック【2:診療所】【診療科目:整形外科_リハビリテーション科】愛媛県南宇和郡愛南町御荘平城２９５９－１" }, "geometry": { "type": "Point", "coordinates": [ 132.567784, 32.963486 ] } },
{ "type": "Feature", "properties": { "ID": 3822388633303, "正式名称": "きょうまちなかこころクリニック", "機関区分": 2, "都道府県コード": 38, "市区町村コード": 204, "所在地": "愛媛県八幡浜市矢野町七丁目１４６１番１", "緯度": 33.457808, "経度": 132.42395, "url": "https://www.iryou.teikyouseido.mhlw.go.jp/znk-web/juminkanja/S2430/initialize?prefCd=38&kikanCd=2388633303&kikanKbn=2", "url2": null, "内容": "きょうまちなかこころクリニック【2:診療所】【診療科目:精神科_心療内科_老年精神科_児童精神科】愛媛県八幡浜市矢野町七丁目１４６１番１" }, "geometry": { "type": "Point", "coordinates": [ 132.42395, 33.457808 ] } },
{ "type": "Feature", "properties": { "ID": 3822388633304, "正式名称": "こいずみ内科・消化器内科クリニック", "機関区分": 2, "都道府県コード": 38, "市区町村コード": 204, "所在地": "愛媛県八幡浜市松柏丙７８０", "緯度": 33.45874, "経度": 132.43335, "url": "https://www.iryou.teikyouseido.mhlw.go.jp/znk-web/juminkanja/S2430/initialize?prefCd=38&kikanCd=2388633304&kikanKbn=2", "url2": "https://koizumi-med.com/", "内容": "こいずみ内科・消化器内科クリニック【2:診療所】【診療科目:内科_消化器内科_肝臓内科_内視鏡内科】愛媛県八幡浜市松柏丙７８０" }, "geometry": { "type": "Point", "coordinates": [ 132.43335, 33.45874 ] } },
{ "type": "Feature", "properties": { "ID": 3822388633305, "正式名称": "こんどうファミリークリニック", "機関区分": 2, "都道府県コード": 38, "市区町村コード": 213, "所在地": "愛媛県四国中央市土居町津根１９０６ー１", "緯度": 33.9615, "経度": 133.45372, "url": "https://www.iryou.teikyouseido.mhlw.go.jp/znk-web/juminkanja/S2430/initialize?prefCd=38&kikanCd=2388633305&kikanKbn=2", "url2": null, "内容": "こんどうファミリークリニック【2:診療所】【診療科目:内科】愛媛県四国中央市土居町津根１９０６ー１" }, "geometry": { "type": "Point", "coordinates": [ 133.45372, 33.9615 ] } },
{ "type": "Feature", "properties": { "ID": 3822388633306, "正式名称": "眞柴消化器内科クリニック", "機関区分": 2, "都道府県コード": 38, "市区町村コード": 201, "所在地": "愛媛県松山市来住町１３９０－６", "緯度": 33.862768, "経度": 132.775586, "url": "https://www.iryou.teikyouseido.mhlw.go.jp/znk-web/juminkanja/S2430/initialize?prefCd=38&kikanCd=2388633306&kikanKbn=2", "url2": "https://mashiba-sncl.com/", "内容": "眞柴消化器内科クリニック【2:診療所】【診療科目:内科_消化器内科】愛媛県松山市来住町１３９０－６" }, "geometry": { "type": "Point", "coordinates": [ 132.775586, 33.862768 ] } },
{ "type": "Feature", "properties": { "ID": 3822388633311, "正式名称": "上田小児科", "機関区分": 2, "都道府県コード": 38, "市区町村コード": 203, "所在地": "愛媛県宇和島市広小路１番２６号", "緯度": 33.216611, "経度": 132.567889, "url": "https://www.iryou.teikyouseido.mhlw.go.jp/znk-web/juminkanja/S2430/initialize?prefCd=38&kikanCd=2388633311&kikanKbn=2", "url2": "https://ueda-shounika.com/", "内容": "上田小児科【2:診療所】【診療科目:小児科】愛媛県宇和島市広小路１番２６号" }, "geometry": { "type": "Point", "coordinates": [ 132.567889, 33.216611 ] } },
{ "type": "Feature", "properties": { "ID": 3822388633314, "正式名称": "医療法人補天会光生クリニック", "機関区分": 2, "都道府県コード": 38, "市区町村コード": 202, "所在地": "愛媛県今治市室屋町３丁目２－１０", "緯度": 34.069541, "経度": 133.000204, "url": "https://www.iryou.teikyouseido.mhlw.go.jp/znk-web/juminkanja/S2430/initialize?prefCd=38&kikanCd=2388633314&kikanKbn=2", "url2": "https:www.imabari-kouseiclinic.com/", "内容": "医療法人補天会光生クリニック【2:診療所】【診療科目:内科_整形外科_リハビリテーション科】愛媛県今治市室屋町３丁目２－１０" }, "geometry": { "type": "Point", "coordinates": [ 133.000204, 34.069541 ] } },
{ "type": "Feature", "properties": { "ID": 3822388633315, "正式名称": "Ａ＇ｓクリニック", "機関区分": 2, "都道府県コード": 38, "市区町村コード": 202, "所在地": "愛媛県今治市広紹寺町２丁目１２４５番地１", "緯度": 34.051615, "経度": 133.003205, "url": "https://www.iryou.teikyouseido.mhlw.go.jp/znk-web/juminkanja/S2430/initialize?prefCd=38&kikanCd=2388633315&kikanKbn=2", "url2": "https://as-surgery.com/login_asclinic", "内容": "Ａ＇ｓクリニック【2:診療所】【診療科目:内科_消化器内科_外科】愛媛県今治市広紹寺町２丁目１２４５番地１" }, "geometry": { "type": "Point", "coordinates": [ 133.003205, 34.051615 ] } },
{ "type": "Feature", "properties": { "ID": 3822388633316, "正式名称": "こさか心療内科・デイケア・もの忘れクリニック", "機関区分": 2, "都道府県コード": 38, "市区町村コード": 201, "所在地": "愛媛県松山市小坂３丁目３－１", "緯度": 33.830083, "経度": 132.780036, "url": "https://www.iryou.teikyouseido.mhlw.go.jp/znk-web/juminkanja/S2430/initialize?prefCd=38&kikanCd=2388633316&kikanKbn=2", "url2": "https://kosaka-mental.jp/", "内容": "こさか心療内科・デイケア・もの忘れクリニック【2:診療所】【診療科目:精神科_心療内科_老年精神科_老年心療内科】愛媛県松山市小坂３丁目３－１" }, "geometry": { "type": "Point", "coordinates": [ 132.780036, 33.830083 ] } },
{ "type": "Feature", "properties": { "ID": 3822388633317, "正式名称": "いしかわ内科・脳神経クリニック", "機関区分": 2, "都道府県コード": 38, "市区町村コード": 203, "所在地": "愛媛県宇和島市和霊町１２０８－１", "緯度": 33.231561, "経度": 132.567161, "url": "https://www.iryou.teikyouseido.mhlw.go.jp/znk-web/juminkanja/S2430/initialize?prefCd=38&kikanCd=2388633317&kikanKbn=2", "url2": null, "内容": "いしかわ内科・脳神経クリニック【2:診療所】【診療科目:内科_脳神経内科_脳神経外科】愛媛県宇和島市和霊町１２０８－１" }, "geometry": { "type": "Point", "coordinates": [ 132.567161, 33.231561 ] } },
{ "type": "Feature", "properties": { "ID": 3822388633318, "正式名称": "あかつきメンタルヘルスクリニック", "機関区分": 2, "都道府県コード": 38, "市区町村コード": 201, "所在地": "愛媛県松山市古川北三丁目７番５号", "緯度": 33.810473, "経度": 132.764765, "url": "https://www.iryou.teikyouseido.mhlw.go.jp/znk-web/juminkanja/S2430/initialize?prefCd=38&kikanCd=2388633318&kikanKbn=2", "url2": "akatsuki-mentalhealth.jp", "内容": "あかつきメンタルヘルスクリニック【2:診療所】【診療科目:精神科_心療内科】愛媛県松山市古川北三丁目７番５号" }, "geometry": { "type": "Point", "coordinates": [ 132.764765, 33.810473 ] } },
{ "type": "Feature", "properties": { "ID": 3822388633320, "正式名称": "しみずクリニック　泌尿器科・内科", "機関区分": 2, "都道府県コード": 38, "市区町村コード": 201, "所在地": "愛媛県松山市問屋町３番２５号", "緯度": 33.864121, "経度": 132.75238, "url": "https://www.iryou.teikyouseido.mhlw.go.jp/znk-web/juminkanja/S2430/initialize?prefCd=38&kikanCd=2388633320&kikanKbn=2", "url2": "https://shimizu-cl.com/", "内容": "しみずクリニック　泌尿器科・内科【2:診療所】【診療科目:内科_泌尿器科】愛媛県松山市問屋町３番２５号" }, "geometry": { "type": "Point", "coordinates": [ 132.75238, 33.864121 ] } },
{ "type": "Feature", "properties": { "ID": 3822388633323, "正式名称": "西予市立野村診療所", "機関区分": 2, "都道府県コード": 38, "市区町村コード": 214, "所在地": "愛媛県西予市野村町野村９号５３番地", "緯度": 33.372311, "経度": 132.641122, "url": "https://www.iryou.teikyouseido.mhlw.go.jp/znk-web/juminkanja/S2430/initialize?prefCd=38&kikanCd=2388633323&kikanKbn=2", "url2": "https://www.seiyo-mh.jp/site/seiyo-nomura/", "内容": "西予市立野村診療所【2:診療所】【診療科目:内科_整形外科_眼科_耳鼻いんこう科_皮膚科_精神科_心療内科】愛媛県西予市野村町野村９号５３番地" }, "geometry": { "type": "Point", "coordinates": [ 132.641122, 33.372311 ] } },
{ "type": "Feature", "properties": { "ID": 3822388633326, "正式名称": "おかべ脳神経外科内科クリニック", "機関区分": 2, "都道府県コード": 38, "市区町村コード": 206, "所在地": "愛媛県西条市大町７０６−４", "緯度": 33.916406, "経度": 133.186378, "url": "https://www.iryou.teikyouseido.mhlw.go.jp/znk-web/juminkanja/S2430/initialize?prefCd=38&kikanCd=2388633326&kikanKbn=2", "url2": "https://www.okabeclinic-smart.com/", "内容": "おかべ脳神経外科内科クリニック【2:診療所】【診療科目:内科_脳神経外科_リハビリテーション科】愛媛県西条市大町７０６−４" }, "geometry": { "type": "Point", "coordinates": [ 133.186378, 33.916406 ] } },
{ "type": "Feature", "properties": { "ID": 3822388633327, "正式名称": "くすの香女性クリニック", "機関区分": 2, "都道府県コード": 38, "市区町村コード": 205, "所在地": "愛媛県新居浜市徳常町９－１９", "緯度": 33.965251, "経度": 133.281429, "url": "https://www.iryou.teikyouseido.mhlw.go.jp/znk-web/juminkanja/S2430/initialize?prefCd=38&kikanCd=2388633327&kikanKbn=2", "url2": "https://kusunoka.jp/", "内容": "くすの香女性クリニック【2:診療所】【診療科目:小児科_婦人科】愛媛県新居浜市徳常町９－１９" }, "geometry": { "type": "Point", "coordinates": [ 133.281429, 33.965251 ] } },
{ "type": "Feature", "properties": { "ID": 3822388633328, "正式名称": "おおにし形成外科クリニック", "機関区分": 2, "都道府県コード": 38, "市区町村コード": 205, "所在地": "愛媛県新居浜市江口町４－２", "緯度": 33.958464, "経度": 133.27106, "url": "https://www.iryou.teikyouseido.mhlw.go.jp/znk-web/juminkanja/S2430/initialize?prefCd=38&kikanCd=2388633328&kikanKbn=2", "url2": null, "内容": "おおにし形成外科クリニック【2:診療所】【診療科目:形成外科_美容外科_美容皮膚科】愛媛県新居浜市江口町４－２" }, "geometry": { "type": "Point", "coordinates": [ 133.27106, 33.958464 ] } },
{ "type": "Feature", "properties": { "ID": 3822388633331, "正式名称": "医療法人慈風会白石医院", "機関区分": 2, "都道府県コード": 38, "市区町村コード": 202, "所在地": "愛媛県今治市松本町１－５－９", "緯度": 34.065583, "経度": 133.000791, "url": "https://www.iryou.teikyouseido.mhlw.go.jp/znk-web/juminkanja/S2430/initialize?prefCd=38&kikanCd=2388633331&kikanKbn=2", "url2": "https://www.jifukai.or.jp", "内容": "医療法人慈風会白石医院【2:診療所】【診療科目:内科_消化器内科_外科_リハビリテーション科_放射線科】愛媛県今治市松本町１－５－９" }, "geometry": { "type": "Point", "coordinates": [ 133.000791, 34.065583 ] } },
{ "type": "Feature", "properties": { "ID": 3822388633333, "正式名称": "とべサテライトクリニック", "機関区分": 2, "都道府県コード": 38, "市区町村コード": 201, "所在地": "愛媛県松山市来住町１３７４－５", "緯度": 33.808998, "経度": 132.795499, "url": "https://www.iryou.teikyouseido.mhlw.go.jp/znk-web/juminkanja/S2430/initialize?prefCd=38&kikanCd=2388633333&kikanKbn=2", "url2": null, "内容": "とべサテライトクリニック【2:診療所】【診療科目:内科】愛媛県松山市来住町１３７４－５" }, "geometry": { "type": "Point", "coordinates": [ 132.795499, 33.808998 ] } },
{ "type": "Feature", "properties": { "ID": 3822388633334, "正式名称": "道後こころの心療所", "機関区分": 2, "都道府県コード": 38, "市区町村コード": 201, "所在地": "愛媛県松山市道後町１丁目８－５　２階", "緯度": 33.8501, "経度": 132.784243, "url": "https://www.iryou.teikyouseido.mhlw.go.jp/znk-web/juminkanja/S2430/initialize?prefCd=38&kikanCd=2388633334&kikanKbn=2", "url2": "https://dogo-shinryo.jp", "内容": "道後こころの心療所【2:診療所】【診療科目:精神科_心療内科_老年精神科_老年心療内科_児童・思春期精神科】愛媛県松山市道後町１丁目８－５　２階" }, "geometry": { "type": "Point", "coordinates": [ 132.784243, 33.8501 ] } },
{ "type": "Feature", "properties": { "ID": 3822388633338, "正式名称": "道後画像クリニック", "機関区分": 2, "都道府県コード": 38, "市区町村コード": 201, "所在地": "愛媛県松山市平和通１丁目５ー３５", "緯度": 33.847616, "経度": 132.773827, "url": "https://www.iryou.teikyouseido.mhlw.go.jp/znk-web/juminkanja/S2430/initialize?prefCd=38&kikanCd=2388633338&kikanKbn=2", "url2": "https://www.dogo-imaging.com/", "内容": "道後画像クリニック【2:診療所】【診療科目:耳鼻いんこう科_放射線科】愛媛県松山市平和通１丁目５ー３５" }, "geometry": { "type": "Point", "coordinates": [ 132.773827, 33.847616 ] } },
{ "type": "Feature", "properties": { "ID": 3822388633343, "正式名称": "つむぎ内科クリニック", "機関区分": 2, "都道府県コード": 38, "市区町村コード": 201, "所在地": "愛媛県松山市空港通４－７－４", "緯度": 33.828646, "経度": 132.734974, "url": "https://www.iryou.teikyouseido.mhlw.go.jp/znk-web/juminkanja/S2430/initialize?prefCd=38&kikanCd=2388633343&kikanKbn=2", "url2": "https://tsumugi-naika.com", "内容": "つむぎ内科クリニック【2:診療所】【診療科目:内科_血液内科】愛媛県松山市空港通４－７－４" }, "geometry": { "type": "Point", "coordinates": [ 132.734974, 33.828646 ] } }
]
}
