{
"type": "FeatureCollection",
"name": "geo_38_3",
"crs": { "type": "name", "properties": { "name": "urn:ogc:def:crs:OGC:1.3:CRS84" } },
"features": [
{ "type": "Feature", "properties": { "ID": 3833383100200, "正式名称": "武田歯科医院", "機関区分": 3, "都道府県コード": 38, "市区町村コード": 201, "所在地": "愛媛県松山市平井町２２７０ヴィラクレール１Ｆ", "緯度": 33.811662, "経度": 132.820842, "url": "https://www.iryou.teikyouseido.mhlw.go.jp/znk-web/juminkanja/S2430/initialize?prefCd=38&kikanCd=3383100200&kikanKbn=3", "url2": null, "内容": "武田歯科医院【3:歯科】愛媛県松山市平井町２２７０ヴィラクレール１Ｆ" }, "geometry": { "type": "Point", "coordinates": [ 132.820842, 33.811662 ] } },
{ "type": "Feature", "properties": { "ID": 3833383100330, "正式名称": "玉乃井歯科医院", "機関区分": 3, "都道府県コード": 38, "市区町村コード": 201, "所在地": "愛媛県松山市高岡町４２９－１", "緯度": 33.826853, "経度": 132.718989, "url": "https://www.iryou.teikyouseido.mhlw.go.jp/znk-web/juminkanja/S2430/initialize?prefCd=38&kikanCd=3383100330&kikanKbn=3", "url2": null, "内容": "玉乃井歯科医院【3:歯科】愛媛県松山市高岡町４２９－１" }, "geometry": { "type": "Point", "coordinates": [ 132.718989, 33.826853 ] } },
{ "type": "Feature", "properties": { "ID": 3833383100460, "正式名称": "日浅歯科医院", "機関区分": 3, "都道府県コード": 38, "市区町村コード": 201, "所在地": "愛媛県松山市味酒町３丁目８－１", "緯度": 33.847157, "経度": 132.756124, "url": "https://www.iryou.teikyouseido.mhlw.go.jp/znk-web/juminkanja/S2430/initialize?prefCd=38&kikanCd=3383100460&kikanKbn=3", "url2": "https://hiasa-dc.com", "内容": "日浅歯科医院【3:歯科】愛媛県松山市味酒町３丁目８－１" }, "geometry": { "type": "Point", "coordinates": [ 132.756124, 33.847157 ] } },
{ "type": "Feature", "properties": { "ID": 3833383100590, "正式名称": "堀内歯科医院", "機関区分": 3, "都道府県コード": 38, "市区町村コード": 201, "所在地": "愛媛県松山市和泉北二丁目５－１５", "緯度": 33.823021, "経度": 132.754931, "url": "https://www.iryou.teikyouseido.mhlw.go.jp/znk-web/juminkanja/S2430/initialize?prefCd=38&kikanCd=3383100590&kikanKbn=3", "url2": "http://horiuchi-shika.jp/", "内容": "堀内歯科医院【3:歯科】愛媛県松山市和泉北二丁目５－１５" }, "geometry": { "type": "Point", "coordinates": [ 132.754931, 33.823021 ] } },
{ "type": "Feature", "properties": { "ID": 3833383100620, "正式名称": "うらす梅本歯科", "機関区分": 3, "都道府県コード": 38, "市区町村コード": 201, "所在地": "愛媛県松山市西垣生町２５４－８", "緯度": 33.808494, "経度": 132.702102, "url": "https://www.iryou.teikyouseido.mhlw.go.jp/znk-web/juminkanja/S2430/initialize?prefCd=38&kikanCd=3383100620&kikanKbn=3", "url2": "urasu-dental.jp", "内容": "うらす梅本歯科【3:歯科】愛媛県松山市西垣生町２５４－８" }, "geometry": { "type": "Point", "coordinates": [ 132.702102, 33.808494 ] } },
{ "type": "Feature", "properties": { "ID": 3833383100750, "正式名称": "さかもと矯正歯科", "機関区分": 3, "都道府県コード": 38, "市区町村コード": 201, "所在地": "愛媛県松山市道後町２丁目３－２４", "緯度": 33.848408, "経度": 132.780705, "url": "https://www.iryou.teikyouseido.mhlw.go.jp/znk-web/juminkanja/S2430/initialize?prefCd=38&kikanCd=3383100750&kikanKbn=3", "url2": "http://www.sakamoto-odo.com/", "内容": "さかもと矯正歯科【3:歯科】愛媛県松山市道後町２丁目３－２４" }, "geometry": { "type": "Point", "coordinates": [ 132.780705, 33.848408 ] } },
{ "type": "Feature", "properties": { "ID": 3833383100880, "正式名称": "たなべ歯科クリニック", "機関区分": 3, "都道府県コード": 38, "市区町村コード": 201, "所在地": "愛媛県松山市南吉田町１８０１－６", "緯度": 33.830631, "経度": 132.715572, "url": "https://www.iryou.teikyouseido.mhlw.go.jp/znk-web/juminkanja/S2430/initialize?prefCd=38&kikanCd=3383100880&kikanKbn=3", "url2": "www.tanabe-dentalclinic.com", "内容": "たなべ歯科クリニック【3:歯科】愛媛県松山市南吉田町１８０１－６" }, "geometry": { "type": "Point", "coordinates": [ 132.715572, 33.830631 ] } },
{ "type": "Feature", "properties": { "ID": 3833383100910, "正式名称": "医療法人仁和会　カナザキ歯科", "機関区分": 3, "都道府県コード": 38, "市区町村コード": 201, "所在地": "愛媛県松山市南梅本町甲８７８－５", "緯度": 33.800858, "経度": 132.83898, "url": "https://www.iryou.teikyouseido.mhlw.go.jp/znk-web/juminkanja/S2430/initialize?prefCd=38&kikanCd=3383100910&kikanKbn=3", "url2": "https://www.kanazaki.jp", "内容": "医療法人仁和会　カナザキ歯科【3:歯科】愛媛県松山市南梅本町甲８７８－５" }, "geometry": { "type": "Point", "coordinates": [ 132.83898, 33.800858 ] } },
{ "type": "Feature", "properties": { "ID": 3833383101050, "正式名称": "辻田歯科医院", "機関区分": 3, "都道府県コード": 38, "市区町村コード": 201, "所在地": "愛媛県松山市新石手２７０－４", "緯度": 33.845825, "経度": 132.800926, "url": "https://www.iryou.teikyouseido.mhlw.go.jp/znk-web/juminkanja/S2430/initialize?prefCd=38&kikanCd=3383101050&kikanKbn=3", "url2": "http://www.tsujita-dc.jp/", "内容": "辻田歯科医院【3:歯科】愛媛県松山市新石手２７０－４" }, "geometry": { "type": "Point", "coordinates": [ 132.800926, 33.845825 ] } },
{ "type": "Feature", "properties": { "ID": 3833383101180, "正式名称": "和矯正歯科クリニック", "機関区分": 3, "都道府県コード": 38, "市区町村コード": 201, "所在地": "愛媛県松山市花園町５番地１０", "緯度": 33.838235, "経度": 132.76205, "url": "https://www.iryou.teikyouseido.mhlw.go.jp/znk-web/juminkanja/S2430/initialize?prefCd=38&kikanCd=3383101180&kikanKbn=3", "url2": "https://www.kazu-clinic.com", "内容": "和矯正歯科クリニック【3:歯科】愛媛県松山市花園町５番地１０" }, "geometry": { "type": "Point", "coordinates": [ 132.76205, 33.838235 ] } },
{ "type": "Feature", "properties": { "ID": 3833383101210, "正式名称": "はまもと歯科", "機関区分": 3, "都道府県コード": 38, "市区町村コード": 201, "所在地": "愛媛県松山市桑原１丁目９－９", "緯度": 33.836686, "経度": 132.789798, "url": "https://www.iryou.teikyouseido.mhlw.go.jp/znk-web/juminkanja/S2430/initialize?prefCd=38&kikanCd=3383101210&kikanKbn=3", "url2": null, "内容": "はまもと歯科【3:歯科】愛媛県松山市桑原１丁目９－９" }, "geometry": { "type": "Point", "coordinates": [ 132.789798, 33.836686 ] } },
{ "type": "Feature", "properties": { "ID": 3833383101500, "正式名称": "たかのこ歯科", "機関区分": 3, "都道府県コード": 38, "市区町村コード": 201, "所在地": "愛媛県松山市鷹子町５５０－１０", "緯度": 33.813662, "経度": 132.814648, "url": "https://www.iryou.teikyouseido.mhlw.go.jp/znk-web/juminkanja/S2430/initialize?prefCd=38&kikanCd=3383101500&kikanKbn=3", "url2": "http://www.takanoko.jp/", "内容": "たかのこ歯科【3:歯科】愛媛県松山市鷹子町５５０－１０" }, "geometry": { "type": "Point", "coordinates": [ 132.814648, 33.813662 ] } },
{ "type": "Feature", "properties": { "ID": 3833383101760, "正式名称": "平和歯科クリニック", "機関区分": 3, "都道府県コード": 38, "市区町村コード": 201, "所在地": "愛媛県松山市平和通５丁目６－２", "緯度": 33.847824, "経度": 132.761679, "url": "https://www.iryou.teikyouseido.mhlw.go.jp/znk-web/juminkanja/S2430/initialize?prefCd=38&kikanCd=3383101760&kikanKbn=3", "url2": null, "内容": "平和歯科クリニック【3:歯科】愛媛県松山市平和通５丁目６－２" }, "geometry": { "type": "Point", "coordinates": [ 132.761679, 33.847824 ] } },
{ "type": "Feature", "properties": { "ID": 3833383101890, "正式名称": "医療法人前田歯科医院", "機関区分": 3, "都道府県コード": 38, "市区町村コード": 201, "所在地": "愛媛県松山市東石井六丁目７番２６号", "緯度": 33.811717, "経度": 132.777513, "url": "https://www.iryou.teikyouseido.mhlw.go.jp/znk-web/juminkanja/S2430/initialize?prefCd=38&kikanCd=3383101890&kikanKbn=3", "url2": "https://www.maedadentalclinic.jp/", "内容": "医療法人前田歯科医院【3:歯科】愛媛県松山市東石井六丁目７番２６号" }, "geometry": { "type": "Point", "coordinates": [ 132.777513, 33.811717 ] } },
{ "type": "Feature", "properties": { "ID": 3833383101920, "正式名称": "みずもと歯科クリニック", "機関区分": 3, "都道府県コード": 38, "市区町村コード": 201, "所在地": "愛媛県松山市土居町８４５－１", "緯度": 33.79783, "経度": 132.795984, "url": "https://www.iryou.teikyouseido.mhlw.go.jp/znk-web/juminkanja/S2430/initialize?prefCd=38&kikanCd=3383101920&kikanKbn=3", "url2": null, "内容": "みずもと歯科クリニック【3:歯科】愛媛県松山市土居町８４５－１" }, "geometry": { "type": "Point", "coordinates": [ 132.795984, 33.79783 ] } },
{ "type": "Feature", "properties": { "ID": 3833383102060, "正式名称": "えがお歯科", "機関区分": 3, "都道府県コード": 38, "市区町村コード": 201, "所在地": "愛媛県松山市鷹子町１－１１", "緯度": 33.80969, "経度": 132.806899, "url": "https://www.iryou.teikyouseido.mhlw.go.jp/znk-web/juminkanja/S2430/initialize?prefCd=38&kikanCd=3383102060&kikanKbn=3", "url2": null, "内容": "えがお歯科【3:歯科】愛媛県松山市鷹子町１－１１" }, "geometry": { "type": "Point", "coordinates": [ 132.806899, 33.80969 ] } },
{ "type": "Feature", "properties": { "ID": 3833383102350, "正式名称": "三好歯科", "機関区分": 3, "都道府県コード": 38, "市区町村コード": 201, "所在地": "愛媛県松山市道後一万９－５４", "緯度": 33.849213, "経度": 132.777733, "url": "https://www.iryou.teikyouseido.mhlw.go.jp/znk-web/juminkanja/S2430/initialize?prefCd=38&kikanCd=3383102350&kikanKbn=3", "url2": "http://www.miyoshi-shika.com", "内容": "三好歯科【3:歯科】愛媛県松山市道後一万９－５４" }, "geometry": { "type": "Point", "coordinates": [ 132.777733, 33.849213 ] } },
{ "type": "Feature", "properties": { "ID": 3833383102510, "正式名称": "かどた歯科", "機関区分": 3, "都道府県コード": 38, "市区町村コード": 201, "所在地": "愛媛県松山市久米窪田町１６６－５", "緯度": 33.801663, "経度": 132.807483, "url": "https://www.iryou.teikyouseido.mhlw.go.jp/znk-web/juminkanja/S2430/initialize?prefCd=38&kikanCd=3383102510&kikanKbn=3", "url2": "http://kadota-dentalclinic.com", "内容": "かどた歯科【3:歯科】愛媛県松山市久米窪田町１６６－５" }, "geometry": { "type": "Point", "coordinates": [ 132.807483, 33.801663 ] } },
{ "type": "Feature", "properties": { "ID": 3833383102640, "正式名称": "おおつか歯科クリニック", "機関区分": 3, "都道府県コード": 38, "市区町村コード": 201, "所在地": "愛媛県松山市余戸南四丁目９－３８", "緯度": 33.809466, "経度": 132.728211, "url": "https://www.iryou.teikyouseido.mhlw.go.jp/znk-web/juminkanja/S2430/initialize?prefCd=38&kikanCd=3383102640&kikanKbn=3", "url2": "http://www.otsukadc.com/", "内容": "おおつか歯科クリニック【3:歯科】愛媛県松山市余戸南四丁目９－３８" }, "geometry": { "type": "Point", "coordinates": [ 132.728211, 33.809466 ] } },
{ "type": "Feature", "properties": { "ID": 3833383102800, "正式名称": "ハッピー歯科クリニック", "機関区分": 3, "都道府県コード": 38, "市区町村コード": 201, "所在地": "愛媛県松山市古川西２丁目８－１西沢ビルＮＯ．１　１０６号", "緯度": 33.808828, "経度": 132.758431, "url": "https://www.iryou.teikyouseido.mhlw.go.jp/znk-web/juminkanja/S2430/initialize?prefCd=38&kikanCd=3383102800&kikanKbn=3", "url2": null, "内容": "ハッピー歯科クリニック【3:歯科】愛媛県松山市古川西２丁目８－１西沢ビルＮＯ．１　１０６号" }, "geometry": { "type": "Point", "coordinates": [ 132.758431, 33.808828 ] } },
{ "type": "Feature", "properties": { "ID": 3833383102930, "正式名称": "大手町インプラントクリニック・和田歯科・矯正歯科", "機関区分": 3, "都道府県コード": 38, "市区町村コード": 201, "所在地": "愛媛県松山市大手町二丁目８－５", "緯度": 33.840408, "経度": 132.754763, "url": "https://www.iryou.teikyouseido.mhlw.go.jp/znk-web/juminkanja/S2430/initialize?prefCd=38&kikanCd=3383102930&kikanKbn=3", "url2": "http://matsuyama-implant-kyousei-shika.com/", "内容": "大手町インプラントクリニック・和田歯科・矯正歯科【3:歯科】愛媛県松山市大手町二丁目８－５" }, "geometry": { "type": "Point", "coordinates": [ 132.754763, 33.840408 ] } },
{ "type": "Feature", "properties": { "ID": 3833383103070, "正式名称": "みせ矯正歯科", "機関区分": 3, "都道府県コード": 38, "市区町村コード": 201, "所在地": "愛媛県松山市森松町１１３１－３", "緯度": 33.795108, "経度": 132.790012, "url": "https://www.iryou.teikyouseido.mhlw.go.jp/znk-web/juminkanja/S2430/initialize?prefCd=38&kikanCd=3383103070&kikanKbn=3", "url2": "http://www.mise-kyousei.com/", "内容": "みせ矯正歯科【3:歯科】愛媛県松山市森松町１１３１－３" }, "geometry": { "type": "Point", "coordinates": [ 132.790012, 33.795108 ] } },
{ "type": "Feature", "properties": { "ID": 3833383103100, "正式名称": "小笠原歯科", "機関区分": 3, "都道府県コード": 38, "市区町村コード": 201, "所在地": "愛媛県松山市堀江町甲９１７番地１０", "緯度": 33.903207, "経度": 132.744928, "url": "https://www.iryou.teikyouseido.mhlw.go.jp/znk-web/juminkanja/S2430/initialize?prefCd=38&kikanCd=3383103100&kikanKbn=3", "url2": null, "内容": "小笠原歯科【3:歯科】愛媛県松山市堀江町甲９１７番地１０" }, "geometry": { "type": "Point", "coordinates": [ 132.744928, 33.903207 ] } },
{ "type": "Feature", "properties": { "ID": 3833383103230, "正式名称": "はやし歯科", "機関区分": 3, "都道府県コード": 38, "市区町村コード": 201, "所在地": "愛媛県松山市石手４－４－４", "緯度": 33.844575, "経度": 132.79401, "url": "https://www.iryou.teikyouseido.mhlw.go.jp/znk-web/juminkanja/S2430/initialize?prefCd=38&kikanCd=3383103230&kikanKbn=3", "url2": "http://www.hayashi-shika.in/", "内容": "はやし歯科【3:歯科】愛媛県松山市石手４－４－４" }, "geometry": { "type": "Point", "coordinates": [ 132.79401, 33.844575 ] } },
{ "type": "Feature", "properties": { "ID": 3833383103360, "正式名称": "いずみや歯科医院", "機関区分": 3, "都道府県コード": 38, "市区町村コード": 201, "所在地": "愛媛県松山市北土居３丁目１２－７", "緯度": 33.805384, "経度": 132.784401, "url": "https://www.iryou.teikyouseido.mhlw.go.jp/znk-web/juminkanja/S2430/initialize?prefCd=38&kikanCd=3383103360&kikanKbn=3", "url2": null, "内容": "いずみや歯科医院【3:歯科】愛媛県松山市北土居３丁目１２－７" }, "geometry": { "type": "Point", "coordinates": [ 132.784401, 33.805384 ] } },
{ "type": "Feature", "properties": { "ID": 3833383103490, "正式名称": "ひめ歯科クリニック", "機関区分": 3, "都道府県コード": 38, "市区町村コード": 201, "所在地": "愛媛県松山市姫原二丁目６－１１", "緯度": 33.867239, "経度": 132.760039, "url": "https://www.iryou.teikyouseido.mhlw.go.jp/znk-web/juminkanja/S2430/initialize?prefCd=38&kikanCd=3383103490&kikanKbn=3", "url2": "http://www.himeshika.net", "内容": "ひめ歯科クリニック【3:歯科】愛媛県松山市姫原二丁目６－１１" }, "geometry": { "type": "Point", "coordinates": [ 132.760039, 33.867239 ] } },
{ "type": "Feature", "properties": { "ID": 3833383103520, "正式名称": "アップル歯科医院", "機関区分": 3, "都道府県コード": 38, "市区町村コード": 201, "所在地": "愛媛県松山市南江戸五丁目４－８", "緯度": 33.840463, "経度": 132.746125, "url": "https://www.iryou.teikyouseido.mhlw.go.jp/znk-web/juminkanja/S2430/initialize?prefCd=38&kikanCd=3383103520&kikanKbn=3", "url2": "https://www.appleshika.info/", "内容": "アップル歯科医院【3:歯科】愛媛県松山市南江戸五丁目４－８" }, "geometry": { "type": "Point", "coordinates": [ 132.746125, 33.840463 ] } },
{ "type": "Feature", "properties": { "ID": 3833383103650, "正式名称": "長山歯科医院", "機関区分": 3, "都道府県コード": 38, "市区町村コード": 201, "所在地": "愛媛県松山市東垣生町１３８－１", "緯度": 33.812633, "経度": 132.716073, "url": "https://www.iryou.teikyouseido.mhlw.go.jp/znk-web/juminkanja/S2430/initialize?prefCd=38&kikanCd=3383103650&kikanKbn=3", "url2": null, "内容": "長山歯科医院【3:歯科】愛媛県松山市東垣生町１３８－１" }, "geometry": { "type": "Point", "coordinates": [ 132.716073, 33.812633 ] } },
{ "type": "Feature", "properties": { "ID": 3833383103940, "正式名称": "城北やの歯科クリニック", "機関区分": 3, "都道府県コード": 38, "市区町村コード": 201, "所在地": "愛媛県松山市山越１丁目３番９号", "緯度": 33.856406, "経度": 132.755957, "url": "https://www.iryou.teikyouseido.mhlw.go.jp/znk-web/juminkanja/S2430/initialize?prefCd=38&kikanCd=3383103940&kikanKbn=3", "url2": "http://www.jydental.com/", "内容": "城北やの歯科クリニック【3:歯科】愛媛県松山市山越１丁目３番９号" }, "geometry": { "type": "Point", "coordinates": [ 132.755957, 33.856406 ] } },
{ "type": "Feature", "properties": { "ID": 3833383104110, "正式名称": "ふみお歯科クリニック", "機関区分": 3, "都道府県コード": 38, "市区町村コード": 201, "所在地": "愛媛県松山市高木町１１１番地１", "緯度": 33.884181, "経度": 132.741568, "url": "https://www.iryou.teikyouseido.mhlw.go.jp/znk-web/juminkanja/S2430/initialize?prefCd=38&kikanCd=3383104110&kikanKbn=3", "url2": "http://fumiodental.com", "内容": "ふみお歯科クリニック【3:歯科】愛媛県松山市高木町１１１番地１" }, "geometry": { "type": "Point", "coordinates": [ 132.741568, 33.884181 ] } },
{ "type": "Feature", "properties": { "ID": 3833383104370, "正式名称": "山地歯科医院", "機関区分": 3, "都道府県コード": 38, "市区町村コード": 201, "所在地": "愛媛県松山市和泉北二丁目１４－１０", "緯度": 33.825271, "経度": 132.757291, "url": "https://www.iryou.teikyouseido.mhlw.go.jp/znk-web/juminkanja/S2430/initialize?prefCd=38&kikanCd=3383104370&kikanKbn=3", "url2": null, "内容": "山地歯科医院【3:歯科】愛媛県松山市和泉北二丁目１４－１０" }, "geometry": { "type": "Point", "coordinates": [ 132.757291, 33.825271 ] } },
{ "type": "Feature", "properties": { "ID": 3833383104400, "正式名称": "高田矯正歯科クリニック", "機関区分": 3, "都道府県コード": 38, "市区町村コード": 201, "所在地": "愛媛県松山市束本一丁目１－１０", "緯度": 33.830049, "経度": 132.787983, "url": "https://www.iryou.teikyouseido.mhlw.go.jp/znk-web/juminkanja/S2430/initialize?prefCd=38&kikanCd=3383104400&kikanKbn=3", "url2": "http://www.takatakyosei.com/", "内容": "高田矯正歯科クリニック【3:歯科】愛媛県松山市束本一丁目１－１０" }, "geometry": { "type": "Point", "coordinates": [ 132.787983, 33.830049 ] } },
{ "type": "Feature", "properties": { "ID": 3833383104790, "正式名称": "まさと歯科クリニック", "機関区分": 3, "都道府県コード": 38, "市区町村コード": 201, "所在地": "愛媛県松山市愛光町４番１号", "緯度": 33.845602, "経度": 132.74868, "url": "https://www.iryou.teikyouseido.mhlw.go.jp/znk-web/juminkanja/S2430/initialize?prefCd=38&kikanCd=3383104790&kikanKbn=3", "url2": null, "内容": "まさと歯科クリニック【3:歯科】愛媛県松山市愛光町４番１号" }, "geometry": { "type": "Point", "coordinates": [ 132.74868, 33.845602 ] } },
{ "type": "Feature", "properties": { "ID": 3833383104820, "正式名称": "白水台歯科クリニック", "機関区分": 3, "都道府県コード": 38, "市区町村コード": 201, "所在地": "愛媛県松山市白水台一丁目２－１", "緯度": 33.873766, "経度": 132.781676, "url": "https://www.iryou.teikyouseido.mhlw.go.jp/znk-web/juminkanja/S2430/initialize?prefCd=38&kikanCd=3383104820&kikanKbn=3", "url2": null, "内容": "白水台歯科クリニック【3:歯科】愛媛県松山市白水台一丁目２－１" }, "geometry": { "type": "Point", "coordinates": [ 132.781676, 33.873766 ] } },
{ "type": "Feature", "properties": { "ID": 3833383104950, "正式名称": "しばた歯科", "機関区分": 3, "都道府県コード": 38, "市区町村コード": 201, "所在地": "愛媛県松山市北斎院町７８４－８", "緯度": 33.84299, "経度": 132.722432, "url": "https://www.iryou.teikyouseido.mhlw.go.jp/znk-web/juminkanja/S2430/initialize?prefCd=38&kikanCd=3383104950&kikanKbn=3", "url2": "http://www.shibata-dental.com", "内容": "しばた歯科【3:歯科】愛媛県松山市北斎院町７８４－８" }, "geometry": { "type": "Point", "coordinates": [ 132.722432, 33.84299 ] } },
{ "type": "Feature", "properties": { "ID": 3833383105090, "正式名称": "大井歯科クリニック", "機関区分": 3, "都道府県コード": 38, "市区町村コード": 201, "所在地": "愛媛県松山市三番町四丁目７番１２号ヴァン・ヴィヴァン三番町１０１号", "緯度": 33.838158, "経度": 132.767568, "url": "https://www.iryou.teikyouseido.mhlw.go.jp/znk-web/juminkanja/S2430/initialize?prefCd=38&kikanCd=3383105090&kikanKbn=3", "url2": null, "内容": "大井歯科クリニック【3:歯科】愛媛県松山市三番町四丁目７番１２号ヴァン・ヴィヴァン三番町１０１号" }, "geometry": { "type": "Point", "coordinates": [ 132.767568, 33.838158 ] } },
{ "type": "Feature", "properties": { "ID": 3833383105120, "正式名称": "そらまめ歯科クリニック", "機関区分": 3, "都道府県コード": 38, "市区町村コード": 201, "所在地": "愛媛県松山市束本一丁目５番３０号", "緯度": 33.832687, "経度": 132.787455, "url": "https://www.iryou.teikyouseido.mhlw.go.jp/znk-web/juminkanja/S2430/initialize?prefCd=38&kikanCd=3383105120&kikanKbn=3", "url2": "https://www.soramame-dc.com", "内容": "そらまめ歯科クリニック【3:歯科】愛媛県松山市束本一丁目５番３０号" }, "geometry": { "type": "Point", "coordinates": [ 132.787455, 33.832687 ] } },
{ "type": "Feature", "properties": { "ID": 3833383105250, "正式名称": "ひぐち歯科医院", "機関区分": 3, "都道府県コード": 38, "市区町村コード": 201, "所在地": "愛媛県松山市古三津一丁目２４－１", "緯度": 33.861739, "経度": 132.723959, "url": "https://www.iryou.teikyouseido.mhlw.go.jp/znk-web/juminkanja/S2430/initialize?prefCd=38&kikanCd=3383105250&kikanKbn=3", "url2": "www.higuchidc.net", "内容": "ひぐち歯科医院【3:歯科】愛媛県松山市古三津一丁目２４－１" }, "geometry": { "type": "Point", "coordinates": [ 132.723959, 33.861739 ] } },
{ "type": "Feature", "properties": { "ID": 3833383105380, "正式名称": "アクア歯科クリニック", "機関区分": 3, "都道府県コード": 38, "市区町村コード": 201, "所在地": "愛媛県松山市南梅本町甲１２６３－５", "緯度": 33.796581, "経度": 132.836092, "url": "https://www.iryou.teikyouseido.mhlw.go.jp/znk-web/juminkanja/S2430/initialize?prefCd=38&kikanCd=3383105380&kikanKbn=3", "url2": null, "内容": "アクア歯科クリニック【3:歯科】愛媛県松山市南梅本町甲１２６３－５" }, "geometry": { "type": "Point", "coordinates": [ 132.836092, 33.796581 ] } },
{ "type": "Feature", "properties": { "ID": 3833383105410, "正式名称": "まこと歯科クリニック", "機関区分": 3, "都道府県コード": 38, "市区町村コード": 201, "所在地": "愛媛県松山市福角町５３８－１０", "緯度": 33.898846, "経度": 132.756899, "url": "https://www.iryou.teikyouseido.mhlw.go.jp/znk-web/juminkanja/S2430/initialize?prefCd=38&kikanCd=3383105410&kikanKbn=3", "url2": null, "内容": "まこと歯科クリニック【3:歯科】愛媛県松山市福角町５３８－１０" }, "geometry": { "type": "Point", "coordinates": [ 132.756899, 33.898846 ] } },
{ "type": "Feature", "properties": { "ID": 3833383105540, "正式名称": "ふな歯科クリニック", "機関区分": 3, "都道府県コード": 38, "市区町村コード": 201, "所在地": "愛媛県松山市道後湯月町４－１４", "緯度": 33.852407, "経度": 132.786816, "url": "https://www.iryou.teikyouseido.mhlw.go.jp/znk-web/juminkanja/S2430/initialize?prefCd=38&kikanCd=3383105540&kikanKbn=3", "url2": null, "内容": "ふな歯科クリニック【3:歯科】愛媛県松山市道後湯月町４－１４" }, "geometry": { "type": "Point", "coordinates": [ 132.786816, 33.852407 ] } },
{ "type": "Feature", "properties": { "ID": 3833383105670, "正式名称": "来住歯科", "機関区分": 3, "都道府県コード": 38, "市区町村コード": 201, "所在地": "愛媛県松山市来住町９６１－１", "緯度": 33.807996, "経度": 132.799483, "url": "https://www.iryou.teikyouseido.mhlw.go.jp/znk-web/juminkanja/S2430/initialize?prefCd=38&kikanCd=3383105670&kikanKbn=3", "url2": "https://www.kishi-dentist.com/", "内容": "来住歯科【3:歯科】愛媛県松山市来住町９６１－１" }, "geometry": { "type": "Point", "coordinates": [ 132.799483, 33.807996 ] } },
{ "type": "Feature", "properties": { "ID": 3833383105700, "正式名称": "西田歯科医院", "機関区分": 3, "都道府県コード": 38, "市区町村コード": 201, "所在地": "愛媛県松山市本町四丁目２－５", "緯度": 33.848046, "経度": 132.758401, "url": "https://www.iryou.teikyouseido.mhlw.go.jp/znk-web/juminkanja/S2430/initialize?prefCd=38&kikanCd=3383105700&kikanKbn=3", "url2": "https://nishida-shikaiin.com/", "内容": "西田歯科医院【3:歯科】愛媛県松山市本町四丁目２－５" }, "geometry": { "type": "Point", "coordinates": [ 132.758401, 33.848046 ] } },
{ "type": "Feature", "properties": { "ID": 3833383105830, "正式名称": "大牟禮矯正歯科クリニック", "機関区分": 3, "都道府県コード": 38, "市区町村コード": 201, "所在地": "愛媛県松山市北藤原町９－１４", "緯度": 33.834575, "経度": 132.759346, "url": "https://www.iryou.teikyouseido.mhlw.go.jp/znk-web/juminkanja/S2430/initialize?prefCd=38&kikanCd=3383105830&kikanKbn=3", "url2": "http://www.kim-kyousei.jp/", "内容": "大牟禮矯正歯科クリニック【3:歯科】愛媛県松山市北藤原町９－１４" }, "geometry": { "type": "Point", "coordinates": [ 132.759346, 33.834575 ] } },
{ "type": "Feature", "properties": { "ID": 3833383105960, "正式名称": "医療法人　おかだ歯科クリニック", "機関区分": 3, "都道府県コード": 38, "市区町村コード": 201, "所在地": "愛媛県松山市土手内９６番地３", "緯度": 33.969006, "経度": 132.772867, "url": "https://www.iryou.teikyouseido.mhlw.go.jp/znk-web/juminkanja/S2430/initialize?prefCd=38&kikanCd=3383105960&kikanKbn=3", "url2": null, "内容": "医療法人　おかだ歯科クリニック【3:歯科】愛媛県松山市土手内９６番地３" }, "geometry": { "type": "Point", "coordinates": [ 132.772867, 33.969006 ] } },
{ "type": "Feature", "properties": { "ID": 3833383106000, "正式名称": "いちかわ歯科クリニック", "機関区分": 3, "都道府県コード": 38, "市区町村コード": 201, "所在地": "愛媛県松山市三津３丁目４－２７", "緯度": 33.861572, "経度": 132.712377, "url": "https://www.iryou.teikyouseido.mhlw.go.jp/znk-web/juminkanja/S2430/initialize?prefCd=38&kikanCd=3383106000&kikanKbn=3", "url2": "http://httbj.itp.ne.jp/0899535222/", "内容": "いちかわ歯科クリニック【3:歯科】愛媛県松山市三津３丁目４－２７" }, "geometry": { "type": "Point", "coordinates": [ 132.712377, 33.861572 ] } },
{ "type": "Feature", "properties": { "ID": 3833383106130, "正式名称": "たんぽぽ小児歯科", "機関区分": 3, "都道府県コード": 38, "市区町村コード": 201, "所在地": "愛媛県松山市富久町１３９番６", "緯度": 33.821493, "経度": 132.730127, "url": "https://www.iryou.teikyouseido.mhlw.go.jp/znk-web/juminkanja/S2430/initialize?prefCd=38&kikanCd=3383106130&kikanKbn=3", "url2": "http://www.tanpopo-dental.jp", "内容": "たんぽぽ小児歯科【3:歯科】愛媛県松山市富久町１３９番６" }, "geometry": { "type": "Point", "coordinates": [ 132.730127, 33.821493 ] } },
{ "type": "Feature", "properties": { "ID": 3833383106260, "正式名称": "クボタ齒科醫院", "機関区分": 3, "都道府県コード": 38, "市区町村コード": 201, "所在地": "愛媛県松山市道後湯之町４－１５三世インプラントセンタービル", "緯度": 33.850713, "経度": 132.78626, "url": "https://www.iryou.teikyouseido.mhlw.go.jp/znk-web/juminkanja/S2430/initialize?prefCd=38&kikanCd=3383106260&kikanKbn=3", "url2": "www.kdic.jp", "内容": "クボタ齒科醫院【3:歯科】愛媛県松山市道後湯之町４－１５三世インプラントセンタービル" }, "geometry": { "type": "Point", "coordinates": [ 132.78626, 33.850713 ] } },
{ "type": "Feature", "properties": { "ID": 3833383106390, "正式名称": "松山歯科口腔外科クリニック", "機関区分": 3, "都道府県コード": 38, "市区町村コード": 201, "所在地": "愛媛県松山市此花町１－３０", "緯度": 33.841124, "経度": 132.781035, "url": "https://www.iryou.teikyouseido.mhlw.go.jp/znk-web/juminkanja/S2430/initialize?prefCd=38&kikanCd=3383106390&kikanKbn=3", "url2": "https://matsuyamadentalclinic.jp/", "内容": "松山歯科口腔外科クリニック【3:歯科】愛媛県松山市此花町１－３０" }, "geometry": { "type": "Point", "coordinates": [ 132.781035, 33.841124 ] } },
{ "type": "Feature", "properties": { "ID": 3833383106420, "正式名称": "ていれぎデンタルクリニック", "機関区分": 3, "都道府県コード": 38, "市区町村コード": 201, "所在地": "愛媛県松山市南高井町１３５７番地１", "緯度": 33.791303, "経度": 132.811066, "url": "https://www.iryou.teikyouseido.mhlw.go.jp/znk-web/juminkanja/S2430/initialize?prefCd=38&kikanCd=3383106420&kikanKbn=3", "url2": "http//teiregi.com", "内容": "ていれぎデンタルクリニック【3:歯科】愛媛県松山市南高井町１３５７番地１" }, "geometry": { "type": "Point", "coordinates": [ 132.811066, 33.791303 ] } },
{ "type": "Feature", "properties": { "ID": 3833383106710, "正式名称": "パールデンタルクリニック", "機関区分": 3, "都道府県コード": 38, "市区町村コード": 201, "所在地": "愛媛県松山市馬木町２２４２番地", "緯度": 33.892763, "経度": 132.746178, "url": "https://www.iryou.teikyouseido.mhlw.go.jp/znk-web/juminkanja/S2430/initialize?prefCd=38&kikanCd=3383106710&kikanKbn=3", "url2": null, "内容": "パールデンタルクリニック【3:歯科】愛媛県松山市馬木町２２４２番地" }, "geometry": { "type": "Point", "coordinates": [ 132.746178, 33.892763 ] } },
{ "type": "Feature", "properties": { "ID": 3833383106970, "正式名称": "おおもり歯科", "機関区分": 3, "都道府県コード": 38, "市区町村コード": 201, "所在地": "愛媛県松山市一番町４－１－１１共栄興産一番町ビル６階", "緯度": 33.840854, "経度": 132.767873, "url": "https://www.iryou.teikyouseido.mhlw.go.jp/znk-web/juminkanja/S2430/initialize?prefCd=38&kikanCd=3383106970&kikanKbn=3", "url2": "https://omorishika.jp/", "内容": "おおもり歯科【3:歯科】愛媛県松山市一番町４－１－１１共栄興産一番町ビル６階" }, "geometry": { "type": "Point", "coordinates": [ 132.767873, 33.840854 ] } },
{ "type": "Feature", "properties": { "ID": 3833383107010, "正式名称": "西林寺前歯科医院", "機関区分": 3, "都道府県コード": 38, "市区町村コード": 201, "所在地": "愛媛県松山市南高井町１４１３番地３", "緯度": 33.792914, "経度": 132.813705, "url": "https://www.iryou.teikyouseido.mhlw.go.jp/znk-web/juminkanja/S2430/initialize?prefCd=38&kikanCd=3383107010&kikanKbn=3", "url2": "https://sairinjimae-shika.com", "内容": "西林寺前歯科医院【3:歯科】愛媛県松山市南高井町１４１３番地３" }, "geometry": { "type": "Point", "coordinates": [ 132.813705, 33.792914 ] } },
{ "type": "Feature", "properties": { "ID": 3833383107140, "正式名称": "よしず歯科クリニック", "機関区分": 3, "都道府県コード": 38, "市区町村コード": 201, "所在地": "愛媛県松山市樽味２丁目１番１９号", "緯度": 33.840464, "経度": 132.792621, "url": "https://www.iryou.teikyouseido.mhlw.go.jp/znk-web/juminkanja/S2430/initialize?prefCd=38&kikanCd=3383107140&kikanKbn=3", "url2": "http://www.yoshizu-dc.com", "内容": "よしず歯科クリニック【3:歯科】愛媛県松山市樽味２丁目１番１９号" }, "geometry": { "type": "Point", "coordinates": [ 132.792621, 33.840464 ] } },
{ "type": "Feature", "properties": { "ID": 3833383107270, "正式名称": "ピュアデンタルクリニック", "機関区分": 3, "都道府県コード": 38, "市区町村コード": 201, "所在地": "愛媛県松山市余戸中６丁目４番３０号　竹田ビル２Ｆ", "緯度": 33.817327, "経度": 132.733905, "url": "https://www.iryou.teikyouseido.mhlw.go.jp/znk-web/juminkanja/S2430/initialize?prefCd=38&kikanCd=3383107270&kikanKbn=3", "url2": null, "内容": "ピュアデンタルクリニック【3:歯科】愛媛県松山市余戸中６丁目４番３０号　竹田ビル２Ｆ" }, "geometry": { "type": "Point", "coordinates": [ 132.733905, 33.817327 ] } },
{ "type": "Feature", "properties": { "ID": 3833383107430, "正式名称": "市駅前歯科クリニック", "機関区分": 3, "都道府県コード": 38, "市区町村コード": 201, "所在地": "愛媛県松山市湊町５丁目５番地３", "緯度": 33.836409, "経度": 132.76354, "url": "https://www.iryou.teikyouseido.mhlw.go.jp/znk-web/juminkanja/S2430/initialize?prefCd=38&kikanCd=3383107430&kikanKbn=3", "url2": "https://www.shiekimae-d.com", "内容": "市駅前歯科クリニック【3:歯科】愛媛県松山市湊町５丁目５番地３" }, "geometry": { "type": "Point", "coordinates": [ 132.76354, 33.836409 ] } },
{ "type": "Feature", "properties": { "ID": 3833383107560, "正式名称": "きらきら歯科クリニック", "機関区分": 3, "都道府県コード": 38, "市区町村コード": 201, "所在地": "愛媛県松山市道後喜多町７番１０号", "緯度": 33.851629, "経度": 132.779733, "url": "https://www.iryou.teikyouseido.mhlw.go.jp/znk-web/juminkanja/S2430/initialize?prefCd=38&kikanCd=3383107560&kikanKbn=3", "url2": "https://kirakira-shika.com/", "内容": "きらきら歯科クリニック【3:歯科】愛媛県松山市道後喜多町７番１０号" }, "geometry": { "type": "Point", "coordinates": [ 132.779733, 33.851629 ] } },
{ "type": "Feature", "properties": { "ID": 3833383107690, "正式名称": "いけだ歯科クリニック", "機関区分": 3, "都道府県コード": 38, "市区町村コード": 201, "所在地": "愛媛県松山市内宮町１５番地１", "緯度": 33.896124, "経度": 132.748456, "url": "https://www.iryou.teikyouseido.mhlw.go.jp/znk-web/juminkanja/S2430/initialize?prefCd=38&kikanCd=3383107690&kikanKbn=3", "url2": "http://www/ikeda-dentalclinic.com/", "内容": "いけだ歯科クリニック【3:歯科】愛媛県松山市内宮町１５番地１" }, "geometry": { "type": "Point", "coordinates": [ 132.748456, 33.896124 ] } },
{ "type": "Feature", "properties": { "ID": 3833383107720, "正式名称": "ほりえ歯科", "機関区分": 3, "都道府県コード": 38, "市区町村コード": 201, "所在地": "愛媛県松山市堀江町甲１４９５番地５", "緯度": 33.905262, "経度": 132.751927, "url": "https://www.iryou.teikyouseido.mhlw.go.jp/znk-web/juminkanja/S2430/initialize?prefCd=38&kikanCd=3383107720&kikanKbn=3", "url2": "http://www.horiesika.com", "内容": "ほりえ歯科【3:歯科】愛媛県松山市堀江町甲１４９５番地５" }, "geometry": { "type": "Point", "coordinates": [ 132.751927, 33.905262 ] } },
{ "type": "Feature", "properties": { "ID": 3833383107850, "正式名称": "フォレスト歯科クリニック", "機関区分": 3, "都道府県コード": 38, "市区町村コード": 201, "所在地": "愛媛県松山市湯渡町１０－２５　ハイストップ湯渡１Ｆ", "緯度": 33.840964, "経度": 132.784844, "url": "https://www.iryou.teikyouseido.mhlw.go.jp/znk-web/juminkanja/S2430/initialize?prefCd=38&kikanCd=3383107850&kikanKbn=3", "url2": "http://www.forest-shika.net/", "内容": "フォレスト歯科クリニック【3:歯科】愛媛県松山市湯渡町１０－２５　ハイストップ湯渡１Ｆ" }, "geometry": { "type": "Point", "coordinates": [ 132.784844, 33.840964 ] } },
{ "type": "Feature", "properties": { "ID": 3833383107980, "正式名称": "エム歯科クリニック", "機関区分": 3, "都道府県コード": 38, "市区町村コード": 201, "所在地": "愛媛県松山市空港通一丁目３番２１号", "緯度": 33.827006, "経度": 132.747736, "url": "https://www.iryou.teikyouseido.mhlw.go.jp/znk-web/juminkanja/S2430/initialize?prefCd=38&kikanCd=3383107980&kikanKbn=3", "url2": null, "内容": "エム歯科クリニック【3:歯科】愛媛県松山市空港通一丁目３番２１号" }, "geometry": { "type": "Point", "coordinates": [ 132.747736, 33.827006 ] } },
{ "type": "Feature", "properties": { "ID": 3833385100510, "正式名称": "医療法人　石川歯科", "機関区分": 3, "都道府県コード": 38, "市区町村コード": 213, "所在地": "愛媛県四国中央市上分町５２５", "緯度": 33.994489, "経度": 133.584548, "url": "https://www.iryou.teikyouseido.mhlw.go.jp/znk-web/juminkanja/S2430/initialize?prefCd=38&kikanCd=3385100510&kikanKbn=3", "url2": "https://www.ishikawa-shika.info/", "内容": "医療法人　石川歯科【3:歯科】愛媛県四国中央市上分町５２５" }, "geometry": { "type": "Point", "coordinates": [ 133.584548, 33.994489 ] } },
{ "type": "Feature", "properties": { "ID": 3833385101070, "正式名称": "合田歯科医院", "機関区分": 3, "都道府県コード": 38, "市区町村コード": 213, "所在地": "愛媛県四国中央市上柏町２２３－４", "緯度": 33.981629, "経度": 133.559495, "url": "https://www.iryou.teikyouseido.mhlw.go.jp/znk-web/juminkanja/S2430/initialize?prefCd=38&kikanCd=3385101070&kikanKbn=3", "url2": null, "内容": "合田歯科医院【3:歯科】愛媛県四国中央市上柏町２２３－４" }, "geometry": { "type": "Point", "coordinates": [ 133.559495, 33.981629 ] } },
{ "type": "Feature", "properties": { "ID": 3833385101100, "正式名称": "坂田歯科医院", "機関区分": 3, "都道府県コード": 38, "市区町村コード": 213, "所在地": "愛媛県四国中央市三島中央３－１３－３０", "緯度": 33.981657, "経度": 133.542775, "url": "https://www.iryou.teikyouseido.mhlw.go.jp/znk-web/juminkanja/S2430/initialize?prefCd=38&kikanCd=3385101100&kikanKbn=3", "url2": "http://www.sakatashika.net", "内容": "坂田歯科医院【3:歯科】愛媛県四国中央市三島中央３－１３－３０" }, "geometry": { "type": "Point", "coordinates": [ 133.542775, 33.981657 ] } },
{ "type": "Feature", "properties": { "ID": 3833385101650, "正式名称": "木花歯科医院", "機関区分": 3, "都道府県コード": 38, "市区町村コード": 213, "所在地": "愛媛県四国中央市三島中央４－９－７", "緯度": 33.980879, "経度": 133.541025, "url": "https://www.iryou.teikyouseido.mhlw.go.jp/znk-web/juminkanja/S2430/initialize?prefCd=38&kikanCd=3385101650&kikanKbn=3", "url2": "http://www.kibana-dental.com/", "内容": "木花歯科医院【3:歯科】愛媛県四国中央市三島中央４－９－７" }, "geometry": { "type": "Point", "coordinates": [ 133.541025, 33.980879 ] } },
{ "type": "Feature", "properties": { "ID": 3833385102080, "正式名称": "医療法人　菅歯科医院", "機関区分": 3, "都道府県コード": 38, "市区町村コード": 213, "所在地": "愛媛県四国中央市土居町津根８９３", "緯度": 33.95888, "経度": 133.449617, "url": "https://www.iryou.teikyouseido.mhlw.go.jp/znk-web/juminkanja/S2430/initialize?prefCd=38&kikanCd=3385102080&kikanKbn=3", "url2": "www.kan.dc.com", "内容": "医療法人　菅歯科医院【3:歯科】愛媛県四国中央市土居町津根８９３" }, "geometry": { "type": "Point", "coordinates": [ 133.449617, 33.95888 ] } },
{ "type": "Feature", "properties": { "ID": 3833385102110, "正式名称": "今村歯科医院", "機関区分": 3, "都道府県コード": 38, "市区町村コード": 213, "所在地": "愛媛県四国中央市妻鳥町１２６７－３", "緯度": 33.993767, "経度": 133.574327, "url": "https://www.iryou.teikyouseido.mhlw.go.jp/znk-web/juminkanja/S2430/initialize?prefCd=38&kikanCd=3385102110&kikanKbn=3", "url2": null, "内容": "今村歯科医院【3:歯科】愛媛県四国中央市妻鳥町１２６７－３" }, "geometry": { "type": "Point", "coordinates": [ 133.574327, 33.993767 ] } },
{ "type": "Feature", "properties": { "ID": 3833385102370, "正式名称": "川上歯科", "機関区分": 3, "都道府県コード": 38, "市区町村コード": 213, "所在地": "愛媛県四国中央市寒川町３８０２", "緯度": 33.967769, "経度": 133.503223, "url": "https://www.iryou.teikyouseido.mhlw.go.jp/znk-web/juminkanja/S2430/initialize?prefCd=38&kikanCd=3385102370&kikanKbn=3", "url2": null, "内容": "川上歯科【3:歯科】愛媛県四国中央市寒川町３８０２" }, "geometry": { "type": "Point", "coordinates": [ 133.503223, 33.967769 ] } },
{ "type": "Feature", "properties": { "ID": 3833385102530, "正式名称": "藤田歯科医院", "機関区分": 3, "都道府県コード": 38, "市区町村コード": 213, "所在地": "愛媛県四国中央市土居町蕪崎２３３－１", "緯度": 33.971156, "経度": 133.428173, "url": "https://www.iryou.teikyouseido.mhlw.go.jp/znk-web/juminkanja/S2430/initialize?prefCd=38&kikanCd=3385102530&kikanKbn=3", "url2": null, "内容": "藤田歯科医院【3:歯科】愛媛県四国中央市土居町蕪崎２３３－１" }, "geometry": { "type": "Point", "coordinates": [ 133.428173, 33.971156 ] } },
{ "type": "Feature", "properties": { "ID": 3833385102820, "正式名称": "新田歯科医院", "機関区分": 3, "都道府県コード": 38, "市区町村コード": 213, "所在地": "愛媛県四国中央市三島金子２－８－６１", "緯度": 33.97899, "経度": 133.537358, "url": "https://www.iryou.teikyouseido.mhlw.go.jp/znk-web/juminkanja/S2430/initialize?prefCd=38&kikanCd=3385102820&kikanKbn=3", "url2": "https://www.nittashika.com", "内容": "新田歯科医院【3:歯科】愛媛県四国中央市三島金子２－８－６１" }, "geometry": { "type": "Point", "coordinates": [ 133.537358, 33.97899 ] } },
{ "type": "Feature", "properties": { "ID": 3833385103120, "正式名称": "高橋歯科", "機関区分": 3, "都道府県コード": 38, "市区町村コード": 213, "所在地": "愛媛県四国中央市土居町中村１２７６番地", "緯度": 33.958241, "経度": 133.430341, "url": "https://www.iryou.teikyouseido.mhlw.go.jp/znk-web/juminkanja/S2430/initialize?prefCd=38&kikanCd=3385103120&kikanKbn=3", "url2": "http://www.takahashi-dc.jp", "内容": "高橋歯科【3:歯科】愛媛県四国中央市土居町中村１２７６番地" }, "geometry": { "type": "Point", "coordinates": [ 133.430341, 33.958241 ] } },
{ "type": "Feature", "properties": { "ID": 3833385103380, "正式名称": "三宅歯科クリニック", "機関区分": 3, "都道府県コード": 38, "市区町村コード": 213, "所在地": "愛媛県四国中央市三島中央５丁目５番３５号", "緯度": 33.978157, "経度": 133.54158, "url": "https://www.iryou.teikyouseido.mhlw.go.jp/znk-web/juminkanja/S2430/initialize?prefCd=38&kikanCd=3385103380&kikanKbn=3", "url2": null, "内容": "三宅歯科クリニック【3:歯科】愛媛県四国中央市三島中央５丁目５番３５号" }, "geometry": { "type": "Point", "coordinates": [ 133.54158, 33.978157 ] } },
{ "type": "Feature", "properties": { "ID": 3833385103410, "正式名称": "さおの森歯科クリニック", "機関区分": 3, "都道府県コード": 38, "市区町村コード": 213, "所在地": "愛媛県四国中央市妻鳥町２０９９番地１５", "緯度": 33.985685, "経度": 133.574938, "url": "https://www.iryou.teikyouseido.mhlw.go.jp/znk-web/juminkanja/S2430/initialize?prefCd=38&kikanCd=3385103410&kikanKbn=3", "url2": null, "内容": "さおの森歯科クリニック【3:歯科】愛媛県四国中央市妻鳥町２０９９番地１５" }, "geometry": { "type": "Point", "coordinates": [ 133.574938, 33.985685 ] } },
{ "type": "Feature", "properties": { "ID": 3833385103700, "正式名称": "医療法人尚古会坂歯科", "機関区分": 3, "都道府県コード": 38, "市区町村コード": 213, "所在地": "愛媛県四国中央市川之江町１８５６番地１２", "緯度": 34.01171, "経度": 133.574576, "url": "https://www.iryou.teikyouseido.mhlw.go.jp/znk-web/juminkanja/S2430/initialize?prefCd=38&kikanCd=3385103700&kikanKbn=3", "url2": null, "内容": "医療法人尚古会坂歯科【3:歯科】愛媛県四国中央市川之江町１８５６番地１２" }, "geometry": { "type": "Point", "coordinates": [ 133.574576, 34.01171 ] } },
{ "type": "Feature", "properties": { "ID": 3833385103830, "正式名称": "医療法人社団伊義会うだか歯科医院", "機関区分": 3, "都道府県コード": 38, "市区町村コード": 213, "所在地": "愛媛県四国中央市川之江町４０６９番地の３５", "緯度": 34.008682, "経度": 133.57316, "url": "https://www.iryou.teikyouseido.mhlw.go.jp/znk-web/juminkanja/S2430/initialize?prefCd=38&kikanCd=3385103830&kikanKbn=3", "url2": null, "内容": "医療法人社団伊義会うだか歯科医院【3:歯科】愛媛県四国中央市川之江町４０６９番地の３５" }, "geometry": { "type": "Point", "coordinates": [ 133.57316, 34.008682 ] } },
{ "type": "Feature", "properties": { "ID": 3833385103960, "正式名称": "佐々木歯科医院", "機関区分": 3, "都道府県コード": 38, "市区町村コード": 213, "所在地": "愛媛県四国中央市三島宮川３丁目１７－５", "緯度": 33.98399, "経度": 133.546358, "url": "https://www.iryou.teikyouseido.mhlw.go.jp/znk-web/juminkanja/S2430/initialize?prefCd=38&kikanCd=3385103960&kikanKbn=3", "url2": "http://www.e-ttoko.com/sasaki-dental/", "内容": "佐々木歯科医院【3:歯科】愛媛県四国中央市三島宮川３丁目１７－５" }, "geometry": { "type": "Point", "coordinates": [ 133.546358, 33.98399 ] } },
{ "type": "Feature", "properties": { "ID": 3833385104000, "正式名称": "医療法人社団　西川歯科クリニック", "機関区分": 3, "都道府県コード": 38, "市区町村コード": 213, "所在地": "愛媛県四国中央市金生町下分１２５３", "緯度": 33.9991, "経度": 133.579965, "url": "https://www.iryou.teikyouseido.mhlw.go.jp/znk-web/juminkanja/S2430/initialize?prefCd=38&kikanCd=3385104000&kikanKbn=3", "url2": null, "内容": "医療法人社団　西川歯科クリニック【3:歯科】愛媛県四国中央市金生町下分１２５３" }, "geometry": { "type": "Point", "coordinates": [ 133.579965, 33.9991 ] } },
{ "type": "Feature", "properties": { "ID": 3833385104130, "正式名称": "加地歯科医院", "機関区分": 3, "都道府県コード": 38, "市区町村コード": 213, "所在地": "愛媛県四国中央市中曽根町５６４", "緯度": 33.976963, "経度": 133.548885, "url": "https://www.iryou.teikyouseido.mhlw.go.jp/znk-web/juminkanja/S2430/initialize?prefCd=38&kikanCd=3385104130&kikanKbn=3", "url2": null, "内容": "加地歯科医院【3:歯科】愛媛県四国中央市中曽根町５６４" }, "geometry": { "type": "Point", "coordinates": [ 133.548885, 33.976963 ] } },
{ "type": "Feature", "properties": { "ID": 3833385104260, "正式名称": "さくら歯科クリニック", "機関区分": 3, "都道府県コード": 38, "市区町村コード": 213, "所在地": "愛媛県四国中央市寒川町１３３４番地の２１", "緯度": 33.96688, "経度": 133.515916, "url": "https://www.iryou.teikyouseido.mhlw.go.jp/znk-web/juminkanja/S2430/initialize?prefCd=38&kikanCd=3385104260&kikanKbn=3", "url2": null, "内容": "さくら歯科クリニック【3:歯科】愛媛県四国中央市寒川町１３３４番地の２１" }, "geometry": { "type": "Point", "coordinates": [ 133.515916, 33.96688 ] } },
{ "type": "Feature", "properties": { "ID": 3833385104390, "正式名称": "安藤歯科医院", "機関区分": 3, "都道府県コード": 38, "市区町村コード": 213, "所在地": "愛媛県四国中央市土居町津根３０９５", "緯度": 33.967323, "経度": 133.451227, "url": "https://www.iryou.teikyouseido.mhlw.go.jp/znk-web/juminkanja/S2430/initialize?prefCd=38&kikanCd=3385104390&kikanKbn=3", "url2": null, "内容": "安藤歯科医院【3:歯科】愛媛県四国中央市土居町津根３０９５" }, "geometry": { "type": "Point", "coordinates": [ 133.451227, 33.967323 ] } },
{ "type": "Feature", "properties": { "ID": 3833385104420, "正式名称": "うわたきファミリー歯科クリニック", "機関区分": 3, "都道府県コード": 38, "市区町村コード": 213, "所在地": "愛媛県四国中央市土居町土居２１２９－１", "緯度": 33.962212, "経度": 133.419591, "url": "https://www.iryou.teikyouseido.mhlw.go.jp/znk-web/juminkanja/S2430/initialize?prefCd=38&kikanCd=3385104420&kikanKbn=3", "url2": null, "内容": "うわたきファミリー歯科クリニック【3:歯科】愛媛県四国中央市土居町土居２１２９－１" }, "geometry": { "type": "Point", "coordinates": [ 133.419591, 33.962212 ] } },
{ "type": "Feature", "properties": { "ID": 3833385104680, "正式名称": "松岡歯科医院", "機関区分": 3, "都道府県コード": 38, "市区町村コード": 213, "所在地": "愛媛県四国中央市川之江町３３０－１", "緯度": 34.002211, "経度": 133.566355, "url": "https://www.iryou.teikyouseido.mhlw.go.jp/znk-web/juminkanja/S2430/initialize?prefCd=38&kikanCd=3385104680&kikanKbn=3", "url2": null, "内容": "松岡歯科医院【3:歯科】愛媛県四国中央市川之江町３３０－１" }, "geometry": { "type": "Point", "coordinates": [ 133.566355, 34.002211 ] } },
{ "type": "Feature", "properties": { "ID": 3833385104710, "正式名称": "武村歯科医院", "機関区分": 3, "都道府県コード": 38, "市区町村コード": 213, "所在地": "愛媛県四国中央市中之庄町７７０－７", "緯度": 33.972241, "経度": 133.537275, "url": "https://www.iryou.teikyouseido.mhlw.go.jp/znk-web/juminkanja/S2430/initialize?prefCd=38&kikanCd=3385104710&kikanKbn=3", "url2": null, "内容": "武村歯科医院【3:歯科】愛媛県四国中央市中之庄町７７０－７" }, "geometry": { "type": "Point", "coordinates": [ 133.537275, 33.972241 ] } },
{ "type": "Feature", "properties": { "ID": 3833385104840, "正式名称": "中央歯科クリニック", "機関区分": 3, "都道府県コード": 38, "市区町村コード": 213, "所在地": "愛媛県四国中央市中曽根町３９５－５", "緯度": 33.980352, "経度": 133.552802, "url": "https://www.iryou.teikyouseido.mhlw.go.jp/znk-web/juminkanja/S2430/initialize?prefCd=38&kikanCd=3385104840&kikanKbn=3", "url2": "https://chuodentalclinic.or.jp/", "内容": "中央歯科クリニック【3:歯科】愛媛県四国中央市中曽根町３９５－５" }, "geometry": { "type": "Point", "coordinates": [ 133.552802, 33.980352 ] } },
{ "type": "Feature", "properties": { "ID": 3833385105010, "正式名称": "吉井歯科クリニック", "機関区分": 3, "都道府県コード": 38, "市区町村コード": 213, "所在地": "愛媛県四国中央市金生町下分９９３番地１", "緯度": 33.999711, "経度": 133.576382, "url": "https://www.iryou.teikyouseido.mhlw.go.jp/znk-web/juminkanja/S2430/initialize?prefCd=38&kikanCd=3385105010&kikanKbn=3", "url2": "https://www.441dc.jp/", "内容": "吉井歯科クリニック【3:歯科】愛媛県四国中央市金生町下分９９３番地１" }, "geometry": { "type": "Point", "coordinates": [ 133.576382, 33.999711 ] } },
{ "type": "Feature", "properties": { "ID": 3833385115660, "正式名称": "長井歯科医院", "機関区分": 3, "都道府県コード": 38, "市区町村コード": 213, "所在地": "愛媛県四国中央市土居町入野６７３", "緯度": 33.956796, "経度": 133.427619, "url": "https://www.iryou.teikyouseido.mhlw.go.jp/znk-web/juminkanja/S2430/initialize?prefCd=38&kikanCd=3385115660&kikanKbn=3", "url2": "www.nagai-dc.jp", "内容": "長井歯科医院【3:歯科】愛媛県四国中央市土居町入野６７３" }, "geometry": { "type": "Point", "coordinates": [ 133.427619, 33.956796 ] } },
{ "type": "Feature", "properties": { "ID": 3833385200540, "正式名称": "岡嶋歯科医院", "機関区分": 3, "都道府県コード": 38, "市区町村コード": 205, "所在地": "愛媛県新居浜市中萩町１－７", "緯度": 33.931213, "経度": 133.284382, "url": "https://www.iryou.teikyouseido.mhlw.go.jp/znk-web/juminkanja/S2430/initialize?prefCd=38&kikanCd=3385200540&kikanKbn=3", "url2": null, "内容": "岡嶋歯科医院【3:歯科】愛媛県新居浜市中萩町１－７" }, "geometry": { "type": "Point", "coordinates": [ 133.284382, 33.931213 ] } },
{ "type": "Feature", "properties": { "ID": 3833385201680, "正式名称": "中西歯科矯正歯科", "機関区分": 3, "都道府県コード": 38, "市区町村コード": 205, "所在地": "愛媛県新居浜市中須賀町２－２－２８", "緯度": 33.966043, "経度": 133.271964, "url": "https://www.iryou.teikyouseido.mhlw.go.jp/znk-web/juminkanja/S2430/initialize?prefCd=38&kikanCd=3385201680&kikanKbn=3", "url2": null, "内容": "中西歯科矯正歯科【3:歯科】愛媛県新居浜市中須賀町２－２－２８" }, "geometry": { "type": "Point", "coordinates": [ 133.271964, 33.966043 ] } },
{ "type": "Feature", "properties": { "ID": 3833385201710, "正式名称": "林田歯科医院", "機関区分": 3, "都道府県コード": 38, "市区町村コード": 205, "所在地": "愛媛県新居浜市沢津町２－１０－２１", "緯度": 33.977458, "経度": 133.29749, "url": "https://www.iryou.teikyouseido.mhlw.go.jp/znk-web/juminkanja/S2430/initialize?prefCd=38&kikanCd=3385201710&kikanKbn=3", "url2": null, "内容": "林田歯科医院【3:歯科】愛媛県新居浜市沢津町２－１０－２１" }, "geometry": { "type": "Point", "coordinates": [ 133.29749, 33.977458 ] } },
{ "type": "Feature", "properties": { "ID": 3833385202140, "正式名称": "真鍋憲夫歯科医院", "機関区分": 3, "都道府県コード": 38, "市区町村コード": 205, "所在地": "愛媛県新居浜市坂井町１－５－８", "緯度": 33.9481, "経度": 133.289547, "url": "https://www.iryou.teikyouseido.mhlw.go.jp/znk-web/juminkanja/S2430/initialize?prefCd=38&kikanCd=3385202140&kikanKbn=3", "url2": null, "内容": "真鍋憲夫歯科医院【3:歯科】愛媛県新居浜市坂井町１－５－８" }, "geometry": { "type": "Point", "coordinates": [ 133.289547, 33.9481 ] } },
{ "type": "Feature", "properties": { "ID": 3833385202720, "正式名称": "佐藤歯科医院", "機関区分": 3, "都道府県コード": 38, "市区町村コード": 205, "所在地": "愛媛県新居浜市土橋１－１０－２４", "緯度": 33.934463, "経度": 133.290159, "url": "https://www.iryou.teikyouseido.mhlw.go.jp/znk-web/juminkanja/S2430/initialize?prefCd=38&kikanCd=3385202720&kikanKbn=3", "url2": "http://sato-88.com", "内容": "佐藤歯科医院【3:歯科】愛媛県新居浜市土橋１－１０－２４" }, "geometry": { "type": "Point", "coordinates": [ 133.290159, 33.934463 ] } },
{ "type": "Feature", "properties": { "ID": 3833385202850, "正式名称": "戒能歯科医院", "機関区分": 3, "都道府県コード": 38, "市区町村コード": 205, "所在地": "愛媛県新居浜市江口町４－１９", "緯度": 33.958849, "経度": 133.270632, "url": "https://www.iryou.teikyouseido.mhlw.go.jp/znk-web/juminkanja/S2430/initialize?prefCd=38&kikanCd=3385202850&kikanKbn=3", "url2": null, "内容": "戒能歯科医院【3:歯科】愛媛県新居浜市江口町４－１９" }, "geometry": { "type": "Point", "coordinates": [ 133.270632, 33.958849 ] } },
{ "type": "Feature", "properties": { "ID": 3833385202980, "正式名称": "医療法人安保歯科医院", "機関区分": 3, "都道府県コード": 38, "市区町村コード": 205, "所在地": "愛媛県新居浜市中須賀町２－２－６", "緯度": 33.965543, "経度": 133.271742, "url": "https://www.iryou.teikyouseido.mhlw.go.jp/znk-web/juminkanja/S2430/initialize?prefCd=38&kikanCd=3385202980&kikanKbn=3", "url2": null, "内容": "医療法人安保歯科医院【3:歯科】愛媛県新居浜市中須賀町２－２－６" }, "geometry": { "type": "Point", "coordinates": [ 133.271742, 33.965543 ] } },
{ "type": "Feature", "properties": { "ID": 3833385203730, "正式名称": "加藤歯科", "機関区分": 3, "都道府県コード": 38, "市区町村コード": 205, "所在地": "愛媛県新居浜市西の土居町２－１－２", "緯度": 33.953461, "経度": 133.278798, "url": "https://www.iryou.teikyouseido.mhlw.go.jp/znk-web/juminkanja/S2430/initialize?prefCd=38&kikanCd=3385203730&kikanKbn=3", "url2": "http://kato-dc.biz", "内容": "加藤歯科【3:歯科】愛媛県新居浜市西の土居町２－１－２" }, "geometry": { "type": "Point", "coordinates": [ 133.278798, 33.953461 ] } },
{ "type": "Feature", "properties": { "ID": 3833385203860, "正式名称": "直野良信歯科医院", "機関区分": 3, "都道府県コード": 38, "市区町村コード": 205, "所在地": "愛媛県新居浜市中西町２－６", "緯度": 33.928603, "経度": 133.301964, "url": "https://www.iryou.teikyouseido.mhlw.go.jp/znk-web/juminkanja/S2430/initialize?prefCd=38&kikanCd=3385203860&kikanKbn=3", "url2": null, "内容": "直野良信歯科医院【3:歯科】愛媛県新居浜市中西町２－６" }, "geometry": { "type": "Point", "coordinates": [ 133.301964, 33.928603 ] } },
{ "type": "Feature", "properties": { "ID": 3833385204160, "正式名称": "松木歯科クリニック", "機関区分": 3, "都道府県コード": 38, "市区町村コード": 205, "所在地": "愛媛県新居浜市久保田町３－１０－３", "緯度": 33.953766, "経度": 133.28477, "url": "https://www.iryou.teikyouseido.mhlw.go.jp/znk-web/juminkanja/S2430/initialize?prefCd=38&kikanCd=3385204160&kikanKbn=3", "url2": "http://www.matsuki-dc.jp/", "内容": "松木歯科クリニック【3:歯科】愛媛県新居浜市久保田町３－１０－３" }, "geometry": { "type": "Point", "coordinates": [ 133.28477, 33.953766 ] } },
{ "type": "Feature", "properties": { "ID": 3833385204290, "正式名称": "浅井歯科医院", "機関区分": 3, "都道府県コード": 38, "市区町村コード": 205, "所在地": "愛媛県新居浜市船木甲２３６６－１", "緯度": 33.932374, "経度": 133.336484, "url": "https://www.iryou.teikyouseido.mhlw.go.jp/znk-web/juminkanja/S2430/initialize?prefCd=38&kikanCd=3385204290&kikanKbn=3", "url2": null, "内容": "浅井歯科医院【3:歯科】愛媛県新居浜市船木甲２３６６－１" }, "geometry": { "type": "Point", "coordinates": [ 133.336484, 33.932374 ] } },
{ "type": "Feature", "properties": { "ID": 3833385204450, "正式名称": "藤村歯科医院", "機関区分": 3, "都道府県コード": 38, "市区町村コード": 205, "所在地": "愛媛県新居浜市若水町２丁目９番２７号", "緯度": 33.967792, "経度": 133.277353, "url": "https://www.iryou.teikyouseido.mhlw.go.jp/znk-web/juminkanja/S2430/initialize?prefCd=38&kikanCd=3385204450&kikanKbn=3", "url2": null, "内容": "藤村歯科医院【3:歯科】愛媛県新居浜市若水町２丁目９番２７号" }, "geometry": { "type": "Point", "coordinates": [ 133.277353, 33.967792 ] } },
{ "type": "Feature", "properties": { "ID": 3833385204580, "正式名称": "いまい歯科医院", "機関区分": 3, "都道府県コード": 38, "市区町村コード": 205, "所在地": "愛媛県新居浜市郷１丁目１番５１号", "緯度": 33.965071, "経度": 133.303517, "url": "https://www.iryou.teikyouseido.mhlw.go.jp/znk-web/juminkanja/S2430/initialize?prefCd=38&kikanCd=3385204580&kikanKbn=3", "url2": null, "内容": "いまい歯科医院【3:歯科】愛媛県新居浜市郷１丁目１番５１号" }, "geometry": { "type": "Point", "coordinates": [ 133.303517, 33.965071 ] } },
{ "type": "Feature", "properties": { "ID": 3833385204610, "正式名称": "亀川歯科", "機関区分": 3, "都道府県コード": 38, "市区町村コード": 205, "所在地": "愛媛県新居浜市萩生１１３８番地の３", "緯度": 33.926602, "経度": 133.262745, "url": "https://www.iryou.teikyouseido.mhlw.go.jp/znk-web/juminkanja/S2430/initialize?prefCd=38&kikanCd=3385204610&kikanKbn=3", "url2": "https://www.kamegawa-shika.com/", "内容": "亀川歯科【3:歯科】愛媛県新居浜市萩生１１３８番地の３" }, "geometry": { "type": "Point", "coordinates": [ 133.262745, 33.926602 ] } },
{ "type": "Feature", "properties": { "ID": 3833385204870, "正式名称": "佐藤歯科医院", "機関区分": 3, "都道府県コード": 38, "市区町村コード": 205, "所在地": "愛媛県新居浜市若水町２丁目５番３０号", "緯度": 33.968848, "経度": 133.279436, "url": "https://www.iryou.teikyouseido.mhlw.go.jp/znk-web/juminkanja/S2430/initialize?prefCd=38&kikanCd=3385204870&kikanKbn=3", "url2": "http://satohdc.web.fc2.com/", "内容": "佐藤歯科医院【3:歯科】愛媛県新居浜市若水町２丁目５番３０号" }, "geometry": { "type": "Point", "coordinates": [ 133.279436, 33.968848 ] } },
{ "type": "Feature", "properties": { "ID": 3833385204900, "正式名称": "山下歯科クリニック", "機関区分": 3, "都道府県コード": 38, "市区町村コード": 205, "所在地": "愛媛県新居浜市松原町４－４８", "緯度": 33.940212, "経度": 133.296991, "url": "https://www.iryou.teikyouseido.mhlw.go.jp/znk-web/juminkanja/S2430/initialize?prefCd=38&kikanCd=3385204900&kikanKbn=3", "url2": "http://www.ehimeda.or.jp/search/?c=niihamashi&m=30&d=637&n=1#ART08_LIST_30", "内容": "山下歯科クリニック【3:歯科】愛媛県新居浜市松原町４－４８" }, "geometry": { "type": "Point", "coordinates": [ 133.296991, 33.940212 ] } },
{ "type": "Feature", "properties": { "ID": 3833385205040, "正式名称": "こたに歯科医院", "機関区分": 3, "都道府県コード": 38, "市区町村コード": 205, "所在地": "愛媛県新居浜市星原町６－１５", "緯度": 33.938517, "経度": 133.301393, "url": "https://www.iryou.teikyouseido.mhlw.go.jp/znk-web/juminkanja/S2430/initialize?prefCd=38&kikanCd=3385205040&kikanKbn=3", "url2": null, "内容": "こたに歯科医院【3:歯科】愛媛県新居浜市星原町６－１５" }, "geometry": { "type": "Point", "coordinates": [ 133.301393, 33.938517 ] } },
{ "type": "Feature", "properties": { "ID": 3833385205200, "正式名称": "宇野歯科医院", "機関区分": 3, "都道府県コード": 38, "市区町村コード": 205, "所在地": "愛媛県新居浜市郷２－６－１１", "緯度": 33.966611, "経度": 133.312748, "url": "https://www.iryou.teikyouseido.mhlw.go.jp/znk-web/juminkanja/S2430/initialize?prefCd=38&kikanCd=3385205200&kikanKbn=3", "url2": null, "内容": "宇野歯科医院【3:歯科】愛媛県新居浜市郷２－６－１１" }, "geometry": { "type": "Point", "coordinates": [ 133.312748, 33.966611 ] } },
{ "type": "Feature", "properties": { "ID": 3833385205460, "正式名称": "岡歯科クリニック", "機関区分": 3, "都道府県コード": 38, "市区町村コード": 205, "所在地": "愛媛県新居浜市垣生２－１２－３８", "緯度": 33.979181, "経度": 133.319849, "url": "https://www.iryou.teikyouseido.mhlw.go.jp/znk-web/juminkanja/S2430/initialize?prefCd=38&kikanCd=3385205460&kikanKbn=3", "url2": null, "内容": "岡歯科クリニック【3:歯科】愛媛県新居浜市垣生２－１２－３８" }, "geometry": { "type": "Point", "coordinates": [ 133.319849, 33.979181 ] } },
{ "type": "Feature", "properties": { "ID": 3833385205590, "正式名称": "いんなみ森田歯科", "機関区分": 3, "都道府県コード": 38, "市区町村コード": 205, "所在地": "愛媛県新居浜市繁本町７－４５", "緯度": 33.962376, "経度": 133.283075, "url": "https://www.iryou.teikyouseido.mhlw.go.jp/znk-web/juminkanja/S2430/initialize?prefCd=38&kikanCd=3385205590&kikanKbn=3", "url2": "http://www.nbn.ne.jp/~opa-23/", "内容": "いんなみ森田歯科【3:歯科】愛媛県新居浜市繁本町７－４５" }, "geometry": { "type": "Point", "coordinates": [ 133.283075, 33.962376 ] } },
{ "type": "Feature", "properties": { "ID": 3833385205620, "正式名称": "中川歯科医院", "機関区分": 3, "都道府県コード": 38, "市区町村コード": 205, "所在地": "愛媛県新居浜市萩生２７４２－３", "緯度": 33.927019, "経度": 133.279466, "url": "https://www.iryou.teikyouseido.mhlw.go.jp/znk-web/juminkanja/S2430/initialize?prefCd=38&kikanCd=3385205620&kikanKbn=3", "url2": null, "内容": "中川歯科医院【3:歯科】愛媛県新居浜市萩生２７４２－３" }, "geometry": { "type": "Point", "coordinates": [ 133.279466, 33.927019 ] } },
{ "type": "Feature", "properties": { "ID": 3833385205750, "正式名称": "もりもと歯科クリニック", "機関区分": 3, "都道府県コード": 38, "市区町村コード": 205, "所在地": "愛媛県新居浜市宇高町３－１２－２７", "緯度": 33.977292, "経度": 133.302684, "url": "https://www.iryou.teikyouseido.mhlw.go.jp/znk-web/juminkanja/S2430/initialize?prefCd=38&kikanCd=3385205750&kikanKbn=3", "url2": "morimoto-dc.net", "内容": "もりもと歯科クリニック【3:歯科】愛媛県新居浜市宇高町３－１２－２７" }, "geometry": { "type": "Point", "coordinates": [ 133.302684, 33.977292 ] } },
{ "type": "Feature", "properties": { "ID": 3833385205910, "正式名称": "眞鍋歯科医院", "機関区分": 3, "都道府県コード": 38, "市区町村コード": 205, "所在地": "愛媛県新居浜市喜光地町１丁目１３－１２", "緯度": 33.935602, "経度": 133.302658, "url": "https://www.iryou.teikyouseido.mhlw.go.jp/znk-web/juminkanja/S2430/initialize?prefCd=38&kikanCd=3385205910&kikanKbn=3", "url2": null, "内容": "眞鍋歯科医院【3:歯科】愛媛県新居浜市喜光地町１丁目１３－１２" }, "geometry": { "type": "Point", "coordinates": [ 133.302658, 33.935602 ] } },
{ "type": "Feature", "properties": { "ID": 3833385206210, "正式名称": "秀歯科医院", "機関区分": 3, "都道府県コード": 38, "市区町村コード": 205, "所在地": "愛媛県新居浜市中村松木１丁目１３－４８", "緯度": 33.939518, "経度": 133.287131, "url": "https://www.iryou.teikyouseido.mhlw.go.jp/znk-web/juminkanja/S2430/initialize?prefCd=38&kikanCd=3385206210&kikanKbn=3", "url2": "http://www.hide-shika.com", "内容": "秀歯科医院【3:歯科】愛媛県新居浜市中村松木１丁目１３－４８" }, "geometry": { "type": "Point", "coordinates": [ 133.287131, 33.939518 ] } },
{ "type": "Feature", "properties": { "ID": 3833385206340, "正式名称": "直野孝則歯科", "機関区分": 3, "都道府県コード": 38, "市区町村コード": 205, "所在地": "愛媛県新居浜市中筋町１丁目６番３８号", "緯度": 33.927862, "経度": 133.306185, "url": "https://www.iryou.teikyouseido.mhlw.go.jp/znk-web/juminkanja/S2430/initialize?prefCd=38&kikanCd=3385206340&kikanKbn=3", "url2": null, "内容": "直野孝則歯科【3:歯科】愛媛県新居浜市中筋町１丁目６番３８号" }, "geometry": { "type": "Point", "coordinates": [ 133.306185, 33.927862 ] } },
{ "type": "Feature", "properties": { "ID": 3833385206500, "正式名称": "歯ならび矯正歯科医院", "機関区分": 3, "都道府県コード": 38, "市区町村コード": 205, "所在地": "愛媛県新居浜市寿町１－４３", "緯度": 33.942073, "経度": 133.298602, "url": "https://www.iryou.teikyouseido.mhlw.go.jp/znk-web/juminkanja/S2430/initialize?prefCd=38&kikanCd=3385206500&kikanKbn=3", "url2": "https://www.hanarabi.gr.jp", "内容": "歯ならび矯正歯科医院【3:歯科】愛媛県新居浜市寿町１－４３" }, "geometry": { "type": "Point", "coordinates": [ 133.298602, 33.942073 ] } },
{ "type": "Feature", "properties": { "ID": 3833385206920, "正式名称": "北村歯科医院", "機関区分": 3, "都道府県コード": 38, "市区町村コード": 205, "所在地": "愛媛県新居浜市若水町１－１－４", "緯度": 33.966376, "経度": 133.28288, "url": "https://www.iryou.teikyouseido.mhlw.go.jp/znk-web/juminkanja/S2430/initialize?prefCd=38&kikanCd=3385206920&kikanKbn=3", "url2": null, "内容": "北村歯科医院【3:歯科】愛媛県新居浜市若水町１－１－４" }, "geometry": { "type": "Point", "coordinates": [ 133.28288, 33.966376 ] } },
{ "type": "Feature", "properties": { "ID": 3833385207190, "正式名称": "もり歯科", "機関区分": 3, "都道府県コード": 38, "市区町村コード": 205, "所在地": "愛媛県新居浜市松木町１－２６", "緯度": 33.94349, "経度": 133.292686, "url": "https://www.iryou.teikyouseido.mhlw.go.jp/znk-web/juminkanja/S2430/initialize?prefCd=38&kikanCd=3385207190&kikanKbn=3", "url2": "https://www.mori-shika.info", "内容": "もり歯科【3:歯科】愛媛県新居浜市松木町１－２６" }, "geometry": { "type": "Point", "coordinates": [ 133.292686, 33.94349 ] } },
{ "type": "Feature", "properties": { "ID": 3833385207220, "正式名称": "さかい歯科クリニック", "機関区分": 3, "都道府県コード": 38, "市区町村コード": 205, "所在地": "愛媛県新居浜市西の土居町２－１６－２７", "緯度": 33.948711, "経度": 133.281131, "url": "https://www.iryou.teikyouseido.mhlw.go.jp/znk-web/juminkanja/S2430/initialize?prefCd=38&kikanCd=3385207220&kikanKbn=3", "url2": null, "内容": "さかい歯科クリニック【3:歯科】愛媛県新居浜市西の土居町２－１６－２７" }, "geometry": { "type": "Point", "coordinates": [ 133.281131, 33.948711 ] } },
{ "type": "Feature", "properties": { "ID": 3833385207350, "正式名称": "横川歯科矯正歯科クリニック", "機関区分": 3, "都道府県コード": 38, "市区町村コード": 205, "所在地": "愛媛県新居浜市外山町１６番２５号", "緯度": 33.937741, "経度": 133.312435, "url": "https://www.iryou.teikyouseido.mhlw.go.jp/znk-web/juminkanja/S2430/initialize?prefCd=38&kikanCd=3385207350&kikanKbn=3", "url2": null, "内容": "横川歯科矯正歯科クリニック【3:歯科】愛媛県新居浜市外山町１６番２５号" }, "geometry": { "type": "Point", "coordinates": [ 133.312435, 33.937741 ] } },
{ "type": "Feature", "properties": { "ID": 3833385207510, "正式名称": "林歯科クリニック", "機関区分": 3, "都道府県コード": 38, "市区町村コード": 205, "所在地": "愛媛県新居浜市萩生５０９番地の１", "緯度": 33.929296, "経度": 133.271494, "url": "https://www.iryou.teikyouseido.mhlw.go.jp/znk-web/juminkanja/S2430/initialize?prefCd=38&kikanCd=3385207510&kikanKbn=3", "url2": "http://www.hayashi-shika.net", "内容": "林歯科クリニック【3:歯科】愛媛県新居浜市萩生５０９番地の１" }, "geometry": { "type": "Point", "coordinates": [ 133.271494, 33.929296 ] } },
{ "type": "Feature", "properties": { "ID": 3833385207640, "正式名称": "ふくだ歯科", "機関区分": 3, "都道府県コード": 38, "市区町村コード": 205, "所在地": "愛媛県新居浜市泉宮町１－１１", "緯度": 33.962599, "経度": 133.277353, "url": "https://www.iryou.teikyouseido.mhlw.go.jp/znk-web/juminkanja/S2430/initialize?prefCd=38&kikanCd=3385207640&kikanKbn=3", "url2": null, "内容": "ふくだ歯科【3:歯科】愛媛県新居浜市泉宮町１－１１" }, "geometry": { "type": "Point", "coordinates": [ 133.277353, 33.962599 ] } },
{ "type": "Feature", "properties": { "ID": 3833385207800, "正式名称": "桜木歯科クリニック", "機関区分": 3, "都道府県コード": 38, "市区町村コード": 205, "所在地": "愛媛県新居浜市桜木町１５－１", "緯度": 33.970154, "経度": 133.299101, "url": "https://www.iryou.teikyouseido.mhlw.go.jp/znk-web/juminkanja/S2430/initialize?prefCd=38&kikanCd=3385207800&kikanKbn=3", "url2": null, "内容": "桜木歯科クリニック【3:歯科】愛媛県新居浜市桜木町１５－１" }, "geometry": { "type": "Point", "coordinates": [ 133.299101, 33.970154 ] } },
{ "type": "Feature", "properties": { "ID": 3833385207930, "正式名称": "田口歯科", "機関区分": 3, "都道府県コード": 38, "市区町村コード": 205, "所在地": "愛媛県新居浜市庄内町５丁目２番５１号", "緯度": 33.952461, "経度": 133.290464, "url": "https://www.iryou.teikyouseido.mhlw.go.jp/znk-web/juminkanja/S2430/initialize?prefCd=38&kikanCd=3385207930&kikanKbn=3", "url2": null, "内容": "田口歯科【3:歯科】愛媛県新居浜市庄内町５丁目２番５１号" }, "geometry": { "type": "Point", "coordinates": [ 133.290464, 33.952461 ] } },
{ "type": "Feature", "properties": { "ID": 3833385208070, "正式名称": "そのだ歯科クリニック", "機関区分": 3, "都道府県コード": 38, "市区町村コード": 205, "所在地": "愛媛県新居浜市徳常町９番８号", "緯度": 33.964904, "経度": 133.281408, "url": "https://www.iryou.teikyouseido.mhlw.go.jp/znk-web/juminkanja/S2430/initialize?prefCd=38&kikanCd=3385208070&kikanKbn=3", "url2": null, "内容": "そのだ歯科クリニック【3:歯科】愛媛県新居浜市徳常町９番８号" }, "geometry": { "type": "Point", "coordinates": [ 133.281408, 33.964904 ] } },
{ "type": "Feature", "properties": { "ID": 3833385208100, "正式名称": "こころ歯科医院", "機関区分": 3, "都道府県コード": 38, "市区町村コード": 205, "所在地": "愛媛県新居浜市喜光地町１丁目５－４", "緯度": 33.934935, "経度": 133.296853, "url": "https://www.iryou.teikyouseido.mhlw.go.jp/znk-web/juminkanja/S2430/initialize?prefCd=38&kikanCd=3385208100&kikanKbn=3", "url2": "plus.dentamap.jp/hpplus/user/cocorodc1012/", "内容": "こころ歯科医院【3:歯科】愛媛県新居浜市喜光地町１丁目５－４" }, "geometry": { "type": "Point", "coordinates": [ 133.296853, 33.934935 ] } },
{ "type": "Feature", "properties": { "ID": 3833385300150, "正式名称": "青野歯科医院", "機関区分": 3, "都道府県コード": 38, "市区町村コード": 206, "所在地": "愛媛県西条市氷見丙９９４－１", "緯度": 33.893326, "経度": 133.124869, "url": "https://www.iryou.teikyouseido.mhlw.go.jp/znk-web/juminkanja/S2430/initialize?prefCd=38&kikanCd=3385300150&kikanKbn=3", "url2": null, "内容": "青野歯科医院【3:歯科】愛媛県西条市氷見丙９９４－１" }, "geometry": { "type": "Point", "coordinates": [ 133.124869, 33.893326 ] } },
{ "type": "Feature", "properties": { "ID": 3833385300860, "正式名称": "西原歯科医院", "機関区分": 3, "都道府県コード": 38, "市区町村コード": 206, "所在地": "愛媛県西条市明屋敷１６０－２", "緯度": 33.920518, "経度": 133.181057, "url": "https://www.iryou.teikyouseido.mhlw.go.jp/znk-web/juminkanja/S2430/initialize?prefCd=38&kikanCd=3385300860&kikanKbn=3", "url2": null, "内容": "西原歯科医院【3:歯科】愛媛県西条市明屋敷１６０－２" }, "geometry": { "type": "Point", "coordinates": [ 133.181057, 33.920518 ] } },
{ "type": "Feature", "properties": { "ID": 3833385301450, "正式名称": "神野歯科医院", "機関区分": 3, "都道府県コード": 38, "市区町村コード": 206, "所在地": "愛媛県西条市神拝甲３６８－１", "緯度": 33.91613, "経度": 133.180697, "url": "https://www.iryou.teikyouseido.mhlw.go.jp/znk-web/juminkanja/S2430/initialize?prefCd=38&kikanCd=3385301450&kikanKbn=3", "url2": null, "内容": "神野歯科医院【3:歯科】愛媛県西条市神拝甲３６８－１" }, "geometry": { "type": "Point", "coordinates": [ 133.180697, 33.91613 ] } },
{ "type": "Feature", "properties": { "ID": 3833385301870, "正式名称": "能智歯科医院", "機関区分": 3, "都道府県コード": 38, "市区町村コード": 206, "所在地": "愛媛県西条市氷見乙１００１番地", "緯度": 33.894409, "経度": 133.129702, "url": "https://www.iryou.teikyouseido.mhlw.go.jp/znk-web/juminkanja/S2430/initialize?prefCd=38&kikanCd=3385301870&kikanKbn=3", "url2": null, "内容": "能智歯科医院【3:歯科】愛媛県西条市氷見乙１００１番地" }, "geometry": { "type": "Point", "coordinates": [ 133.129702, 33.894409 ] } },
{ "type": "Feature", "properties": { "ID": 3833385301900, "正式名称": "伊藤歯科クリニック", "機関区分": 3, "都道府県コード": 38, "市区町村コード": 206, "所在地": "愛媛県西条市飯岡１２９５", "緯度": 33.920741, "経度": 133.234997, "url": "https://www.iryou.teikyouseido.mhlw.go.jp/znk-web/juminkanja/S2430/initialize?prefCd=38&kikanCd=3385301900&kikanKbn=3", "url2": null, "内容": "伊藤歯科クリニック【3:歯科】愛媛県西条市飯岡１２９５" }, "geometry": { "type": "Point", "coordinates": [ 133.234997, 33.920741 ] } },
{ "type": "Feature", "properties": { "ID": 3833385302040, "正式名称": "近藤歯科医院", "機関区分": 3, "都道府県コード": 38, "市区町村コード": 206, "所在地": "愛媛県西条市大町字小川８４番１２", "緯度": 33.907492, "経度": 133.192113, "url": "https://www.iryou.teikyouseido.mhlw.go.jp/znk-web/juminkanja/S2430/initialize?prefCd=38&kikanCd=3385302040&kikanKbn=3", "url2": null, "内容": "近藤歯科医院【3:歯科】愛媛県西条市大町字小川８４番１２" }, "geometry": { "type": "Point", "coordinates": [ 133.192113, 33.907492 ] } },
{ "type": "Feature", "properties": { "ID": 3833385302170, "正式名称": "渡辺歯科医院", "機関区分": 3, "都道府県コード": 38, "市区町村コード": 206, "所在地": "愛媛県西条市神拝甲２７６－１", "緯度": 33.913824, "経度": 133.181974, "url": "https://www.iryou.teikyouseido.mhlw.go.jp/znk-web/juminkanja/S2430/initialize?prefCd=38&kikanCd=3385302170&kikanKbn=3", "url2": null, "内容": "渡辺歯科医院【3:歯科】愛媛県西条市神拝甲２７６－１" }, "geometry": { "type": "Point", "coordinates": [ 133.181974, 33.913824 ] } },
{ "type": "Feature", "properties": { "ID": 3833385302200, "正式名称": "たちばな歯科医院", "機関区分": 3, "都道府県コード": 38, "市区町村コード": 206, "所在地": "愛媛県西条市楢木２５１番地の２", "緯度": 33.894826, "経度": 133.144339, "url": "https://www.iryou.teikyouseido.mhlw.go.jp/znk-web/juminkanja/S2430/initialize?prefCd=38&kikanCd=3385302200&kikanKbn=3", "url2": "https://tachibana-saijo.jp/", "内容": "たちばな歯科医院【3:歯科】愛媛県西条市楢木２５１番地の２" }, "geometry": { "type": "Point", "coordinates": [ 133.144339, 33.894826 ] } },
{ "type": "Feature", "properties": { "ID": 3833385302460, "正式名称": "堀江歯科医院", "機関区分": 3, "都道府県コード": 38, "市区町村コード": 206, "所在地": "愛媛県西条市神拝甲４４１の３", "緯度": 33.915185, "経度": 133.177558, "url": "https://www.iryou.teikyouseido.mhlw.go.jp/znk-web/juminkanja/S2430/initialize?prefCd=38&kikanCd=3385302460&kikanKbn=3", "url2": "https://www.horie-dental.jp/", "内容": "堀江歯科医院【3:歯科】愛媛県西条市神拝甲４４１の３" }, "geometry": { "type": "Point", "coordinates": [ 133.177558, 33.915185 ] } },
{ "type": "Feature", "properties": { "ID": 3833385302620, "正式名称": "行本歯科医院", "機関区分": 3, "都道府県コード": 38, "市区町村コード": 206, "所在地": "愛媛県西条市大町１６８５番地", "緯度": 33.91763, "経度": 133.183585, "url": "https://www.iryou.teikyouseido.mhlw.go.jp/znk-web/juminkanja/S2430/initialize?prefCd=38&kikanCd=3385302620&kikanKbn=3", "url2": null, "内容": "行本歯科医院【3:歯科】愛媛県西条市大町１６８５番地" }, "geometry": { "type": "Point", "coordinates": [ 133.183585, 33.91763 ] } },
{ "type": "Feature", "properties": { "ID": 3833385302880, "正式名称": "医療法人純歯会にいぼり歯科", "機関区分": 3, "都道府県コード": 38, "市区町村コード": 206, "所在地": "愛媛県西条市洲之内甲３０３番地４", "緯度": 33.899131, "経度": 133.176225, "url": "https://www.iryou.teikyouseido.mhlw.go.jp/znk-web/juminkanja/S2430/initialize?prefCd=38&kikanCd=3385302880&kikanKbn=3", "url2": "https://niibori-dental.com", "内容": "医療法人純歯会にいぼり歯科【3:歯科】愛媛県西条市洲之内甲３０３番地４" }, "geometry": { "type": "Point", "coordinates": [ 133.176225, 33.899131 ] } },
{ "type": "Feature", "properties": { "ID": 3833385302910, "正式名称": "まなべ矯正歯科", "機関区分": 3, "都道府県コード": 38, "市区町村コード": 206, "所在地": "愛媛県西条市喜多川８０３－５", "緯度": 33.923462, "経度": 133.168503, "url": "https://www.iryou.teikyouseido.mhlw.go.jp/znk-web/juminkanja/S2430/initialize?prefCd=38&kikanCd=3385302910&kikanKbn=3", "url2": "http://www.saishika.jp", "内容": "まなべ矯正歯科【3:歯科】愛媛県西条市喜多川８０３－５" }, "geometry": { "type": "Point", "coordinates": [ 133.168503, 33.923462 ] } },
{ "type": "Feature", "properties": { "ID": 3833385303050, "正式名称": "清水歯科医院", "機関区分": 3, "都道府県コード": 38, "市区町村コード": 206, "所在地": "愛媛県西条市壬生川３４２番地", "緯度": 33.937153, "経度": 133.08462, "url": "https://www.iryou.teikyouseido.mhlw.go.jp/znk-web/juminkanja/S2430/initialize?prefCd=38&kikanCd=3385303050&kikanKbn=3", "url2": "http://shimizushika.net/", "内容": "清水歯科医院【3:歯科】愛媛県西条市壬生川３４２番地" }, "geometry": { "type": "Point", "coordinates": [ 133.08462, 33.937153 ] } },
{ "type": "Feature", "properties": { "ID": 3833385303180, "正式名称": "さかもと歯科医院", "機関区分": 3, "都道府県コード": 38, "市区町村コード": 206, "所在地": "愛媛県西条市下島山甲１４５９－６", "緯度": 33.929906, "経度": 133.205749, "url": "https://www.iryou.teikyouseido.mhlw.go.jp/znk-web/juminkanja/S2430/initialize?prefCd=38&kikanCd=3385303180&kikanKbn=3", "url2": null, "内容": "さかもと歯科医院【3:歯科】愛媛県西条市下島山甲１４５９－６" }, "geometry": { "type": "Point", "coordinates": [ 133.205749, 33.929906 ] } },
{ "type": "Feature", "properties": { "ID": 3833385303210, "正式名称": "よしもと歯科", "機関区分": 3, "都道府県コード": 38, "市区町村コード": 206, "所在地": "愛媛県西条市小松町新屋敷甲４７０番地の３", "緯度": 33.897269, "経度": 133.113231, "url": "https://www.iryou.teikyouseido.mhlw.go.jp/znk-web/juminkanja/S2430/initialize?prefCd=38&kikanCd=3385303210&kikanKbn=3", "url2": null, "内容": "よしもと歯科【3:歯科】愛媛県西条市小松町新屋敷甲４７０番地の３" }, "geometry": { "type": "Point", "coordinates": [ 133.113231, 33.897269 ] } },
{ "type": "Feature", "properties": { "ID": 3833385303340, "正式名称": "若原歯科クリニック", "機関区分": 3, "都道府県コード": 38, "市区町村コード": 206, "所在地": "愛媛県西条市玉津２８０－８", "緯度": 33.922879, "経度": 133.197334, "url": "https://www.iryou.teikyouseido.mhlw.go.jp/znk-web/juminkanja/S2430/initialize?prefCd=38&kikanCd=3385303340&kikanKbn=3", "url2": "http://www.wakahara-dc.com/", "内容": "若原歯科クリニック【3:歯科】愛媛県西条市玉津２８０－８" }, "geometry": { "type": "Point", "coordinates": [ 133.197334, 33.922879 ] } },
{ "type": "Feature", "properties": { "ID": 3833385303470, "正式名称": "まつまえ歯科医院", "機関区分": 3, "都道府県コード": 38, "市区町村コード": 206, "所在地": "愛媛県西条市古川甲２２９番地", "緯度": 33.914963, "経度": 133.16192, "url": "https://www.iryou.teikyouseido.mhlw.go.jp/znk-web/juminkanja/S2430/initialize?prefCd=38&kikanCd=3385303470&kikanKbn=3", "url2": null, "内容": "まつまえ歯科医院【3:歯科】愛媛県西条市古川甲２２９番地" }, "geometry": { "type": "Point", "coordinates": [ 133.16192, 33.914963 ] } },
{ "type": "Feature", "properties": { "ID": 3833385303500, "正式名称": "サンデンタルクリニック", "機関区分": 3, "都道府県コード": 38, "市区町村コード": 206, "所在地": "愛媛県西条市周布５９９番１", "緯度": 33.926127, "経度": 133.081732, "url": "https://www.iryou.teikyouseido.mhlw.go.jp/znk-web/juminkanja/S2430/initialize?prefCd=38&kikanCd=3385303500&kikanKbn=3", "url2": null, "内容": "サンデンタルクリニック【3:歯科】愛媛県西条市周布５９９番１" }, "geometry": { "type": "Point", "coordinates": [ 133.081732, 33.926127 ] } },
{ "type": "Feature", "properties": { "ID": 3833385303630, "正式名称": "みどり歯科医院", "機関区分": 3, "都道府県コード": 38, "市区町村コード": 206, "所在地": "愛媛県西条市飯岡２０２６－４", "緯度": 33.917816, "経度": 133.223977, "url": "https://www.iryou.teikyouseido.mhlw.go.jp/znk-web/juminkanja/S2430/initialize?prefCd=38&kikanCd=3385303630&kikanKbn=3", "url2": "http://www.midori-do.jp", "内容": "みどり歯科医院【3:歯科】愛媛県西条市飯岡２０２６－４" }, "geometry": { "type": "Point", "coordinates": [ 133.223977, 33.917816 ] } },
{ "type": "Feature", "properties": { "ID": 3833385303760, "正式名称": "まゆみ歯科クリニック", "機関区分": 3, "都道府県コード": 38, "市区町村コード": 206, "所在地": "愛媛県西条市楠甲１４８－４", "緯度": 33.95854, "経度": 133.062566, "url": "https://www.iryou.teikyouseido.mhlw.go.jp/znk-web/juminkanja/S2430/initialize?prefCd=38&kikanCd=3385303760&kikanKbn=3", "url2": null, "内容": "まゆみ歯科クリニック【3:歯科】愛媛県西条市楠甲１４８－４" }, "geometry": { "type": "Point", "coordinates": [ 133.062566, 33.95854 ] } },
{ "type": "Feature", "properties": { "ID": 3833385303890, "正式名称": "たからだ歯科クリニック", "機関区分": 3, "都道府県コード": 38, "市区町村コード": 206, "所在地": "愛媛県西条市大町８５６－１", "緯度": 33.912797, "経度": 133.186863, "url": "https://www.iryou.teikyouseido.mhlw.go.jp/znk-web/juminkanja/S2430/initialize?prefCd=38&kikanCd=3385303890&kikanKbn=3", "url2": null, "内容": "たからだ歯科クリニック【3:歯科】愛媛県西条市大町８５６－１" }, "geometry": { "type": "Point", "coordinates": [ 133.186863, 33.912797 ] } },
{ "type": "Feature", "properties": { "ID": 3833385303920, "正式名称": "吉本歯科", "機関区分": 3, "都道府県コード": 38, "市区町村コード": 206, "所在地": "愛媛県西条市北条１６５１－３", "緯度": 33.928404, "経度": 133.089342, "url": "https://www.iryou.teikyouseido.mhlw.go.jp/znk-web/juminkanja/S2430/initialize?prefCd=38&kikanCd=3385303920&kikanKbn=3", "url2": "http://www.yoshimoto-dental.com/", "内容": "吉本歯科【3:歯科】愛媛県西条市北条１６５１－３" }, "geometry": { "type": "Point", "coordinates": [ 133.089342, 33.928404 ] } },
{ "type": "Feature", "properties": { "ID": 3833385401350, "正式名称": "大谷歯科医院", "機関区分": 3, "都道府県コード": 38, "市区町村コード": 206, "所在地": "愛媛県西条市丹原町今井３７６－１", "緯度": 33.901296, "経度": 133.05843, "url": "https://www.iryou.teikyouseido.mhlw.go.jp/znk-web/juminkanja/S2430/initialize?prefCd=38&kikanCd=3385401350&kikanKbn=3", "url2": "http://www.ohtani-shika.jp/", "内容": "大谷歯科医院【3:歯科】愛媛県西条市丹原町今井３７６－１" }, "geometry": { "type": "Point", "coordinates": [ 133.05843, 33.901296 ] } },
{ "type": "Feature", "properties": { "ID": 3833385401480, "正式名称": "徳永歯科", "機関区分": 3, "都道府県コード": 38, "市区町村コード": 206, "所在地": "愛媛県西条市丹原町高松甲５６－１", "緯度": 33.903018, "経度": 133.049764, "url": "https://www.iryou.teikyouseido.mhlw.go.jp/znk-web/juminkanja/S2430/initialize?prefCd=38&kikanCd=3385401480&kikanKbn=3", "url2": "tk-dent.com/", "内容": "徳永歯科【3:歯科】愛媛県西条市丹原町高松甲５６－１" }, "geometry": { "type": "Point", "coordinates": [ 133.049764, 33.903018 ] } },
{ "type": "Feature", "properties": { "ID": 3833385401510, "正式名称": "佐伯孝歯科医院", "機関区分": 3, "都道府県コード": 38, "市区町村コード": 206, "所在地": "愛媛県西条市丹原町池田１６６１－７", "緯度": 33.908573, "経度": 133.067901, "url": "https://www.iryou.teikyouseido.mhlw.go.jp/znk-web/juminkanja/S2430/initialize?prefCd=38&kikanCd=3385401510&kikanKbn=3", "url2": null, "内容": "佐伯孝歯科医院【3:歯科】愛媛県西条市丹原町池田１６６１－７" }, "geometry": { "type": "Point", "coordinates": [ 133.067901, 33.908573 ] } },
{ "type": "Feature", "properties": { "ID": 3833385401770, "正式名称": "東予歯科", "機関区分": 3, "都道府県コード": 38, "市区町村コード": 206, "所在地": "愛媛県西条市周布６２５－５", "緯度": 33.922572, "経度": 133.081482, "url": "https://www.iryou.teikyouseido.mhlw.go.jp/znk-web/juminkanja/S2430/initialize?prefCd=38&kikanCd=3385401770&kikanKbn=3", "url2": "https://toyoshika.jp/", "内容": "東予歯科【3:歯科】愛媛県西条市周布６２５－５" }, "geometry": { "type": "Point", "coordinates": [ 133.081482, 33.922572 ] } },
{ "type": "Feature", "properties": { "ID": 3833385401800, "正式名称": "月岡歯科医院", "機関区分": 3, "都道府県コード": 38, "市区町村コード": 206, "所在地": "愛媛県西条市北条１４２９番地２", "緯度": 33.929904, "経度": 133.095897, "url": "https://www.iryou.teikyouseido.mhlw.go.jp/znk-web/juminkanja/S2430/initialize?prefCd=38&kikanCd=3385401800&kikanKbn=3", "url2": null, "内容": "月岡歯科医院【3:歯科】愛媛県西条市北条１４２９番地２" }, "geometry": { "type": "Point", "coordinates": [ 133.095897, 33.929904 ] } },
{ "type": "Feature", "properties": { "ID": 3833385402070, "正式名称": "坂見歯科医院", "機関区分": 3, "都道府県コード": 38, "市区町村コード": 206, "所在地": "愛媛県西条市新町２３３番地５", "緯度": 33.933542, "経度": 133.057234, "url": "https://www.iryou.teikyouseido.mhlw.go.jp/znk-web/juminkanja/S2430/initialize?prefCd=38&kikanCd=3385402070&kikanKbn=3", "url2": "http://user.shikoku.ne.jp/masakidc/", "内容": "坂見歯科医院【3:歯科】愛媛県西条市新町２３３番地５" }, "geometry": { "type": "Point", "coordinates": [ 133.057234, 33.933542 ] } },
{ "type": "Feature", "properties": { "ID": 3833385402490, "正式名称": "たかはし歯科", "機関区分": 3, "都道府県コード": 38, "市区町村コード": 206, "所在地": "愛媛県西条市周布８２２番地２", "緯度": 33.916378, "経度": 133.079566, "url": "https://www.iryou.teikyouseido.mhlw.go.jp/znk-web/juminkanja/S2430/initialize?prefCd=38&kikanCd=3385402490&kikanKbn=3", "url2": "http://haisha-yoyaku.jp/bun2sdental/detail/index/id/3831230234", "内容": "たかはし歯科【3:歯科】愛媛県西条市周布８２２番地２" }, "geometry": { "type": "Point", "coordinates": [ 133.079566, 33.916378 ] } },
{ "type": "Feature", "properties": { "ID": 3833385402650, "正式名称": "いわね歯科医院", "機関区分": 3, "都道府県コード": 38, "市区町村コード": 206, "所在地": "愛媛県西条市小松町大頭甲１０４０の３", "緯度": 33.883715, "経度": 133.074124, "url": "https://www.iryou.teikyouseido.mhlw.go.jp/znk-web/juminkanja/S2430/initialize?prefCd=38&kikanCd=3385402650&kikanKbn=3", "url2": null, "内容": "いわね歯科医院【3:歯科】愛媛県西条市小松町大頭甲１０４０の３" }, "geometry": { "type": "Point", "coordinates": [ 133.074124, 33.883715 ] } },
{ "type": "Feature", "properties": { "ID": 3833385402780, "正式名称": "古味歯科医院", "機関区分": 3, "都道府県コード": 38, "市区町村コード": 206, "所在地": "愛媛県西条市壬生川９２－５", "緯度": 33.934289, "経度": 133.082697, "url": "https://www.iryou.teikyouseido.mhlw.go.jp/znk-web/juminkanja/S2430/initialize?prefCd=38&kikanCd=3385402780&kikanKbn=3", "url2": "www.komisika.com", "内容": "古味歯科医院【3:歯科】愛媛県西条市壬生川９２－５" }, "geometry": { "type": "Point", "coordinates": [ 133.082697, 33.934289 ] } },
{ "type": "Feature", "properties": { "ID": 3833385402940, "正式名称": "玉井歯科", "機関区分": 3, "都道府県コード": 38, "市区町村コード": 206, "所在地": "愛媛県西条市丹原町北田野７６８番地１", "緯度": 33.889352, "経度": 133.051931, "url": "https://www.iryou.teikyouseido.mhlw.go.jp/znk-web/juminkanja/S2430/initialize?prefCd=38&kikanCd=3385402940&kikanKbn=3", "url2": "www.tamaishika.com/", "内容": "玉井歯科【3:歯科】愛媛県西条市丹原町北田野７６８番地１" }, "geometry": { "type": "Point", "coordinates": [ 133.051931, 33.889352 ] } },
{ "type": "Feature", "properties": { "ID": 3833385403080, "正式名称": "医療法人周健歯会藤岡歯科", "機関区分": 3, "都道府県コード": 38, "市区町村コード": 206, "所在地": "愛媛県西条市周布１７７５－２", "緯度": 33.914322, "経度": 133.071761, "url": "https://www.iryou.teikyouseido.mhlw.go.jp/znk-web/juminkanja/S2430/initialize?prefCd=38&kikanCd=3385403080&kikanKbn=3", "url2": null, "内容": "医療法人周健歯会藤岡歯科【3:歯科】愛媛県西条市周布１７７５－２" }, "geometry": { "type": "Point", "coordinates": [ 133.071761, 33.914322 ] } },
{ "type": "Feature", "properties": { "ID": 3833385403110, "正式名称": "黒河歯科医院", "機関区分": 3, "都道府県コード": 38, "市区町村コード": 206, "所在地": "愛媛県西条市丹原町古田甲７９３－２", "緯度": 33.909467, "経度": 133.046954, "url": "https://www.iryou.teikyouseido.mhlw.go.jp/znk-web/juminkanja/S2430/initialize?prefCd=38&kikanCd=3385403110&kikanKbn=3", "url2": null, "内容": "黒河歯科医院【3:歯科】愛媛県西条市丹原町古田甲７９３－２" }, "geometry": { "type": "Point", "coordinates": [ 133.046954, 33.909467 ] } },
{ "type": "Feature", "properties": { "ID": 3833385403240, "正式名称": "青野歯科クリニック", "機関区分": 3, "都道府県コード": 38, "市区町村コード": 206, "所在地": "愛媛県西条市石田１６５－３", "緯度": 33.916184, "経度": 133.104258, "url": "https://www.iryou.teikyouseido.mhlw.go.jp/znk-web/juminkanja/S2430/initialize?prefCd=38&kikanCd=3385403240&kikanKbn=3", "url2": null, "内容": "青野歯科クリニック【3:歯科】愛媛県西条市石田１６５－３" }, "geometry": { "type": "Point", "coordinates": [ 133.104258, 33.916184 ] } },
{ "type": "Feature", "properties": { "ID": 3833385500370, "正式名称": "井出歯科医院", "機関区分": 3, "都道府県コード": 38, "市区町村コード": 202, "所在地": "愛媛県今治市旭町１－５－７", "緯度": 34.064138, "経度": 133.000566, "url": "https://www.iryou.teikyouseido.mhlw.go.jp/znk-web/juminkanja/S2430/initialize?prefCd=38&kikanCd=3385500370&kikanKbn=3", "url2": null, "内容": "井出歯科医院【3:歯科】愛媛県今治市旭町１－５－７" }, "geometry": { "type": "Point", "coordinates": [ 133.000566, 34.064138 ] } },
{ "type": "Feature", "properties": { "ID": 3833385500530, "正式名称": "馬越歯科医院", "機関区分": 3, "都道府県コード": 38, "市区町村コード": 202, "所在地": "愛媛県今治市別宮町１－１－１６", "緯度": 34.065844, "経度": 132.998785, "url": "https://www.iryou.teikyouseido.mhlw.go.jp/znk-web/juminkanja/S2430/initialize?prefCd=38&kikanCd=3385500530&kikanKbn=3", "url2": "umakoshi-dental.com", "内容": "馬越歯科医院【3:歯科】愛媛県今治市別宮町１－１－１６" }, "geometry": { "type": "Point", "coordinates": [ 132.998785, 34.065844 ] } },
{ "type": "Feature", "properties": { "ID": 3833385500790, "正式名称": "小澤歯科医院", "機関区分": 3, "都道府県コード": 38, "市区町村コード": 202, "所在地": "愛媛県今治市通町１－３－８", "緯度": 34.066722, "経度": 133.00326, "url": "https://www.iryou.teikyouseido.mhlw.go.jp/znk-web/juminkanja/S2430/initialize?prefCd=38&kikanCd=3385500790&kikanKbn=3", "url2": null, "内容": "小澤歯科医院【3:歯科】愛媛県今治市通町１－３－８" }, "geometry": { "type": "Point", "coordinates": [ 133.00326, 34.066722 ] } },
{ "type": "Feature", "properties": { "ID": 3833385501670, "正式名称": "丹歯科医院", "機関区分": 3, "都道府県コード": 38, "市区町村コード": 202, "所在地": "愛媛県今治市黄金町３－４－１", "緯度": 34.061944, "経度": 133.005927, "url": "https://www.iryou.teikyouseido.mhlw.go.jp/znk-web/juminkanja/S2430/initialize?prefCd=38&kikanCd=3385501670&kikanKbn=3", "url2": "http://www.tan-dc.com", "内容": "丹歯科医院【3:歯科】愛媛県今治市黄金町３－４－１" }, "geometry": { "type": "Point", "coordinates": [ 133.005927, 34.061944 ] } },
{ "type": "Feature", "properties": { "ID": 3833385501700, "正式名称": "竹内歯科医院", "機関区分": 3, "都道府県コード": 38, "市区町村コード": 202, "所在地": "愛媛県今治市泉川町１－１－７", "緯度": 34.05725, "経度": 132.998066, "url": "https://www.iryou.teikyouseido.mhlw.go.jp/znk-web/juminkanja/S2430/initialize?prefCd=38&kikanCd=3385501700&kikanKbn=3", "url2": null, "内容": "竹内歯科医院【3:歯科】愛媛県今治市泉川町１－１－７" }, "geometry": { "type": "Point", "coordinates": [ 132.998066, 34.05725 ] } },
{ "type": "Feature", "properties": { "ID": 3833385502260, "正式名称": "博愛歯科小児・矯正歯科医院", "機関区分": 3, "都道府県コード": 38, "市区町村コード": 202, "所在地": "愛媛県今治市旭町１丁目５－１８", "緯度": 34.064583, "経度": 133.000316, "url": "https://www.iryou.teikyouseido.mhlw.go.jp/znk-web/juminkanja/S2430/initialize?prefCd=38&kikanCd=3385502260&kikanKbn=3", "url2": "https://www.hakuaishika.com/", "内容": "博愛歯科小児・矯正歯科医院【3:歯科】愛媛県今治市旭町１丁目５－１８" }, "geometry": { "type": "Point", "coordinates": [ 133.000316, 34.064583 ] } },
{ "type": "Feature", "properties": { "ID": 38333855031, "正式名称": "林歯科医院", "機関区分": 3, "都道府県コード": 38, "市区町村コード": 202, "所在地": "愛媛県今治市旭町３丁目１－２０", "緯度": 34.062205, "経度": 133.002208, "url": "https://www.iryou.teikyouseido.mhlw.go.jp/znk-web/juminkanja/S2430/initialize?prefCd=38&kikanCd=33855031&kikanKbn=3", "url2": null, "内容": "林歯科医院【3:歯科】愛媛県今治市旭町３丁目１－２０" }, "geometry": { "type": "Point", "coordinates": [ 133.002208, 34.062205 ] } },
{ "type": "Feature", "properties": { "ID": 3833385503140, "正式名称": "林歯科医院", "機関区分": 3, "都道府県コード": 38, "市区町村コード": 202, "所在地": "愛媛県今治市旭町３―１―２０", "緯度": 34.062222, "経度": 133.002205, "url": "https://www.iryou.teikyouseido.mhlw.go.jp/znk-web/juminkanja/S2430/initialize?prefCd=38&kikanCd=3385503140&kikanKbn=3", "url2": null, "内容": "林歯科医院【3:歯科】愛媛県今治市旭町３―１―２０" }, "geometry": { "type": "Point", "coordinates": [ 133.002205, 34.062222 ] } },
{ "type": "Feature", "properties": { "ID": 3833385503300, "正式名称": "藤沢歯科", "機関区分": 3, "都道府県コード": 38, "市区町村コード": 202, "所在地": "愛媛県今治市通町２－３－３３", "緯度": 34.065138, "経度": 133.005788, "url": "https://www.iryou.teikyouseido.mhlw.go.jp/znk-web/juminkanja/S2430/initialize?prefCd=38&kikanCd=3385503300&kikanKbn=3", "url2": null, "内容": "藤沢歯科【3:歯科】愛媛県今治市通町２－３－３３" }, "geometry": { "type": "Point", "coordinates": [ 133.005788, 34.065138 ] } },
{ "type": "Feature", "properties": { "ID": 3833385503430, "正式名称": "山本歯科医院", "機関区分": 3, "都道府県コード": 38, "市区町村コード": 202, "所在地": "愛媛県今治市大正町３－１－１３", "緯度": 34.069221, "経度": 132.997955, "url": "https://www.iryou.teikyouseido.mhlw.go.jp/znk-web/juminkanja/S2430/initialize?prefCd=38&kikanCd=3385503430&kikanKbn=3", "url2": "htt://nttbj.tp.ne.jp/0898326233/", "内容": "山本歯科医院【3:歯科】愛媛県今治市大正町３－１－１３" }, "geometry": { "type": "Point", "coordinates": [ 132.997955, 34.069221 ] } },
{ "type": "Feature", "properties": { "ID": 3833385503560, "正式名称": "医療法人小山歯科医院", "機関区分": 3, "都道府県コード": 38, "市区町村コード": 202, "所在地": "愛媛県今治市立花町３－７－４１", "緯度": 34.050251, "経度": 132.998789, "url": "https://www.iryou.teikyouseido.mhlw.go.jp/znk-web/juminkanja/S2430/initialize?prefCd=38&kikanCd=3385503560&kikanKbn=3", "url2": "https://www.dental-koyama.com", "内容": "医療法人小山歯科医院【3:歯科】愛媛県今治市立花町３－７－４１" }, "geometry": { "type": "Point", "coordinates": [ 132.998789, 34.050251 ] } },
{ "type": "Feature", "properties": { "ID": 3833385503690, "正式名称": "矢原歯科医院", "機関区分": 3, "都道府県コード": 38, "市区町村コード": 202, "所在地": "愛媛県今治市中日吉町３丁目６番３７号", "緯度": 34.057667, "経度": 132.988095, "url": "https://www.iryou.teikyouseido.mhlw.go.jp/znk-web/juminkanja/S2430/initialize?prefCd=38&kikanCd=3385503690&kikanKbn=3", "url2": "http://www.yaharashika.com/", "内容": "矢原歯科医院【3:歯科】愛媛県今治市中日吉町３丁目６番３７号" }, "geometry": { "type": "Point", "coordinates": [ 132.988095, 34.057667 ] } },
{ "type": "Feature", "properties": { "ID": 3833385503720, "正式名称": "きぬぼし歯科", "機関区分": 3, "都道府県コード": 38, "市区町村コード": 202, "所在地": "愛媛県今治市衣干町３－２－８", "緯度": 34.048149, "経度": 133.017002, "url": "https://www.iryou.teikyouseido.mhlw.go.jp/znk-web/juminkanja/S2430/initialize?prefCd=38&kikanCd=3385503720&kikanKbn=3", "url2": "http://kinuboshi.com/", "内容": "きぬぼし歯科【3:歯科】愛媛県今治市衣干町３－２－８" }, "geometry": { "type": "Point", "coordinates": [ 133.017002, 34.048149 ] } },
{ "type": "Feature", "properties": { "ID": 3833385503850, "正式名称": "医療法人医座会大内歯科医院", "機関区分": 3, "都道府県コード": 38, "市区町村コード": 202, "所在地": "愛媛県今治市松本町２－１－７", "緯度": 34.064027, "経度": 133.001982, "url": "https://www.iryou.teikyouseido.mhlw.go.jp/znk-web/juminkanja/S2430/initialize?prefCd=38&kikanCd=3385503850&kikanKbn=3", "url2": null, "内容": "医療法人医座会大内歯科医院【3:歯科】愛媛県今治市松本町２－１－７" }, "geometry": { "type": "Point", "coordinates": [ 133.001982, 34.064027 ] } },
{ "type": "Feature", "properties": { "ID": 3833385504150, "正式名称": "医療法人　村瀬歯科医院", "機関区分": 3, "都道府県コード": 38, "市区町村コード": 202, "所在地": "愛媛県今治市郷本町３－２－１０", "緯度": 34.04664, "経度": 132.993123, "url": "https://www.iryou.teikyouseido.mhlw.go.jp/znk-web/juminkanja/S2430/initialize?prefCd=38&kikanCd=3385504150&kikanKbn=3", "url2": null, "内容": "医療法人　村瀬歯科医院【3:歯科】愛媛県今治市郷本町３－２－１０" }, "geometry": { "type": "Point", "coordinates": [ 132.993123, 34.04664 ] } },
{ "type": "Feature", "properties": { "ID": 3833385504280, "正式名称": "医療法人　共栄歯科医院", "機関区分": 3, "都道府県コード": 38, "市区町村コード": 202, "所在地": "愛媛県今治市共栄町２―２―３７", "緯度": 34.068638, "経度": 132.999732, "url": "https://www.iryou.teikyouseido.mhlw.go.jp/znk-web/juminkanja/S2430/initialize?prefCd=38&kikanCd=3385504280&kikanKbn=3", "url2": null, "内容": "医療法人　共栄歯科医院【3:歯科】愛媛県今治市共栄町２―２―３７" }, "geometry": { "type": "Point", "coordinates": [ 132.999732, 34.068638 ] } },
{ "type": "Feature", "properties": { "ID": 3833385504440, "正式名称": "清水歯科医院", "機関区分": 3, "都道府県コード": 38, "市区町村コード": 202, "所在地": "愛媛県今治市阿方甲５８１－３", "緯度": 34.060917, "経度": 132.96439, "url": "https://www.iryou.teikyouseido.mhlw.go.jp/znk-web/juminkanja/S2430/initialize?prefCd=38&kikanCd=3385504440&kikanKbn=3", "url2": null, "内容": "清水歯科医院【3:歯科】愛媛県今治市阿方甲５８１－３" }, "geometry": { "type": "Point", "coordinates": [ 132.96439, 34.060917 ] } },
{ "type": "Feature", "properties": { "ID": 3833385504600, "正式名称": "中平歯科医院", "機関区分": 3, "都道府県コード": 38, "市区町村コード": 202, "所在地": "愛媛県今治市大新田町４－２－１３", "緯度": 34.082858, "経度": 132.991816, "url": "https://www.iryou.teikyouseido.mhlw.go.jp/znk-web/juminkanja/S2430/initialize?prefCd=38&kikanCd=3385504600&kikanKbn=3", "url2": "http://www.nakahirashika.com", "内容": "中平歯科医院【3:歯科】愛媛県今治市大新田町４－２－１３" }, "geometry": { "type": "Point", "coordinates": [ 132.991816, 34.082858 ] } },
{ "type": "Feature", "properties": { "ID": 3833385504730, "正式名称": "宮崎歯科", "機関区分": 3, "都道府県コード": 38, "市区町村コード": 202, "所在地": "愛媛県今治市中日吉町１丁目２番１２号", "緯度": 34.062638, "経度": 132.992817, "url": "https://www.iryou.teikyouseido.mhlw.go.jp/znk-web/juminkanja/S2430/initialize?prefCd=38&kikanCd=3385504730&kikanKbn=3", "url2": null, "内容": "宮崎歯科【3:歯科】愛媛県今治市中日吉町１丁目２番１２号" }, "geometry": { "type": "Point", "coordinates": [ 132.992817, 34.062638 ] } },
{ "type": "Feature", "properties": { "ID": 3833385504860, "正式名称": "中村歯科", "機関区分": 3, "都道府県コード": 38, "市区町村コード": 202, "所在地": "愛媛県今治市上徳甲４２－４", "緯度": 34.037475, "経度": 133.02176, "url": "https://www.iryou.teikyouseido.mhlw.go.jp/znk-web/juminkanja/S2430/initialize?prefCd=38&kikanCd=3385504860&kikanKbn=3", "url2": null, "内容": "中村歯科【3:歯科】愛媛県今治市上徳甲４２－４" }, "geometry": { "type": "Point", "coordinates": [ 133.02176, 34.037475 ] } },
{ "type": "Feature", "properties": { "ID": 3833385505320, "正式名称": "おおた歯科", "機関区分": 3, "都道府県コード": 38, "市区町村コード": 202, "所在地": "愛媛県今治市別宮町２丁目４－３", "緯度": 34.068244, "経度": 132.99635, "url": "https://www.iryou.teikyouseido.mhlw.go.jp/znk-web/juminkanja/S2430/initialize?prefCd=38&kikanCd=3385505320&kikanKbn=3", "url2": null, "内容": "おおた歯科【3:歯科】愛媛県今治市別宮町２丁目４－３" }, "geometry": { "type": "Point", "coordinates": [ 132.99635, 34.068244 ] } },
{ "type": "Feature", "properties": { "ID": 3833385505450, "正式名称": "杉野歯科医院", "機関区分": 3, "都道府県コード": 38, "市区町村コード": 202, "所在地": "愛媛県今治市地堀１丁目３番１４号", "緯度": 34.105106, "経度": 132.96515, "url": "https://www.iryou.teikyouseido.mhlw.go.jp/znk-web/juminkanja/S2430/initialize?prefCd=38&kikanCd=3385505450&kikanKbn=3", "url2": null, "内容": "杉野歯科医院【3:歯科】愛媛県今治市地堀１丁目３番１４号" }, "geometry": { "type": "Point", "coordinates": [ 132.96515, 34.105106 ] } },
{ "type": "Feature", "properties": { "ID": 3833385505580, "正式名称": "まき歯科", "機関区分": 3, "都道府県コード": 38, "市区町村コード": 202, "所在地": "愛媛県今治市中寺３４２", "緯度": 34.036169, "経度": 132.992846, "url": "https://www.iryou.teikyouseido.mhlw.go.jp/znk-web/juminkanja/S2430/initialize?prefCd=38&kikanCd=3385505580&kikanKbn=3", "url2": "https://www.makishika-imabari.com", "内容": "まき歯科【3:歯科】愛媛県今治市中寺３４２" }, "geometry": { "type": "Point", "coordinates": [ 132.992846, 34.036169 ] } },
{ "type": "Feature", "properties": { "ID": 3833385507210, "正式名称": "神原歯科医院", "機関区分": 3, "都道府県コード": 38, "市区町村コード": 202, "所在地": "愛媛県今治市上浦町井口３８５６", "緯度": 34.266895, "経度": 133.034193, "url": "https://www.iryou.teikyouseido.mhlw.go.jp/znk-web/juminkanja/S2430/initialize?prefCd=38&kikanCd=3385507210&kikanKbn=3", "url2": null, "内容": "神原歯科医院【3:歯科】愛媛県今治市上浦町井口３８５６" }, "geometry": { "type": "Point", "coordinates": [ 133.034193, 34.266895 ] } },
{ "type": "Feature", "properties": { "ID": 3833385507500, "正式名称": "日吉歯科医院", "機関区分": 3, "都道府県コード": 38, "市区町村コード": 202, "所在地": "愛媛県今治市常盤町７－１－４１", "緯度": 34.056972, "経度": 132.99015, "url": "https://www.iryou.teikyouseido.mhlw.go.jp/znk-web/juminkanja/S2430/initialize?prefCd=38&kikanCd=3385507500&kikanKbn=3", "url2": "hiyoshi-dental.com", "内容": "日吉歯科医院【3:歯科】愛媛県今治市常盤町７－１－４１" }, "geometry": { "type": "Point", "coordinates": [ 132.99015, 34.056972 ] } },
{ "type": "Feature", "properties": { "ID": 3833385507630, "正式名称": "野間歯科医院", "機関区分": 3, "都道府県コード": 38, "市区町村コード": 202, "所在地": "愛媛県今治市石井町１－１－７１", "緯度": 34.076692, "経度": 132.990983, "url": "https://www.iryou.teikyouseido.mhlw.go.jp/znk-web/juminkanja/S2430/initialize?prefCd=38&kikanCd=3385507630&kikanKbn=3", "url2": null, "内容": "野間歯科医院【3:歯科】愛媛県今治市石井町１－１－７１" }, "geometry": { "type": "Point", "coordinates": [ 132.990983, 34.076692 ] } },
{ "type": "Feature", "properties": { "ID": 3833385507760, "正式名称": "菊間歯科医院", "機関区分": 3, "都道府県コード": 38, "市区町村コード": 202, "所在地": "愛媛県今治市菊間町浜７２２", "緯度": 34.035361, "経度": 132.842386, "url": "https://www.iryou.teikyouseido.mhlw.go.jp/znk-web/juminkanja/S2430/initialize?prefCd=38&kikanCd=3385507760&kikanKbn=3", "url2": null, "内容": "菊間歯科医院【3:歯科】愛媛県今治市菊間町浜７２２" }, "geometry": { "type": "Point", "coordinates": [ 132.842386, 34.035361 ] } },
{ "type": "Feature", "properties": { "ID": 3833385508220, "正式名称": "富田歯科", "機関区分": 3, "都道府県コード": 38, "市区町村コード": 202, "所在地": "愛媛県今治市上徳乙１０４－１", "緯度": 34.035836, "経度": 133.007261, "url": "https://www.iryou.teikyouseido.mhlw.go.jp/znk-web/juminkanja/S2430/initialize?prefCd=38&kikanCd=3385508220&kikanKbn=3", "url2": null, "内容": "富田歯科【3:歯科】愛媛県今治市上徳乙１０４－１" }, "geometry": { "type": "Point", "coordinates": [ 133.007261, 34.035836 ] } },
{ "type": "Feature", "properties": { "ID": 3833385508350, "正式名称": "城東歯科医院", "機関区分": 3, "都道府県コード": 38, "市区町村コード": 202, "所在地": "愛媛県今治市東鳥生町２丁目２－２３", "緯度": 34.055528, "経度": 133.016343, "url": "https://www.iryou.teikyouseido.mhlw.go.jp/znk-web/juminkanja/S2430/initialize?prefCd=38&kikanCd=3385508350&kikanKbn=3", "url2": null, "内容": "城東歯科医院【3:歯科】愛媛県今治市東鳥生町２丁目２－２３" }, "geometry": { "type": "Point", "coordinates": [ 133.016343, 34.055528 ] } },
{ "type": "Feature", "properties": { "ID": 3833385508510, "正式名称": "くにのぶ歯科クリニック", "機関区分": 3, "都道府県コード": 38, "市区町村コード": 202, "所在地": "愛媛県今治市大正町２丁目１－８", "緯度": 34.06786, "経度": 132.998677, "url": "https://www.iryou.teikyouseido.mhlw.go.jp/znk-web/juminkanja/S2430/initialize?prefCd=38&kikanCd=3385508510&kikanKbn=3", "url2": "kuninobu-dental.com", "内容": "くにのぶ歯科クリニック【3:歯科】愛媛県今治市大正町２丁目１－８" }, "geometry": { "type": "Point", "coordinates": [ 132.998677, 34.06786 ] } },
{ "type": "Feature", "properties": { "ID": 3833385508640, "正式名称": "喜多嶋歯科医院", "機関区分": 3, "都道府県コード": 38, "市区町村コード": 202, "所在地": "愛媛県今治市伯方町木浦甲３３９６－２", "緯度": 34.203375, "経度": 133.112133, "url": "https://www.iryou.teikyouseido.mhlw.go.jp/znk-web/juminkanja/S2430/initialize?prefCd=38&kikanCd=3385508640&kikanKbn=3", "url2": null, "内容": "喜多嶋歯科医院【3:歯科】愛媛県今治市伯方町木浦甲３３９６－２" }, "geometry": { "type": "Point", "coordinates": [ 133.112133, 34.203375 ] } },
{ "type": "Feature", "properties": { "ID": 3833385508800, "正式名称": "小林歯科医院", "機関区分": 3, "都道府県コード": 38, "市区町村コード": 202, "所在地": "愛媛県今治市玉川町大野甲１２４－３", "緯度": 34.019337, "経度": 132.942712, "url": "https://www.iryou.teikyouseido.mhlw.go.jp/znk-web/juminkanja/S2430/initialize?prefCd=38&kikanCd=3385508800&kikanKbn=3", "url2": null, "内容": "小林歯科医院【3:歯科】愛媛県今治市玉川町大野甲１２４－３" }, "geometry": { "type": "Point", "coordinates": [ 132.942712, 34.019337 ] } },
{ "type": "Feature", "properties": { "ID": 3833385509100, "正式名称": "山内歯科医院", "機関区分": 3, "都道府県コード": 38, "市区町村コード": 202, "所在地": "愛媛県今治市石橋町１丁目３番２２号", "緯度": 34.047974, "経度": 133.002594, "url": "https://www.iryou.teikyouseido.mhlw.go.jp/znk-web/juminkanja/S2430/initialize?prefCd=38&kikanCd=3385509100&kikanKbn=3", "url2": null, "内容": "山内歯科医院【3:歯科】愛媛県今治市石橋町１丁目３番２２号" }, "geometry": { "type": "Point", "coordinates": [ 133.002594, 34.047974 ] } },
{ "type": "Feature", "properties": { "ID": 3833385509490, "正式名称": "柳原歯科医院", "機関区分": 3, "都道府県コード": 38, "市区町村コード": 202, "所在地": "愛媛県今治市上徳甲３９４－８", "緯度": 34.033225, "経度": 133.013316, "url": "https://www.iryou.teikyouseido.mhlw.go.jp/znk-web/juminkanja/S2430/initialize?prefCd=38&kikanCd=3385509490&kikanKbn=3", "url2": null, "内容": "柳原歯科医院【3:歯科】愛媛県今治市上徳甲３９４－８" }, "geometry": { "type": "Point", "coordinates": [ 133.013316, 34.033225 ] } },
{ "type": "Feature", "properties": { "ID": 3833385509520, "正式名称": "鯉池歯科", "機関区分": 3, "都道府県コード": 38, "市区町村コード": 202, "所在地": "愛媛県今治市鯉池町３丁目１－４３", "緯度": 34.050973, "経度": 132.988179, "url": "https://www.iryou.teikyouseido.mhlw.go.jp/znk-web/juminkanja/S2430/initialize?prefCd=38&kikanCd=3385509520&kikanKbn=3", "url2": null, "内容": "鯉池歯科【3:歯科】愛媛県今治市鯉池町３丁目１－４３" }, "geometry": { "type": "Point", "coordinates": [ 132.988179, 34.050973 ] } },
{ "type": "Feature", "properties": { "ID": 3833385509650, "正式名称": "喜田村歯科医院", "機関区分": 3, "都道府県コード": 38, "市区町村コード": 202, "所在地": "愛媛県今治市喜田村５丁目１６－２９", "緯度": 34.042863, "経度": 133.025259, "url": "https://www.iryou.teikyouseido.mhlw.go.jp/znk-web/juminkanja/S2430/initialize?prefCd=38&kikanCd=3385509650&kikanKbn=3", "url2": "http://dent-kitamura.com", "内容": "喜田村歯科医院【3:歯科】愛媛県今治市喜田村５丁目１６－２９" }, "geometry": { "type": "Point", "coordinates": [ 133.025259, 34.042863 ] } },
{ "type": "Feature", "properties": { "ID": 3833385509780, "正式名称": "河北歯科医院", "機関区分": 3, "都道府県コード": 38, "市区町村コード": 202, "所在地": "愛媛県今治市阿方甲１９６番７", "緯度": 34.06111, "経度": 132.972874, "url": "https://www.iryou.teikyouseido.mhlw.go.jp/znk-web/juminkanja/S2430/initialize?prefCd=38&kikanCd=3385509780&kikanKbn=3", "url2": "http://www.kawakita-dental.com/", "内容": "河北歯科医院【3:歯科】愛媛県今治市阿方甲１９６番７" }, "geometry": { "type": "Point", "coordinates": [ 132.972874, 34.06111 ] } },
{ "type": "Feature", "properties": { "ID": 3833385509940, "正式名称": "タクボ歯科", "機関区分": 3, "都道府県コード": 38, "市区町村コード": 202, "所在地": "愛媛県今治市吉海町本庄２９８３番１", "緯度": 34.150852, "経度": 133.043864, "url": "https://www.iryou.teikyouseido.mhlw.go.jp/znk-web/juminkanja/S2430/initialize?prefCd=38&kikanCd=3385509940&kikanKbn=3", "url2": null, "内容": "タクボ歯科【3:歯科】愛媛県今治市吉海町本庄２９８３番１" }, "geometry": { "type": "Point", "coordinates": [ 133.043864, 34.150852 ] } },
{ "type": "Feature", "properties": { "ID": 3833385510050, "正式名称": "医療法人　こぐま小児歯科", "機関区分": 3, "都道府県コード": 38, "市区町村コード": 202, "所在地": "愛媛県今治市松木３３４－５", "緯度": 34.030031, "経度": 132.999734, "url": "https://www.iryou.teikyouseido.mhlw.go.jp/znk-web/juminkanja/S2430/initialize?prefCd=38&kikanCd=3385510050&kikanKbn=3", "url2": "https://koguma-shika.jp/", "内容": "医療法人　こぐま小児歯科【3:歯科】愛媛県今治市松木３３４－５" }, "geometry": { "type": "Point", "coordinates": [ 132.999734, 34.030031 ] } },
{ "type": "Feature", "properties": { "ID": 3833385510210, "正式名称": "山田歯科医院", "機関区分": 3, "都道府県コード": 38, "市区町村コード": 202, "所在地": "愛媛県今治市蔵敷町　１丁目７番地の２", "緯度": 34.058639, "経度": 132.999372, "url": "https://www.iryou.teikyouseido.mhlw.go.jp/znk-web/juminkanja/S2430/initialize?prefCd=38&kikanCd=3385510210&kikanKbn=3", "url2": null, "内容": "山田歯科医院【3:歯科】愛媛県今治市蔵敷町　１丁目７番地の２" }, "geometry": { "type": "Point", "coordinates": [ 132.999372, 34.058639 ] } },
{ "type": "Feature", "properties": { "ID": 3833385510340, "正式名称": "別府歯科医院", "機関区分": 3, "都道府県コード": 38, "市区町村コード": 202, "所在地": "愛媛県今治市別名１９９番地６", "緯度": 34.042501, "経度": 132.976763, "url": "https://www.iryou.teikyouseido.mhlw.go.jp/znk-web/juminkanja/S2430/initialize?prefCd=38&kikanCd=3385510340&kikanKbn=3", "url2": null, "内容": "別府歯科医院【3:歯科】愛媛県今治市別名１９９番地６" }, "geometry": { "type": "Point", "coordinates": [ 132.976763, 34.042501 ] } },
{ "type": "Feature", "properties": { "ID": 3833385510470, "正式名称": "しぶたに歯科医院", "機関区分": 3, "都道府県コード": 38, "市区町村コード": 202, "所在地": "愛媛県今治市伯方町木浦甲１２２９番地７号", "緯度": 34.204431, "経度": 133.1138, "url": "https://www.iryou.teikyouseido.mhlw.go.jp/znk-web/juminkanja/S2430/initialize?prefCd=38&kikanCd=3385510470&kikanKbn=3", "url2": null, "内容": "しぶたに歯科医院【3:歯科】愛媛県今治市伯方町木浦甲１２２９番地７号" }, "geometry": { "type": "Point", "coordinates": [ 133.1138, 34.204431 ] } },
{ "type": "Feature", "properties": { "ID": 3833385510500, "正式名称": "小泉歯科医院", "機関区分": 3, "都道府県コード": 38, "市区町村コード": 202, "所在地": "愛媛県今治市小泉４丁目５－１０", "緯度": 34.047529, "経度": 132.981624, "url": "https://www.iryou.teikyouseido.mhlw.go.jp/znk-web/juminkanja/S2430/initialize?prefCd=38&kikanCd=3385510500&kikanKbn=3", "url2": null, "内容": "小泉歯科医院【3:歯科】愛媛県今治市小泉４丁目５－１０" }, "geometry": { "type": "Point", "coordinates": [ 132.981624, 34.047529 ] } },
{ "type": "Feature", "properties": { "ID": 3833385510630, "正式名称": "岩城歯科診療所", "機関区分": 3, "都道府県コード": 38, "市区町村コード": 356, "所在地": "愛媛県越智郡上島町岩城２１２３の１", "緯度": 34.245594, "経度": 133.144046, "url": "https://www.iryou.teikyouseido.mhlw.go.jp/znk-web/juminkanja/S2430/initialize?prefCd=38&kikanCd=3385510630&kikanKbn=3", "url2": null, "内容": "岩城歯科診療所【3:歯科】愛媛県越智郡上島町岩城２１２３の１" }, "geometry": { "type": "Point", "coordinates": [ 133.144046, 34.245594 ] } },
{ "type": "Feature", "properties": { "ID": 3833385510760, "正式名称": "鳥生歯科医院", "機関区分": 3, "都道府県コード": 38, "市区町村コード": 202, "所在地": "愛媛県今治市北高下町３丁目３番２９号", "緯度": 34.049807, "経度": 133.010455, "url": "https://www.iryou.teikyouseido.mhlw.go.jp/znk-web/juminkanja/S2430/initialize?prefCd=38&kikanCd=3385510760&kikanKbn=3", "url2": null, "内容": "鳥生歯科医院【3:歯科】愛媛県今治市北高下町３丁目３番２９号" }, "geometry": { "type": "Point", "coordinates": [ 133.010455, 34.049807 ] } },
{ "type": "Feature", "properties": { "ID": 3833385510890, "正式名称": "ビーバー歯科クリニック", "機関区分": 3, "都道府県コード": 38, "市区町村コード": 202, "所在地": "愛媛県今治市波止浜　１－４２０", "緯度": 34.106855, "経度": 132.967567, "url": "https://www.iryou.teikyouseido.mhlw.go.jp/znk-web/juminkanja/S2430/initialize?prefCd=38&kikanCd=3385510890&kikanKbn=3", "url2": null, "内容": "ビーバー歯科クリニック【3:歯科】愛媛県今治市波止浜　１－４２０" }, "geometry": { "type": "Point", "coordinates": [ 132.967567, 34.106855 ] } },
{ "type": "Feature", "properties": { "ID": 3833385510920, "正式名称": "村上歯科医院", "機関区分": 3, "都道府県コード": 38, "市区町村コード": 202, "所在地": "愛媛県今治市吉海町名３０６７番地", "緯度": 34.133854, "経度": 133.039587, "url": "https://www.iryou.teikyouseido.mhlw.go.jp/znk-web/juminkanja/S2430/initialize?prefCd=38&kikanCd=3385510920&kikanKbn=3", "url2": null, "内容": "村上歯科医院【3:歯科】愛媛県今治市吉海町名３０６７番地" }, "geometry": { "type": "Point", "coordinates": [ 133.039587, 34.133854 ] } },
{ "type": "Feature", "properties": { "ID": 3833385511060, "正式名称": "八木歯科医院", "機関区分": 3, "都道府県コード": 38, "市区町村コード": 202, "所在地": "愛媛県今治市延喜乙４７３－２", "緯度": 34.066276, "経度": 132.95718, "url": "https://www.iryou.teikyouseido.mhlw.go.jp/znk-web/juminkanja/S2430/initialize?prefCd=38&kikanCd=3385511060&kikanKbn=3", "url2": null, "内容": "八木歯科医院【3:歯科】愛媛県今治市延喜乙４７３－２" }, "geometry": { "type": "Point", "coordinates": [ 132.95718, 34.066276 ] } },
{ "type": "Feature", "properties": { "ID": 3833385511220, "正式名称": "たちばな歯科", "機関区分": 3, "都道府県コード": 38, "市区町村コード": 202, "所在地": "愛媛県今治市北鳥生町３丁目４－２２", "緯度": 34.052806, "経度": 133.006844, "url": "https://www.iryou.teikyouseido.mhlw.go.jp/znk-web/juminkanja/S2430/initialize?prefCd=38&kikanCd=3385511220&kikanKbn=3", "url2": null, "内容": "たちばな歯科【3:歯科】愛媛県今治市北鳥生町３丁目４－２２" }, "geometry": { "type": "Point", "coordinates": [ 133.006844, 34.052806 ] } },
{ "type": "Feature", "properties": { "ID": 3833385511480, "正式名称": "鴨頭矯正歯科医院", "機関区分": 3, "都道府県コード": 38, "市区町村コード": 202, "所在地": "愛媛県今治市常盤町３丁目６－１６", "緯度": 34.065888, "経度": 132.999455, "url": "https://www.iryou.teikyouseido.mhlw.go.jp/znk-web/juminkanja/S2430/initialize?prefCd=38&kikanCd=3385511480&kikanKbn=3", "url2": null, "内容": "鴨頭矯正歯科医院【3:歯科】愛媛県今治市常盤町３丁目６－１６" }, "geometry": { "type": "Point", "coordinates": [ 132.999455, 34.065888 ] } },
{ "type": "Feature", "properties": { "ID": 3833385511510, "正式名称": "大岡歯科医院", "機関区分": 3, "都道府県コード": 38, "市区町村コード": 202, "所在地": "愛媛県今治市別宮町６丁目１－４", "緯度": 34.071665, "経度": 132.993122, "url": "https://www.iryou.teikyouseido.mhlw.go.jp/znk-web/juminkanja/S2430/initialize?prefCd=38&kikanCd=3385511510&kikanKbn=3", "url2": null, "内容": "大岡歯科医院【3:歯科】愛媛県今治市別宮町６丁目１－４" }, "geometry": { "type": "Point", "coordinates": [ 132.993122, 34.071665 ] } },
{ "type": "Feature", "properties": { "ID": 3833385511640, "正式名称": "赤瀬歯科医院", "機関区分": 3, "都道府県コード": 38, "市区町村コード": 202, "所在地": "愛媛県今治市古国分２丁目１－１３", "緯度": 34.034948, "経度": 133.033981, "url": "https://www.iryou.teikyouseido.mhlw.go.jp/znk-web/juminkanja/S2430/initialize?prefCd=38&kikanCd=3385511640&kikanKbn=3", "url2": null, "内容": "赤瀬歯科医院【3:歯科】愛媛県今治市古国分２丁目１－１３" }, "geometry": { "type": "Point", "coordinates": [ 133.033981, 34.034948 ] } },
{ "type": "Feature", "properties": { "ID": 3833385511800, "正式名称": "瀬野歯科医院", "機関区分": 3, "都道府県コード": 38, "市区町村コード": 202, "所在地": "愛媛県今治市波方町樋口甲１８２９－１", "緯度": 34.098689, "経度": 132.951346, "url": "https://www.iryou.teikyouseido.mhlw.go.jp/znk-web/juminkanja/S2430/initialize?prefCd=38&kikanCd=3385511800&kikanKbn=3", "url2": null, "内容": "瀬野歯科医院【3:歯科】愛媛県今治市波方町樋口甲１８２９－１" }, "geometry": { "type": "Point", "coordinates": [ 132.951346, 34.098689 ] } },
{ "type": "Feature", "properties": { "ID": 3833385511930, "正式名称": "ひかり歯科医院", "機関区分": 3, "都道府県コード": 38, "市区町村コード": 202, "所在地": "愛媛県今治市登畑甲１３１－１", "緯度": 34.020949, "経度": 133.0189, "url": "https://www.iryou.teikyouseido.mhlw.go.jp/znk-web/juminkanja/S2430/initialize?prefCd=38&kikanCd=3385511930&kikanKbn=3", "url2": "http://hikari-dc.com/", "内容": "ひかり歯科医院【3:歯科】愛媛県今治市登畑甲１３１－１" }, "geometry": { "type": "Point", "coordinates": [ 133.0189, 34.020949 ] } },
{ "type": "Feature", "properties": { "ID": 3833385512070, "正式名称": "広小路歯科医院", "機関区分": 3, "都道府県コード": 38, "市区町村コード": 202, "所在地": "愛媛県今治市共栄町１丁目３番地の６", "緯度": 34.06761, "経度": 133.000538, "url": "https://www.iryou.teikyouseido.mhlw.go.jp/znk-web/juminkanja/S2430/initialize?prefCd=38&kikanCd=3385512070&kikanKbn=3", "url2": null, "内容": "広小路歯科医院【3:歯科】愛媛県今治市共栄町１丁目３番地の６" }, "geometry": { "type": "Point", "coordinates": [ 133.000538, 34.06761 ] } },
{ "type": "Feature", "properties": { "ID": 3833385512100, "正式名称": "たくぼ小児歯科・歯科", "機関区分": 3, "都道府県コード": 38, "市区町村コード": 202, "所在地": "愛媛県今治市南宝来町３丁目２－６", "緯度": 34.058556, "経度": 133.00176, "url": "https://www.iryou.teikyouseido.mhlw.go.jp/znk-web/juminkanja/S2430/initialize?prefCd=38&kikanCd=3385512100&kikanKbn=3", "url2": null, "内容": "たくぼ小児歯科・歯科【3:歯科】愛媛県今治市南宝来町３丁目２－６" }, "geometry": { "type": "Point", "coordinates": [ 133.00176, 34.058556 ] } },
{ "type": "Feature", "properties": { "ID": 3833385512230, "正式名称": "きむら歯科医院", "機関区分": 3, "都道府県コード": 38, "市区町村コード": 202, "所在地": "愛媛県今治市波方町小部甲６３５の１", "緯度": 34.105049, "経度": 132.930375, "url": "https://www.iryou.teikyouseido.mhlw.go.jp/znk-web/juminkanja/S2430/initialize?prefCd=38&kikanCd=3385512230&kikanKbn=3", "url2": "http://www.kimura-sikaiin.com/", "内容": "きむら歯科医院【3:歯科】愛媛県今治市波方町小部甲６３５の１" }, "geometry": { "type": "Point", "coordinates": [ 132.930375, 34.105049 ] } },
{ "type": "Feature", "properties": { "ID": 3833385512490, "正式名称": "朝倉歯科医院", "機関区分": 3, "都道府県コード": 38, "市区町村コード": 202, "所在地": "愛媛県今治市朝倉北甲１６３－１", "緯度": 33.993063, "経度": 133.015485, "url": "https://www.iryou.teikyouseido.mhlw.go.jp/znk-web/juminkanja/S2430/initialize?prefCd=38&kikanCd=3385512490&kikanKbn=3", "url2": null, "内容": "朝倉歯科医院【3:歯科】愛媛県今治市朝倉北甲１６３－１" }, "geometry": { "type": "Point", "coordinates": [ 133.015485, 33.993063 ] } },
{ "type": "Feature", "properties": { "ID": 3833385512520, "正式名称": "ふじた歯科", "機関区分": 3, "都道府県コード": 38, "市区町村コード": 202, "所在地": "愛媛県今治市大西町宮脇甲４８２－５", "緯度": 34.062276, "経度": 132.924739, "url": "https://www.iryou.teikyouseido.mhlw.go.jp/znk-web/juminkanja/S2430/initialize?prefCd=38&kikanCd=3385512520&kikanKbn=3", "url2": null, "内容": "ふじた歯科【3:歯科】愛媛県今治市大西町宮脇甲４８２－５" }, "geometry": { "type": "Point", "coordinates": [ 132.924739, 34.062276 ] } },
{ "type": "Feature", "properties": { "ID": 3833385512810, "正式名称": "ぜんいち歯科医院", "機関区分": 3, "都道府県コード": 38, "市区町村コード": 202, "所在地": "愛媛県今治市北日吉町１丁目２４番１２号", "緯度": 34.064305, "経度": 132.991761, "url": "https://www.iryou.teikyouseido.mhlw.go.jp/znk-web/juminkanja/S2430/initialize?prefCd=38&kikanCd=3385512810&kikanKbn=3", "url2": null, "内容": "ぜんいち歯科医院【3:歯科】愛媛県今治市北日吉町１丁目２４番１２号" }, "geometry": { "type": "Point", "coordinates": [ 132.991761, 34.064305 ] } },
{ "type": "Feature", "properties": { "ID": 3833385512940, "正式名称": "のま歯科医院", "機関区分": 3, "都道府県コード": 38, "市区町村コード": 202, "所在地": "愛媛県今治市菊間町種９番地", "緯度": 34.056193, "経度": 132.873743, "url": "https://www.iryou.teikyouseido.mhlw.go.jp/znk-web/juminkanja/S2430/initialize?prefCd=38&kikanCd=3385512940&kikanKbn=3", "url2": null, "内容": "のま歯科医院【3:歯科】愛媛県今治市菊間町種９番地" }, "geometry": { "type": "Point", "coordinates": [ 132.873743, 34.056193 ] } },
{ "type": "Feature", "properties": { "ID": 3833385513080, "正式名称": "久米歯科医院", "機関区分": 3, "都道府県コード": 38, "市区町村コード": 202, "所在地": "愛媛県今治市北宝来町２丁目３－１", "緯度": 34.065305, "経度": 132.99415, "url": "https://www.iryou.teikyouseido.mhlw.go.jp/znk-web/juminkanja/S2430/initialize?prefCd=38&kikanCd=3385513080&kikanKbn=3", "url2": null, "内容": "久米歯科医院【3:歯科】愛媛県今治市北宝来町２丁目３－１" }, "geometry": { "type": "Point", "coordinates": [ 132.99415, 34.065305 ] } },
{ "type": "Feature", "properties": { "ID": 3833385513110, "正式名称": "あさひ歯科", "機関区分": 3, "都道府県コード": 38, "市区町村コード": 202, "所在地": "愛媛県今治市北日吉町２丁目５の４２", "緯度": 34.061888, "経度": 132.985484, "url": "https://www.iryou.teikyouseido.mhlw.go.jp/znk-web/juminkanja/S2430/initialize?prefCd=38&kikanCd=3385513110&kikanKbn=3", "url2": "www.asahisika.net/", "内容": "あさひ歯科【3:歯科】愛媛県今治市北日吉町２丁目５の４２" }, "geometry": { "type": "Point", "coordinates": [ 132.985484, 34.061888 ] } },
{ "type": "Feature", "properties": { "ID": 3833385513240, "正式名称": "羽倉歯科医院", "機関区分": 3, "都道府県コード": 38, "市区町村コード": 202, "所在地": "愛媛県今治市波止浜１１－１６９", "緯度": 34.100912, "経度": 132.969622, "url": "https://www.iryou.teikyouseido.mhlw.go.jp/znk-web/juminkanja/S2430/initialize?prefCd=38&kikanCd=3385513240&kikanKbn=3", "url2": null, "内容": "羽倉歯科医院【3:歯科】愛媛県今治市波止浜１１－１６９" }, "geometry": { "type": "Point", "coordinates": [ 132.969622, 34.100912 ] } },
{ "type": "Feature", "properties": { "ID": 3833385513370, "正式名称": "ふじた歯科医院", "機関区分": 3, "都道府県コード": 38, "市区町村コード": 202, "所在地": "愛媛県今治市大三島町宮浦５６８４番地", "緯度": 34.248396, "経度": 132.997224, "url": "https://www.iryou.teikyouseido.mhlw.go.jp/znk-web/juminkanja/S2430/initialize?prefCd=38&kikanCd=3385513370&kikanKbn=3", "url2": null, "内容": "ふじた歯科医院【3:歯科】愛媛県今治市大三島町宮浦５６８４番地" }, "geometry": { "type": "Point", "coordinates": [ 132.997224, 34.248396 ] } },
{ "type": "Feature", "properties": { "ID": 3833385513790, "正式名称": "森田デンタルクリニック", "機関区分": 3, "都道府県コード": 38, "市区町村コード": 202, "所在地": "愛媛県今治市伯方町木浦甲１２４３－１", "緯度": 34.205209, "経度": 133.114078, "url": "https://www.iryou.teikyouseido.mhlw.go.jp/znk-web/juminkanja/S2430/initialize?prefCd=38&kikanCd=3385513790&kikanKbn=3", "url2": null, "内容": "森田デンタルクリニック【3:歯科】愛媛県今治市伯方町木浦甲１２４３－１" }, "geometry": { "type": "Point", "coordinates": [ 133.114078, 34.205209 ] } },
{ "type": "Feature", "properties": { "ID": 3833385513820, "正式名称": "今岡歯科", "機関区分": 3, "都道府県コード": 38, "市区町村コード": 202, "所在地": "愛媛県今治市伯方町伊方甲１９３３－１", "緯度": 34.213957, "経度": 133.068331, "url": "https://www.iryou.teikyouseido.mhlw.go.jp/znk-web/juminkanja/S2430/initialize?prefCd=38&kikanCd=3385513820&kikanKbn=3", "url2": "http://www.imaoka-dent.com", "内容": "今岡歯科【3:歯科】愛媛県今治市伯方町伊方甲１９３３－１" }, "geometry": { "type": "Point", "coordinates": [ 133.068331, 34.213957 ] } },
{ "type": "Feature", "properties": { "ID": 3833385513950, "正式名称": "唐子歯科医院", "機関区分": 3, "都道府県コード": 38, "市区町村コード": 202, "所在地": "愛媛県今治市東村南１丁目１０－１６", "緯度": 34.036725, "経度": 133.031231, "url": "https://www.iryou.teikyouseido.mhlw.go.jp/znk-web/juminkanja/S2430/initialize?prefCd=38&kikanCd=3385513950&kikanKbn=3", "url2": null, "内容": "唐子歯科医院【3:歯科】愛媛県今治市東村南１丁目１０－１６" }, "geometry": { "type": "Point", "coordinates": [ 133.031231, 34.036725 ] } },
{ "type": "Feature", "properties": { "ID": 3833385514120, "正式名称": "藤原歯科医院", "機関区分": 3, "都道府県コード": 38, "市区町村コード": 202, "所在地": "愛媛県今治市風早町二丁目１の２０", "緯度": 34.069971, "経度": 133.002149, "url": "https://www.iryou.teikyouseido.mhlw.go.jp/znk-web/juminkanja/S2430/initialize?prefCd=38&kikanCd=3385514120&kikanKbn=3", "url2": null, "内容": "藤原歯科医院【3:歯科】愛媛県今治市風早町二丁目１の２０" }, "geometry": { "type": "Point", "coordinates": [ 133.002149, 34.069971 ] } },
{ "type": "Feature", "properties": { "ID": 3833385514250, "正式名称": "村上歯科医院", "機関区分": 3, "都道府県コード": 38, "市区町村コード": 202, "所在地": "愛媛県今治市大西町脇甲８２９－１", "緯度": 34.061248, "経度": 132.92085, "url": "https://www.iryou.teikyouseido.mhlw.go.jp/znk-web/juminkanja/S2430/initialize?prefCd=38&kikanCd=3385514250&kikanKbn=3", "url2": null, "内容": "村上歯科医院【3:歯科】愛媛県今治市大西町脇甲８２９－１" }, "geometry": { "type": "Point", "coordinates": [ 132.92085, 34.061248 ] } },
{ "type": "Feature", "properties": { "ID": 3833385514540, "正式名称": "ごう歯科医院", "機関区分": 3, "都道府県コード": 38, "市区町村コード": 202, "所在地": "愛媛県今治市郷六ケ内町３丁目３－６", "緯度": 34.043057, "経度": 132.997734, "url": "https://www.iryou.teikyouseido.mhlw.go.jp/znk-web/juminkanja/S2430/initialize?prefCd=38&kikanCd=3385514540&kikanKbn=3", "url2": null, "内容": "ごう歯科医院【3:歯科】愛媛県今治市郷六ケ内町３丁目３－６" }, "geometry": { "type": "Point", "coordinates": [ 132.997734, 34.043057 ] } },
{ "type": "Feature", "properties": { "ID": 3833385514670, "正式名称": "医療法人社団　重松歯科医院", "機関区分": 3, "都道府県コード": 38, "市区町村コード": 202, "所在地": "愛媛県今治市黄金町１－４－１０", "緯度": 34.066249, "経度": 133.001482, "url": "https://www.iryou.teikyouseido.mhlw.go.jp/znk-web/juminkanja/S2430/initialize?prefCd=38&kikanCd=3385514670&kikanKbn=3", "url2": null, "内容": "医療法人社団　重松歯科医院【3:歯科】愛媛県今治市黄金町１－４－１０" }, "geometry": { "type": "Point", "coordinates": [ 133.001482, 34.066249 ] } },
{ "type": "Feature", "properties": { "ID": 3833385515000, "正式名称": "大町歯科　クリニック", "機関区分": 3, "都道府県コード": 38, "市区町村コード": 202, "所在地": "愛媛県今治市郷新屋敷町３－４－３６", "緯度": 34.040835, "経度": 133.001706, "url": "https://www.iryou.teikyouseido.mhlw.go.jp/znk-web/juminkanja/S2430/initialize?prefCd=38&kikanCd=3385515000&kikanKbn=3", "url2": null, "内容": "大町歯科　クリニック【3:歯科】愛媛県今治市郷新屋敷町３－４－３６" }, "geometry": { "type": "Point", "coordinates": [ 133.001706, 34.040835 ] } },
{ "type": "Feature", "properties": { "ID": 3833385600300, "正式名称": "井笹歯科医院", "機関区分": 3, "都道府県コード": 38, "市区町村コード": 201, "所在地": "愛媛県松山市道後北代６－１１", "緯度": 33.852407, "経度": 132.777233, "url": "https://www.iryou.teikyouseido.mhlw.go.jp/znk-web/juminkanja/S2430/initialize?prefCd=38&kikanCd=3385600300&kikanKbn=3", "url2": null, "内容": "井笹歯科医院【3:歯科】愛媛県松山市道後北代６－１１" }, "geometry": { "type": "Point", "coordinates": [ 132.777233, 33.852407 ] } },
{ "type": "Feature", "properties": { "ID": 3833385601280, "正式名称": "忽那歯科医院", "機関区分": 3, "都道府県コード": 38, "市区町村コード": 201, "所在地": "愛媛県松山市柳井町３－６－５", "緯度": 33.834742, "経度": 132.765818, "url": "https://www.iryou.teikyouseido.mhlw.go.jp/znk-web/juminkanja/S2430/initialize?prefCd=38&kikanCd=3385601280&kikanKbn=3", "url2": null, "内容": "忽那歯科医院【3:歯科】愛媛県松山市柳井町３－６－５" }, "geometry": { "type": "Point", "coordinates": [ 132.765818, 33.834742 ] } },
{ "type": "Feature", "properties": { "ID": 3833385601990, "正式名称": "須之内歯科医院", "機関区分": 3, "都道府県コード": 38, "市区町村コード": 201, "所在地": "愛媛県松山市平和通１丁目５番地３３号", "緯度": 33.847685, "経度": 132.774011, "url": "https://www.iryou.teikyouseido.mhlw.go.jp/znk-web/juminkanja/S2430/initialize?prefCd=38&kikanCd=3385601990&kikanKbn=3", "url2": null, "内容": "須之内歯科医院【3:歯科】愛媛県松山市平和通１丁目５番地３３号" }, "geometry": { "type": "Point", "coordinates": [ 132.774011, 33.847685 ] } },
{ "type": "Feature", "properties": { "ID": 3833385603200, "正式名称": "浪瀧歯科医院", "機関区分": 3, "都道府県コード": 38, "市区町村コード": 201, "所在地": "愛媛県松山市三番町３－４－４", "緯度": 33.837464, "経度": 132.76804, "url": "https://www.iryou.teikyouseido.mhlw.go.jp/znk-web/juminkanja/S2430/initialize?prefCd=38&kikanCd=3385603200&kikanKbn=3", "url2": "http://www.namitaki-dc.com/", "内容": "浪瀧歯科医院【3:歯科】愛媛県松山市三番町３－４－４" }, "geometry": { "type": "Point", "coordinates": [ 132.76804, 33.837464 ] } },
{ "type": "Feature", "properties": { "ID": 3833385603620, "正式名称": "野村歯科", "機関区分": 3, "都道府県コード": 38, "市区町村コード": 201, "所在地": "愛媛県松山市大手町一丁目１２番地６", "緯度": 33.840491, "経度": 132.757069, "url": "https://www.iryou.teikyouseido.mhlw.go.jp/znk-web/juminkanja/S2430/initialize?prefCd=38&kikanCd=3385603620&kikanKbn=3", "url2": "http://www.nomurashika.net/", "内容": "野村歯科【3:歯科】愛媛県松山市大手町一丁目１２番地６" }, "geometry": { "type": "Point", "coordinates": [ 132.757069, 33.840491 ] } },
{ "type": "Feature", "properties": { "ID": 3833385603750, "正式名称": "浜歯科医院", "機関区分": 3, "都道府県コード": 38, "市区町村コード": 201, "所在地": "愛媛県松山市木屋町３－２－３", "緯度": 33.85149, "経度": 132.760096, "url": "https://www.iryou.teikyouseido.mhlw.go.jp/znk-web/juminkanja/S2430/initialize?prefCd=38&kikanCd=3385603750&kikanKbn=3", "url2": null, "内容": "浜歯科医院【3:歯科】愛媛県松山市木屋町３－２－３" }, "geometry": { "type": "Point", "coordinates": [ 132.760096, 33.85149 ] } },
{ "type": "Feature", "properties": { "ID": 3833385604050, "正式名称": "日野歯科医院", "機関区分": 3, "都道府県コード": 38, "市区町村コード": 201, "所在地": "愛媛県松山市南町１－６－２９", "緯度": 33.84713, "経度": 132.7814, "url": "https://www.iryou.teikyouseido.mhlw.go.jp/znk-web/juminkanja/S2430/initialize?prefCd=38&kikanCd=3385604050&kikanKbn=3", "url2": null, "内容": "日野歯科医院【3:歯科】愛媛県松山市南町１－６－２９" }, "geometry": { "type": "Point", "coordinates": [ 132.7814, 33.84713 ] } },
{ "type": "Feature", "properties": { "ID": 3833385604760, "正式名称": "医療法人　三瀬歯科医院", "機関区分": 3, "都道府県コード": 38, "市区町村コード": 201, "所在地": "愛媛県松山市三番町６－４－１", "緯度": 33.837464, "経度": 132.759818, "url": "https://www.iryou.teikyouseido.mhlw.go.jp/znk-web/juminkanja/S2430/initialize?prefCd=38&kikanCd=3385604760&kikanKbn=3", "url2": "https://mise-doc.com/", "内容": "医療法人　三瀬歯科医院【3:歯科】愛媛県松山市三番町６－４－１" }, "geometry": { "type": "Point", "coordinates": [ 132.759818, 33.837464 ] } },
{ "type": "Feature", "properties": { "ID": 3833385605640, "正式名称": "山本歯科医院", "機関区分": 3, "都道府県コード": 38, "市区町村コード": 201, "所在地": "愛媛県松山市三津３－７－１５", "緯度": 33.86246, "経度": 132.714016, "url": "https://www.iryou.teikyouseido.mhlw.go.jp/znk-web/juminkanja/S2430/initialize?prefCd=38&kikanCd=3385605640&kikanKbn=3", "url2": null, "内容": "山本歯科医院【3:歯科】愛媛県松山市三津３－７－１５" }, "geometry": { "type": "Point", "coordinates": [ 132.714016, 33.86246 ] } },
{ "type": "Feature", "properties": { "ID": 3833385607080, "正式名称": "二番町デンタルオフィス", "機関区分": 3, "都道府県コード": 38, "市区町村コード": 201, "所在地": "愛媛県松山市二番町３－４－１７", "緯度": 33.838825, "経度": 132.768929, "url": "https://www.iryou.teikyouseido.mhlw.go.jp/znk-web/juminkanja/S2430/initialize?prefCd=38&kikanCd=3385607080&kikanKbn=3", "url2": null, "内容": "二番町デンタルオフィス【3:歯科】愛媛県松山市二番町３－４－１７" }, "geometry": { "type": "Point", "coordinates": [ 132.768929, 33.838825 ] } },
{ "type": "Feature", "properties": { "ID": 3833385607370, "正式名称": "宮本歯科", "機関区分": 3, "都道府県コード": 38, "市区町村コード": 201, "所在地": "愛媛県松山市土橋町２０－８", "緯度": 33.834909, "経度": 132.756569, "url": "https://www.iryou.teikyouseido.mhlw.go.jp/znk-web/juminkanja/S2430/initialize?prefCd=38&kikanCd=3385607370&kikanKbn=3", "url2": "http://www.miyamotoshika-clinic.com/", "内容": "宮本歯科【3:歯科】愛媛県松山市土橋町２０－８" }, "geometry": { "type": "Point", "coordinates": [ 132.756569, 33.834909 ] } },
{ "type": "Feature", "properties": { "ID": 3833385608670, "正式名称": "徳永歯科医院", "機関区分": 3, "都道府県コード": 38, "市区町村コード": 201, "所在地": "愛媛県松山市湊町４－７－１１", "緯度": 33.835702, "経度": 132.766881, "url": "https://www.iryou.teikyouseido.mhlw.go.jp/znk-web/juminkanja/S2430/initialize?prefCd=38&kikanCd=3385608670&kikanKbn=3", "url2": null, "内容": "徳永歯科医院【3:歯科】愛媛県松山市湊町４－７－１１" }, "geometry": { "type": "Point", "coordinates": [ 132.766881, 33.835702 ] } },
{ "type": "Feature", "properties": { "ID": 3833385608700, "正式名称": "尾崎歯科医院", "機関区分": 3, "都道府県コード": 38, "市区町村コード": 201, "所在地": "愛媛県松山市上野町甲２０６番地１", "緯度": 33.770916, "経度": 132.80904, "url": "https://www.iryou.teikyouseido.mhlw.go.jp/znk-web/juminkanja/S2430/initialize?prefCd=38&kikanCd=3385608700&kikanKbn=3", "url2": null, "内容": "尾崎歯科医院【3:歯科】愛媛県松山市上野町甲２０６番地１" }, "geometry": { "type": "Point", "coordinates": [ 132.80904, 33.770916 ] } },
{ "type": "Feature", "properties": { "ID": 3833385609000, "正式名称": "淺井歯科医院", "機関区分": 3, "都道府県コード": 38, "市区町村コード": 201, "所在地": "愛媛県松山市北梅本町６６５－２", "緯度": 33.805385, "経度": 132.837147, "url": "https://www.iryou.teikyouseido.mhlw.go.jp/znk-web/juminkanja/S2430/initialize?prefCd=38&kikanCd=3385609000&kikanKbn=3", "url2": null, "内容": "淺井歯科医院【3:歯科】愛媛県松山市北梅本町６６５－２" }, "geometry": { "type": "Point", "coordinates": [ 132.837147, 33.805385 ] } },
{ "type": "Feature", "properties": { "ID": 3833385609130, "正式名称": "大谷歯科矯正歯科", "機関区分": 3, "都道府県コード": 38, "市区町村コード": 201, "所在地": "愛媛県松山市和泉南６丁目２－６", "緯度": 33.811828, "経度": 132.76007, "url": "https://www.iryou.teikyouseido.mhlw.go.jp/znk-web/juminkanja/S2430/initialize?prefCd=38&kikanCd=3385609130&kikanKbn=3", "url2": "https://www.ohtani-dental.jp", "内容": "大谷歯科矯正歯科【3:歯科】愛媛県松山市和泉南６丁目２－６" }, "geometry": { "type": "Point", "coordinates": [ 132.76007, 33.811828 ] } },
{ "type": "Feature", "properties": { "ID": 3833385609260, "正式名称": "寺川歯科クリニック", "機関区分": 3, "都道府県コード": 38, "市区町村コード": 201, "所在地": "愛媛県松山市湊町６－２－２ミツワ市駅西ビル１階", "緯度": 33.836004, "経度": 132.761246, "url": "https://www.iryou.teikyouseido.mhlw.go.jp/znk-web/juminkanja/S2430/initialize?prefCd=38&kikanCd=3385609260&kikanKbn=3", "url2": "http://terakawa-dc.com/", "内容": "寺川歯科クリニック【3:歯科】愛媛県松山市湊町６－２－２ミツワ市駅西ビル１階" }, "geometry": { "type": "Point", "coordinates": [ 132.761246, 33.836004 ] } },
{ "type": "Feature", "properties": { "ID": 3833385609420, "正式名称": "愛媛県口腔保健センター", "機関区分": 3, "都道府県コード": 38, "市区町村コード": 201, "所在地": "愛媛県松山市柳井町２－６－２", "緯度": 33.832937, "経度": 132.768374, "url": "https://www.iryou.teikyouseido.mhlw.go.jp/znk-web/juminkanja/S2430/initialize?prefCd=38&kikanCd=3385609420&kikanKbn=3", "url2": "www.ehimeda.jp/about/center.html", "内容": "愛媛県口腔保健センター【3:歯科】愛媛県松山市柳井町２－６－２" }, "geometry": { "type": "Point", "coordinates": [ 132.768374, 33.832937 ] } },
{ "type": "Feature", "properties": { "ID": 3833385609550, "正式名称": "永井歯科医院", "機関区分": 3, "都道府県コード": 38, "市区町村コード": 201, "所在地": "愛媛県松山市西石井２丁目１３－３８", "緯度": 33.819451, "経度": 132.77224, "url": "https://www.iryou.teikyouseido.mhlw.go.jp/znk-web/juminkanja/S2430/initialize?prefCd=38&kikanCd=3385609550&kikanKbn=3", "url2": null, "内容": "永井歯科医院【3:歯科】愛媛県松山市西石井２丁目１３－３８" }, "geometry": { "type": "Point", "coordinates": [ 132.77224, 33.819451 ] } },
{ "type": "Feature", "properties": { "ID": 3833385609710, "正式名称": "兵頭歯科医院", "機関区分": 3, "都道府県コード": 38, "市区町村コード": 201, "所在地": "愛媛県松山市西長戸町４０２番地１１", "緯度": 33.864127, "経度": 132.741569, "url": "https://www.iryou.teikyouseido.mhlw.go.jp/znk-web/juminkanja/S2430/initialize?prefCd=38&kikanCd=3385609710&kikanKbn=3", "url2": "Http://www.hyodo8148.com", "内容": "兵頭歯科医院【3:歯科】愛媛県松山市西長戸町４０２番地１１" }, "geometry": { "type": "Point", "coordinates": [ 132.741569, 33.864127 ] } },
{ "type": "Feature", "properties": { "ID": 3833385610240, "正式名称": "石岡歯科医院", "機関区分": 3, "都道府県コード": 38, "市区町村コード": 201, "所在地": "愛媛県松山市和泉北１－７－８", "緯度": 33.823382, "経度": 132.757736, "url": "https://www.iryou.teikyouseido.mhlw.go.jp/znk-web/juminkanja/S2430/initialize?prefCd=38&kikanCd=3385610240&kikanKbn=3", "url2": "https://ishioka-dentalclinic.com", "内容": "石岡歯科医院【3:歯科】愛媛県松山市和泉北１－７－８" }, "geometry": { "type": "Point", "coordinates": [ 132.757736, 33.823382 ] } },
{ "type": "Feature", "properties": { "ID": 3833385611090, "正式名称": "医療法人日野満歯科医院", "機関区分": 3, "都道府県コード": 38, "市区町村コード": 201, "所在地": "愛媛県松山市勝山町２―４―１", "緯度": 33.84238, "経度": 132.775122, "url": "https://www.iryou.teikyouseido.mhlw.go.jp/znk-web/juminkanja/S2430/initialize?prefCd=38&kikanCd=3385611090&kikanKbn=3", "url2": null, "内容": "医療法人日野満歯科医院【3:歯科】愛媛県松山市勝山町２―４―１" }, "geometry": { "type": "Point", "coordinates": [ 132.775122, 33.84238 ] } },
{ "type": "Feature", "properties": { "ID": 3833385611120, "正式名称": "サトウ歯科医院", "機関区分": 3, "都道府県コード": 38, "市区町村コード": 201, "所在地": "愛媛県松山市小坂４―１８―３２", "緯度": 33.829382, "経度": 132.780567, "url": "https://www.iryou.teikyouseido.mhlw.go.jp/znk-web/juminkanja/S2430/initialize?prefCd=38&kikanCd=3385611120&kikanKbn=3", "url2": "http://sato-dental.org", "内容": "サトウ歯科医院【3:歯科】愛媛県松山市小坂４―１８―３２" }, "geometry": { "type": "Point", "coordinates": [ 132.780567, 33.829382 ] } },
{ "type": "Feature", "properties": { "ID": 3833385611380, "正式名称": "石崎歯科医院", "機関区分": 3, "都道府県コード": 38, "市区町村コード": 201, "所在地": "愛媛県松山市湊町２丁目２番１号", "緯度": 33.835409, "経度": 132.771706, "url": "https://www.iryou.teikyouseido.mhlw.go.jp/znk-web/juminkanja/S2430/initialize?prefCd=38&kikanCd=3385611380&kikanKbn=3", "url2": null, "内容": "石崎歯科医院【3:歯科】愛媛県松山市湊町２丁目２番１号" }, "geometry": { "type": "Point", "coordinates": [ 132.771706, 33.835409 ] } },
{ "type": "Feature", "properties": { "ID": 3833385611410, "正式名称": "吉良歯科医院", "機関区分": 3, "都道府県コード": 38, "市区町村コード": 201, "所在地": "愛媛県松山市山越３丁目６－７", "緯度": 33.860434, "経度": 132.760567, "url": "https://www.iryou.teikyouseido.mhlw.go.jp/znk-web/juminkanja/S2430/initialize?prefCd=38&kikanCd=3385611410&kikanKbn=3", "url2": null, "内容": "吉良歯科医院【3:歯科】愛媛県松山市山越３丁目６－７" }, "geometry": { "type": "Point", "coordinates": [ 132.760567, 33.860434 ] } },
{ "type": "Feature", "properties": { "ID": 3833385611540, "正式名称": "ともちか歯科医院", "機関区分": 3, "都道府県コード": 38, "市区町村コード": 201, "所在地": "愛媛県松山市大街道３－３－５　友近ビル２階", "緯度": 33.842269, "経度": 132.770567, "url": "https://www.iryou.teikyouseido.mhlw.go.jp/znk-web/juminkanja/S2430/initialize?prefCd=38&kikanCd=3385611540&kikanKbn=3", "url2": null, "内容": "ともちか歯科医院【3:歯科】愛媛県松山市大街道３－３－５　友近ビル２階" }, "geometry": { "type": "Point", "coordinates": [ 132.770567, 33.842269 ] } },
{ "type": "Feature", "properties": { "ID": 3833385612000, "正式名称": "杉原歯科医院", "機関区分": 3, "都道府県コード": 38, "市区町村コード": 201, "所在地": "愛媛県松山市山越５－１６－１０", "緯度": 33.862183, "経度": 132.750568, "url": "https://www.iryou.teikyouseido.mhlw.go.jp/znk-web/juminkanja/S2430/initialize?prefCd=38&kikanCd=3385612000&kikanKbn=3", "url2": "https://www.kiharadc.com/", "内容": "杉原歯科医院【3:歯科】愛媛県松山市山越５－１６－１０" }, "geometry": { "type": "Point", "coordinates": [ 132.750568, 33.862183 ] } },
{ "type": "Feature", "properties": { "ID": 3833385612130, "正式名称": "大膳歯科医院", "機関区分": 3, "都道府県コード": 38, "市区町村コード": 201, "所在地": "愛媛県松山市余戸中３－１０－２９", "緯度": 33.81541, "経度": 132.727183, "url": "https://www.iryou.teikyouseido.mhlw.go.jp/znk-web/juminkanja/S2430/initialize?prefCd=38&kikanCd=3385612130&kikanKbn=3", "url2": null, "内容": "大膳歯科医院【3:歯科】愛媛県松山市余戸中３－１０－２９" }, "geometry": { "type": "Point", "coordinates": [ 132.727183, 33.81541 ] } },
{ "type": "Feature", "properties": { "ID": 3833385612260, "正式名称": "垂水歯科医院", "機関区分": 3, "都道府県コード": 38, "市区町村コード": 201, "所在地": "愛媛県松山市余戸南４－１６－２", "緯度": 33.810661, "経度": 132.729656, "url": "https://www.iryou.teikyouseido.mhlw.go.jp/znk-web/juminkanja/S2430/initialize?prefCd=38&kikanCd=3385612260&kikanKbn=3", "url2": "http://www.tarumi-dental.com", "内容": "垂水歯科医院【3:歯科】愛媛県松山市余戸南４－１６－２" }, "geometry": { "type": "Point", "coordinates": [ 132.729656, 33.810661 ] } },
{ "type": "Feature", "properties": { "ID": 3833385612680, "正式名称": "関谷歯科", "機関区分": 3, "都道府県コード": 38, "市区町村コード": 201, "所在地": "愛媛県松山市南斎院町９５１－８", "緯度": 33.832353, "経度": 132.733682, "url": "https://www.iryou.teikyouseido.mhlw.go.jp/znk-web/juminkanja/S2430/initialize?prefCd=38&kikanCd=3385612680&kikanKbn=3", "url2": null, "内容": "関谷歯科【3:歯科】愛媛県松山市南斎院町９５１－８" }, "geometry": { "type": "Point", "coordinates": [ 132.733682, 33.832353 ] } },
{ "type": "Feature", "properties": { "ID": 3833385612840, "正式名称": "きはら歯科クリニック", "機関区分": 3, "都道府県コード": 38, "市区町村コード": 201, "所在地": "愛媛県松山市西垣生町５３９－４", "緯度": 33.811716, "経度": 132.706519, "url": "https://www.iryou.teikyouseido.mhlw.go.jp/znk-web/juminkanja/S2430/initialize?prefCd=38&kikanCd=3385612840&kikanKbn=3", "url2": "http://kihara-dc.com/", "内容": "きはら歯科クリニック【3:歯科】愛媛県松山市西垣生町５３９－４" }, "geometry": { "type": "Point", "coordinates": [ 132.706519, 33.811716 ] } },
{ "type": "Feature", "properties": { "ID": 3833385613270, "正式名称": "丸尾歯科", "機関区分": 3, "都道府県コード": 38, "市区町村コード": 201, "所在地": "愛媛県松山市天山三丁目９－３１", "緯度": 33.820188, "経度": 132.776235, "url": "https://www.iryou.teikyouseido.mhlw.go.jp/znk-web/juminkanja/S2430/initialize?prefCd=38&kikanCd=3385613270&kikanKbn=3", "url2": "http://maruo-dentalclinic.jp/", "内容": "丸尾歯科【3:歯科】愛媛県松山市天山三丁目９－３１" }, "geometry": { "type": "Point", "coordinates": [ 132.776235, 33.820188 ] } },
{ "type": "Feature", "properties": { "ID": 3833385613300, "正式名称": "医療法人　洋仁会　井手歯科", "機関区分": 3, "都道府県コード": 38, "市区町村コード": 201, "所在地": "愛媛県松山市北条辻１３５２番地", "緯度": 33.974875, "経度": 132.77457, "url": "https://www.iryou.teikyouseido.mhlw.go.jp/znk-web/juminkanja/S2430/initialize?prefCd=38&kikanCd=3385613300&kikanKbn=3", "url2": "http://ideshika.net/", "内容": "医療法人　洋仁会　井手歯科【3:歯科】愛媛県松山市北条辻１３５２番地" }, "geometry": { "type": "Point", "coordinates": [ 132.77457, 33.974875 ] } },
{ "type": "Feature", "properties": { "ID": 3833385614020, "正式名称": "菅歯科医院", "機関区分": 3, "都道府県コード": 38, "市区町村コード": 201, "所在地": "愛媛県松山市北条辻１４４３－６", "緯度": 33.975533, "経度": 132.773478, "url": "https://www.iryou.teikyouseido.mhlw.go.jp/znk-web/juminkanja/S2430/initialize?prefCd=38&kikanCd=3385614020&kikanKbn=3", "url2": null, "内容": "菅歯科医院【3:歯科】愛媛県松山市北条辻１４４３－６" }, "geometry": { "type": "Point", "coordinates": [ 132.773478, 33.975533 ] } },
{ "type": "Feature", "properties": { "ID": 3833385615320, "正式名称": "アガタ歯科医院", "機関区分": 3, "都道府県コード": 38, "市区町村コード": 201, "所在地": "愛媛県松山市内宮町５８３番地", "緯度": 33.894485, "経度": 132.748456, "url": "https://www.iryou.teikyouseido.mhlw.go.jp/znk-web/juminkanja/S2430/initialize?prefCd=38&kikanCd=3385615320&kikanKbn=3", "url2": null, "内容": "アガタ歯科医院【3:歯科】愛媛県松山市内宮町５８３番地" }, "geometry": { "type": "Point", "coordinates": [ 132.748456, 33.894485 ] } },
{ "type": "Feature", "properties": { "ID": 3833385615610, "正式名称": "高橋歯科医院", "機関区分": 3, "都道府県コード": 38, "市区町村コード": 201, "所在地": "愛媛県松山市北条辻９２－２", "緯度": 33.975116, "経度": 132.777644, "url": "https://www.iryou.teikyouseido.mhlw.go.jp/znk-web/juminkanja/S2430/initialize?prefCd=38&kikanCd=3385615610&kikanKbn=3", "url2": "hppt://www.taka84-dc.com", "内容": "高橋歯科医院【3:歯科】愛媛県松山市北条辻９２－２" }, "geometry": { "type": "Point", "coordinates": [ 132.777644, 33.975116 ] } },
{ "type": "Feature", "properties": { "ID": 3833385616040, "正式名称": "児玉歯科", "機関区分": 3, "都道府県コード": 38, "市区町村コード": 201, "所在地": "愛媛県松山市石風呂町１－１０", "緯度": 33.869515, "経度": 132.716515, "url": "https://www.iryou.teikyouseido.mhlw.go.jp/znk-web/juminkanja/S2430/initialize?prefCd=38&kikanCd=3385616040&kikanKbn=3", "url2": null, "内容": "児玉歯科【3:歯科】愛媛県松山市石風呂町１－１０" }, "geometry": { "type": "Point", "coordinates": [ 132.716515, 33.869515 ] } },
{ "type": "Feature", "properties": { "ID": 3833385616170, "正式名称": "坂田歯科医院", "機関区分": 3, "都道府県コード": 38, "市区町村コード": 201, "所在地": "愛媛県松山市勝山町１丁目１５－８", "緯度": 33.840936, "経度": 132.775039, "url": "https://www.iryou.teikyouseido.mhlw.go.jp/znk-web/juminkanja/S2430/initialize?prefCd=38&kikanCd=3385616170&kikanKbn=3", "url2": null, "内容": "坂田歯科医院【3:歯科】愛媛県松山市勝山町１丁目１５－８" }, "geometry": { "type": "Point", "coordinates": [ 132.775039, 33.840936 ] } },
{ "type": "Feature", "properties": { "ID": 3833385616200, "正式名称": "柿原歯科医院", "機関区分": 3, "都道府県コード": 38, "市区町村コード": 201, "所在地": "愛媛県松山市南梅本町甲１１４５", "緯度": 33.798192, "経度": 132.83337, "url": "https://www.iryou.teikyouseido.mhlw.go.jp/znk-web/juminkanja/S2430/initialize?prefCd=38&kikanCd=3385616200&kikanKbn=3", "url2": null, "内容": "柿原歯科医院【3:歯科】愛媛県松山市南梅本町甲１１４５" }, "geometry": { "type": "Point", "coordinates": [ 132.83337, 33.798192 ] } },
{ "type": "Feature", "properties": { "ID": 3833385616590, "正式名称": "たにもと歯科", "機関区分": 3, "都道府県コード": 38, "市区町村コード": 201, "所在地": "愛媛県松山市和泉南一丁目１６番２３号", "緯度": 33.817938, "経度": 132.761041, "url": "https://www.iryou.teikyouseido.mhlw.go.jp/znk-web/juminkanja/S2430/initialize?prefCd=38&kikanCd=3385616590&kikanKbn=3", "url2": "http://www.dental-tanimoto.com", "内容": "たにもと歯科【3:歯科】愛媛県松山市和泉南一丁目１６番２３号" }, "geometry": { "type": "Point", "coordinates": [ 132.761041, 33.817938 ] } },
{ "type": "Feature", "properties": { "ID": 3833385616620, "正式名称": "石川歯科", "機関区分": 3, "都道府県コード": 38, "市区町村コード": 201, "所在地": "愛媛県松山市溝辺町３２３－１２", "緯度": 33.850297, "経度": 132.803925, "url": "https://www.iryou.teikyouseido.mhlw.go.jp/znk-web/juminkanja/S2430/initialize?prefCd=38&kikanCd=3385616620&kikanKbn=3", "url2": null, "内容": "石川歯科【3:歯科】愛媛県松山市溝辺町３２３－１２" }, "geometry": { "type": "Point", "coordinates": [ 132.803925, 33.850297 ] } },
{ "type": "Feature", "properties": { "ID": 3833385616750, "正式名称": "菅野歯科医院", "機関区分": 3, "都道府県コード": 38, "市区町村コード": 215, "所在地": "愛媛県東温市南方２９８の１", "緯度": 33.798585, "経度": 132.914256, "url": "https://www.iryou.teikyouseido.mhlw.go.jp/znk-web/juminkanja/S2430/initialize?prefCd=38&kikanCd=3385616750&kikanKbn=3", "url2": null, "内容": "菅野歯科医院【3:歯科】愛媛県東温市南方２９８の１" }, "geometry": { "type": "Point", "coordinates": [ 132.914256, 33.798585 ] } },
{ "type": "Feature", "properties": { "ID": 3833385616910, "正式名称": "石井歯科", "機関区分": 3, "都道府県コード": 38, "市区町村コード": 201, "所在地": "愛媛県松山市居相１丁目１２－９", "緯度": 33.811328, "経度": 132.774568, "url": "https://www.iryou.teikyouseido.mhlw.go.jp/znk-web/juminkanja/S2430/initialize?prefCd=38&kikanCd=3385616910&kikanKbn=3", "url2": "ishiishika.ci-hp.jp", "内容": "石井歯科【3:歯科】愛媛県松山市居相１丁目１２－９" }, "geometry": { "type": "Point", "coordinates": [ 132.774568, 33.811328 ] } },
{ "type": "Feature", "properties": { "ID": 3833385617210, "正式名称": "医療法人やんべ歯科医院", "機関区分": 3, "都道府県コード": 38, "市区町村コード": 201, "所在地": "愛媛県松山市鴨川一丁目５番２５号", "緯度": 33.872377, "経度": 132.753429, "url": "https://www.iryou.teikyouseido.mhlw.go.jp/znk-web/juminkanja/S2430/initialize?prefCd=38&kikanCd=3385617210&kikanKbn=3", "url2": "http://nttbj.ne.jp/0899233212/index.html", "内容": "医療法人やんべ歯科医院【3:歯科】愛媛県松山市鴨川一丁目５番２５号" }, "geometry": { "type": "Point", "coordinates": [ 132.753429, 33.872377 ] } },
{ "type": "Feature", "properties": { "ID": 3833385617340, "正式名称": "上田歯科医院", "機関区分": 3, "都道府県コード": 38, "市区町村コード": 215, "所在地": "愛媛県東温市田窪１５４６－１", "緯度": 33.792498, "経度": 132.862201, "url": "https://www.iryou.teikyouseido.mhlw.go.jp/znk-web/juminkanja/S2430/initialize?prefCd=38&kikanCd=3385617340&kikanKbn=3", "url2": null, "内容": "上田歯科医院【3:歯科】愛媛県東温市田窪１５４６－１" }, "geometry": { "type": "Point", "coordinates": [ 132.862201, 33.792498 ] } },
{ "type": "Feature", "properties": { "ID": 3833385617470, "正式名称": "岡田歯科医院", "機関区分": 3, "都道府県コード": 38, "市区町村コード": 201, "所在地": "愛媛県松山市太山寺町８８０－１", "緯度": 33.894846, "経度": 132.732846, "url": "https://www.iryou.teikyouseido.mhlw.go.jp/znk-web/juminkanja/S2430/initialize?prefCd=38&kikanCd=3385617470&kikanKbn=3", "url2": "http://www.okadadc.com/", "内容": "岡田歯科医院【3:歯科】愛媛県松山市太山寺町８８０－１" }, "geometry": { "type": "Point", "coordinates": [ 132.732846, 33.894846 ] } },
{ "type": "Feature", "properties": { "ID": 3833385617630, "正式名称": "山崎歯科医院", "機関区分": 3, "都道府県コード": 38, "市区町村コード": 201, "所在地": "愛媛県松山市祝谷２丁目６－１", "緯度": 33.854712, "経度": 132.778094, "url": "https://www.iryou.teikyouseido.mhlw.go.jp/znk-web/juminkanja/S2430/initialize?prefCd=38&kikanCd=3385617630&kikanKbn=3", "url2": null, "内容": "山崎歯科医院【3:歯科】愛媛県松山市祝谷２丁目６－１" }, "geometry": { "type": "Point", "coordinates": [ 132.778094, 33.854712 ] } },
{ "type": "Feature", "properties": { "ID": 3833385617760, "正式名称": "はまだ歯科", "機関区分": 3, "都道府県コード": 38, "市区町村コード": 201, "所在地": "愛媛県松山市北土居１丁目１－２９", "緯度": 33.805051, "経度": 132.788345, "url": "https://www.iryou.teikyouseido.mhlw.go.jp/znk-web/juminkanja/S2430/initialize?prefCd=38&kikanCd=3385617760&kikanKbn=3", "url2": null, "内容": "はまだ歯科【3:歯科】愛媛県松山市北土居１丁目１－２９" }, "geometry": { "type": "Point", "coordinates": [ 132.788345, 33.805051 ] } },
{ "type": "Feature", "properties": { "ID": 3833385617890, "正式名称": "愛歯科診療所", "機関区分": 3, "都道府県コード": 38, "市区町村コード": 201, "所在地": "愛媛県松山市余戸南４丁目９番１３号", "緯度": 33.809161, "経度": 132.726573, "url": "https://www.iryou.teikyouseido.mhlw.go.jp/znk-web/juminkanja/S2430/initialize?prefCd=38&kikanCd=3385617890&kikanKbn=3", "url2": null, "内容": "愛歯科診療所【3:歯科】愛媛県松山市余戸南４丁目９番１３号" }, "geometry": { "type": "Point", "coordinates": [ 132.726573, 33.809161 ] } },
{ "type": "Feature", "properties": { "ID": 3833385617920, "正式名称": "松村歯科医院", "機関区分": 3, "都道府県コード": 38, "市区町村コード": 201, "所在地": "愛媛県松山市三番町五丁目１－９", "緯度": 33.837547, "経度": 132.764513, "url": "https://www.iryou.teikyouseido.mhlw.go.jp/znk-web/juminkanja/S2430/initialize?prefCd=38&kikanCd=3385617920&kikanKbn=3", "url2": "http://matsumuradental.c.ooco.jp/", "内容": "松村歯科医院【3:歯科】愛媛県松山市三番町五丁目１－９" }, "geometry": { "type": "Point", "coordinates": [ 132.764513, 33.837547 ] } },
{ "type": "Feature", "properties": { "ID": 3833385618350, "正式名称": "高須賀歯科医院", "機関区分": 3, "都道府県コード": 38, "市区町村コード": 201, "所在地": "愛媛県松山市東長戸４丁目２番５号", "緯度": 33.869183, "経度": 132.753845, "url": "https://www.iryou.teikyouseido.mhlw.go.jp/znk-web/juminkanja/S2430/initialize?prefCd=38&kikanCd=3385618350&kikanKbn=3", "url2": null, "内容": "高須賀歯科医院【3:歯科】愛媛県松山市東長戸４丁目２番５号" }, "geometry": { "type": "Point", "coordinates": [ 132.753845, 33.869183 ] } },
{ "type": "Feature", "properties": { "ID": 3833385618640, "正式名称": "矢野歯科医院", "機関区分": 3, "都道府県コード": 38, "市区町村コード": 201, "所在地": "愛媛県松山市持田町３丁目２番１４号", "緯度": 33.844408, "経度": 132.7804, "url": "https://www.iryou.teikyouseido.mhlw.go.jp/znk-web/juminkanja/S2430/initialize?prefCd=38&kikanCd=3385618640&kikanKbn=3", "url2": null, "内容": "矢野歯科医院【3:歯科】愛媛県松山市持田町３丁目２番１４号" }, "geometry": { "type": "Point", "coordinates": [ 132.7804, 33.844408 ] } },
{ "type": "Feature", "properties": { "ID": 3833385618770, "正式名称": "グリーン歯科クリニック", "機関区分": 3, "都道府県コード": 38, "市区町村コード": 201, "所在地": "愛媛県松山市小村町３３１－１", "緯度": 33.781068, "経度": 132.815176, "url": "https://www.iryou.teikyouseido.mhlw.go.jp/znk-web/juminkanja/S2430/initialize?prefCd=38&kikanCd=3385618770&kikanKbn=3", "url2": "http://www.greendental.com/", "内容": "グリーン歯科クリニック【3:歯科】愛媛県松山市小村町３３１－１" }, "geometry": { "type": "Point", "coordinates": [ 132.815176, 33.781068 ] } },
{ "type": "Feature", "properties": { "ID": 3833385618800, "正式名称": "崎岡歯科医院", "機関区分": 3, "都道府県コード": 38, "市区町村コード": 201, "所在地": "愛媛県松山市生石町５９３", "緯度": 33.832075, "経度": 132.743598, "url": "https://www.iryou.teikyouseido.mhlw.go.jp/znk-web/juminkanja/S2430/initialize?prefCd=38&kikanCd=3385618800&kikanKbn=3", "url2": "http://www.sakioka-dental.com/", "内容": "崎岡歯科医院【3:歯科】愛媛県松山市生石町５９３" }, "geometry": { "type": "Point", "coordinates": [ 132.743598, 33.832075 ] } },
{ "type": "Feature", "properties": { "ID": 3833385619070, "正式名称": "馬嶋歯科診療所", "機関区分": 3, "都道府県コード": 38, "市区町村コード": 201, "所在地": "愛媛県松山市河原町２の１１", "緯度": 33.834131, "経度": 132.771095, "url": "https://www.iryou.teikyouseido.mhlw.go.jp/znk-web/juminkanja/S2430/initialize?prefCd=38&kikanCd=3385619070&kikanKbn=3", "url2": null, "内容": "馬嶋歯科診療所【3:歯科】愛媛県松山市河原町２の１１" }, "geometry": { "type": "Point", "coordinates": [ 132.771095, 33.834131 ] } },
{ "type": "Feature", "properties": { "ID": 3833385619230, "正式名称": "松廣歯科医院", "機関区分": 3, "都道府県コード": 38, "市区町村コード": 201, "所在地": "愛媛県松山市平和通６丁目７番３号", "緯度": 33.847879, "経度": 132.756096, "url": "https://www.iryou.teikyouseido.mhlw.go.jp/znk-web/juminkanja/S2430/initialize?prefCd=38&kikanCd=3385619230&kikanKbn=3", "url2": "http://matsuhiro-dental.com", "内容": "松廣歯科医院【3:歯科】愛媛県松山市平和通６丁目７番３号" }, "geometry": { "type": "Point", "coordinates": [ 132.756096, 33.847879 ] } },
{ "type": "Feature", "properties": { "ID": 3833385619360, "正式名称": "武西歯科医院", "機関区分": 3, "都道府県コード": 38, "市区町村コード": 201, "所在地": "愛媛県松山市北井門１丁目１０番１２号", "緯度": 33.805579, "経度": 132.777624, "url": "https://www.iryou.teikyouseido.mhlw.go.jp/znk-web/juminkanja/S2430/initialize?prefCd=38&kikanCd=3385619360&kikanKbn=3", "url2": null, "内容": "武西歯科医院【3:歯科】愛媛県松山市北井門１丁目１０番１２号" }, "geometry": { "type": "Point", "coordinates": [ 132.777624, 33.805579 ] } },
{ "type": "Feature", "properties": { "ID": 3833385619490, "正式名称": "みちだ矯正小児歯科", "機関区分": 3, "都道府県コード": 38, "市区町村コード": 201, "所在地": "愛媛県松山市大手町１丁目８－４", "緯度": 33.839658, "経度": 132.756569, "url": "https://www.iryou.teikyouseido.mhlw.go.jp/znk-web/juminkanja/S2430/initialize?prefCd=38&kikanCd=3385619490&kikanKbn=3", "url2": "http://michida-dc.com", "内容": "みちだ矯正小児歯科【3:歯科】愛媛県松山市大手町１丁目８－４" }, "geometry": { "type": "Point", "coordinates": [ 132.756569, 33.839658 ] } },
{ "type": "Feature", "properties": { "ID": 3833385619520, "正式名称": "医療法人　土井歯科医院", "機関区分": 3, "都道府県コード": 38, "市区町村コード": 201, "所在地": "愛媛県松山市山西町９１７", "緯度": 33.853323, "経度": 132.721765, "url": "https://www.iryou.teikyouseido.mhlw.go.jp/znk-web/juminkanja/S2430/initialize?prefCd=38&kikanCd=3385619520&kikanKbn=3", "url2": null, "内容": "医療法人　土井歯科医院【3:歯科】愛媛県松山市山西町９１７" }, "geometry": { "type": "Point", "coordinates": [ 132.721765, 33.853323 ] } },
{ "type": "Feature", "properties": { "ID": 3833385619650, "正式名称": "松本歯科医院", "機関区分": 3, "都道府県コード": 38, "市区町村コード": 201, "所在地": "愛媛県松山市河野別府１９２番地", "緯度": 33.950091, "経度": 132.781228, "url": "https://www.iryou.teikyouseido.mhlw.go.jp/znk-web/juminkanja/S2430/initialize?prefCd=38&kikanCd=3385619650&kikanKbn=3", "url2": null, "内容": "松本歯科医院【3:歯科】愛媛県松山市河野別府１９２番地" }, "geometry": { "type": "Point", "coordinates": [ 132.781228, 33.950091 ] } },
{ "type": "Feature", "properties": { "ID": 3833385619780, "正式名称": "是沢歯科医院", "機関区分": 3, "都道府県コード": 38, "市区町村コード": 201, "所在地": "愛媛県松山市畑寺４丁目１１－３２", "緯度": 33.82641, "経度": 132.80051, "url": "https://www.iryou.teikyouseido.mhlw.go.jp/znk-web/juminkanja/S2430/initialize?prefCd=38&kikanCd=3385619780&kikanKbn=3", "url2": "http://www.koresawa-shika.com/", "内容": "是沢歯科医院【3:歯科】愛媛県松山市畑寺４丁目１１－３２" }, "geometry": { "type": "Point", "coordinates": [ 132.80051, 33.82641 ] } },
{ "type": "Feature", "properties": { "ID": 3833385619810, "正式名称": "松本歯科医院", "機関区分": 3, "都道府県コード": 38, "市区町村コード": 201, "所在地": "愛媛県松山市鷹子町８３６番地", "緯度": 33.81605, "経度": 132.806204, "url": "https://www.iryou.teikyouseido.mhlw.go.jp/znk-web/juminkanja/S2430/initialize?prefCd=38&kikanCd=3385619810&kikanKbn=3", "url2": "http://www.matsumoto-dental.com", "内容": "松本歯科医院【3:歯科】愛媛県松山市鷹子町８３６番地" }, "geometry": { "type": "Point", "coordinates": [ 132.806204, 33.81605 ] } },
{ "type": "Feature", "properties": { "ID": 3833385620180, "正式名称": "いだい歯科医院", "機関区分": 3, "都道府県コード": 38, "市区町村コード": 201, "所在地": "愛媛県松山市下伊台町１０４５－１６", "緯度": 33.876183, "経度": 132.797952, "url": "https://www.iryou.teikyouseido.mhlw.go.jp/znk-web/juminkanja/S2430/initialize?prefCd=38&kikanCd=3385620180&kikanKbn=3", "url2": null, "内容": "いだい歯科医院【3:歯科】愛媛県松山市下伊台町１０４５－１６" }, "geometry": { "type": "Point", "coordinates": [ 132.797952, 33.876183 ] } },
{ "type": "Feature", "properties": { "ID": 3833385620210, "正式名称": "はなみずき歯科", "機関区分": 3, "都道府県コード": 38, "市区町村コード": 201, "所在地": "愛媛県松山市古川北１丁目１９－１６", "緯度": 33.814161, "経度": 132.763347, "url": "https://www.iryou.teikyouseido.mhlw.go.jp/znk-web/juminkanja/S2430/initialize?prefCd=38&kikanCd=3385620210&kikanKbn=3", "url2": "www.hanamizuki-shika.com", "内容": "はなみずき歯科【3:歯科】愛媛県松山市古川北１丁目１９－１６" }, "geometry": { "type": "Point", "coordinates": [ 132.763347, 33.814161 ] } },
{ "type": "Feature", "properties": { "ID": 3833385620340, "正式名称": "伊藤歯科医院", "機関区分": 3, "都道府県コード": 38, "市区町村コード": 201, "所在地": "愛媛県松山市余戸東４丁目１番１号", "緯度": 33.815716, "経度": 132.737099, "url": "https://www.iryou.teikyouseido.mhlw.go.jp/znk-web/juminkanja/S2430/initialize?prefCd=38&kikanCd=3385620340&kikanKbn=3", "url2": "https://www.ito-sika.com", "内容": "伊藤歯科医院【3:歯科】愛媛県松山市余戸東４丁目１番１号" }, "geometry": { "type": "Point", "coordinates": [ 132.737099, 33.815716 ] } },
{ "type": "Feature", "properties": { "ID": 3833385620470, "正式名称": "ひでき歯科医院", "機関区分": 3, "都道府県コード": 38, "市区町村コード": 201, "所在地": "愛媛県松山市朝生田町２丁目９－３３", "緯度": 33.824632, "経度": 132.771151, "url": "https://www.iryou.teikyouseido.mhlw.go.jp/znk-web/juminkanja/S2430/initialize?prefCd=38&kikanCd=3385620470&kikanKbn=3", "url2": "http://www.hideki-dental.com/", "内容": "ひでき歯科医院【3:歯科】愛媛県松山市朝生田町２丁目９－３３" }, "geometry": { "type": "Point", "coordinates": [ 132.771151, 33.824632 ] } },
{ "type": "Feature", "properties": { "ID": 3833385620500, "正式名称": "佐古歯科医院", "機関区分": 3, "都道府県コード": 38, "市区町村コード": 201, "所在地": "愛媛県松山市谷町１９２番地２", "緯度": 33.877182, "経度": 132.752928, "url": "https://www.iryou.teikyouseido.mhlw.go.jp/znk-web/juminkanja/S2430/initialize?prefCd=38&kikanCd=3385620500&kikanKbn=3", "url2": null, "内容": "佐古歯科医院【3:歯科】愛媛県松山市谷町１９２番地２" }, "geometry": { "type": "Point", "coordinates": [ 132.752928, 33.877182 ] } },
{ "type": "Feature", "properties": { "ID": 3833385620630, "正式名称": "駅前歯科医院", "機関区分": 3, "都道府県コード": 38, "市区町村コード": 215, "所在地": "愛媛県東温市横河原桟敷２８５－１", "緯度": 33.802081, "経度": 132.883282, "url": "https://www.iryou.teikyouseido.mhlw.go.jp/znk-web/juminkanja/S2430/initialize?prefCd=38&kikanCd=3385620630&kikanKbn=3", "url2": "http://www.ekimae-sika.jp/", "内容": "駅前歯科医院【3:歯科】愛媛県東温市横河原桟敷２８５－１" }, "geometry": { "type": "Point", "coordinates": [ 132.883282, 33.802081 ] } },
{ "type": "Feature", "properties": { "ID": 3833385620760, "正式名称": "清水歯科医院", "機関区分": 3, "都道府県コード": 38, "市区町村コード": 201, "所在地": "愛媛県松山市苞木甲８－３", "緯度": 33.943703, "経度": 132.768757, "url": "https://www.iryou.teikyouseido.mhlw.go.jp/znk-web/juminkanja/S2430/initialize?prefCd=38&kikanCd=3385620760&kikanKbn=3", "url2": "htts://www.shimizu-dc-matsuyama.com/", "内容": "清水歯科医院【3:歯科】愛媛県松山市苞木甲８－３" }, "geometry": { "type": "Point", "coordinates": [ 132.768757, 33.943703 ] } },
{ "type": "Feature", "properties": { "ID": 3833385620890, "正式名称": "堀本歯科", "機関区分": 3, "都道府県コード": 38, "市区町村コード": 201, "所在地": "愛媛県松山市柳原３３２番地", "緯度": 33.954563, "経度": 132.772479, "url": "https://www.iryou.teikyouseido.mhlw.go.jp/znk-web/juminkanja/S2430/initialize?prefCd=38&kikanCd=3385620890&kikanKbn=3", "url2": "http://www.horimoto-dc.com/", "内容": "堀本歯科【3:歯科】愛媛県松山市柳原３３２番地" }, "geometry": { "type": "Point", "coordinates": [ 132.772479, 33.954563 ] } },
{ "type": "Feature", "properties": { "ID": 3833385620920, "正式名称": "星の岡歯科医院", "機関区分": 3, "都道府県コード": 38, "市区町村コード": 201, "所在地": "愛媛県松山市星岡４丁目３－７", "緯度": 33.811912, "経度": 132.787345, "url": "https://www.iryou.teikyouseido.mhlw.go.jp/znk-web/juminkanja/S2430/initialize?prefCd=38&kikanCd=3385620920&kikanKbn=3", "url2": "https://www.hoshinooka-shika.com/", "内容": "星の岡歯科医院【3:歯科】愛媛県松山市星岡４丁目３－７" }, "geometry": { "type": "Point", "coordinates": [ 132.787345, 33.811912 ] } },
{ "type": "Feature", "properties": { "ID": 3833385621060, "正式名称": "森原歯科医院", "機関区分": 3, "都道府県コード": 38, "市区町村コード": 201, "所在地": "愛媛県松山市森松町２７４－３", "緯度": 33.790803, "経度": 132.793318, "url": "https://www.iryou.teikyouseido.mhlw.go.jp/znk-web/juminkanja/S2430/initialize?prefCd=38&kikanCd=3385621060&kikanKbn=3", "url2": null, "内容": "森原歯科医院【3:歯科】愛媛県松山市森松町２７４－３" }, "geometry": { "type": "Point", "coordinates": [ 132.793318, 33.790803 ] } },
{ "type": "Feature", "properties": { "ID": 3833385621350, "正式名称": "越智歯科医院", "機関区分": 3, "都道府県コード": 38, "市区町村コード": 201, "所在地": "愛媛県松山市越智三丁目９番５号", "緯度": 33.809856, "経度": 132.780401, "url": "https://www.iryou.teikyouseido.mhlw.go.jp/znk-web/juminkanja/S2430/initialize?prefCd=38&kikanCd=3385621350&kikanKbn=3", "url2": null, "内容": "越智歯科医院【3:歯科】愛媛県松山市越智三丁目９番５号" }, "geometry": { "type": "Point", "coordinates": [ 132.780401, 33.809856 ] } },
{ "type": "Feature", "properties": { "ID": 3833385621640, "正式名称": "大野晶一郎歯科", "機関区分": 3, "都道府県コード": 38, "市区町村コード": 201, "所在地": "愛媛県松山市古三津２－１６－１６", "緯度": 33.857295, "経度": 132.726681, "url": "https://www.iryou.teikyouseido.mhlw.go.jp/znk-web/juminkanja/S2430/initialize?prefCd=38&kikanCd=3385621640&kikanKbn=3", "url2": null, "内容": "大野晶一郎歯科【3:歯科】愛媛県松山市古三津２－１６－１６" }, "geometry": { "type": "Point", "coordinates": [ 132.726681, 33.857295 ] } },
{ "type": "Feature", "properties": { "ID": 3833385621800, "正式名称": "雄新歯科医院", "機関区分": 3, "都道府県コード": 38, "市区町村コード": 201, "所在地": "愛媛県松山市小栗７丁目１－１８", "緯度": 33.826132, "経度": 132.753931, "url": "https://www.iryou.teikyouseido.mhlw.go.jp/znk-web/juminkanja/S2430/initialize?prefCd=38&kikanCd=3385621800&kikanKbn=3", "url2": null, "内容": "雄新歯科医院【3:歯科】愛媛県松山市小栗７丁目１－１８" }, "geometry": { "type": "Point", "coordinates": [ 132.753931, 33.826132 ] } },
{ "type": "Feature", "properties": { "ID": 3833385622230, "正式名称": "板野歯科医院", "機関区分": 3, "都道府県コード": 38, "市区町村コード": 201, "所在地": "愛媛県松山市桑原５丁目１の５", "緯度": 33.83016, "経度": 132.792261, "url": "https://www.iryou.teikyouseido.mhlw.go.jp/znk-web/juminkanja/S2430/initialize?prefCd=38&kikanCd=3385622230&kikanKbn=3", "url2": "https://www.itano-shika.com/", "内容": "板野歯科医院【3:歯科】愛媛県松山市桑原５丁目１の５" }, "geometry": { "type": "Point", "coordinates": [ 132.792261, 33.83016 ] } },
{ "type": "Feature", "properties": { "ID": 3833385622360, "正式名称": "田渕歯科医院", "機関区分": 3, "都道府県コード": 38, "市区町村コード": 201, "所在地": "愛媛県松山市大手町２丁目６－２３　大手町ビル２階", "緯度": 33.839575, "経度": 132.754597, "url": "https://www.iryou.teikyouseido.mhlw.go.jp/znk-web/juminkanja/S2430/initialize?prefCd=38&kikanCd=3385622360&kikanKbn=3", "url2": null, "内容": "田渕歯科医院【3:歯科】愛媛県松山市大手町２丁目６－２３　大手町ビル２階" }, "geometry": { "type": "Point", "coordinates": [ 132.754597, 33.839575 ] } },
{ "type": "Feature", "properties": { "ID": 3833385622490, "正式名称": "三木歯科医院", "機関区分": 3, "都道府県コード": 38, "市区町村コード": 201, "所在地": "愛媛県松山市小栗５丁目４－１", "緯度": 33.827821, "経度": 132.758461, "url": "https://www.iryou.teikyouseido.mhlw.go.jp/znk-web/juminkanja/S2430/initialize?prefCd=38&kikanCd=3385622490&kikanKbn=3", "url2": null, "内容": "三木歯科医院【3:歯科】愛媛県松山市小栗５丁目４－１" }, "geometry": { "type": "Point", "coordinates": [ 132.758461, 33.827821 ] } },
{ "type": "Feature", "properties": { "ID": 3833385622520, "正式名称": "かとう歯科医院", "機関区分": 3, "都道府県コード": 38, "市区町村コード": 201, "所在地": "愛媛県松山市高岡町２０９－３", "緯度": 33.831853, "経度": 132.722988, "url": "https://www.iryou.teikyouseido.mhlw.go.jp/znk-web/juminkanja/S2430/initialize?prefCd=38&kikanCd=3385622520&kikanKbn=3", "url2": "http://www.dsc-kirari.com/katou", "内容": "かとう歯科医院【3:歯科】愛媛県松山市高岡町２０９－３" }, "geometry": { "type": "Point", "coordinates": [ 132.722988, 33.831853 ] } },
{ "type": "Feature", "properties": { "ID": 3833385622650, "正式名称": "ひまわり歯科医院", "機関区分": 3, "都道府県コード": 38, "市区町村コード": 201, "所在地": "愛媛県松山市衣山４丁目８０６－５", "緯度": 33.850795, "経度": 132.737736, "url": "https://www.iryou.teikyouseido.mhlw.go.jp/znk-web/juminkanja/S2430/initialize?prefCd=38&kikanCd=3385622650&kikanKbn=3", "url2": null, "内容": "ひまわり歯科医院【3:歯科】愛媛県松山市衣山４丁目８０６－５" }, "geometry": { "type": "Point", "coordinates": [ 132.737736, 33.850795 ] } },
{ "type": "Feature", "properties": { "ID": 3833385622780, "正式名称": "とちぎ歯科医院", "機関区分": 3, "都道府県コード": 38, "市区町村コード": 201, "所在地": "愛媛県松山市松ノ木２丁目８１９－３", "緯度": 33.873015, "経度": 132.72007, "url": "https://www.iryou.teikyouseido.mhlw.go.jp/znk-web/juminkanja/S2430/initialize?prefCd=38&kikanCd=3385622780&kikanKbn=3", "url2": "https;//tochigi-sika.amebaownd.com", "内容": "とちぎ歯科医院【3:歯科】愛媛県松山市松ノ木２丁目８１９－３" }, "geometry": { "type": "Point", "coordinates": [ 132.72007, 33.873015 ] } },
{ "type": "Feature", "properties": { "ID": 3833385622810, "正式名称": "松山城北インプラントクリニック太山寺歯科医院", "機関区分": 3, "都道府県コード": 38, "市区町村コード": 201, "所在地": "愛媛県松山市太山寺町１１５５－１", "緯度": 33.887319, "経度": 132.730513, "url": "https://www.iryou.teikyouseido.mhlw.go.jp/znk-web/juminkanja/S2430/initialize?prefCd=38&kikanCd=3385622810&kikanKbn=3", "url2": "http://www.taisanji-shika.com/", "内容": "松山城北インプラントクリニック太山寺歯科医院【3:歯科】愛媛県松山市太山寺町１１５５－１" }, "geometry": { "type": "Point", "coordinates": [ 132.730513, 33.887319 ] } },
{ "type": "Feature", "properties": { "ID": 3833385622940, "正式名称": "阿部歯科医院", "機関区分": 3, "都道府県コード": 38, "市区町村コード": 201, "所在地": "愛媛県松山市萱町３丁目４－２", "緯度": 33.846935, "経度": 132.756902, "url": "https://www.iryou.teikyouseido.mhlw.go.jp/znk-web/juminkanja/S2430/initialize?prefCd=38&kikanCd=3385622940&kikanKbn=3", "url2": null, "内容": "阿部歯科医院【3:歯科】愛媛県松山市萱町３丁目４－２" }, "geometry": { "type": "Point", "coordinates": [ 132.756902, 33.846935 ] } },
{ "type": "Feature", "properties": { "ID": 3833385623080, "正式名称": "山崎歯科医院", "機関区分": 3, "都道府県コード": 38, "市区町村コード": 201, "所在地": "愛媛県松山市下難波甲４７４－１", "緯度": 33.980282, "経度": 132.786032, "url": "https://www.iryou.teikyouseido.mhlw.go.jp/znk-web/juminkanja/S2430/initialize?prefCd=38&kikanCd=3385623080&kikanKbn=3", "url2": null, "内容": "山崎歯科医院【3:歯科】愛媛県松山市下難波甲４７４－１" }, "geometry": { "type": "Point", "coordinates": [ 132.786032, 33.980282 ] } },
{ "type": "Feature", "properties": { "ID": 3833385623110, "正式名称": "いいお歯科医院", "機関区分": 3, "都道府県コード": 38, "市区町村コード": 201, "所在地": "愛媛県松山市井門町１３３７", "緯度": 33.798802, "経度": 132.773986, "url": "https://www.iryou.teikyouseido.mhlw.go.jp/znk-web/juminkanja/S2430/initialize?prefCd=38&kikanCd=3385623110&kikanKbn=3", "url2": null, "内容": "いいお歯科医院【3:歯科】愛媛県松山市井門町１３３７" }, "geometry": { "type": "Point", "coordinates": [ 132.773986, 33.798802 ] } },
{ "type": "Feature", "properties": { "ID": 3833385623240, "正式名称": "束本歯科医院", "機関区分": 3, "都道府県コード": 38, "市区町村コード": 201, "所在地": "愛媛県松山市枝松５丁目１番２２号", "緯度": 33.82766, "経度": 132.785483, "url": "https://www.iryou.teikyouseido.mhlw.go.jp/znk-web/juminkanja/S2430/initialize?prefCd=38&kikanCd=3385623240&kikanKbn=3", "url2": "http://www.tukamoto-shika.com/", "内容": "束本歯科医院【3:歯科】愛媛県松山市枝松５丁目１番２２号" }, "geometry": { "type": "Point", "coordinates": [ 132.785483, 33.82766 ] } },
{ "type": "Feature", "properties": { "ID": 3833385623530, "正式名称": "中野歯科医院", "機関区分": 3, "都道府県コード": 38, "市区町村コード": 201, "所在地": "愛媛県松山市山西町６７８－４", "緯度": 33.853212, "経度": 132.724154, "url": "https://www.iryou.teikyouseido.mhlw.go.jp/znk-web/juminkanja/S2430/initialize?prefCd=38&kikanCd=3385623530&kikanKbn=3", "url2": null, "内容": "中野歯科医院【3:歯科】愛媛県松山市山西町６７８－４" }, "geometry": { "type": "Point", "coordinates": [ 132.724154, 33.853212 ] } },
{ "type": "Feature", "properties": { "ID": 3833385623660, "正式名称": "木村歯科", "機関区分": 3, "都道府県コード": 38, "市区町村コード": 201, "所在地": "愛媛県松山市南久米町５６７－５", "緯度": 33.813217, "経度": 132.797289, "url": "https://www.iryou.teikyouseido.mhlw.go.jp/znk-web/juminkanja/S2430/initialize?prefCd=38&kikanCd=3385623660&kikanKbn=3", "url2": "https://itp.ne.jp/info/383343056400000899/", "内容": "木村歯科【3:歯科】愛媛県松山市南久米町５６７－５" }, "geometry": { "type": "Point", "coordinates": [ 132.797289, 33.813217 ] } },
{ "type": "Feature", "properties": { "ID": 3833385623790, "正式名称": "大内歯科医院", "機関区分": 3, "都道府県コード": 38, "市区町村コード": 201, "所在地": "愛媛県松山市東長戸２丁目９－２０", "緯度": 33.868516, "経度": 132.747374, "url": "https://www.iryou.teikyouseido.mhlw.go.jp/znk-web/juminkanja/S2430/initialize?prefCd=38&kikanCd=3385623790&kikanKbn=3", "url2": null, "内容": "大内歯科医院【3:歯科】愛媛県松山市東長戸２丁目９－２０" }, "geometry": { "type": "Point", "coordinates": [ 132.747374, 33.868516 ] } },
{ "type": "Feature", "properties": { "ID": 3833385623820, "正式名称": "中村歯科医院", "機関区分": 3, "都道府県コード": 38, "市区町村コード": 201, "所在地": "愛媛県松山市空港通６丁目１１－６", "緯度": 33.828187, "経度": 132.730627, "url": "https://www.iryou.teikyouseido.mhlw.go.jp/znk-web/juminkanja/S2430/initialize?prefCd=38&kikanCd=3385623820&kikanKbn=3", "url2": null, "内容": "中村歯科医院【3:歯科】愛媛県松山市空港通６丁目１１－６" }, "geometry": { "type": "Point", "coordinates": [ 132.730627, 33.828187 ] } },
{ "type": "Feature", "properties": { "ID": 3833385623950, "正式名称": "宮部歯科", "機関区分": 3, "都道府県コード": 38, "市区町村コード": 201, "所在地": "愛媛県松山市祝谷６丁目１１８８", "緯度": 33.861851, "経度": 132.775566, "url": "https://www.iryou.teikyouseido.mhlw.go.jp/znk-web/juminkanja/S2430/initialize?prefCd=38&kikanCd=3385623950&kikanKbn=3", "url2": null, "内容": "宮部歯科【3:歯科】愛媛県松山市祝谷６丁目１１８８" }, "geometry": { "type": "Point", "coordinates": [ 132.775566, 33.861851 ] } },
{ "type": "Feature", "properties": { "ID": 3833385624090, "正式名称": "西岡歯科医院", "機関区分": 3, "都道府県コード": 38, "市区町村コード": 201, "所在地": "愛媛県松山市千舟町１丁目３番地８", "緯度": 33.836742, "経度": 132.773345, "url": "https://www.iryou.teikyouseido.mhlw.go.jp/znk-web/juminkanja/S2430/initialize?prefCd=38&kikanCd=3385624090&kikanKbn=3", "url2": "http://nisiokasika.com/", "内容": "西岡歯科医院【3:歯科】愛媛県松山市千舟町１丁目３番地８" }, "geometry": { "type": "Point", "coordinates": [ 132.773345, 33.836742 ] } },
{ "type": "Feature", "properties": { "ID": 3833385624410, "正式名称": "佐々木歯科", "機関区分": 3, "都道府県コード": 38, "市区町村コード": 201, "所在地": "愛媛県松山市鷹子町２４３－８", "緯度": 33.809885, "経度": 132.813899, "url": "https://www.iryou.teikyouseido.mhlw.go.jp/znk-web/juminkanja/S2430/initialize?prefCd=38&kikanCd=3385624410&kikanKbn=3", "url2": "http://www.sasaki-dental-clinlc.jp/", "内容": "佐々木歯科【3:歯科】愛媛県松山市鷹子町２４３－８" }, "geometry": { "type": "Point", "coordinates": [ 132.813899, 33.809885 ] } },
{ "type": "Feature", "properties": { "ID": 3833385624540, "正式名称": "清水歯科診療所", "機関区分": 3, "都道府県コード": 38, "市区町村コード": 201, "所在地": "愛媛県松山市東方町甲１２６２番地１", "緯度": 33.769333, "経度": 132.817622, "url": "https://www.iryou.teikyouseido.mhlw.go.jp/znk-web/juminkanja/S2430/initialize?prefCd=38&kikanCd=3385624540&kikanKbn=3", "url2": null, "内容": "清水歯科診療所【3:歯科】愛媛県松山市東方町甲１２６２番地１" }, "geometry": { "type": "Point", "coordinates": [ 132.817622, 33.769333 ] } },
{ "type": "Feature", "properties": { "ID": 3833385624670, "正式名称": "仙波歯科クリニック", "機関区分": 3, "都道府県コード": 38, "市区町村コード": 201, "所在地": "愛媛県松山市東石井５－１０－６", "緯度": 33.816689, "経度": 132.775068, "url": "https://www.iryou.teikyouseido.mhlw.go.jp/znk-web/juminkanja/S2430/initialize?prefCd=38&kikanCd=3385624670&kikanKbn=3", "url2": null, "内容": "仙波歯科クリニック【3:歯科】愛媛県松山市東石井５－１０－６" }, "geometry": { "type": "Point", "coordinates": [ 132.775068, 33.816689 ] } },
{ "type": "Feature", "properties": { "ID": 3833385624960, "正式名称": "なおる歯科", "機関区分": 3, "都道府県コード": 38, "市区町村コード": 201, "所在地": "愛媛県松山市平和通２丁目５－１２", "緯度": 33.847886, "経度": 132.769989, "url": "https://www.iryou.teikyouseido.mhlw.go.jp/znk-web/juminkanja/S2430/initialize?prefCd=38&kikanCd=3385624960&kikanKbn=3", "url2": null, "内容": "なおる歯科【3:歯科】愛媛県松山市平和通２丁目５－１２" }, "geometry": { "type": "Point", "coordinates": [ 132.769989, 33.847886 ] } },
{ "type": "Feature", "properties": { "ID": 3833385625390, "正式名称": "重信歯科医院", "機関区分": 3, "都道府県コード": 38, "市区町村コード": 215, "所在地": "愛媛県東温市志津川南３丁目２－２２", "緯度": 33.802945, "経度": 132.876934, "url": "https://www.iryou.teikyouseido.mhlw.go.jp/znk-web/juminkanja/S2430/initialize?prefCd=38&kikanCd=3385625390&kikanKbn=3", "url2": null, "内容": "重信歯科医院【3:歯科】愛媛県東温市志津川南３丁目２－２２" }, "geometry": { "type": "Point", "coordinates": [ 132.876934, 33.802945 ] } },
{ "type": "Feature", "properties": { "ID": 3833385625420, "正式名称": "渡部祐子歯科", "機関区分": 3, "都道府県コード": 38, "市区町村コード": 215, "所在地": "愛媛県東温市南方５９２－４", "緯度": 33.798832, "経度": 132.908752, "url": "https://www.iryou.teikyouseido.mhlw.go.jp/znk-web/juminkanja/S2430/initialize?prefCd=38&kikanCd=3385625420&kikanKbn=3", "url2": null, "内容": "渡部祐子歯科【3:歯科】愛媛県東温市南方５９２－４" }, "geometry": { "type": "Point", "coordinates": [ 132.908752, 33.798832 ] } },
{ "type": "Feature", "properties": { "ID": 3833385625550, "正式名称": "永木歯科", "機関区分": 3, "都道府県コード": 38, "市区町村コード": 201, "所在地": "愛媛県松山市土居田町２８９－３", "緯度": 33.824604, "経度": 132.747931, "url": "https://www.iryou.teikyouseido.mhlw.go.jp/znk-web/juminkanja/S2430/initialize?prefCd=38&kikanCd=3385625550&kikanKbn=3", "url2": null, "内容": "永木歯科【3:歯科】愛媛県松山市土居田町２８９－３" }, "geometry": { "type": "Point", "coordinates": [ 132.747931, 33.824604 ] } },
{ "type": "Feature", "properties": { "ID": 3833385625710, "正式名称": "山越歯科クリニック", "機関区分": 3, "都道府県コード": 38, "市区町村コード": 201, "所在地": "愛媛県松山市山越４丁目４－３５エクセル丸栄２Ｆ", "緯度": 33.862711, "経度": 132.75854, "url": "https://www.iryou.teikyouseido.mhlw.go.jp/znk-web/juminkanja/S2430/initialize?prefCd=38&kikanCd=3385625710&kikanKbn=3", "url2": null, "内容": "山越歯科クリニック【3:歯科】愛媛県松山市山越４丁目４－３５エクセル丸栄２Ｆ" }, "geometry": { "type": "Point", "coordinates": [ 132.75854, 33.862711 ] } },
{ "type": "Feature", "properties": { "ID": 3833385625970, "正式名称": "近藤歯科クリニック", "機関区分": 3, "都道府県コード": 38, "市区町村コード": 215, "所在地": "愛媛県東温市北野田２３９", "緯度": 33.789954, "経度": 132.843302, "url": "https://www.iryou.teikyouseido.mhlw.go.jp/znk-web/juminkanja/S2430/initialize?prefCd=38&kikanCd=3385625970&kikanKbn=3", "url2": "https://kondo-dc.biz/", "内容": "近藤歯科クリニック【3:歯科】愛媛県東温市北野田２３９" }, "geometry": { "type": "Point", "coordinates": [ 132.843302, 33.789954 ] } },
{ "type": "Feature", "properties": { "ID": 3833385626010, "正式名称": "ふなき歯科", "機関区分": 3, "都道府県コード": 38, "市区町村コード": 201, "所在地": "愛媛県松山市中村２丁目２番８号", "緯度": 33.831882, "経度": 132.777456, "url": "https://www.iryou.teikyouseido.mhlw.go.jp/znk-web/juminkanja/S2430/initialize?prefCd=38&kikanCd=3385626010&kikanKbn=3", "url2": "https://www.funakidc.com/", "内容": "ふなき歯科【3:歯科】愛媛県松山市中村２丁目２番８号" }, "geometry": { "type": "Point", "coordinates": [ 132.777456, 33.831882 ] } },
{ "type": "Feature", "properties": { "ID": 3833385626140, "正式名称": "コスモス歯科医院", "機関区分": 3, "都道府県コード": 38, "市区町村コード": 201, "所在地": "愛媛県松山市堀江町甲１８００番地１０", "緯度": 33.907095, "経度": 132.752733, "url": "https://www.iryou.teikyouseido.mhlw.go.jp/znk-web/juminkanja/S2430/initialize?prefCd=38&kikanCd=3385626140&kikanKbn=3", "url2": "http://cosmoshtml.web.fc2.com", "内容": "コスモス歯科医院【3:歯科】愛媛県松山市堀江町甲１８００番地１０" }, "geometry": { "type": "Point", "coordinates": [ 132.752733, 33.907095 ] } },
{ "type": "Feature", "properties": { "ID": 3833385626270, "正式名称": "関谷栄歯科", "機関区分": 3, "都道府県コード": 38, "市区町村コード": 201, "所在地": "愛媛県松山市高岡町１７８番地３", "緯度": 33.828077, "経度": 132.723429, "url": "https://www.iryou.teikyouseido.mhlw.go.jp/znk-web/juminkanja/S2430/initialize?prefCd=38&kikanCd=3385626270&kikanKbn=3", "url2": null, "内容": "関谷栄歯科【3:歯科】愛媛県松山市高岡町１７８番地３" }, "geometry": { "type": "Point", "coordinates": [ 132.723429, 33.828077 ] } },
{ "type": "Feature", "properties": { "ID": 3833385626430, "正式名称": "医療法人　金亀歯科クリニック", "機関区分": 3, "都道府県コード": 38, "市区町村コード": 201, "所在地": "愛媛県松山市越智三丁目５番２２号", "緯度": 33.809023, "経度": 132.782762, "url": "https://www.iryou.teikyouseido.mhlw.go.jp/znk-web/juminkanja/S2430/initialize?prefCd=38&kikanCd=3385626430&kikanKbn=3", "url2": "http://kinki-dc.cihp.jp/", "内容": "医療法人　金亀歯科クリニック【3:歯科】愛媛県松山市越智三丁目５番２２号" }, "geometry": { "type": "Point", "coordinates": [ 132.782762, 33.809023 ] } },
{ "type": "Feature", "properties": { "ID": 3833385626560, "正式名称": "たかた歯科医院", "機関区分": 3, "都道府県コード": 38, "市区町村コード": 201, "所在地": "愛媛県松山市末広町１３の１", "緯度": 33.833492, "経度": 132.764291, "url": "https://www.iryou.teikyouseido.mhlw.go.jp/znk-web/juminkanja/S2430/initialize?prefCd=38&kikanCd=3385626560&kikanKbn=3", "url2": null, "内容": "たかた歯科医院【3:歯科】愛媛県松山市末広町１３の１" }, "geometry": { "type": "Point", "coordinates": [ 132.764291, 33.833492 ] } },
{ "type": "Feature", "properties": { "ID": 3833385626720, "正式名称": "味生歯科医院", "機関区分": 3, "都道府県コード": 38, "市区町村コード": 201, "所在地": "愛媛県松山市別府町２１６－７", "緯度": 33.845629, "経度": 132.725543, "url": "https://www.iryou.teikyouseido.mhlw.go.jp/znk-web/juminkanja/S2430/initialize?prefCd=38&kikanCd=3385626720&kikanKbn=3", "url2": null, "内容": "味生歯科医院【3:歯科】愛媛県松山市別府町２１６－７" }, "geometry": { "type": "Point", "coordinates": [ 132.725543, 33.845629 ] } },
{ "type": "Feature", "properties": { "ID": 3833385626850, "正式名称": "ひろ歯科医院", "機関区分": 3, "都道府県コード": 38, "市区町村コード": 201, "所在地": "愛媛県松山市北斎院町３２－６８", "緯度": 33.836575, "経度": 132.737654, "url": "https://www.iryou.teikyouseido.mhlw.go.jp/znk-web/juminkanja/S2430/initialize?prefCd=38&kikanCd=3385626850&kikanKbn=3", "url2": "http://www.h-dc.biz", "内容": "ひろ歯科医院【3:歯科】愛媛県松山市北斎院町３２－６８" }, "geometry": { "type": "Point", "coordinates": [ 132.737654, 33.836575 ] } },
{ "type": "Feature", "properties": { "ID": 3833385626980, "正式名称": "医療法人　松友歯科クリニック", "機関区分": 3, "都道府県コード": 38, "市区町村コード": 201, "所在地": "愛媛県松山市古三津二丁目２－１２", "緯度": 33.856906, "経度": 132.727154, "url": "https://www.iryou.teikyouseido.mhlw.go.jp/znk-web/juminkanja/S2430/initialize?prefCd=38&kikanCd=3385626980&kikanKbn=3", "url2": "http://www.matsutomo-dc.com/", "内容": "医療法人　松友歯科クリニック【3:歯科】愛媛県松山市古三津二丁目２－１２" }, "geometry": { "type": "Point", "coordinates": [ 132.727154, 33.856906 ] } },
{ "type": "Feature", "properties": { "ID": 3833385627020, "正式名称": "二宮矯正歯科医院", "機関区分": 3, "都道府県コード": 38, "市区町村コード": 201, "所在地": "愛媛県松山市千舟町７－１０－１　二宮ビル２階", "緯度": 33.837047, "経度": 132.756791, "url": "https://www.iryou.teikyouseido.mhlw.go.jp/znk-web/juminkanja/S2430/initialize?prefCd=38&kikanCd=3385627020&kikanKbn=3", "url2": "http://www.ninomiya-kyouseishika.or.jp/", "内容": "二宮矯正歯科医院【3:歯科】愛媛県松山市千舟町７－１０－１　二宮ビル２階" }, "geometry": { "type": "Point", "coordinates": [ 132.756791, 33.837047 ] } },
{ "type": "Feature", "properties": { "ID": 3833385627280, "正式名称": "篠崎歯科医院", "機関区分": 3, "都道府県コード": 38, "市区町村コード": 201, "所在地": "愛媛県松山市樽味４丁目６－２０", "緯度": 33.838242, "経度": 132.786788, "url": "https://www.iryou.teikyouseido.mhlw.go.jp/znk-web/juminkanja/S2430/initialize?prefCd=38&kikanCd=3385627280&kikanKbn=3", "url2": "http://www.shino-dc.jp", "内容": "篠崎歯科医院【3:歯科】愛媛県松山市樽味４丁目６－２０" }, "geometry": { "type": "Point", "coordinates": [ 132.786788, 33.838242 ] } },
{ "type": "Feature", "properties": { "ID": 3833385627310, "正式名称": "日野歯科医院", "機関区分": 3, "都道府県コード": 38, "市区町村コード": 215, "所在地": "愛媛県東温市牛渕１９５２－１", "緯度": 33.797053, "経度": 132.846285, "url": "https://www.iryou.teikyouseido.mhlw.go.jp/znk-web/juminkanja/S2430/initialize?prefCd=38&kikanCd=3385627310&kikanKbn=3", "url2": null, "内容": "日野歯科医院【3:歯科】愛媛県東温市牛渕１９５２－１" }, "geometry": { "type": "Point", "coordinates": [ 132.846285, 33.797053 ] } },
{ "type": "Feature", "properties": { "ID": 3833385627440, "正式名称": "うつみ歯科", "機関区分": 3, "都道府県コード": 38, "市区町村コード": 201, "所在地": "愛媛県松山市南久米町６５８－１", "緯度": 33.811967, "経度": 132.804983, "url": "https://www.iryou.teikyouseido.mhlw.go.jp/znk-web/juminkanja/S2430/initialize?prefCd=38&kikanCd=3385627440&kikanKbn=3", "url2": "https://doctorsfile.jp/homepage/preview/jIDihdoUMKVl8-VurQ-SPA/", "内容": "うつみ歯科【3:歯科】愛媛県松山市南久米町６５８－１" }, "geometry": { "type": "Point", "coordinates": [ 132.804983, 33.811967 ] } },
{ "type": "Feature", "properties": { "ID": 3833385627570, "正式名称": "小栗歯科", "機関区分": 3, "都道府県コード": 38, "市区町村コード": 201, "所在地": "愛媛県松山市小栗２丁目３－２４", "緯度": 33.826215, "経度": 132.759208, "url": "https://www.iryou.teikyouseido.mhlw.go.jp/znk-web/juminkanja/S2430/initialize?prefCd=38&kikanCd=3385627570&kikanKbn=3", "url2": "www.oguri-dental.com", "内容": "小栗歯科【3:歯科】愛媛県松山市小栗２丁目３－２４" }, "geometry": { "type": "Point", "coordinates": [ 132.759208, 33.826215 ] } },
{ "type": "Feature", "properties": { "ID": 3833385627600, "正式名称": "蔵原歯科クリニック", "機関区分": 3, "都道府県コード": 38, "市区町村コード": 201, "所在地": "愛媛県松山市花園町６－２", "緯度": 33.838658, "経度": 132.76204, "url": "https://www.iryou.teikyouseido.mhlw.go.jp/znk-web/juminkanja/S2430/initialize?prefCd=38&kikanCd=3385627600&kikanKbn=3", "url2": null, "内容": "蔵原歯科クリニック【3:歯科】愛媛県松山市花園町６－２" }, "geometry": { "type": "Point", "coordinates": [ 132.76204, 33.838658 ] } },
{ "type": "Feature", "properties": { "ID": 3833385627730, "正式名称": "そめじ歯科医院", "機関区分": 3, "都道府県コード": 38, "市区町村コード": 201, "所在地": "愛媛県松山市竹原２丁目６－１３", "緯度": 33.832714, "経度": 132.752597, "url": "https://www.iryou.teikyouseido.mhlw.go.jp/znk-web/juminkanja/S2430/initialize?prefCd=38&kikanCd=3385627730&kikanKbn=3", "url2": "https://www.someji.jp/", "内容": "そめじ歯科医院【3:歯科】愛媛県松山市竹原２丁目６－１３" }, "geometry": { "type": "Point", "coordinates": [ 132.752597, 33.832714 ] } },
{ "type": "Feature", "properties": { "ID": 3833385627860, "正式名称": "さとし歯科クリニック", "機関区分": 3, "都道府県コード": 38, "市区町村コード": 201, "所在地": "愛媛県松山市朝生田町６丁目１－２６", "緯度": 33.821374, "経度": 132.769745, "url": "https://www.iryou.teikyouseido.mhlw.go.jp/znk-web/juminkanja/S2430/initialize?prefCd=38&kikanCd=3385627860&kikanKbn=3", "url2": "https://satoshi-dentalclinic.com", "内容": "さとし歯科クリニック【3:歯科】愛媛県松山市朝生田町６丁目１－２６" }, "geometry": { "type": "Point", "coordinates": [ 132.769745, 33.821374 ] } },
{ "type": "Feature", "properties": { "ID": 3833385628160, "正式名称": "水木歯科医院", "機関区分": 3, "都道府県コード": 38, "市区町村コード": 201, "所在地": "愛媛県松山市東石井３丁目１－３", "緯度": 33.813578, "経度": 132.782957, "url": "https://www.iryou.teikyouseido.mhlw.go.jp/znk-web/juminkanja/S2430/initialize?prefCd=38&kikanCd=3385628160&kikanKbn=3", "url2": null, "内容": "水木歯科医院【3:歯科】愛媛県松山市東石井３丁目１－３" }, "geometry": { "type": "Point", "coordinates": [ 132.782957, 33.813578 ] } },
{ "type": "Feature", "properties": { "ID": 3833385628320, "正式名称": "フェニックス歯科", "機関区分": 3, "都道府県コード": 38, "市区町村コード": 201, "所在地": "愛媛県松山市西石井５－１２－７", "緯度": 33.814772, "経度": 132.77068, "url": "https://www.iryou.teikyouseido.mhlw.go.jp/znk-web/juminkanja/S2430/initialize?prefCd=38&kikanCd=3385628320&kikanKbn=3", "url2": "http://www.phoenix-dc.jp/", "内容": "フェニックス歯科【3:歯科】愛媛県松山市西石井５－１２－７" }, "geometry": { "type": "Point", "coordinates": [ 132.77068, 33.814772 ] } },
{ "type": "Feature", "properties": { "ID": 3833385628450, "正式名称": "田中英央歯科医院", "機関区分": 3, "都道府県コード": 38, "市区町村コード": 201, "所在地": "愛媛県松山市高浜町１丁目１４２５－１", "緯度": 33.880792, "経度": 132.701821, "url": "https://www.iryou.teikyouseido.mhlw.go.jp/znk-web/juminkanja/S2430/initialize?prefCd=38&kikanCd=3385628450&kikanKbn=3", "url2": null, "内容": "田中英央歯科医院【3:歯科】愛媛県松山市高浜町１丁目１４２５－１" }, "geometry": { "type": "Point", "coordinates": [ 132.701821, 33.880792 ] } },
{ "type": "Feature", "properties": { "ID": 3833385628580, "正式名称": "いなば歯科医院", "機関区分": 3, "都道府県コード": 38, "市区町村コード": 201, "所在地": "愛媛県松山市東野５丁目４－６", "緯度": 33.839159, "経度": 132.799065, "url": "https://www.iryou.teikyouseido.mhlw.go.jp/znk-web/juminkanja/S2430/initialize?prefCd=38&kikanCd=3385628580&kikanKbn=3", "url2": "http://inaba-dc.com", "内容": "いなば歯科医院【3:歯科】愛媛県松山市東野５丁目４－６" }, "geometry": { "type": "Point", "coordinates": [ 132.799065, 33.839159 ] } },
{ "type": "Feature", "properties": { "ID": 3833385628870, "正式名称": "鈴木歯科医院", "機関区分": 3, "都道府県コード": 38, "市区町村コード": 201, "所在地": "愛媛県松山市東野２丁目５番２８号", "緯度": 33.842103, "経度": 132.798176, "url": "https://www.iryou.teikyouseido.mhlw.go.jp/znk-web/juminkanja/S2430/initialize?prefCd=38&kikanCd=3385628870&kikanKbn=3", "url2": null, "内容": "鈴木歯科医院【3:歯科】愛媛県松山市東野２丁目５番２８号" }, "geometry": { "type": "Point", "coordinates": [ 132.798176, 33.842103 ] } },
{ "type": "Feature", "properties": { "ID": 3833385628900, "正式名称": "岡矯正歯科", "機関区分": 3, "都道府県コード": 38, "市区町村コード": 201, "所在地": "愛媛県松山市北持田町１２５－６", "緯度": 33.844241, "経度": 132.776122, "url": "https://www.iryou.teikyouseido.mhlw.go.jp/znk-web/juminkanja/S2430/initialize?prefCd=38&kikanCd=3385628900&kikanKbn=3", "url2": "http://www.kyousei.cc/", "内容": "岡矯正歯科【3:歯科】愛媛県松山市北持田町１２５－６" }, "geometry": { "type": "Point", "coordinates": [ 132.776122, 33.844241 ] } },
{ "type": "Feature", "properties": { "ID": 3833385629040, "正式名称": "ホワイト歯科", "機関区分": 3, "都道府県コード": 38, "市区町村コード": 201, "所在地": "愛媛県松山市若葉町８番４０号", "緯度": 33.8571, "経度": 132.717849, "url": "https://www.iryou.teikyouseido.mhlw.go.jp/znk-web/juminkanja/S2430/initialize?prefCd=38&kikanCd=3385629040&kikanKbn=3", "url2": null, "内容": "ホワイト歯科【3:歯科】愛媛県松山市若葉町８番４０号" }, "geometry": { "type": "Point", "coordinates": [ 132.717849, 33.8571 ] } },
{ "type": "Feature", "properties": { "ID": 3833385629170, "正式名称": "長谷川歯科医院", "機関区分": 3, "都道府県コード": 38, "市区町村コード": 201, "所在地": "愛媛県松山市北条７７１－７", "緯度": 33.976783, "経度": 132.77545, "url": "https://www.iryou.teikyouseido.mhlw.go.jp/znk-web/juminkanja/S2430/initialize?prefCd=38&kikanCd=3385629170&kikanKbn=3", "url2": "http://www.hasegawa-shikaiin.com/", "内容": "長谷川歯科医院【3:歯科】愛媛県松山市北条７７１－７" }, "geometry": { "type": "Point", "coordinates": [ 132.77545, 33.976783 ] } },
{ "type": "Feature", "properties": { "ID": 3833385629200, "正式名称": "なかむら歯科", "機関区分": 3, "都道府県コード": 38, "市区町村コード": 401, "所在地": "愛媛県伊予郡松前町北黒田４９０", "緯度": 33.781649, "経度": 132.708748, "url": "https://www.iryou.teikyouseido.mhlw.go.jp/znk-web/juminkanja/S2430/initialize?prefCd=38&kikanCd=3385629200&kikanKbn=3", "url2": null, "内容": "なかむら歯科【3:歯科】愛媛県伊予郡松前町北黒田４９０" }, "geometry": { "type": "Point", "coordinates": [ 132.708748, 33.781649 ] } },
{ "type": "Feature", "properties": { "ID": 3833385629330, "正式名称": "たきぐち歯科", "機関区分": 3, "都道府県コード": 38, "市区町村コード": 210, "所在地": "愛媛県伊予市尾崎字天神下７０番８", "緯度": 33.753191, "経度": 132.695777, "url": "https://www.iryou.teikyouseido.mhlw.go.jp/znk-web/juminkanja/S2430/initialize?prefCd=38&kikanCd=3385629330&kikanKbn=3", "url2": null, "内容": "たきぐち歯科【3:歯科】愛媛県伊予市尾崎字天神下７０番８" }, "geometry": { "type": "Point", "coordinates": [ 132.695777, 33.753191 ] } },
{ "type": "Feature", "properties": { "ID": 3833385629460, "正式名称": "河野歯科医院", "機関区分": 3, "都道府県コード": 38, "市区町村コード": 215, "所在地": "愛媛県東温市北野田５６２－１", "緯度": 33.794028, "経度": 132.832794, "url": "https://www.iryou.teikyouseido.mhlw.go.jp/znk-web/juminkanja/S2430/initialize?prefCd=38&kikanCd=3385629460&kikanKbn=3", "url2": "https://kounodc1999.amebaownd.com/", "内容": "河野歯科医院【3:歯科】愛媛県東温市北野田５６２－１" }, "geometry": { "type": "Point", "coordinates": [ 132.832794, 33.794028 ] } },
{ "type": "Feature", "properties": { "ID": 3833385629590, "正式名称": "光洋台デンタルクリニック", "機関区分": 3, "都道府県コード": 38, "市区町村コード": 201, "所在地": "愛媛県松山市小川甲２００－１", "緯度": 33.92676, "経度": 132.762592, "url": "https://www.iryou.teikyouseido.mhlw.go.jp/znk-web/juminkanja/S2430/initialize?prefCd=38&kikanCd=3385629590&kikanKbn=3", "url2": null, "内容": "光洋台デンタルクリニック【3:歯科】愛媛県松山市小川甲２００－１" }, "geometry": { "type": "Point", "coordinates": [ 132.762592, 33.92676 ] } },
{ "type": "Feature", "properties": { "ID": 3833385629620, "正式名称": "西本歯科医院", "機関区分": 3, "都道府県コード": 38, "市区町村コード": 401, "所在地": "愛媛県伊予郡松前町筒井３１８－３", "緯度": 33.791301, "経度": 132.705936, "url": "https://www.iryou.teikyouseido.mhlw.go.jp/znk-web/juminkanja/S2430/initialize?prefCd=38&kikanCd=3385629620&kikanKbn=3", "url2": null, "内容": "西本歯科医院【3:歯科】愛媛県伊予郡松前町筒井３１８－３" }, "geometry": { "type": "Point", "coordinates": [ 132.705936, 33.791301 ] } },
{ "type": "Feature", "properties": { "ID": 3833385629750, "正式名称": "うえやま歯科クリニック", "機関区分": 3, "都道府県コード": 38, "市区町村コード": 402, "所在地": "愛媛県伊予郡砥部町高尾田１１０８－１８", "緯度": 33.776027, "経度": 132.793874, "url": "https://www.iryou.teikyouseido.mhlw.go.jp/znk-web/juminkanja/S2430/initialize?prefCd=38&kikanCd=3385629750&kikanKbn=3", "url2": "http://ueyamadc-mainsite.jp/", "内容": "うえやま歯科クリニック【3:歯科】愛媛県伊予郡砥部町高尾田１１０８－１８" }, "geometry": { "type": "Point", "coordinates": [ 132.793874, 33.776027 ] } },
{ "type": "Feature", "properties": { "ID": 3833385629910, "正式名称": "みよし歯科クリニック", "機関区分": 3, "都道府県コード": 38, "市区町村コード": 210, "所在地": "愛媛県伊予市下吾川８４１番地１", "緯度": 33.761138, "経度": 132.706854, "url": "https://www.iryou.teikyouseido.mhlw.go.jp/znk-web/juminkanja/S2430/initialize?prefCd=38&kikanCd=3385629910&kikanKbn=3", "url2": null, "内容": "みよし歯科クリニック【3:歯科】愛媛県伊予市下吾川８４１番地１" }, "geometry": { "type": "Point", "coordinates": [ 132.706854, 33.761138 ] } },
{ "type": "Feature", "properties": { "ID": 3833385630310, "正式名称": "港南歯科クリニック", "機関区分": 3, "都道府県コード": 38, "市区町村コード": 210, "所在地": "愛媛県伊予市米湊１４９０番１", "緯度": 33.750333, "経度": 132.701522, "url": "https://www.iryou.teikyouseido.mhlw.go.jp/znk-web/juminkanja/S2430/initialize?prefCd=38&kikanCd=3385630310&kikanKbn=3", "url2": null, "内容": "港南歯科クリニック【3:歯科】愛媛県伊予市米湊１４９０番１" }, "geometry": { "type": "Point", "coordinates": [ 132.701522, 33.750333 ] } },
{ "type": "Feature", "properties": { "ID": 3833385630440, "正式名称": "西田歯科医院", "機関区分": 3, "都道府県コード": 38, "市区町村コード": 401, "所在地": "愛媛県伊予郡松前町恵久美６３４－２", "緯度": 33.794547, "経度": 132.725613, "url": "https://www.iryou.teikyouseido.mhlw.go.jp/znk-web/juminkanja/S2430/initialize?prefCd=38&kikanCd=3385630440&kikanKbn=3", "url2": null, "内容": "西田歯科医院【3:歯科】愛媛県伊予郡松前町恵久美６３４－２" }, "geometry": { "type": "Point", "coordinates": [ 132.725613, 33.794547 ] } },
{ "type": "Feature", "properties": { "ID": 3833385630570, "正式名称": "福住歯科クリニック", "機関区分": 3, "都道府県コード": 38, "市区町村コード": 210, "所在地": "愛媛県伊予市上吾川甲２３６－１", "緯度": 33.758333, "経度": 132.710715, "url": "https://www.iryou.teikyouseido.mhlw.go.jp/znk-web/juminkanja/S2430/initialize?prefCd=38&kikanCd=3385630570&kikanKbn=3", "url2": null, "内容": "福住歯科クリニック【3:歯科】愛媛県伊予市上吾川甲２３６－１" }, "geometry": { "type": "Point", "coordinates": [ 132.710715, 33.758333 ] } },
{ "type": "Feature", "properties": { "ID": 3833385630600, "正式名称": "ひさみつ歯科クリニック", "機関区分": 3, "都道府県コード": 38, "市区町村コード": 201, "所在地": "愛媛県松山市鹿峰５番地１", "緯度": 33.938981, "経度": 132.77409, "url": "https://www.iryou.teikyouseido.mhlw.go.jp/znk-web/juminkanja/S2430/initialize?prefCd=38&kikanCd=3385630600&kikanKbn=3", "url2": "http://hisamitsu-clinic.com./", "内容": "ひさみつ歯科クリニック【3:歯科】愛媛県松山市鹿峰５番地１" }, "geometry": { "type": "Point", "coordinates": [ 132.77409, 33.938981 ] } },
{ "type": "Feature", "properties": { "ID": 3833385630730, "正式名称": "医療法人新歯科医院優歯科オフィス", "機関区分": 3, "都道府県コード": 38, "市区町村コード": 210, "所在地": "愛媛県伊予市米湊４３１－１", "緯度": 33.752944, "経度": 132.705521, "url": "https://www.iryou.teikyouseido.mhlw.go.jp/znk-web/juminkanja/S2430/initialize?prefCd=38&kikanCd=3385630730&kikanKbn=3", "url2": "https://www.una-lion.com/", "内容": "医療法人新歯科医院優歯科オフィス【3:歯科】愛媛県伊予市米湊４３１－１" }, "geometry": { "type": "Point", "coordinates": [ 132.705521, 33.752944 ] } },
{ "type": "Feature", "properties": { "ID": 3833385630990, "正式名称": "医療法人愛媛インプラントクリニック　かまくら歯科", "機関区分": 3, "都道府県コード": 38, "市区町村コード": 401, "所在地": "愛媛県伊予郡松前町鶴吉８０６", "緯度": 33.785191, "経度": 132.737101, "url": "https://www.iryou.teikyouseido.mhlw.go.jp/znk-web/juminkanja/S2430/initialize?prefCd=38&kikanCd=3385630990&kikanKbn=3", "url2": "http://www.kamakura-dental.jp", "内容": "医療法人愛媛インプラントクリニック　かまくら歯科【3:歯科】愛媛県伊予郡松前町鶴吉８０６" }, "geometry": { "type": "Point", "coordinates": [ 132.737101, 33.785191 ] } },
{ "type": "Feature", "properties": { "ID": 3833385631030, "正式名称": "さたけ歯科", "機関区分": 3, "都道府県コード": 38, "市区町村コード": 401, "所在地": "愛媛県伊予郡松前町筒井９４７－３", "緯度": 33.786246, "経度": 132.713186, "url": "https://www.iryou.teikyouseido.mhlw.go.jp/znk-web/juminkanja/S2430/initialize?prefCd=38&kikanCd=3385631030&kikanKbn=3", "url2": "http://www.satakeshika.com/", "内容": "さたけ歯科【3:歯科】愛媛県伊予郡松前町筒井９４７－３" }, "geometry": { "type": "Point", "coordinates": [ 132.713186, 33.786246 ] } },
{ "type": "Feature", "properties": { "ID": 3833385631160, "正式名称": "すまいる総合歯科クリニック", "機関区分": 3, "都道府県コード": 38, "市区町村コード": 401, "所在地": "愛媛県伊予郡松前町筒井８５０　エミフル１Ｆ", "緯度": 33.790274, "経度": 132.715408, "url": "https://www.iryou.teikyouseido.mhlw.go.jp/znk-web/juminkanja/S2430/initialize?prefCd=38&kikanCd=3385631160&kikanKbn=3", "url2": "http://www.emifull-shika.com/", "内容": "すまいる総合歯科クリニック【3:歯科】愛媛県伊予郡松前町筒井８５０　エミフル１Ｆ" }, "geometry": { "type": "Point", "coordinates": [ 132.715408, 33.790274 ] } },
{ "type": "Feature", "properties": { "ID": 3833385631290, "正式名称": "ちあーず歯科・小児歯科", "機関区分": 3, "都道府県コード": 38, "市区町村コード": 402, "所在地": "愛媛県伊予郡砥部町原町３２５－３７", "緯度": 33.773944, "経度": 132.793763, "url": "https://www.iryou.teikyouseido.mhlw.go.jp/znk-web/juminkanja/S2430/initialize?prefCd=38&kikanCd=3385631290&kikanKbn=3", "url2": "http://www.chias-dent.jp", "内容": "ちあーず歯科・小児歯科【3:歯科】愛媛県伊予郡砥部町原町３２５－３７" }, "geometry": { "type": "Point", "coordinates": [ 132.793763, 33.773944 ] } },
{ "type": "Feature", "properties": { "ID": 3833385631450, "正式名称": "白石歯科", "機関区分": 3, "都道府県コード": 38, "市区町村コード": 210, "所在地": "愛媛県伊予市下吾川字鳥ノ木３４１番２０", "緯度": 33.770939, "経度": 132.715227, "url": "https://www.iryou.teikyouseido.mhlw.go.jp/znk-web/juminkanja/S2430/initialize?prefCd=38&kikanCd=3385631450&kikanKbn=3", "url2": "https://www.facebook.com/ShiraishiDentalClinic/?locale=ja_JP", "内容": "白石歯科【3:歯科】愛媛県伊予市下吾川字鳥ノ木３４１番２０" }, "geometry": { "type": "Point", "coordinates": [ 132.715227, 33.770939 ] } },
{ "type": "Feature", "properties": { "ID": 3833385631580, "正式名称": "中矢歯科医院", "機関区分": 3, "都道府県コード": 38, "市区町村コード": 401, "所在地": "愛媛県伊予郡松前町永田２９８番地１３", "緯度": 33.786358, "経度": 132.724296, "url": "https://www.iryou.teikyouseido.mhlw.go.jp/znk-web/juminkanja/S2430/initialize?prefCd=38&kikanCd=3385631580&kikanKbn=3", "url2": "http://nakaya-dental.com", "内容": "中矢歯科医院【3:歯科】愛媛県伊予郡松前町永田２９８番地１３" }, "geometry": { "type": "Point", "coordinates": [ 132.724296, 33.786358 ] } },
{ "type": "Feature", "properties": { "ID": 3833385631740, "正式名称": "ひまわり歯科", "機関区分": 3, "都道府県コード": 38, "市区町村コード": 215, "所在地": "愛媛県東温市志津川南七丁目３番５", "緯度": 33.798054, "経度": 132.874839, "url": "https://www.iryou.teikyouseido.mhlw.go.jp/znk-web/juminkanja/S2430/initialize?prefCd=38&kikanCd=3385631740&kikanKbn=3", "url2": "himawari-dent.jpn.com", "内容": "ひまわり歯科【3:歯科】愛媛県東温市志津川南七丁目３番５" }, "geometry": { "type": "Point", "coordinates": [ 132.874839, 33.798054 ] } },
{ "type": "Feature", "properties": { "ID": 3833385631870, "正式名称": "清家歯科医院", "機関区分": 3, "都道府県コード": 38, "市区町村コード": 210, "所在地": "愛媛県伊予市上野６９０番地４", "緯度": 33.773253, "経度": 132.742633, "url": "https://www.iryou.teikyouseido.mhlw.go.jp/znk-web/juminkanja/S2430/initialize?prefCd=38&kikanCd=3385631870&kikanKbn=3", "url2": null, "内容": "清家歯科医院【3:歯科】愛媛県伊予市上野６９０番地４" }, "geometry": { "type": "Point", "coordinates": [ 132.742633, 33.773253 ] } },
{ "type": "Feature", "properties": { "ID": 3833385700750, "正式名称": "畑野川歯科診療所", "機関区分": 3, "都道府県コード": 38, "市区町村コード": 386, "所在地": "愛媛県上浮穴郡久万高原町下畑野川甲３７０番地２", "緯度": 33.666207, "経度": 132.924785, "url": "https://www.iryou.teikyouseido.mhlw.go.jp/znk-web/juminkanja/S2430/initialize?prefCd=38&kikanCd=3385700750&kikanKbn=3", "url2": null, "内容": "畑野川歯科診療所【3:歯科】愛媛県上浮穴郡久万高原町下畑野川甲３７０番地２" }, "geometry": { "type": "Point", "coordinates": [ 132.924785, 33.666207 ] } },
{ "type": "Feature", "properties": { "ID": 3833385700910, "正式名称": "わたなべ歯科医院", "機関区分": 3, "都道府県コード": 38, "市区町村コード": 386, "所在地": "愛媛県上浮穴郡久万高原町久万１５４－１", "緯度": 33.655703, "経度": 132.90289, "url": "https://www.iryou.teikyouseido.mhlw.go.jp/znk-web/juminkanja/S2430/initialize?prefCd=38&kikanCd=3385700910&kikanKbn=3", "url2": null, "内容": "わたなべ歯科医院【3:歯科】愛媛県上浮穴郡久万高原町久万１５４－１" }, "geometry": { "type": "Point", "coordinates": [ 132.90289, 33.655703 ] } },
{ "type": "Feature", "properties": { "ID": 3833385701050, "正式名称": "高橋歯科医院", "機関区分": 3, "都道府県コード": 38, "市区町村コード": 386, "所在地": "愛媛県上浮穴郡久万高原町久万３３８－２", "緯度": 33.65743, "経度": 132.902037, "url": "https://www.iryou.teikyouseido.mhlw.go.jp/znk-web/juminkanja/S2430/initialize?prefCd=38&kikanCd=3385701050&kikanKbn=3", "url2": null, "内容": "高橋歯科医院【3:歯科】愛媛県上浮穴郡久万高原町久万３３８－２" }, "geometry": { "type": "Point", "coordinates": [ 132.902037, 33.65743 ] } },
{ "type": "Feature", "properties": { "ID": 3833385800230, "正式名称": "若林歯科医院", "機関区分": 3, "都道府県コード": 38, "市区町村コード": 210, "所在地": "愛媛県伊予市灘町１６９", "緯度": 33.760666, "経度": 132.701327, "url": "https://www.iryou.teikyouseido.mhlw.go.jp/znk-web/juminkanja/S2430/initialize?prefCd=38&kikanCd=3385800230&kikanKbn=3", "url2": null, "内容": "若林歯科医院【3:歯科】愛媛県伊予市灘町１６９" }, "geometry": { "type": "Point", "coordinates": [ 132.701327, 33.760666 ] } },
{ "type": "Feature", "properties": { "ID": 3833385800360, "正式名称": "あたらし歯科医院", "機関区分": 3, "都道府県コード": 38, "市区町村コード": 210, "所在地": "愛媛県伊予市米湊８２１－９", "緯度": 33.757777, "経度": 132.703244, "url": "https://www.iryou.teikyouseido.mhlw.go.jp/znk-web/juminkanja/S2430/initialize?prefCd=38&kikanCd=3385800360&kikanKbn=3", "url2": "https://www.atarashi-sika.com", "内容": "あたらし歯科医院【3:歯科】愛媛県伊予市米湊８２１－９" }, "geometry": { "type": "Point", "coordinates": [ 132.703244, 33.757777 ] } },
{ "type": "Feature", "properties": { "ID": 3833385800810, "正式名称": "古城歯科医院", "機関区分": 3, "都道府県コード": 38, "市区町村コード": 401, "所在地": "愛媛県伊予郡松前町浜７３２", "緯度": 33.78608, "経度": 132.702492, "url": "https://www.iryou.teikyouseido.mhlw.go.jp/znk-web/juminkanja/S2430/initialize?prefCd=38&kikanCd=3385800810&kikanKbn=3", "url2": null, "内容": "古城歯科医院【3:歯科】愛媛県伊予郡松前町浜７３２" }, "geometry": { "type": "Point", "coordinates": [ 132.702492, 33.78608 ] } },
{ "type": "Feature", "properties": { "ID": 3833385801370, "正式名称": "小野歯科医院", "機関区分": 3, "都道府県コード": 38, "市区町村コード": 402, "所在地": "愛媛県伊予郡砥部町宮内１２６０", "緯度": 33.752723, "経度": 132.790647, "url": "https://www.iryou.teikyouseido.mhlw.go.jp/znk-web/juminkanja/S2430/initialize?prefCd=38&kikanCd=3385801370&kikanKbn=3", "url2": null, "内容": "小野歯科医院【3:歯科】愛媛県伊予郡砥部町宮内１２６０" }, "geometry": { "type": "Point", "coordinates": [ 132.790647, 33.752723 ] } },
{ "type": "Feature", "properties": { "ID": 3833385801530, "正式名称": "宮田歯科医院", "機関区分": 3, "都道府県コード": 38, "市区町村コード": 210, "所在地": "愛媛県伊予市双海町上灘甲５４４６－１", "緯度": 33.687478, "経度": 132.64078, "url": "https://www.iryou.teikyouseido.mhlw.go.jp/znk-web/juminkanja/S2430/initialize?prefCd=38&kikanCd=3385801530&kikanKbn=3", "url2": null, "内容": "宮田歯科医院【3:歯科】愛媛県伊予市双海町上灘甲５４４６－１" }, "geometry": { "type": "Point", "coordinates": [ 132.64078, 33.687478 ] } },
{ "type": "Feature", "properties": { "ID": 3833385801950, "正式名称": "升田歯科", "機関区分": 3, "都道府県コード": 38, "市区町村コード": 401, "所在地": "愛媛県伊予郡松前町昌農内４３０番地", "緯度": 33.801773, "経度": 132.723851, "url": "https://www.iryou.teikyouseido.mhlw.go.jp/znk-web/juminkanja/S2430/initialize?prefCd=38&kikanCd=3385801950&kikanKbn=3", "url2": "https://www.masuda-iyodc.com", "内容": "升田歯科【3:歯科】愛媛県伊予郡松前町昌農内４３０番地" }, "geometry": { "type": "Point", "coordinates": [ 132.723851, 33.801773 ] } },
{ "type": "Feature", "properties": { "ID": 3833385802250, "正式名称": "中山歯科診療所", "機関区分": 3, "都道府県コード": 38, "市区町村コード": 210, "所在地": "愛媛県伊予市中山町中山丑３５２番地１", "緯度": 33.642984, "経度": 132.708554, "url": "https://www.iryou.teikyouseido.mhlw.go.jp/znk-web/juminkanja/S2430/initialize?prefCd=38&kikanCd=3385802250&kikanKbn=3", "url2": "https://www.city.iyo.lg.jp/kurashi/kenko/iryo/nakayama.html", "内容": "中山歯科診療所【3:歯科】愛媛県伊予市中山町中山丑３５２番地１" }, "geometry": { "type": "Point", "coordinates": [ 132.708554, 33.642984 ] } },
{ "type": "Feature", "properties": { "ID": 3833385802380, "正式名称": "佐々木歯科医院", "機関区分": 3, "都道府県コード": 38, "市区町村コード": 210, "所在地": "愛媛県伊予市下吾川１２０２－２", "緯度": 33.770359, "経度": 132.707076, "url": "https://www.iryou.teikyouseido.mhlw.go.jp/znk-web/juminkanja/S2430/initialize?prefCd=38&kikanCd=3385802380&kikanKbn=3", "url2": "http://sasaki-dc.in/", "内容": "佐々木歯科医院【3:歯科】愛媛県伊予市下吾川１２０２－２" }, "geometry": { "type": "Point", "coordinates": [ 132.707076, 33.770359 ] } },
{ "type": "Feature", "properties": { "ID": 3833385802700, "正式名称": "塩崎歯科医院", "機関区分": 3, "都道府県コード": 38, "市区町村コード": 401, "所在地": "愛媛県伊予郡松前町出作２１９番地", "緯度": 33.786969, "経度": 132.749655, "url": "https://www.iryou.teikyouseido.mhlw.go.jp/znk-web/juminkanja/S2430/initialize?prefCd=38&kikanCd=3385802700&kikanKbn=3", "url2": null, "内容": "塩崎歯科医院【3:歯科】愛媛県伊予郡松前町出作２１９番地" }, "geometry": { "type": "Point", "coordinates": [ 132.749655, 33.786969 ] } },
{ "type": "Feature", "properties": { "ID": 3833385802960, "正式名称": "平田歯科医院", "機関区分": 3, "都道府県コード": 38, "市区町村コード": 402, "所在地": "愛媛県伊予郡砥部町千足１番地２３", "緯度": 33.74703, "経度": 132.790126, "url": "https://www.iryou.teikyouseido.mhlw.go.jp/znk-web/juminkanja/S2430/initialize?prefCd=38&kikanCd=3385802960&kikanKbn=3", "url2": null, "内容": "平田歯科医院【3:歯科】愛媛県伊予郡砥部町千足１番地２３" }, "geometry": { "type": "Point", "coordinates": [ 132.790126, 33.74703 ] } },
{ "type": "Feature", "properties": { "ID": 3833385803130, "正式名称": "かまだ歯科医院", "機関区分": 3, "都道府県コード": 38, "市区町村コード": 401, "所在地": "愛媛県伊予郡松前町北黒田２３５の５", "緯度": 33.780997, "経度": 132.712547, "url": "https://www.iryou.teikyouseido.mhlw.go.jp/znk-web/juminkanja/S2430/initialize?prefCd=38&kikanCd=3385803130&kikanKbn=3", "url2": null, "内容": "かまだ歯科医院【3:歯科】愛媛県伊予郡松前町北黒田２３５の５" }, "geometry": { "type": "Point", "coordinates": [ 132.712547, 33.780997 ] } },
{ "type": "Feature", "properties": { "ID": 3833385803260, "正式名称": "清水歯科医院", "機関区分": 3, "都道府県コード": 38, "市区町村コード": 401, "所在地": "愛媛県伊予郡松前町浜３９２－２", "緯度": 33.790246, "経度": 132.702659, "url": "https://www.iryou.teikyouseido.mhlw.go.jp/znk-web/juminkanja/S2430/initialize?prefCd=38&kikanCd=3385803260&kikanKbn=3", "url2": "www4.ocn.ne.jp/~sdc1993", "内容": "清水歯科医院【3:歯科】愛媛県伊予郡松前町浜３９２－２" }, "geometry": { "type": "Point", "coordinates": [ 132.702659, 33.790246 ] } },
{ "type": "Feature", "properties": { "ID": 3833385803420, "正式名称": "武西歯科医院", "機関区分": 3, "都道府県コード": 38, "市区町村コード": 401, "所在地": "愛媛県伊予郡松前町中川原１０９番地１", "緯度": 33.798079, "経度": 132.755904, "url": "https://www.iryou.teikyouseido.mhlw.go.jp/znk-web/juminkanja/S2430/initialize?prefCd=38&kikanCd=3385803420&kikanKbn=3", "url2": null, "内容": "武西歯科医院【3:歯科】愛媛県伊予郡松前町中川原１０９番地１" }, "geometry": { "type": "Point", "coordinates": [ 132.755904, 33.798079 ] } },
{ "type": "Feature", "properties": { "ID": 3833385803710, "正式名称": "稲田歯科医院", "機関区分": 3, "都道府県コード": 38, "市区町村コード": 402, "所在地": "愛媛県伊予郡砥部町大南７８５", "緯度": 33.73492, "経度": 132.792543, "url": "https://www.iryou.teikyouseido.mhlw.go.jp/znk-web/juminkanja/S2430/initialize?prefCd=38&kikanCd=3385803710&kikanKbn=3", "url2": "https://idc6480.com/", "内容": "稲田歯科医院【3:歯科】愛媛県伊予郡砥部町大南７８５" }, "geometry": { "type": "Point", "coordinates": [ 132.792543, 33.73492 ] } },
{ "type": "Feature", "properties": { "ID": 3833385804140, "正式名称": "これさわ歯科医院", "機関区分": 3, "都道府県コード": 38, "市区町村コード": 401, "所在地": "愛媛県伊予郡松前町南黒田字地富４３７－４０", "緯度": 33.773375, "経度": 132.713645, "url": "https://www.iryou.teikyouseido.mhlw.go.jp/znk-web/juminkanja/S2430/initialize?prefCd=38&kikanCd=3385804140&kikanKbn=3", "url2": null, "内容": "これさわ歯科医院【3:歯科】愛媛県伊予郡松前町南黒田字地富４３７－４０" }, "geometry": { "type": "Point", "coordinates": [ 132.713645, 33.773375 ] } },
{ "type": "Feature", "properties": { "ID": 3833385901010, "正式名称": "中川歯科医院", "機関区分": 3, "都道府県コード": 38, "市区町村コード": 207, "所在地": "愛媛県大洲市中村５４５番地１", "緯度": 33.51069, "経度": 132.544601, "url": "https://www.iryou.teikyouseido.mhlw.go.jp/znk-web/juminkanja/S2430/initialize?prefCd=38&kikanCd=3385901010&kikanKbn=3", "url2": null, "内容": "中川歯科医院【3:歯科】愛媛県大洲市中村５４５番地１" }, "geometry": { "type": "Point", "coordinates": [ 132.544601, 33.51069 ] } },
{ "type": "Feature", "properties": { "ID": 3833385902020, "正式名称": "大野歯科医院", "機関区分": 3, "都道府県コード": 38, "市区町村コード": 422, "所在地": "愛媛県喜多郡内子町五十崎甲１１８７番地", "緯度": 33.537105, "経度": 132.65348, "url": "https://www.iryou.teikyouseido.mhlw.go.jp/znk-web/juminkanja/S2430/initialize?prefCd=38&kikanCd=3385902020&kikanKbn=3", "url2": null, "内容": "大野歯科医院【3:歯科】愛媛県喜多郡内子町五十崎甲１１８７番地" }, "geometry": { "type": "Point", "coordinates": [ 132.65348, 33.537105 ] } },
{ "type": "Feature", "properties": { "ID": 3833385902310, "正式名称": "ふじもと歯科医院", "機関区分": 3, "都道府県コード": 38, "市区町村コード": 422, "所在地": "愛媛県喜多郡内子町平岡甲４４９－２", "緯度": 33.535994, "経度": 132.663368, "url": "https://www.iryou.teikyouseido.mhlw.go.jp/znk-web/juminkanja/S2430/initialize?prefCd=38&kikanCd=3385902310&kikanKbn=3", "url2": null, "内容": "ふじもと歯科医院【3:歯科】愛媛県喜多郡内子町平岡甲４４９－２" }, "geometry": { "type": "Point", "coordinates": [ 132.663368, 33.535994 ] } },
{ "type": "Feature", "properties": { "ID": 3833385902570, "正式名称": "関歯科医院", "機関区分": 3, "都道府県コード": 38, "市区町村コード": 207, "所在地": "愛媛県大洲市平野町平地１８番地第１", "緯度": 33.497968, "経度": 132.517965, "url": "https://www.iryou.teikyouseido.mhlw.go.jp/znk-web/juminkanja/S2430/initialize?prefCd=38&kikanCd=3385902570&kikanKbn=3", "url2": "-", "内容": "関歯科医院【3:歯科】愛媛県大洲市平野町平地１８番地第１" }, "geometry": { "type": "Point", "coordinates": [ 132.517965, 33.497968 ] } },
{ "type": "Feature", "properties": { "ID": 3833385902730, "正式名称": "久保歯科", "機関区分": 3, "都道府県コード": 38, "市区町村コード": 207, "所在地": "愛媛県大洲市東大洲８５３番地３", "緯度": 33.519828, "経度": 132.567877, "url": "https://www.iryou.teikyouseido.mhlw.go.jp/znk-web/juminkanja/S2430/initialize?prefCd=38&kikanCd=3385902730&kikanKbn=3", "url2": null, "内容": "久保歯科【3:歯科】愛媛県大洲市東大洲８５３番地３" }, "geometry": { "type": "Point", "coordinates": [ 132.567877, 33.519828 ] } },
{ "type": "Feature", "properties": { "ID": 3833385902860, "正式名称": "尾崎歯科", "機関区分": 3, "都道府県コード": 38, "市区町村コード": 207, "所在地": "愛媛県大洲市若宮４７１番地ａ２", "緯度": 33.517744, "経度": 132.54649, "url": "https://www.iryou.teikyouseido.mhlw.go.jp/znk-web/juminkanja/S2430/initialize?prefCd=38&kikanCd=3385902860&kikanKbn=3", "url2": null, "内容": "尾崎歯科【3:歯科】愛媛県大洲市若宮４７１番地ａ２" }, "geometry": { "type": "Point", "coordinates": [ 132.54649, 33.517744 ] } },
{ "type": "Feature", "properties": { "ID": 3833385903030, "正式名称": "上田歯科クリニック", "機関区分": 3, "都道府県コード": 38, "市区町村コード": 207, "所在地": "愛媛県大洲市大洲８４２番地１", "緯度": 33.507801, "経度": 132.540046, "url": "https://www.iryou.teikyouseido.mhlw.go.jp/znk-web/juminkanja/S2430/initialize?prefCd=38&kikanCd=3385903030&kikanKbn=3", "url2": null, "内容": "上田歯科クリニック【3:歯科】愛媛県大洲市大洲８４２番地１" }, "geometry": { "type": "Point", "coordinates": [ 132.540046, 33.507801 ] } },
{ "type": "Feature", "properties": { "ID": 3833385903450, "正式名称": "山崎歯科医院", "機関区分": 3, "都道府県コード": 38, "市区町村コード": 207, "所在地": "愛媛県大洲市柚木３５８番地", "緯度": 33.503774, "経度": 132.548824, "url": "https://www.iryou.teikyouseido.mhlw.go.jp/znk-web/juminkanja/S2430/initialize?prefCd=38&kikanCd=3385903450&kikanKbn=3", "url2": null, "内容": "山崎歯科医院【3:歯科】愛媛県大洲市柚木３５８番地" }, "geometry": { "type": "Point", "coordinates": [ 132.548824, 33.503774 ] } },
{ "type": "Feature", "properties": { "ID": 3833385903580, "正式名称": "前田歯科", "機関区分": 3, "都道府県コード": 38, "市区町村コード": 422, "所在地": "愛媛県喜多郡内子町平岡甲１５番地", "緯度": 33.534995, "経度": 132.658924, "url": "https://www.iryou.teikyouseido.mhlw.go.jp/znk-web/juminkanja/S2430/initialize?prefCd=38&kikanCd=3385903580&kikanKbn=3", "url2": null, "内容": "前田歯科【3:歯科】愛媛県喜多郡内子町平岡甲１５番地" }, "geometry": { "type": "Point", "coordinates": [ 132.658924, 33.534995 ] } },
{ "type": "Feature", "properties": { "ID": 3833385903870, "正式名称": "かげうら歯科医院", "機関区分": 3, "都道府県コード": 38, "市区町村コード": 207, "所在地": "愛媛県大洲市大洲７２０番地", "緯度": 33.507245, "経度": 132.540769, "url": "https://www.iryou.teikyouseido.mhlw.go.jp/znk-web/juminkanja/S2430/initialize?prefCd=38&kikanCd=3385903870&kikanKbn=3", "url2": "http://www.kam-kam.com", "内容": "かげうら歯科医院【3:歯科】愛媛県大洲市大洲７２０番地" }, "geometry": { "type": "Point", "coordinates": [ 132.540769, 33.507245 ] } },
{ "type": "Feature", "properties": { "ID": 3833385903900, "正式名称": "肱川歯科クリニック", "機関区分": 3, "都道府県コード": 38, "市区町村コード": 207, "所在地": "愛媛県大洲市菅田町菅田甲１９６１番地１", "緯度": 33.510301, "経度": 132.585626, "url": "https://www.iryou.teikyouseido.mhlw.go.jp/znk-web/juminkanja/S2430/initialize?prefCd=38&kikanCd=3385903900&kikanKbn=3", "url2": null, "内容": "肱川歯科クリニック【3:歯科】愛媛県大洲市菅田町菅田甲１９６１番地１" }, "geometry": { "type": "Point", "coordinates": [ 132.585626, 33.510301 ] } },
{ "type": "Feature", "properties": { "ID": 3833385904040, "正式名称": "玉井歯科医院", "機関区分": 3, "都道府県コード": 38, "市区町村コード": 207, "所在地": "愛媛県大洲市東大洲６５番地１", "緯度": 33.515689, "経度": 132.553434, "url": "https://www.iryou.teikyouseido.mhlw.go.jp/znk-web/juminkanja/S2430/initialize?prefCd=38&kikanCd=3385904040&kikanKbn=3", "url2": null, "内容": "玉井歯科医院【3:歯科】愛媛県大洲市東大洲６５番地１" }, "geometry": { "type": "Point", "coordinates": [ 132.553434, 33.515689 ] } },
{ "type": "Feature", "properties": { "ID": 3833385904170, "正式名称": "今井歯科医院", "機関区分": 3, "都道府県コード": 38, "市区町村コード": 207, "所在地": "愛媛県大洲市新谷１９１番地", "緯度": 33.532382, "経度": 132.58082, "url": "https://www.iryou.teikyouseido.mhlw.go.jp/znk-web/juminkanja/S2430/initialize?prefCd=38&kikanCd=3385904170&kikanKbn=3", "url2": "https://imaishika-ozu-ehime.amebaownd.com/", "内容": "今井歯科医院【3:歯科】愛媛県大洲市新谷１９１番地" }, "geometry": { "type": "Point", "coordinates": [ 132.58082, 33.532382 ] } },
{ "type": "Feature", "properties": { "ID": 3833385904200, "正式名称": "宝来歯科", "機関区分": 3, "都道府県コード": 38, "市区町村コード": 422, "所在地": "愛媛県喜多郡内子町内子１０３１番地", "緯度": 33.549715, "経度": 132.647674, "url": "https://www.iryou.teikyouseido.mhlw.go.jp/znk-web/juminkanja/S2430/initialize?prefCd=38&kikanCd=3385904200&kikanKbn=3", "url2": null, "内容": "宝来歯科【3:歯科】愛媛県喜多郡内子町内子１０３１番地" }, "geometry": { "type": "Point", "coordinates": [ 132.647674, 33.549715 ] } },
{ "type": "Feature", "properties": { "ID": 3833385904330, "正式名称": "三瀬歯科クリニック", "機関区分": 3, "都道府県コード": 38, "市区町村コード": 207, "所在地": "愛媛県大洲市八多喜町甲１０７番地１", "緯度": 33.562545, "経度": 132.542599, "url": "https://www.iryou.teikyouseido.mhlw.go.jp/znk-web/juminkanja/S2430/initialize?prefCd=38&kikanCd=3385904330&kikanKbn=3", "url2": null, "内容": "三瀬歯科クリニック【3:歯科】愛媛県大洲市八多喜町甲１０７番地１" }, "geometry": { "type": "Point", "coordinates": [ 132.542599, 33.562545 ] } },
{ "type": "Feature", "properties": { "ID": 3833385904460, "正式名称": "兵頭歯科クリニック", "機関区分": 3, "都道府県コード": 38, "市区町村コード": 207, "所在地": "愛媛県大洲市肱川町宇和川３３９９", "緯度": 33.471696, "経度": 132.680509, "url": "https://www.iryou.teikyouseido.mhlw.go.jp/znk-web/juminkanja/S2430/initialize?prefCd=38&kikanCd=3385904460&kikanKbn=3", "url2": null, "内容": "兵頭歯科クリニック【3:歯科】愛媛県大洲市肱川町宇和川３３９９" }, "geometry": { "type": "Point", "coordinates": [ 132.680509, 33.471696 ] } },
{ "type": "Feature", "properties": { "ID": 3833385904590, "正式名称": "にしだ歯科", "機関区分": 3, "都道府県コード": 38, "市区町村コード": 207, "所在地": "愛媛県大洲市長浜甲６２７番地", "緯度": 33.615177, "経度": 132.482241, "url": "https://www.iryou.teikyouseido.mhlw.go.jp/znk-web/juminkanja/S2430/initialize?prefCd=38&kikanCd=3385904590&kikanKbn=3", "url2": null, "内容": "にしだ歯科【3:歯科】愛媛県大洲市長浜甲６２７番地" }, "geometry": { "type": "Point", "coordinates": [ 132.482241, 33.615177 ] } },
{ "type": "Feature", "properties": { "ID": 3833385904620, "正式名称": "医療法人有馬歯科医院", "機関区分": 3, "都道府県コード": 38, "市区町村コード": 207, "所在地": "愛媛県大洲市徳森２４１３－５", "緯度": 33.524189, "経度": 132.58507, "url": "https://www.iryou.teikyouseido.mhlw.go.jp/znk-web/juminkanja/S2430/initialize?prefCd=38&kikanCd=3385904620&kikanKbn=3", "url2": "http://www.arima-dc.jp", "内容": "医療法人有馬歯科医院【3:歯科】愛媛県大洲市徳森２４１３－５" }, "geometry": { "type": "Point", "coordinates": [ 132.58507, 33.524189 ] } },
{ "type": "Feature", "properties": { "ID": 3833385904750, "正式名称": "武岡歯科医院", "機関区分": 3, "都道府県コード": 38, "市区町村コード": 422, "所在地": "愛媛県喜多郡内子町内子２５４５番地", "緯度": 33.555659, "経度": 132.653868, "url": "https://www.iryou.teikyouseido.mhlw.go.jp/znk-web/juminkanja/S2430/initialize?prefCd=38&kikanCd=3385904750&kikanKbn=3", "url2": null, "内容": "武岡歯科医院【3:歯科】愛媛県喜多郡内子町内子２５４５番地" }, "geometry": { "type": "Point", "coordinates": [ 132.653868, 33.555659 ] } },
{ "type": "Feature", "properties": { "ID": 3833386000330, "正式名称": "上田歯科医院", "機関区分": 3, "都道府県コード": 38, "市区町村コード": 204, "所在地": "愛媛県八幡浜市広瀬１丁目７番２", "緯度": 33.45636, "経度": 132.424836, "url": "https://www.iryou.teikyouseido.mhlw.go.jp/znk-web/juminkanja/S2430/initialize?prefCd=38&kikanCd=3386000330&kikanKbn=3", "url2": null, "内容": "上田歯科医院【3:歯科】愛媛県八幡浜市広瀬１丁目７番２" }, "geometry": { "type": "Point", "coordinates": [ 132.424836, 33.45636 ] } },
{ "type": "Feature", "properties": { "ID": 3833386000750, "正式名称": "髙岡歯科医院", "機関区分": 3, "都道府県コード": 38, "市区町村コード": 204, "所在地": "愛媛県八幡浜市大黒町３－１５２６－５", "緯度": 33.459276, "経度": 132.421725, "url": "https://www.iryou.teikyouseido.mhlw.go.jp/znk-web/juminkanja/S2430/initialize?prefCd=38&kikanCd=3386000750&kikanKbn=3", "url2": null, "内容": "髙岡歯科医院【3:歯科】愛媛県八幡浜市大黒町３－１５２６－５" }, "geometry": { "type": "Point", "coordinates": [ 132.421725, 33.459276 ] } },
{ "type": "Feature", "properties": { "ID": 3833386001630, "正式名称": "新谷歯科医院", "機関区分": 3, "都道府県コード": 38, "市区町村コード": 204, "所在地": "愛媛県八幡浜市旧港１５６９番地１１", "緯度": 33.463081, "経度": 132.424197, "url": "https://www.iryou.teikyouseido.mhlw.go.jp/znk-web/juminkanja/S2430/initialize?prefCd=38&kikanCd=3386001630&kikanKbn=3", "url2": null, "内容": "新谷歯科医院【3:歯科】愛媛県八幡浜市旧港１５６９番地１１" }, "geometry": { "type": "Point", "coordinates": [ 132.424197, 33.463081 ] } },
{ "type": "Feature", "properties": { "ID": 3833386001890, "正式名称": "医療法人　王子の森会　王子の森歯科医院", "機関区分": 3, "都道府県コード": 38, "市区町村コード": 204, "所在地": "愛媛県八幡浜市五反田１番耕地１番地２", "緯度": 33.450277, "経度": 132.432863, "url": "https://www.iryou.teikyouseido.mhlw.go.jp/znk-web/juminkanja/S2430/initialize?prefCd=38&kikanCd=3386001890&kikanKbn=3", "url2": "https://ouji-dc.com/", "内容": "医療法人　王子の森会　王子の森歯科医院【3:歯科】愛媛県八幡浜市五反田１番耕地１番地２" }, "geometry": { "type": "Point", "coordinates": [ 132.432863, 33.450277 ] } },
{ "type": "Feature", "properties": { "ID": 3833386002800, "正式名称": "医療法人エルム会菊池歯科医院", "機関区分": 3, "都道府県コード": 38, "市区町村コード": 214, "所在地": "愛媛県西予市三瓶町朝立１番耕地３１０番地４８", "緯度": 33.382757, "経度": 132.421673, "url": "https://www.iryou.teikyouseido.mhlw.go.jp/znk-web/juminkanja/S2430/initialize?prefCd=38&kikanCd=3386002800&kikanKbn=3", "url2": null, "内容": "医療法人エルム会菊池歯科医院【3:歯科】愛媛県西予市三瓶町朝立１番耕地３１０番地４８" }, "geometry": { "type": "Point", "coordinates": [ 132.421673, 33.382757 ] } },
{ "type": "Feature", "properties": { "ID": 3833386002930, "正式名称": "松本歯科医院", "機関区分": 3, "都道府県コード": 38, "市区町村コード": 214, "所在地": "愛媛県西予市三瓶町朝立１－４３８－９８", "緯度": 33.381118, "経度": 132.421784, "url": "https://www.iryou.teikyouseido.mhlw.go.jp/znk-web/juminkanja/S2430/initialize?prefCd=38&kikanCd=3386002930&kikanKbn=3", "url2": null, "内容": "松本歯科医院【3:歯科】愛媛県西予市三瓶町朝立１－４３８－９８" }, "geometry": { "type": "Point", "coordinates": [ 132.421784, 33.381118 ] } },
{ "type": "Feature", "properties": { "ID": 3833386003100, "正式名称": "布井歯科医院", "機関区分": 3, "都道府県コード": 38, "市区町村コード": 204, "所在地": "愛媛県八幡浜市保内町川之石３－４５－１", "緯度": 33.476774, "経度": 132.394227, "url": "https://www.iryou.teikyouseido.mhlw.go.jp/znk-web/juminkanja/S2430/initialize?prefCd=38&kikanCd=3386003100&kikanKbn=3", "url2": null, "内容": "布井歯科医院【3:歯科】愛媛県八幡浜市保内町川之石３－４５－１" }, "geometry": { "type": "Point", "coordinates": [ 132.394227, 33.476774 ] } },
{ "type": "Feature", "properties": { "ID": 3833386003810, "正式名称": "勝村歯科医院", "機関区分": 3, "都道府県コード": 38, "市区町村コード": 204, "所在地": "愛媛県八幡浜市郷西明寺４番耕地３５８番地３", "緯度": 33.463943, "経度": 132.452806, "url": "https://www.iryou.teikyouseido.mhlw.go.jp/znk-web/juminkanja/S2430/initialize?prefCd=38&kikanCd=3386003810&kikanKbn=3", "url2": null, "内容": "勝村歯科医院【3:歯科】愛媛県八幡浜市郷西明寺４番耕地３５８番地３" }, "geometry": { "type": "Point", "coordinates": [ 132.452806, 33.463943 ] } },
{ "type": "Feature", "properties": { "ID": 3833386004080, "正式名称": "平井歯科医院", "機関区分": 3, "都道府県コード": 38, "市区町村コード": 204, "所在地": "愛媛県八幡浜市松柏乙１０３６番地", "緯度": 33.460915, "経度": 132.44014, "url": "https://www.iryou.teikyouseido.mhlw.go.jp/znk-web/juminkanja/S2430/initialize?prefCd=38&kikanCd=3386004080&kikanKbn=3", "url2": null, "内容": "平井歯科医院【3:歯科】愛媛県八幡浜市松柏乙１０３６番地" }, "geometry": { "type": "Point", "coordinates": [ 132.44014, 33.460915 ] } },
{ "type": "Feature", "properties": { "ID": 3833386004660, "正式名称": "町見歯科診療所", "機関区分": 3, "都道府県コード": 38, "市区町村コード": 442, "所在地": "愛媛県西宇和郡伊方町九町１番耕地１８００番地の７", "緯度": 33.476134, "経度": 132.309817, "url": "https://www.iryou.teikyouseido.mhlw.go.jp/znk-web/juminkanja/S2430/initialize?prefCd=38&kikanCd=3386004660&kikanKbn=3", "url2": null, "内容": "町見歯科診療所【3:歯科】愛媛県西宇和郡伊方町九町１番耕地１８００番地の７" }, "geometry": { "type": "Point", "coordinates": [ 132.309817, 33.476134 ] } },
{ "type": "Feature", "properties": { "ID": 3833386004790, "正式名称": "瀬尾歯科医院", "機関区分": 3, "都道府県コード": 38, "市区町村コード": 204, "所在地": "愛媛県八幡浜市浜田町３丁目１３５２番地", "緯度": 33.456638, "経度": 132.427641, "url": "https://www.iryou.teikyouseido.mhlw.go.jp/znk-web/juminkanja/S2430/initialize?prefCd=38&kikanCd=3386004790&kikanKbn=3", "url2": null, "内容": "瀬尾歯科医院【3:歯科】愛媛県八幡浜市浜田町３丁目１３５２番地" }, "geometry": { "type": "Point", "coordinates": [ 132.427641, 33.456638 ] } },
{ "type": "Feature", "properties": { "ID": 3833386004820, "正式名称": "みよし歯科医院", "機関区分": 3, "都道府県コード": 38, "市区町村コード": 214, "所在地": "愛媛県西予市三瓶町朝立８番耕地８５２－１", "緯度": 33.380424, "経度": 132.422951, "url": "https://www.iryou.teikyouseido.mhlw.go.jp/znk-web/juminkanja/S2430/initialize?prefCd=38&kikanCd=3386004820&kikanKbn=3", "url2": null, "内容": "みよし歯科医院【3:歯科】愛媛県西予市三瓶町朝立８番耕地８５２－１" }, "geometry": { "type": "Point", "coordinates": [ 132.422951, 33.380424 ] } },
{ "type": "Feature", "properties": { "ID": 3833386004950, "正式名称": "宮部歯科医院", "機関区分": 3, "都道府県コード": 38, "市区町村コード": 204, "所在地": "愛媛県八幡浜市４３５番地１７", "緯度": 33.461915, "経度": 132.423114, "url": "https://www.iryou.teikyouseido.mhlw.go.jp/znk-web/juminkanja/S2430/initialize?prefCd=38&kikanCd=3386004950&kikanKbn=3", "url2": null, "内容": "宮部歯科医院【3:歯科】愛媛県八幡浜市４３５番地１７" }, "geometry": { "type": "Point", "coordinates": [ 132.423114, 33.461915 ] } },
{ "type": "Feature", "properties": { "ID": 3833386005090, "正式名称": "宇都宮歯科医院", "機関区分": 3, "都道府県コード": 38, "市区町村コード": 204, "所在地": "愛媛県八幡浜市産業通１１番２９号", "緯度": 33.454638, "経度": 132.432086, "url": "https://www.iryou.teikyouseido.mhlw.go.jp/znk-web/juminkanja/S2430/initialize?prefCd=38&kikanCd=3386005090&kikanKbn=3", "url2": null, "内容": "宇都宮歯科医院【3:歯科】愛媛県八幡浜市産業通１１番２９号" }, "geometry": { "type": "Point", "coordinates": [ 132.432086, 33.454638 ] } },
{ "type": "Feature", "properties": { "ID": 3833386005250, "正式名称": "土居歯科医院", "機関区分": 3, "都道府県コード": 38, "市区町村コード": 442, "所在地": "愛媛県西宇和郡伊方町三崎１０１２番地２", "緯度": 33.389167, "経度": 132.122725, "url": "https://www.iryou.teikyouseido.mhlw.go.jp/znk-web/juminkanja/S2430/initialize?prefCd=38&kikanCd=3386005250&kikanKbn=3", "url2": null, "内容": "土居歯科医院【3:歯科】愛媛県西宇和郡伊方町三崎１０１２番地２" }, "geometry": { "type": "Point", "coordinates": [ 132.122725, 33.389167 ] } },
{ "type": "Feature", "properties": { "ID": 3833386005380, "正式名称": "つかさ歯科医院", "機関区分": 3, "都道府県コード": 38, "市区町村コード": 204, "所在地": "愛媛県八幡浜市千代田町１４５８番地２４", "緯度": 33.457662, "経度": 132.423203, "url": "https://www.iryou.teikyouseido.mhlw.go.jp/znk-web/juminkanja/S2430/initialize?prefCd=38&kikanCd=3386005380&kikanKbn=3", "url2": null, "内容": "つかさ歯科医院【3:歯科】愛媛県八幡浜市千代田町１４５８番地２４" }, "geometry": { "type": "Point", "coordinates": [ 132.423203, 33.457662 ] } },
{ "type": "Feature", "properties": { "ID": 3833386005410, "正式名称": "伊方歯科診療所", "機関区分": 3, "都道府県コード": 38, "市区町村コード": 442, "所在地": "愛媛県西宇和郡伊方町湊浦１００２番地１１", "緯度": 33.489244, "経度": 132.355924, "url": "https://www.iryou.teikyouseido.mhlw.go.jp/znk-web/juminkanja/S2430/initialize?prefCd=38&kikanCd=3386005410&kikanKbn=3", "url2": null, "内容": "伊方歯科診療所【3:歯科】愛媛県西宇和郡伊方町湊浦１００２番地１１" }, "geometry": { "type": "Point", "coordinates": [ 132.355924, 33.489244 ] } },
{ "type": "Feature", "properties": { "ID": 3833386005540, "正式名称": "きくち歯科医院", "機関区分": 3, "都道府県コード": 38, "市区町村コード": 214, "所在地": "愛媛県西予市野村町野村１２号３３４番地", "緯度": 33.377483, "経度": 132.64471, "url": "https://www.iryou.teikyouseido.mhlw.go.jp/znk-web/juminkanja/S2430/initialize?prefCd=38&kikanCd=3386005540&kikanKbn=3", "url2": null, "内容": "きくち歯科医院【3:歯科】愛媛県西予市野村町野村１２号３３４番地" }, "geometry": { "type": "Point", "coordinates": [ 132.64471, 33.377483 ] } },
{ "type": "Feature", "properties": { "ID": 3833386005670, "正式名称": "石野歯科医院", "機関区分": 3, "都道府県コード": 38, "市区町村コード": 214, "所在地": "愛媛県西予市宇和町上松葉６６番地１", "緯度": 33.383758, "経度": 132.501055, "url": "https://www.iryou.teikyouseido.mhlw.go.jp/znk-web/juminkanja/S2430/initialize?prefCd=38&kikanCd=3386005670&kikanKbn=3", "url2": null, "内容": "石野歯科医院【3:歯科】愛媛県西予市宇和町上松葉６６番地１" }, "geometry": { "type": "Point", "coordinates": [ 132.501055, 33.383758 ] } },
{ "type": "Feature", "properties": { "ID": 3833386005700, "正式名称": "みさき歯科医院", "機関区分": 3, "都道府県コード": 38, "市区町村コード": 442, "所在地": "愛媛県西宇和郡伊方町三崎６９２番地２", "緯度": 33.387834, "経度": 132.123559, "url": "https://www.iryou.teikyouseido.mhlw.go.jp/znk-web/juminkanja/S2430/initialize?prefCd=38&kikanCd=3386005700&kikanKbn=3", "url2": "http://wwwc.pikara.ne.jp/misakishika/", "内容": "みさき歯科医院【3:歯科】愛媛県西宇和郡伊方町三崎６９２番地２" }, "geometry": { "type": "Point", "coordinates": [ 132.123559, 33.387834 ] } },
{ "type": "Feature", "properties": { "ID": 3833386005960, "正式名称": "ショージ歯科医院", "機関区分": 3, "都道府県コード": 38, "市区町村コード": 204, "所在地": "愛媛県八幡浜市保内町宮内１番耕地２２８番１", "緯度": 33.482829, "経度": 132.398448, "url": "https://www.iryou.teikyouseido.mhlw.go.jp/znk-web/juminkanja/S2430/initialize?prefCd=38&kikanCd=3386005960&kikanKbn=3", "url2": null, "内容": "ショージ歯科医院【3:歯科】愛媛県八幡浜市保内町宮内１番耕地２２８番１" }, "geometry": { "type": "Point", "coordinates": [ 132.398448, 33.482829 ] } },
{ "type": "Feature", "properties": { "ID": 3833386100360, "正式名称": "菊地歯科医院", "機関区分": 3, "都道府県コード": 38, "市区町村コード": 214, "所在地": "愛媛県西予市宇和町東多田２３８番地", "緯度": 33.424254, "経度": 132.510608, "url": "https://www.iryou.teikyouseido.mhlw.go.jp/znk-web/juminkanja/S2430/initialize?prefCd=38&kikanCd=3386100360&kikanKbn=3", "url2": null, "内容": "菊地歯科医院【3:歯科】愛媛県西予市宇和町東多田２３８番地" }, "geometry": { "type": "Point", "coordinates": [ 132.510608, 33.424254 ] } },
{ "type": "Feature", "properties": { "ID": 3833386100490, "正式名称": "豊嶋歯科", "機関区分": 3, "都道府県コード": 38, "市区町村コード": 214, "所在地": "愛媛県西予市宇和町卯之町４丁目２７８番２", "緯度": 33.361399, "経度": 132.517527, "url": "https://www.iryou.teikyouseido.mhlw.go.jp/znk-web/juminkanja/S2430/initialize?prefCd=38&kikanCd=3386100490&kikanKbn=3", "url2": null, "内容": "豊嶋歯科【3:歯科】愛媛県西予市宇和町卯之町４丁目２７８番２" }, "geometry": { "type": "Point", "coordinates": [ 132.517527, 33.361399 ] } },
{ "type": "Feature", "properties": { "ID": 3833386100520, "正式名称": "あさの歯科医院", "機関区分": 3, "都道府県コード": 38, "市区町村コード": 214, "所在地": "愛媛県西予市宇和町卯之町２丁目５２１", "緯度": 33.36626, "経度": 132.506889, "url": "https://www.iryou.teikyouseido.mhlw.go.jp/znk-web/juminkanja/S2430/initialize?prefCd=38&kikanCd=3386100520&kikanKbn=3", "url2": null, "内容": "あさの歯科医院【3:歯科】愛媛県西予市宇和町卯之町２丁目５２１" }, "geometry": { "type": "Point", "coordinates": [ 132.506889, 33.36626 ] } },
{ "type": "Feature", "properties": { "ID": 3833386100940, "正式名称": "片山歯科", "機関区分": 3, "都道府県コード": 38, "市区町村コード": 214, "所在地": "愛媛県西予市宇和町卯之町１丁目３７３", "緯度": 33.367343, "経度": 132.5085, "url": "https://www.iryou.teikyouseido.mhlw.go.jp/znk-web/juminkanja/S2430/initialize?prefCd=38&kikanCd=3386100940&kikanKbn=3", "url2": null, "内容": "片山歯科【3:歯科】愛媛県西予市宇和町卯之町１丁目３７３" }, "geometry": { "type": "Point", "coordinates": [ 132.5085, 33.367343 ] } },
{ "type": "Feature", "properties": { "ID": 3833386200130, "正式名称": "矢野歯科医院", "機関区分": 3, "都道府県コード": 38, "市区町村コード": 214, "所在地": "愛媛県西予市野村町野村１２号３３８", "緯度": 33.3774, "経度": 132.644488, "url": "https://www.iryou.teikyouseido.mhlw.go.jp/znk-web/juminkanja/S2430/initialize?prefCd=38&kikanCd=3386200130&kikanKbn=3", "url2": null, "内容": "矢野歯科医院【3:歯科】愛媛県西予市野村町野村１２号３３８" }, "geometry": { "type": "Point", "coordinates": [ 132.644488, 33.3774 ] } },
{ "type": "Feature", "properties": { "ID": 3833386200710, "正式名称": "あかし歯科医院", "機関区分": 3, "都道府県コード": 38, "市区町村コード": 214, "所在地": "愛媛県西予市野村町阿下６－３３１－４", "緯度": 33.385714, "経度": 132.650925, "url": "https://www.iryou.teikyouseido.mhlw.go.jp/znk-web/juminkanja/S2430/initialize?prefCd=38&kikanCd=3386200710&kikanKbn=3", "url2": null, "内容": "あかし歯科医院【3:歯科】愛媛県西予市野村町阿下６－３３１－４" }, "geometry": { "type": "Point", "coordinates": [ 132.650925, 33.385714 ] } },
{ "type": "Feature", "properties": { "ID": 3833386300870, "正式名称": "山本歯科医院", "機関区分": 3, "都道府県コード": 38, "市区町村コード": 203, "所在地": "愛媛県宇和島市中央町１－９－３", "緯度": 33.219138, "経度": 132.567446, "url": "https://www.iryou.teikyouseido.mhlw.go.jp/znk-web/juminkanja/S2430/initialize?prefCd=38&kikanCd=3386300870&kikanKbn=3", "url2": "http://yamamotodc.net", "内容": "山本歯科医院【3:歯科】愛媛県宇和島市中央町１－９－３" }, "geometry": { "type": "Point", "coordinates": [ 132.567446, 33.219138 ] } },
{ "type": "Feature", "properties": { "ID": 3833386301170, "正式名称": "いわむら歯科医院", "機関区分": 3, "都道府県コード": 38, "市区町村コード": 203, "所在地": "愛媛県宇和島市堀端町１－２９", "緯度": 33.217352, "経度": 132.567065, "url": "https://www.iryou.teikyouseido.mhlw.go.jp/znk-web/juminkanja/S2430/initialize?prefCd=38&kikanCd=3386301170&kikanKbn=3", "url2": null, "内容": "いわむら歯科医院【3:歯科】愛媛県宇和島市堀端町１－２９" }, "geometry": { "type": "Point", "coordinates": [ 132.567065, 33.217352 ] } },
{ "type": "Feature", "properties": { "ID": 3833386301910, "正式名称": "林歯科医院", "機関区分": 3, "都道府県コード": 38, "市区町村コード": 203, "所在地": "愛媛県宇和島市錦町４－２３", "緯度": 33.224368, "経度": 132.566704, "url": "https://www.iryou.teikyouseido.mhlw.go.jp/znk-web/juminkanja/S2430/initialize?prefCd=38&kikanCd=3386301910&kikanKbn=3", "url2": "hdc.in.net", "内容": "林歯科医院【3:歯科】愛媛県宇和島市錦町４－２３" }, "geometry": { "type": "Point", "coordinates": [ 132.566704, 33.224368 ] } },
{ "type": "Feature", "properties": { "ID": 3833386302210, "正式名称": "河野歯科医院", "機関区分": 3, "都道府県コード": 38, "市区町村コード": 203, "所在地": "愛媛県宇和島市新町１－５－２４", "緯度": 33.221841, "経度": 132.566243, "url": "https://www.iryou.teikyouseido.mhlw.go.jp/znk-web/juminkanja/S2430/initialize?prefCd=38&kikanCd=3386302210&kikanKbn=3", "url2": null, "内容": "河野歯科医院【3:歯科】愛媛県宇和島市新町１－５－２４" }, "geometry": { "type": "Point", "coordinates": [ 132.566243, 33.221841 ] } },
{ "type": "Feature", "properties": { "ID": 3833386302340, "正式名称": "松田歯科医院", "機関区分": 3, "都道府県コード": 38, "市区町村コード": 203, "所在地": "愛媛県宇和島市丸之内４－１－１９", "緯度": 33.221332, "経度": 132.562474, "url": "https://www.iryou.teikyouseido.mhlw.go.jp/znk-web/juminkanja/S2430/initialize?prefCd=38&kikanCd=3386302340&kikanKbn=3", "url2": "matsudashika-uwajimashi.cihp2.jp", "内容": "松田歯科医院【3:歯科】愛媛県宇和島市丸之内４－１－１９" }, "geometry": { "type": "Point", "coordinates": [ 132.562474, 33.221332 ] } },
{ "type": "Feature", "properties": { "ID": 3833386302470, "正式名称": "横田歯科医院", "機関区分": 3, "都道府県コード": 38, "市区町村コード": 203, "所在地": "愛媛県宇和島市鶴島町５－４", "緯度": 33.226693, "経度": 132.565224, "url": "https://www.iryou.teikyouseido.mhlw.go.jp/znk-web/juminkanja/S2430/initialize?prefCd=38&kikanCd=3386302470&kikanKbn=3", "url2": null, "内容": "横田歯科医院【3:歯科】愛媛県宇和島市鶴島町５－４" }, "geometry": { "type": "Point", "coordinates": [ 132.565224, 33.226693 ] } },
{ "type": "Feature", "properties": { "ID": 3833386302890, "正式名称": "保田歯科医院", "機関区分": 3, "都道府県コード": 38, "市区町村コード": 203, "所在地": "愛媛県宇和島市吉田町本町５０番地", "緯度": 33.274793, "経度": 132.542412, "url": "https://www.iryou.teikyouseido.mhlw.go.jp/znk-web/juminkanja/S2430/initialize?prefCd=38&kikanCd=3386302890&kikanKbn=3", "url2": null, "内容": "保田歯科医院【3:歯科】愛媛県宇和島市吉田町本町５０番地" }, "geometry": { "type": "Point", "coordinates": [ 132.542412, 33.274793 ] } },
{ "type": "Feature", "properties": { "ID": 3833386303480, "正式名称": "田中歯科医院", "機関区分": 3, "都道府県コード": 38, "市区町村コード": 203, "所在地": "愛媛県宇和島市津島町岩松８０１－３", "緯度": 33.122064, "経度": 132.521621, "url": "https://www.iryou.teikyouseido.mhlw.go.jp/znk-web/juminkanja/S2430/initialize?prefCd=38&kikanCd=3386303480&kikanKbn=3", "url2": null, "内容": "田中歯科医院【3:歯科】愛媛県宇和島市津島町岩松８０１－３" }, "geometry": { "type": "Point", "coordinates": [ 132.521621, 33.122064 ] } },
{ "type": "Feature", "properties": { "ID": 3833386303510, "正式名称": "国松歯科医院", "機関区分": 3, "都道府県コード": 38, "市区町村コード": 203, "所在地": "愛媛県宇和島市津島町岩松７２１－２", "緯度": 33.125147, "経度": 132.522899, "url": "https://www.iryou.teikyouseido.mhlw.go.jp/znk-web/juminkanja/S2430/initialize?prefCd=38&kikanCd=3386303510&kikanKbn=3", "url2": "kunimatsu-dc.jp", "内容": "国松歯科医院【3:歯科】愛媛県宇和島市津島町岩松７２１－２" }, "geometry": { "type": "Point", "coordinates": [ 132.522899, 33.125147 ] } },
{ "type": "Feature", "properties": { "ID": 3833386303640, "正式名称": "岡村歯科医院", "機関区分": 3, "都道府県コード": 38, "市区町村コード": 203, "所在地": "愛媛県宇和島市津島町岩松７６０", "緯度": 33.123842, "経度": 132.522815, "url": "https://www.iryou.teikyouseido.mhlw.go.jp/znk-web/juminkanja/S2430/initialize?prefCd=38&kikanCd=3386303640&kikanKbn=3", "url2": null, "内容": "岡村歯科医院【3:歯科】愛媛県宇和島市津島町岩松７６０" }, "geometry": { "type": "Point", "coordinates": [ 132.522815, 33.123842 ] } },
{ "type": "Feature", "properties": { "ID": 3833386303770, "正式名称": "永木歯科医院", "機関区分": 3, "都道府県コード": 38, "市区町村コード": 203, "所在地": "愛媛県宇和島市中央町１－５－５", "緯度": 33.219721, "経度": 132.568515, "url": "https://www.iryou.teikyouseido.mhlw.go.jp/znk-web/juminkanja/S2430/initialize?prefCd=38&kikanCd=3386303770&kikanKbn=3", "url2": null, "内容": "永木歯科医院【3:歯科】愛媛県宇和島市中央町１－５－５" }, "geometry": { "type": "Point", "coordinates": [ 132.568515, 33.219721 ] } },
{ "type": "Feature", "properties": { "ID": 3833386303930, "正式名称": "松沢歯科医院", "機関区分": 3, "都道府県コード": 38, "市区町村コード": 203, "所在地": "愛媛県宇和島市鶴島町６－７", "緯度": 33.226935, "経度": 132.565771, "url": "https://www.iryou.teikyouseido.mhlw.go.jp/znk-web/juminkanja/S2430/initialize?prefCd=38&kikanCd=3386303930&kikanKbn=3", "url2": null, "内容": "松沢歯科医院【3:歯科】愛媛県宇和島市鶴島町６－７" }, "geometry": { "type": "Point", "coordinates": [ 132.565771, 33.226935 ] } },
{ "type": "Feature", "properties": { "ID": 3833386304070, "正式名称": "芝歯科医院", "機関区分": 3, "都道府県コード": 38, "市区町村コード": 484, "所在地": "愛媛県北宇和郡松野町松丸２５９", "緯度": 33.226825, "経度": 132.708269, "url": "https://www.iryou.teikyouseido.mhlw.go.jp/znk-web/juminkanja/S2430/initialize?prefCd=38&kikanCd=3386304070&kikanKbn=3", "url2": null, "内容": "芝歯科医院【3:歯科】愛媛県北宇和郡松野町松丸２５９" }, "geometry": { "type": "Point", "coordinates": [ 132.708269, 33.226825 ] } },
{ "type": "Feature", "properties": { "ID": 3833386304520, "正式名称": "岡本歯科医院", "機関区分": 3, "都道府県コード": 38, "市区町村コード": 203, "所在地": "愛媛県宇和島市吉田町立間尻甲１７８２－１", "緯度": 33.284797, "経度": 132.540445, "url": "https://www.iryou.teikyouseido.mhlw.go.jp/znk-web/juminkanja/S2430/initialize?prefCd=38&kikanCd=3386304520&kikanKbn=3", "url2": null, "内容": "岡本歯科医院【3:歯科】愛媛県宇和島市吉田町立間尻甲１７８２－１" }, "geometry": { "type": "Point", "coordinates": [ 132.540445, 33.284797 ] } },
{ "type": "Feature", "properties": { "ID": 3833386304650, "正式名称": "ますだ歯科医院", "機関区分": 3, "都道府県コード": 38, "市区町村コード": 203, "所在地": "愛媛県宇和島市栄町港２－２－２５", "緯度": 33.223324, "経度": 132.562996, "url": "https://www.iryou.teikyouseido.mhlw.go.jp/znk-web/juminkanja/S2430/initialize?prefCd=38&kikanCd=3386304650&kikanKbn=3", "url2": "http://www.masuda-dental-clinic.jp/", "内容": "ますだ歯科医院【3:歯科】愛媛県宇和島市栄町港２－２－２５" }, "geometry": { "type": "Point", "coordinates": [ 132.562996, 33.223324 ] } },
{ "type": "Feature", "properties": { "ID": 3833386304780, "正式名称": "石野歯科医院", "機関区分": 3, "都道府県コード": 38, "市区町村コード": 488, "所在地": "愛媛県北宇和郡鬼北町近永１２１６番１", "緯度": 33.255108, "経度": 132.681768, "url": "https://www.iryou.teikyouseido.mhlw.go.jp/znk-web/juminkanja/S2430/initialize?prefCd=38&kikanCd=3386304780&kikanKbn=3", "url2": null, "内容": "石野歯科医院【3:歯科】愛媛県北宇和郡鬼北町近永１２１６番１" }, "geometry": { "type": "Point", "coordinates": [ 132.681768, 33.255108 ] } },
{ "type": "Feature", "properties": { "ID": 3833386304810, "正式名称": "二宮歯科", "機関区分": 3, "都道府県コード": 38, "市区町村コード": 203, "所在地": "愛媛県宇和島市築地町２丁目２番３０号", "緯度": 33.22397, "経度": 132.555669, "url": "https://www.iryou.teikyouseido.mhlw.go.jp/znk-web/juminkanja/S2430/initialize?prefCd=38&kikanCd=3386304810&kikanKbn=3", "url2": null, "内容": "二宮歯科【3:歯科】愛媛県宇和島市築地町２丁目２番３０号" }, "geometry": { "type": "Point", "coordinates": [ 132.555669, 33.22397 ] } },
{ "type": "Feature", "properties": { "ID": 3833386304940, "正式名称": "医療法人　吉田歯科", "機関区分": 3, "都道府県コード": 38, "市区町村コード": 203, "所在地": "愛媛県宇和島市夏目町２丁目７番９号", "緯度": 33.20487, "経度": 132.552802, "url": "https://www.iryou.teikyouseido.mhlw.go.jp/znk-web/juminkanja/S2430/initialize?prefCd=38&kikanCd=3386304940&kikanKbn=3", "url2": "https://www.yoshida-shika-uwajima.com", "内容": "医療法人　吉田歯科【3:歯科】愛媛県宇和島市夏目町２丁目７番９号" }, "geometry": { "type": "Point", "coordinates": [ 132.552802, 33.20487 ] } },
{ "type": "Feature", "properties": { "ID": 3833386305080, "正式名称": "百合田歯科医院", "機関区分": 3, "都道府県コード": 38, "市区町村コード": 203, "所在地": "愛媛県宇和島市伊吹町北通１区９４６番地５", "緯度": 33.235864, "経度": 132.570605, "url": "https://www.iryou.teikyouseido.mhlw.go.jp/znk-web/juminkanja/S2430/initialize?prefCd=38&kikanCd=3386305080&kikanKbn=3", "url2": null, "内容": "百合田歯科医院【3:歯科】愛媛県宇和島市伊吹町北通１区９４６番地５" }, "geometry": { "type": "Point", "coordinates": [ 132.570605, 33.235864 ] } },
{ "type": "Feature", "properties": { "ID": 3833386305110, "正式名称": "竹内歯科", "機関区分": 3, "都道府県コード": 38, "市区町村コード": 203, "所在地": "愛媛県宇和島市和霊元町１丁目２番１２号", "緯度": 33.227054, "経度": 132.567029, "url": "https://www.iryou.teikyouseido.mhlw.go.jp/znk-web/juminkanja/S2430/initialize?prefCd=38&kikanCd=3386305110&kikanKbn=3", "url2": null, "内容": "竹内歯科【3:歯科】愛媛県宇和島市和霊元町１丁目２番１２号" }, "geometry": { "type": "Point", "coordinates": [ 132.567029, 33.227054 ] } },
{ "type": "Feature", "properties": { "ID": 3833386305370, "正式名称": "佐々木歯科医院", "機関区分": 3, "都道府県コード": 38, "市区町村コード": 203, "所在地": "愛媛県宇和島市川内甲１１００－４", "緯度": 33.203, "経度": 132.553393, "url": "https://www.iryou.teikyouseido.mhlw.go.jp/znk-web/juminkanja/S2430/initialize?prefCd=38&kikanCd=3386305370&kikanKbn=3", "url2": null, "内容": "佐々木歯科医院【3:歯科】愛媛県宇和島市川内甲１１００－４" }, "geometry": { "type": "Point", "coordinates": [ 132.553393, 33.203 ] } },
{ "type": "Feature", "properties": { "ID": 3833386305400, "正式名称": "上田歯科クリニック", "機関区分": 3, "都道府県コード": 38, "市区町村コード": 203, "所在地": "愛媛県宇和島市愛宕町３－２－１０", "緯度": 33.216749, "経度": 132.570168, "url": "https://www.iryou.teikyouseido.mhlw.go.jp/znk-web/juminkanja/S2430/initialize?prefCd=38&kikanCd=3386305400&kikanKbn=3", "url2": null, "内容": "上田歯科クリニック【3:歯科】愛媛県宇和島市愛宕町３－２－１０" }, "geometry": { "type": "Point", "coordinates": [ 132.570168, 33.216749 ] } },
{ "type": "Feature", "properties": { "ID": 3833386305530, "正式名称": "番城歯科クリニック", "機関区分": 3, "都道府県コード": 38, "市区町村コード": 203, "所在地": "愛媛県宇和島市川内　１０７９－１４", "緯度": 33.201355, "経度": 132.550711, "url": "https://www.iryou.teikyouseido.mhlw.go.jp/znk-web/juminkanja/S2430/initialize?prefCd=38&kikanCd=3386305530&kikanKbn=3", "url2": null, "内容": "番城歯科クリニック【3:歯科】愛媛県宇和島市川内　１０７９－１４" }, "geometry": { "type": "Point", "coordinates": [ 132.550711, 33.201355 ] } },
{ "type": "Feature", "properties": { "ID": 3833386305660, "正式名称": "山上歯科医院", "機関区分": 3, "都道府県コード": 38, "市区町村コード": 203, "所在地": "愛媛県宇和島市寿町２丁目２番３号", "緯度": 33.223585, "経度": 132.559799, "url": "https://www.iryou.teikyouseido.mhlw.go.jp/znk-web/juminkanja/S2430/initialize?prefCd=38&kikanCd=3386305660&kikanKbn=3", "url2": null, "内容": "山上歯科医院【3:歯科】愛媛県宇和島市寿町２丁目２番３号" }, "geometry": { "type": "Point", "coordinates": [ 132.559799, 33.223585 ] } },
{ "type": "Feature", "properties": { "ID": 3833386305790, "正式名称": "清岡歯科クリニック", "機関区分": 3, "都道府県コード": 38, "市区町村コード": 203, "所在地": "愛媛県宇和島市三間町迫目１１２－２", "緯度": 33.287704, "経度": 132.60481, "url": "https://www.iryou.teikyouseido.mhlw.go.jp/znk-web/juminkanja/S2430/initialize?prefCd=38&kikanCd=3386305790&kikanKbn=3", "url2": null, "内容": "清岡歯科クリニック【3:歯科】愛媛県宇和島市三間町迫目１１２－２" }, "geometry": { "type": "Point", "coordinates": [ 132.60481, 33.287704 ] } },
{ "type": "Feature", "properties": { "ID": 3833386305820, "正式名称": "岡森歯科医院", "機関区分": 3, "都道府県コード": 38, "市区町村コード": 203, "所在地": "愛媛県宇和島市住吉町１丁目８番１８号", "緯度": 33.226081, "経度": 132.557419, "url": "https://www.iryou.teikyouseido.mhlw.go.jp/znk-web/juminkanja/S2430/initialize?prefCd=38&kikanCd=3386305820&kikanKbn=3", "url2": null, "内容": "岡森歯科医院【3:歯科】愛媛県宇和島市住吉町１丁目８番１８号" }, "geometry": { "type": "Point", "coordinates": [ 132.557419, 33.226081 ] } },
{ "type": "Feature", "properties": { "ID": 3833386305950, "正式名称": "青野歯科クリニック", "機関区分": 3, "都道府県コード": 38, "市区町村コード": 203, "所在地": "愛媛県宇和島市保手２丁目３番１８号", "緯度": 33.212561, "経度": 132.552572, "url": "https://www.iryou.teikyouseido.mhlw.go.jp/znk-web/juminkanja/S2430/initialize?prefCd=38&kikanCd=3386305950&kikanKbn=3", "url2": null, "内容": "青野歯科クリニック【3:歯科】愛媛県宇和島市保手２丁目３番１８号" }, "geometry": { "type": "Point", "coordinates": [ 132.552572, 33.212561 ] } },
{ "type": "Feature", "properties": { "ID": 3833386306120, "正式名称": "霜村歯科医院", "機関区分": 3, "都道府県コード": 38, "市区町村コード": 203, "所在地": "愛媛県宇和島市和霊元町４－１－３", "緯度": 33.229259, "経度": 132.56746, "url": "https://www.iryou.teikyouseido.mhlw.go.jp/znk-web/juminkanja/S2430/initialize?prefCd=38&kikanCd=3386306120&kikanKbn=3", "url2": null, "内容": "霜村歯科医院【3:歯科】愛媛県宇和島市和霊元町４－１－３" }, "geometry": { "type": "Point", "coordinates": [ 132.56746, 33.229259 ] } },
{ "type": "Feature", "properties": { "ID": 3833386306250, "正式名称": "ライオン歯科", "機関区分": 3, "都道府県コード": 38, "市区町村コード": 203, "所在地": "愛媛県宇和島市中央町２丁目５－５", "緯度": 33.221582, "経度": 132.567307, "url": "https://www.iryou.teikyouseido.mhlw.go.jp/znk-web/juminkanja/S2430/initialize?prefCd=38&kikanCd=3386306250&kikanKbn=3", "url2": null, "内容": "ライオン歯科【3:歯科】愛媛県宇和島市中央町２丁目５－５" }, "geometry": { "type": "Point", "coordinates": [ 132.567307, 33.221582 ] } },
{ "type": "Feature", "properties": { "ID": 3833386306380, "正式名称": "久保歯科医院", "機関区分": 3, "都道府県コード": 38, "市区町村コード": 203, "所在地": "愛媛県宇和島市丸之内１丁目２－１１", "緯度": 33.218082, "経度": 132.566669, "url": "https://www.iryou.teikyouseido.mhlw.go.jp/znk-web/juminkanja/S2430/initialize?prefCd=38&kikanCd=3386306380&kikanKbn=3", "url2": null, "内容": "久保歯科医院【3:歯科】愛媛県宇和島市丸之内１丁目２－１１" }, "geometry": { "type": "Point", "coordinates": [ 132.566669, 33.218082 ] } },
{ "type": "Feature", "properties": { "ID": 3833386306410, "正式名称": "口羽歯科医院", "機関区分": 3, "都道府県コード": 38, "市区町村コード": 203, "所在地": "愛媛県宇和島市津島町高田丙５４５－１", "緯度": 33.123147, "経度": 132.517122, "url": "https://www.iryou.teikyouseido.mhlw.go.jp/znk-web/juminkanja/S2430/initialize?prefCd=38&kikanCd=3386306410&kikanKbn=3", "url2": null, "内容": "口羽歯科医院【3:歯科】愛媛県宇和島市津島町高田丙５４５－１" }, "geometry": { "type": "Point", "coordinates": [ 132.517122, 33.123147 ] } },
{ "type": "Feature", "properties": { "ID": 3833386306540, "正式名称": "福河歯科医院", "機関区分": 3, "都道府県コード": 38, "市区町村コード": 488, "所在地": "愛媛県北宇和郡鬼北町下鍵山３００番地３", "緯度": 33.335829, "経度": 132.795291, "url": "https://www.iryou.teikyouseido.mhlw.go.jp/znk-web/juminkanja/S2430/initialize?prefCd=38&kikanCd=3386306540&kikanKbn=3", "url2": null, "内容": "福河歯科医院【3:歯科】愛媛県北宇和郡鬼北町下鍵山３００番地３" }, "geometry": { "type": "Point", "coordinates": [ 132.795291, 33.335829 ] } },
{ "type": "Feature", "properties": { "ID": 3833386306670, "正式名称": "小浦歯科医院", "機関区分": 3, "都道府県コード": 38, "市区町村コード": 203, "所在地": "愛媛県宇和島市御幸町２丁目７－１", "緯度": 33.227285, "経度": 132.563441, "url": "https://www.iryou.teikyouseido.mhlw.go.jp/znk-web/juminkanja/S2430/initialize?prefCd=38&kikanCd=3386306670&kikanKbn=3", "url2": null, "内容": "小浦歯科医院【3:歯科】愛媛県宇和島市御幸町２丁目７－１" }, "geometry": { "type": "Point", "coordinates": [ 132.563441, 33.227285 ] } },
{ "type": "Feature", "properties": { "ID": 3833386306700, "正式名称": "あさうみ歯科医院", "機関区分": 3, "都道府県コード": 38, "市区町村コード": 506, "所在地": "愛媛県南宇和郡愛南町城辺甲２４１９－４", "緯度": 32.961999, "経度": 132.582929, "url": "https://www.iryou.teikyouseido.mhlw.go.jp/znk-web/juminkanja/S2430/initialize?prefCd=38&kikanCd=3386306700&kikanKbn=3", "url2": null, "内容": "あさうみ歯科医院【3:歯科】愛媛県南宇和郡愛南町城辺甲２４１９－４" }, "geometry": { "type": "Point", "coordinates": [ 132.582929, 32.961999 ] } },
{ "type": "Feature", "properties": { "ID": 3833386306960, "正式名称": "かしま歯科医院", "機関区分": 3, "都道府県コード": 38, "市区町村コード": 203, "所在地": "愛媛県宇和島市寿町１－３－１３", "緯度": 33.225282, "経度": 132.561357, "url": "https://www.iryou.teikyouseido.mhlw.go.jp/znk-web/juminkanja/S2430/initialize?prefCd=38&kikanCd=3386306960&kikanKbn=3", "url2": null, "内容": "かしま歯科医院【3:歯科】愛媛県宇和島市寿町１－３－１３" }, "geometry": { "type": "Point", "coordinates": [ 132.561357, 33.225282 ] } },
{ "type": "Feature", "properties": { "ID": 3833386307000, "正式名称": "たかはし歯科", "機関区分": 3, "都道府県コード": 38, "市区町村コード": 506, "所在地": "愛媛県南宇和郡愛南町城辺甲１９１６－１", "緯度": 32.959582, "経度": 132.57818, "url": "https://www.iryou.teikyouseido.mhlw.go.jp/znk-web/juminkanja/S2430/initialize?prefCd=38&kikanCd=3386307000&kikanKbn=3", "url2": "https://www.tak-dental.com/", "内容": "たかはし歯科【3:歯科】愛媛県南宇和郡愛南町城辺甲１９１６－１" }, "geometry": { "type": "Point", "coordinates": [ 132.57818, 32.959582 ] } },
{ "type": "Feature", "properties": { "ID": 3833386307130, "正式名称": "もりもと歯科", "機関区分": 3, "都道府県コード": 38, "市区町村コード": 203, "所在地": "愛媛県宇和島市恵美須町１丁目４番１８号", "緯度": 33.223904, "経度": 132.565068, "url": "https://www.iryou.teikyouseido.mhlw.go.jp/znk-web/juminkanja/S2430/initialize?prefCd=38&kikanCd=3386307130&kikanKbn=3", "url2": null, "内容": "もりもと歯科【3:歯科】愛媛県宇和島市恵美須町１丁目４番１８号" }, "geometry": { "type": "Point", "coordinates": [ 132.565068, 33.223904 ] } },
{ "type": "Feature", "properties": { "ID": 3833386307260, "正式名称": "うえはら歯科クリニック", "機関区分": 3, "都道府県コード": 38, "市区町村コード": 506, "所在地": "愛媛県南宇和郡愛南町御荘平城４１８３－１", "緯度": 32.959165, "経度": 132.558209, "url": "https://www.iryou.teikyouseido.mhlw.go.jp/znk-web/juminkanja/S2430/initialize?prefCd=38&kikanCd=3386307260&kikanKbn=3", "url2": null, "内容": "うえはら歯科クリニック【3:歯科】愛媛県南宇和郡愛南町御荘平城４１８３－１" }, "geometry": { "type": "Point", "coordinates": [ 132.558209, 32.959165 ] } },
{ "type": "Feature", "properties": { "ID": 3833386307390, "正式名称": "やくしじ歯科医院", "機関区分": 3, "都道府県コード": 38, "市区町村コード": 203, "所在地": "愛媛県宇和島市三間町務田３３１－５", "緯度": 33.284781, "経度": 132.59732, "url": "https://www.iryou.teikyouseido.mhlw.go.jp/znk-web/juminkanja/S2430/initialize?prefCd=38&kikanCd=3386307390&kikanKbn=3", "url2": null, "内容": "やくしじ歯科医院【3:歯科】愛媛県宇和島市三間町務田３３１－５" }, "geometry": { "type": "Point", "coordinates": [ 132.59732, 33.284781 ] } },
{ "type": "Feature", "properties": { "ID": 3833386307420, "正式名称": "みやたに歯科医院", "機関区分": 3, "都道府県コード": 38, "市区町村コード": 203, "所在地": "愛媛県宇和島市吉田町西小路４１", "緯度": 33.278825, "経度": 132.539279, "url": "https://www.iryou.teikyouseido.mhlw.go.jp/znk-web/juminkanja/S2430/initialize?prefCd=38&kikanCd=3386307420&kikanKbn=3", "url2": null, "内容": "みやたに歯科医院【3:歯科】愛媛県宇和島市吉田町西小路４１" }, "geometry": { "type": "Point", "coordinates": [ 132.539279, 33.278825 ] } },
{ "type": "Feature", "properties": { "ID": 3833386307680, "正式名称": "睦美歯科医院", "機関区分": 3, "都道府県コード": 38, "市区町村コード": 203, "所在地": "愛媛県宇和島市恵美須町２丁目５番８号", "緯度": 33.225876, "経度": 132.564453, "url": "https://www.iryou.teikyouseido.mhlw.go.jp/znk-web/juminkanja/S2430/initialize?prefCd=38&kikanCd=3386307680&kikanKbn=3", "url2": null, "内容": "睦美歯科医院【3:歯科】愛媛県宇和島市恵美須町２丁目５番８号" }, "geometry": { "type": "Point", "coordinates": [ 132.564453, 33.225876 ] } },
{ "type": "Feature", "properties": { "ID": 3833386307840, "正式名称": "ささき歯科医院", "機関区分": 3, "都道府県コード": 38, "市区町村コード": 488, "所在地": "愛媛県北宇和郡鬼北町近永１３１０番地５", "緯度": 33.254608, "経度": 132.673825, "url": "https://www.iryou.teikyouseido.mhlw.go.jp/znk-web/juminkanja/S2430/initialize?prefCd=38&kikanCd=3386307840&kikanKbn=3", "url2": null, "内容": "ささき歯科医院【3:歯科】愛媛県北宇和郡鬼北町近永１３１０番地５" }, "geometry": { "type": "Point", "coordinates": [ 132.673825, 33.254608 ] } },
{ "type": "Feature", "properties": { "ID": 3833386308270, "正式名称": "きほくの里歯科医院", "機関区分": 3, "都道府県コード": 38, "市区町村コード": 488, "所在地": "愛媛県北宇和郡鬼北町近永１４１８－７２", "緯度": 33.254136, "経度": 132.678963, "url": "https://www.iryou.teikyouseido.mhlw.go.jp/znk-web/juminkanja/S2430/initialize?prefCd=38&kikanCd=3386308270&kikanKbn=3", "url2": "http://www.kihokunosato-do.jp/", "内容": "きほくの里歯科医院【3:歯科】愛媛県北宇和郡鬼北町近永１４１８－７２" }, "geometry": { "type": "Point", "coordinates": [ 132.678963, 33.254136 ] } },
{ "type": "Feature", "properties": { "ID": 3833386308300, "正式名称": "あべ歯科医院", "機関区分": 3, "都道府県コード": 38, "市区町村コード": 203, "所在地": "愛媛県宇和島市中央町２丁目１０７", "緯度": 33.221441, "経度": 132.566851, "url": "https://www.iryou.teikyouseido.mhlw.go.jp/znk-web/juminkanja/S2430/initialize?prefCd=38&kikanCd=3386308300&kikanKbn=3", "url2": "a-womensdental.com", "内容": "あべ歯科医院【3:歯科】愛媛県宇和島市中央町２丁目１０７" }, "geometry": { "type": "Point", "coordinates": [ 132.566851, 33.221441 ] } },
{ "type": "Feature", "properties": { "ID": 3833386308560, "正式名称": "ハーブ歯科", "機関区分": 3, "都道府県コード": 38, "市区町村コード": 203, "所在地": "愛媛県宇和島市中沢町１丁目２－１１", "緯度": 33.208681, "経度": 132.55781, "url": "https://www.iryou.teikyouseido.mhlw.go.jp/znk-web/juminkanja/S2430/initialize?prefCd=38&kikanCd=3386308560&kikanKbn=3", "url2": null, "内容": "ハーブ歯科【3:歯科】愛媛県宇和島市中沢町１丁目２－１１" }, "geometry": { "type": "Point", "coordinates": [ 132.55781, 33.208681 ] } },
{ "type": "Feature", "properties": { "ID": 3833386400190, "正式名称": "こあみ歯科医院", "機関区分": 3, "都道府県コード": 38, "市区町村コード": 205, "所在地": "愛媛県新居浜市高木町８－２４", "緯度": 33.950517, "経度": 133.28652, "url": "https://www.iryou.teikyouseido.mhlw.go.jp/znk-web/juminkanja/S2430/initialize?prefCd=38&kikanCd=3386400190&kikanKbn=3", "url2": null, "内容": "こあみ歯科医院【3:歯科】愛媛県新居浜市高木町８－２４" }, "geometry": { "type": "Point", "coordinates": [ 133.28652, 33.950517 ] } },
{ "type": "Feature", "properties": { "ID": 3833386400220, "正式名称": "医療法人こんどう歯科医院", "機関区分": 3, "都道府県コード": 38, "市区町村コード": 205, "所在地": "愛媛県新居浜市沢津町１－２－２７", "緯度": 33.973829, "経度": 133.296089, "url": "https://www.iryou.teikyouseido.mhlw.go.jp/znk-web/juminkanja/S2430/initialize?prefCd=38&kikanCd=3386400220&kikanKbn=3", "url2": null, "内容": "医療法人こんどう歯科医院【3:歯科】愛媛県新居浜市沢津町１－２－２７" }, "geometry": { "type": "Point", "coordinates": [ 133.296089, 33.973829 ] } },
{ "type": "Feature", "properties": { "ID": 3833386400350, "正式名称": "深田歯科医院", "機関区分": 3, "都道府県コード": 38, "市区町村コード": 206, "所在地": "愛媛県西条市小松町新屋敷甲３２３－１", "緯度": 33.896184, "経度": 133.115959, "url": "https://www.iryou.teikyouseido.mhlw.go.jp/znk-web/juminkanja/S2430/initialize?prefCd=38&kikanCd=3386400350&kikanKbn=3", "url2": null, "内容": "深田歯科医院【3:歯科】愛媛県西条市小松町新屋敷甲３２３－１" }, "geometry": { "type": "Point", "coordinates": [ 133.115959, 33.896184 ] } },
{ "type": "Feature", "properties": { "ID": 3833386400480, "正式名称": "すぎもり歯科クリニック", "機関区分": 3, "都道府県コード": 38, "市区町村コード": 205, "所在地": "愛媛県新居浜市王子町３－３", "緯度": 33.954877, "経度": 133.263021, "url": "https://www.iryou.teikyouseido.mhlw.go.jp/znk-web/juminkanja/S2430/initialize?prefCd=38&kikanCd=3386400480&kikanKbn=3", "url2": "https://www.sugimori-dental.jp/", "内容": "すぎもり歯科クリニック【3:歯科】愛媛県新居浜市王子町３－３" }, "geometry": { "type": "Point", "coordinates": [ 133.263021, 33.954877 ] } },
{ "type": "Feature", "properties": { "ID": 3833386400510, "正式名称": "青野歯科医院", "機関区分": 3, "都道府県コード": 38, "市区町村コード": 205, "所在地": "愛媛県新居浜市庄内町１丁目８番３５号", "緯度": 33.956794, "経度": 133.28663, "url": "https://www.iryou.teikyouseido.mhlw.go.jp/znk-web/juminkanja/S2430/initialize?prefCd=38&kikanCd=3386400510&kikanKbn=3", "url2": null, "内容": "青野歯科医院【3:歯科】愛媛県新居浜市庄内町１丁目８番３５号" }, "geometry": { "type": "Point", "coordinates": [ 133.28663, 33.956794 ] } },
{ "type": "Feature", "properties": { "ID": 3833386400770, "正式名称": "坂田歯科診療所", "機関区分": 3, "都道府県コード": 38, "市区町村コード": 206, "所在地": "愛媛県西条市大町６９６－１", "緯度": 33.917352, "経度": 133.184891, "url": "https://www.iryou.teikyouseido.mhlw.go.jp/znk-web/juminkanja/S2430/initialize?prefCd=38&kikanCd=3386400770&kikanKbn=3", "url2": null, "内容": "坂田歯科診療所【3:歯科】愛媛県西条市大町６９６－１" }, "geometry": { "type": "Point", "coordinates": [ 133.184891, 33.917352 ] } },
{ "type": "Feature", "properties": { "ID": 3833386400800, "正式名称": "吉津歯科医院", "機関区分": 3, "都道府県コード": 38, "市区町村コード": 205, "所在地": "愛媛県新居浜市田所町２－３８", "緯度": 33.961793, "経度": 133.286269, "url": "https://www.iryou.teikyouseido.mhlw.go.jp/znk-web/juminkanja/S2430/initialize?prefCd=38&kikanCd=3386400800&kikanKbn=3", "url2": null, "内容": "吉津歯科医院【3:歯科】愛媛県新居浜市田所町２－３８" }, "geometry": { "type": "Point", "coordinates": [ 133.286269, 33.961793 ] } },
{ "type": "Feature", "properties": { "ID": 3833386400930, "正式名称": "山川リンタロー歯科診療所", "機関区分": 3, "都道府県コード": 38, "市区町村コード": 206, "所在地": "愛媛県西条市樋之口八町３７９番１", "緯度": 33.921212, "経度": 133.16442, "url": "https://www.iryou.teikyouseido.mhlw.go.jp/znk-web/juminkanja/S2430/initialize?prefCd=38&kikanCd=3386400930&kikanKbn=3", "url2": "http://www.yamakawa-dc.com/index.php", "内容": "山川リンタロー歯科診療所【3:歯科】愛媛県西条市樋之口八町３７９番１" }, "geometry": { "type": "Point", "coordinates": [ 133.16442, 33.921212 ] } },
{ "type": "Feature", "properties": { "ID": 3833386401520, "正式名称": "清水ももこ歯科医院", "機関区分": 3, "都道府県コード": 38, "市区町村コード": 506, "所在地": "愛媛県南宇和郡愛南町御荘平城３０２１", "緯度": 32.962582, "経度": 132.568569, "url": "https://www.iryou.teikyouseido.mhlw.go.jp/znk-web/juminkanja/S2430/initialize?prefCd=38&kikanCd=3386401520&kikanKbn=3", "url2": null, "内容": "清水ももこ歯科医院【3:歯科】愛媛県南宇和郡愛南町御荘平城３０２１" }, "geometry": { "type": "Point", "coordinates": [ 132.568569, 32.962582 ] } },
{ "type": "Feature", "properties": { "ID": 3833386401650, "正式名称": "一本松歯科医院", "機関区分": 3, "都道府県コード": 38, "市区町村コード": 506, "所在地": "愛媛県南宇和郡愛南町一本松３３７５－１", "緯度": 32.964, "経度": 132.64784, "url": "https://www.iryou.teikyouseido.mhlw.go.jp/znk-web/juminkanja/S2430/initialize?prefCd=38&kikanCd=3386401650&kikanKbn=3", "url2": null, "内容": "一本松歯科医院【3:歯科】愛媛県南宇和郡愛南町一本松３３７５－１" }, "geometry": { "type": "Point", "coordinates": [ 132.64784, 32.964 ] } },
{ "type": "Feature", "properties": { "ID": 3833386401780, "正式名称": "宮田歯科医院", "機関区分": 3, "都道府県コード": 38, "市区町村コード": 506, "所在地": "愛媛県南宇和郡愛南町御荘平城３７０２", "緯度": 32.958777, "経度": 132.565208, "url": "https://www.iryou.teikyouseido.mhlw.go.jp/znk-web/juminkanja/S2430/initialize?prefCd=38&kikanCd=3386401780&kikanKbn=3", "url2": null, "内容": "宮田歯科医院【3:歯科】愛媛県南宇和郡愛南町御荘平城３７０２" }, "geometry": { "type": "Point", "coordinates": [ 132.565208, 32.958777 ] } },
{ "type": "Feature", "properties": { "ID": 3833386401810, "正式名称": "新惠歯科医院", "機関区分": 3, "都道府県コード": 38, "市区町村コード": 506, "所在地": "愛媛県南宇和郡愛南町城辺甲２２２７番地２", "緯度": 32.960638, "経度": 132.578624, "url": "https://www.iryou.teikyouseido.mhlw.go.jp/znk-web/juminkanja/S2430/initialize?prefCd=38&kikanCd=3386401810&kikanKbn=3", "url2": "http://hanoesute.web.fc2.com/", "内容": "新惠歯科医院【3:歯科】愛媛県南宇和郡愛南町城辺甲２２２７番地２" }, "geometry": { "type": "Point", "coordinates": [ 132.578624, 32.960638 ] } },
{ "type": "Feature", "properties": { "ID": 3833386401940, "正式名称": "池田歯科医院", "機関区分": 3, "都道府県コード": 38, "市区町村コード": 506, "所在地": "愛媛県南宇和郡愛南町御荘平城１２８５－１", "緯度": 32.964129, "経度": 132.557899, "url": "https://www.iryou.teikyouseido.mhlw.go.jp/znk-web/juminkanja/S2430/initialize?prefCd=38&kikanCd=3386401940&kikanKbn=3", "url2": "http://www.ikedasika.jp/", "内容": "池田歯科医院【3:歯科】愛媛県南宇和郡愛南町御荘平城１２８５－１" }, "geometry": { "type": "Point", "coordinates": [ 132.557899, 32.964129 ] } },
{ "type": "Feature", "properties": { "ID": 3833386402080, "正式名称": "こじま歯科医院", "機関区分": 3, "都道府県コード": 38, "市区町村コード": 506, "所在地": "愛媛県南宇和郡愛南町柏３３９－１", "緯度": 33.019186, "経度": 132.49735, "url": "https://www.iryou.teikyouseido.mhlw.go.jp/znk-web/juminkanja/S2430/initialize?prefCd=38&kikanCd=3386402080&kikanKbn=3", "url2": "https://www.kojimashikaiinn.net", "内容": "こじま歯科医院【3:歯科】愛媛県南宇和郡愛南町柏３３９－１" }, "geometry": { "type": "Point", "coordinates": [ 132.49735, 33.019186 ] } },
{ "type": "Feature", "properties": { "ID": 3833386402240, "正式名称": "おち歯科医院", "機関区分": 3, "都道府県コード": 38, "市区町村コード": 206, "所在地": "愛媛県西条市栄町２５０番地ノールソレイユ紺屋町１０２", "緯度": 33.919185, "経度": 133.183752, "url": "https://www.iryou.teikyouseido.mhlw.go.jp/znk-web/juminkanja/S2430/initialize?prefCd=38&kikanCd=3386402240&kikanKbn=3", "url2": "ochi-dental.com", "内容": "おち歯科医院【3:歯科】愛媛県西条市栄町２５０番地ノールソレイユ紺屋町１０２" }, "geometry": { "type": "Point", "coordinates": [ 133.183752, 33.919185 ] } },
{ "type": "Feature", "properties": { "ID": 3833386500120, "正式名称": "てらさか歯科医院", "機関区分": 3, "都道府県コード": 38, "市区町村コード": 207, "所在地": "愛媛県大洲市長浜甲４０５番地３", "緯度": 33.612705, "経度": 132.482102, "url": "https://www.iryou.teikyouseido.mhlw.go.jp/znk-web/juminkanja/S2430/initialize?prefCd=38&kikanCd=3386500120&kikanKbn=3", "url2": "http://terasakadc.com/", "内容": "てらさか歯科医院【3:歯科】愛媛県大洲市長浜甲４０５番地３" }, "geometry": { "type": "Point", "coordinates": [ 132.482102, 33.612705 ] } },
{ "type": "Feature", "properties": { "ID": 3833386500250, "正式名称": "医療法人ハロー歯科クリニック", "機関区分": 3, "都道府県コード": 38, "市区町村コード": 207, "所在地": "愛媛県大洲市東大洲１６４９－１", "緯度": 33.521717, "経度": 132.575959, "url": "https://www.iryou.teikyouseido.mhlw.go.jp/znk-web/juminkanja/S2430/initialize?prefCd=38&kikanCd=3386500250&kikanKbn=3", "url2": "http://www.hellodental-clinic.com/", "内容": "医療法人ハロー歯科クリニック【3:歯科】愛媛県大洲市東大洲１６４９－１" }, "geometry": { "type": "Point", "coordinates": [ 132.575959, 33.521717 ] } },
{ "type": "Feature", "properties": { "ID": 3833386500380, "正式名称": "小田歯科診療所", "機関区分": 3, "都道府県コード": 38, "市区町村コード": 422, "所在地": "愛媛県喜多郡内子町小田８２番地", "緯度": 33.567632, "経度": 132.803327, "url": "https://www.iryou.teikyouseido.mhlw.go.jp/znk-web/juminkanja/S2430/initialize?prefCd=38&kikanCd=3386500380&kikanKbn=3", "url2": null, "内容": "小田歯科診療所【3:歯科】愛媛県喜多郡内子町小田８２番地" }, "geometry": { "type": "Point", "coordinates": [ 132.803327, 33.567632 ] } },
{ "type": "Feature", "properties": { "ID": 3833386500410, "正式名称": "とびの歯科", "機関区分": 3, "都道府県コード": 38, "市区町村コード": 422, "所在地": "愛媛県喜多郡内子町平岡甲８３－１", "緯度": 33.534911, "経度": 132.660007, "url": "https://www.iryou.teikyouseido.mhlw.go.jp/znk-web/juminkanja/S2430/initialize?prefCd=38&kikanCd=3386500410&kikanKbn=3", "url2": null, "内容": "とびの歯科【3:歯科】愛媛県喜多郡内子町平岡甲８３－１" }, "geometry": { "type": "Point", "coordinates": [ 132.660007, 33.534911 ] } },
{ "type": "Feature", "properties": { "ID": 3833386501000, "正式名称": "かめだ歯科クリニック", "機関区分": 3, "都道府県コード": 38, "市区町村コード": 207, "所在地": "愛媛県大洲市東若宮４－１", "緯度": 33.528523, "経度": 132.564093, "url": "https://www.iryou.teikyouseido.mhlw.go.jp/znk-web/juminkanja/S2430/initialize?prefCd=38&kikanCd=3386501000&kikanKbn=3", "url2": "http://kameda-dental.info", "内容": "かめだ歯科クリニック【3:歯科】愛媛県大洲市東若宮４－１" }, "geometry": { "type": "Point", "coordinates": [ 132.564093, 33.528523 ] } },
{ "type": "Feature", "properties": { "ID": 3833388310411, "正式名称": "いちろう歯科クリニック", "機関区分": 3, "都道府県コード": 38, "市区町村コード": 201, "所在地": "愛媛県松山市森松町５２３", "緯度": 33.78977, "経度": 132.788647, "url": "https://www.iryou.teikyouseido.mhlw.go.jp/znk-web/juminkanja/S2430/initialize?prefCd=38&kikanCd=3388310411&kikanKbn=3", "url2": "http://ichiro-shika.dentalmall.jp/", "内容": "いちろう歯科クリニック【3:歯科】愛媛県松山市森松町５２３" }, "geometry": { "type": "Point", "coordinates": [ 132.788647, 33.78977 ] } },
{ "type": "Feature", "properties": { "ID": 3833388310844, "正式名称": "東山歯科クリニック", "機関区分": 3, "都道府県コード": 38, "市区町村コード": 201, "所在地": "愛媛県松山市和泉南二丁目１－１２", "緯度": 33.815855, "経度": 132.765759, "url": "https://www.iryou.teikyouseido.mhlw.go.jp/znk-web/juminkanja/S2430/initialize?prefCd=38&kikanCd=3388310844&kikanKbn=3", "url2": "http://higashiyama-dc.com/", "内容": "東山歯科クリニック【3:歯科】愛媛県松山市和泉南二丁目１－１２" }, "geometry": { "type": "Point", "coordinates": [ 132.765759, 33.815855 ] } },
{ "type": "Feature", "properties": { "ID": 3833388310857, "正式名称": "よしだ歯科クリニック", "機関区分": 3, "都道府県コード": 38, "市区町村コード": 201, "所在地": "愛媛県松山市小村町２２２番地８", "緯度": 33.78011, "経度": 132.813456, "url": "https://www.iryou.teikyouseido.mhlw.go.jp/znk-web/juminkanja/S2430/initialize?prefCd=38&kikanCd=3388310857&kikanKbn=3", "url2": null, "内容": "よしだ歯科クリニック【3:歯科】愛媛県松山市小村町２２２番地８" }, "geometry": { "type": "Point", "coordinates": [ 132.813456, 33.78011 ] } },
{ "type": "Feature", "properties": { "ID": 3833388310860, "正式名称": "さくら歯科クリニック", "機関区分": 3, "都道府県コード": 38, "市区町村コード": 201, "所在地": "愛媛県松山市土居田町５００－１４", "緯度": 33.824278, "経度": 132.74463, "url": "https://www.iryou.teikyouseido.mhlw.go.jp/znk-web/juminkanja/S2430/initialize?prefCd=38&kikanCd=3388310860&kikanKbn=3", "url2": null, "内容": "さくら歯科クリニック【3:歯科】愛媛県松山市土居田町５００－１４" }, "geometry": { "type": "Point", "coordinates": [ 132.74463, 33.824278 ] } },
{ "type": "Feature", "properties": { "ID": 3833388310916, "正式名称": "かめのこ歯科クリニック", "機関区分": 3, "都道府県コード": 38, "市区町村コード": 201, "所在地": "愛媛県松山市土居田町６３３－５", "緯度": 33.825798, "経度": 132.74257, "url": "https://www.iryou.teikyouseido.mhlw.go.jp/znk-web/juminkanja/S2430/initialize?prefCd=38&kikanCd=3388310916&kikanKbn=3", "url2": "http://www.kamenoko-dental.com/", "内容": "かめのこ歯科クリニック【3:歯科】愛媛県松山市土居田町６３３－５" }, "geometry": { "type": "Point", "coordinates": [ 132.74257, 33.825798 ] } },
{ "type": "Feature", "properties": { "ID": 3833388310929, "正式名称": "いろは歯科クリニック", "機関区分": 3, "都道府県コード": 38, "市区町村コード": 201, "所在地": "愛媛県松山市大街道二丁目６－４", "緯度": 33.839544, "経度": 132.77028, "url": "https://www.iryou.teikyouseido.mhlw.go.jp/znk-web/juminkanja/S2430/initialize?prefCd=38&kikanCd=3388310929&kikanKbn=3", "url2": "http://www.iroha-dental.com/", "内容": "いろは歯科クリニック【3:歯科】愛媛県松山市大街道二丁目６－４" }, "geometry": { "type": "Point", "coordinates": [ 132.77028, 33.839544 ] } },
{ "type": "Feature", "properties": { "ID": 3833388310932, "正式名称": "ふたば歯科クリニック", "機関区分": 3, "都道府県コード": 38, "市区町村コード": 201, "所在地": "愛媛県松山市南斎院町５６－２", "緯度": 33.832319, "経度": 132.737678, "url": "https://www.iryou.teikyouseido.mhlw.go.jp/znk-web/juminkanja/S2430/initialize?prefCd=38&kikanCd=3388310932&kikanKbn=3", "url2": null, "内容": "ふたば歯科クリニック【3:歯科】愛媛県松山市南斎院町５６－２" }, "geometry": { "type": "Point", "coordinates": [ 132.737678, 33.832319 ] } },
{ "type": "Feature", "properties": { "ID": 3833388310945, "正式名称": "今松歯科クリニック", "機関区分": 3, "都道府県コード": 38, "市区町村コード": 201, "所在地": "愛媛県松山市中央１－１５－４５－２", "緯度": 33.855811, "経度": 132.750141, "url": "https://www.iryou.teikyouseido.mhlw.go.jp/znk-web/juminkanja/S2430/initialize?prefCd=38&kikanCd=3388310945&kikanKbn=3", "url2": "http://www.imamatsu-dc.jp/", "内容": "今松歯科クリニック【3:歯科】愛媛県松山市中央１－１５－４５－２" }, "geometry": { "type": "Point", "coordinates": [ 132.750141, 33.855811 ] } },
{ "type": "Feature", "properties": { "ID": 3833388310958, "正式名称": "タマダ歯科", "機関区分": 3, "都道府県コード": 38, "市区町村コード": 201, "所在地": "愛媛県松山市東垣生町５９９番地１", "緯度": 33.816078, "経度": 132.7099, "url": "https://www.iryou.teikyouseido.mhlw.go.jp/znk-web/juminkanja/S2430/initialize?prefCd=38&kikanCd=3388310958&kikanKbn=3", "url2": "www.tamada-shika.com", "内容": "タマダ歯科【3:歯科】愛媛県松山市東垣生町５９９番地１" }, "geometry": { "type": "Point", "coordinates": [ 132.7099, 33.816078 ] } },
{ "type": "Feature", "properties": { "ID": 3833388310961, "正式名称": "自然歯科診療所", "機関区分": 3, "都道府県コード": 38, "市区町村コード": 201, "所在地": "愛媛県松山市三番町５丁目６番地１１　三番町トキワビル　１階", "緯度": 33.838353, "経度": 132.762374, "url": "https://www.iryou.teikyouseido.mhlw.go.jp/znk-web/juminkanja/S2430/initialize?prefCd=38&kikanCd=3388310961&kikanKbn=3", "url2": "http://sizensika.sakura.ne.jp/", "内容": "自然歯科診療所【3:歯科】愛媛県松山市三番町５丁目６番地１１　三番町トキワビル　１階" }, "geometry": { "type": "Point", "coordinates": [ 132.762374, 33.838353 ] } },
{ "type": "Feature", "properties": { "ID": 3833388310974, "正式名称": "サウス歯科医院", "機関区分": 3, "都道府県コード": 38, "市区町村コード": 201, "所在地": "愛媛県松山市北土居三丁目７番８号", "緯度": 33.802801, "経度": 132.785004, "url": "https://www.iryou.teikyouseido.mhlw.go.jp/znk-web/juminkanja/S2430/initialize?prefCd=38&kikanCd=3388310974&kikanKbn=3", "url2": "http://www.south-dental.com", "内容": "サウス歯科医院【3:歯科】愛媛県松山市北土居三丁目７番８号" }, "geometry": { "type": "Point", "coordinates": [ 132.785004, 33.802801 ] } },
{ "type": "Feature", "properties": { "ID": 3833388310990, "正式名称": "南さや歯科医院", "機関区分": 3, "都道府県コード": 38, "市区町村コード": 201, "所在地": "愛媛県松山市南斎院町８８３番地", "緯度": 33.832082, "経度": 132.727529, "url": "https://www.iryou.teikyouseido.mhlw.go.jp/znk-web/juminkanja/S2430/initialize?prefCd=38&kikanCd=3388310990&kikanKbn=3", "url2": "http://www.minamisaya.com", "内容": "南さや歯科医院【3:歯科】愛媛県松山市南斎院町８８３番地" }, "geometry": { "type": "Point", "coordinates": [ 132.727529, 33.832082 ] } },
{ "type": "Feature", "properties": { "ID": 3833388311030, "正式名称": "医療法人　いのうえ歯科", "機関区分": 3, "都道府県コード": 38, "市区町村コード": 201, "所在地": "愛媛県松山市立花三丁目３－４５　アイエム立花ビル１Ｆ", "緯度": 33.826021, "経度": 132.774068, "url": "https://www.iryou.teikyouseido.mhlw.go.jp/znk-web/juminkanja/S2430/initialize?prefCd=38&kikanCd=3388311030&kikanKbn=3", "url2": "https://www.shika-inoue.com./", "内容": "医療法人　いのうえ歯科【3:歯科】愛媛県松山市立花三丁目３－４５　アイエム立花ビル１Ｆ" }, "geometry": { "type": "Point", "coordinates": [ 132.774068, 33.826021 ] } },
{ "type": "Feature", "properties": { "ID": 3833388311043, "正式名称": "黒川歯科医院", "機関区分": 3, "都道府県コード": 38, "市区町村コード": 201, "所在地": "愛媛県松山市畑寺二丁目７番５号", "緯度": 33.831188, "経度": 132.79801, "url": "https://www.iryou.teikyouseido.mhlw.go.jp/znk-web/juminkanja/S2430/initialize?prefCd=38&kikanCd=3388311043&kikanKbn=3", "url2": "https://kuroy5.wixsite.com/kurokawadentalclinic", "内容": "黒川歯科医院【3:歯科】愛媛県松山市畑寺二丁目７番５号" }, "geometry": { "type": "Point", "coordinates": [ 132.79801, 33.831188 ] } },
{ "type": "Feature", "properties": { "ID": 3833388311056, "正式名称": "こんどう歯科クリニック", "機関区分": 3, "都道府県コード": 38, "市区町村コード": 201, "所在地": "愛媛県松山市枝松五丁目５番３１号　スカイレジデンス　１Ｆ", "緯度": 33.829687, "経度": 132.785261, "url": "https://www.iryou.teikyouseido.mhlw.go.jp/znk-web/juminkanja/S2430/initialize?prefCd=38&kikanCd=3388311056&kikanKbn=3", "url2": "http://kondo-dent.net", "内容": "こんどう歯科クリニック【3:歯科】愛媛県松山市枝松五丁目５番３１号　スカイレジデンス　１Ｆ" }, "geometry": { "type": "Point", "coordinates": [ 132.785261, 33.829687 ] } },
{ "type": "Feature", "properties": { "ID": 3833388311069, "正式名称": "ライフ歯科クリニック", "機関区分": 3, "都道府県コード": 38, "市区町村コード": 201, "所在地": "愛媛県松山市来住町１２６７番地１", "緯度": 33.805857, "経度": 132.795623, "url": "https://www.iryou.teikyouseido.mhlw.go.jp/znk-web/juminkanja/S2430/initialize?prefCd=38&kikanCd=3388311069&kikanKbn=3", "url2": null, "内容": "ライフ歯科クリニック【3:歯科】愛媛県松山市来住町１２６７番地１" }, "geometry": { "type": "Point", "coordinates": [ 132.795623, 33.805857 ] } },
{ "type": "Feature", "properties": { "ID": 3833388311072, "正式名称": "永山歯科", "機関区分": 3, "都道府県コード": 38, "市区町村コード": 201, "所在地": "愛媛県松山市北梅本町６６６－１", "緯度": 33.805802, "経度": 132.837017, "url": "https://www.iryou.teikyouseido.mhlw.go.jp/znk-web/juminkanja/S2430/initialize?prefCd=38&kikanCd=3388311072&kikanKbn=3", "url2": "http://www.nagayama-shika.com/", "内容": "永山歯科【3:歯科】愛媛県松山市北梅本町６６６－１" }, "geometry": { "type": "Point", "coordinates": [ 132.837017, 33.805802 ] } },
{ "type": "Feature", "properties": { "ID": 3833388311098, "正式名称": "かみおか歯科", "機関区分": 3, "都道府県コード": 38, "市区町村コード": 201, "所在地": "愛媛県松山市清水町三丁目１７７－３", "緯度": 33.852629, "経度": 132.765095, "url": "https://www.iryou.teikyouseido.mhlw.go.jp/znk-web/juminkanja/S2430/initialize?prefCd=38&kikanCd=3388311098&kikanKbn=3", "url2": "http://kamioka-shika.com", "内容": "かみおか歯科【3:歯科】愛媛県松山市清水町三丁目１７７－３" }, "geometry": { "type": "Point", "coordinates": [ 132.765095, 33.852629 ] } },
{ "type": "Feature", "properties": { "ID": 3833388311115, "正式名称": "医療法人　みやもと子ども歯科", "機関区分": 3, "都道府県コード": 38, "市区町村コード": 201, "所在地": "愛媛県松山市平井町甲３３２２－２", "緯度": 33.805913, "経度": 132.820759, "url": "https://www.iryou.teikyouseido.mhlw.go.jp/znk-web/juminkanja/S2430/initialize?prefCd=38&kikanCd=3388311115&kikanKbn=3", "url2": "http://www.miyamotokodomo-dental.jp", "内容": "医療法人　みやもと子ども歯科【3:歯科】愛媛県松山市平井町甲３３２２－２" }, "geometry": { "type": "Point", "coordinates": [ 132.820759, 33.805913 ] } },
{ "type": "Feature", "properties": { "ID": 3833388311128, "正式名称": "医療法人どんぐり歯科クリニック", "機関区分": 3, "都道府県コード": 38, "市区町村コード": 201, "所在地": "愛媛県松山市西長戸町２９７－１", "緯度": 33.868488, "経度": 132.741457, "url": "https://www.iryou.teikyouseido.mhlw.go.jp/znk-web/juminkanja/S2430/initialize?prefCd=38&kikanCd=3388311128&kikanKbn=3", "url2": "dongurishika.com", "内容": "医療法人どんぐり歯科クリニック【3:歯科】愛媛県松山市西長戸町２９７－１" }, "geometry": { "type": "Point", "coordinates": [ 132.741457, 33.868488 ] } },
{ "type": "Feature", "properties": { "ID": 3833388311160, "正式名称": "ひるた歯科クリニック", "機関区分": 3, "都道府県コード": 38, "市区町村コード": 201, "所在地": "愛媛県松山市山越五丁目７－３０", "緯度": 33.859495, "経度": 132.751736, "url": "https://www.iryou.teikyouseido.mhlw.go.jp/znk-web/juminkanja/S2430/initialize?prefCd=38&kikanCd=3388311160&kikanKbn=3", "url2": "http://hinata-dental.net/", "内容": "ひるた歯科クリニック【3:歯科】愛媛県松山市山越五丁目７－３０" }, "geometry": { "type": "Point", "coordinates": [ 132.751736, 33.859495 ] } },
{ "type": "Feature", "properties": { "ID": 3833388551470, "正式名称": "おんまや歯科クリニック", "機関区分": 3, "都道府県コード": 38, "市区町村コード": 202, "所在地": "愛媛県今治市美須賀町４丁目１番地１６", "緯度": 34.059778, "経度": 133.011537, "url": "https://www.iryou.teikyouseido.mhlw.go.jp/znk-web/juminkanja/S2430/initialize?prefCd=38&kikanCd=3388551470&kikanKbn=3", "url2": "http://onmaya-dc.com/", "内容": "おんまや歯科クリニック【3:歯科】愛媛県今治市美須賀町４丁目１番地１６" }, "geometry": { "type": "Point", "coordinates": [ 133.011537, 34.059778 ] } },
{ "type": "Feature", "properties": { "ID": 3833388551483, "正式名称": "ときわ歯科医院", "機関区分": 3, "都道府県コード": 38, "市区町村コード": 202, "所在地": "愛媛県今治市常盤町６丁目５番２８号", "緯度": 34.057556, "経度": 132.991372, "url": "https://www.iryou.teikyouseido.mhlw.go.jp/znk-web/juminkanja/S2430/initialize?prefCd=38&kikanCd=3388551483&kikanKbn=3", "url2": "http://tokiwa-dental.com/", "内容": "ときわ歯科医院【3:歯科】愛媛県今治市常盤町６丁目５番２８号" }, "geometry": { "type": "Point", "coordinates": [ 132.991372, 34.057556 ] } },
{ "type": "Feature", "properties": { "ID": 3833388650070, "正式名称": "福田歯科医院", "機関区分": 3, "都道府県コード": 38, "市区町村コード": 204, "所在地": "愛媛県八幡浜市保内町宮内１番耕地２７３番地１", "緯度": 33.483934, "経度": 132.40014, "url": "https://www.iryou.teikyouseido.mhlw.go.jp/znk-web/juminkanja/S2430/initialize?prefCd=38&kikanCd=3388650070&kikanKbn=3", "url2": null, "内容": "福田歯科医院【3:歯科】愛媛県八幡浜市保内町宮内１番耕地２７３番地１" }, "geometry": { "type": "Point", "coordinates": [ 132.40014, 33.483934 ] } },
{ "type": "Feature", "properties": { "ID": 3833388650071, "正式名称": "益田歯科", "機関区分": 3, "都道府県コード": 38, "市区町村コード": 206, "所在地": "愛媛県西条市東町２８３", "緯度": 33.919422, "経度": 133.185533, "url": "https://www.iryou.teikyouseido.mhlw.go.jp/znk-web/juminkanja/S2430/initialize?prefCd=38&kikanCd=3388650071&kikanKbn=3", "url2": null, "内容": "益田歯科【3:歯科】愛媛県西条市東町２８３" }, "geometry": { "type": "Point", "coordinates": [ 133.185533, 33.919422 ] } },
{ "type": "Feature", "properties": { "ID": 3833388650072, "正式名称": "窪田歯科医院", "機関区分": 3, "都道府県コード": 38, "市区町村コード": 213, "所在地": "愛媛県四国中央市川之江町２５３７－１", "緯度": 34.013492, "経度": 133.573815, "url": "https://www.iryou.teikyouseido.mhlw.go.jp/znk-web/juminkanja/S2430/initialize?prefCd=38&kikanCd=3388650072&kikanKbn=3", "url2": "http://kubota-dc.jp/", "内容": "窪田歯科医院【3:歯科】愛媛県四国中央市川之江町２５３７－１" }, "geometry": { "type": "Point", "coordinates": [ 133.573815, 34.013492 ] } },
{ "type": "Feature", "properties": { "ID": 3833388650073, "正式名称": "医療法人順風会　天山歯科クリニック", "機関区分": 3, "都道府県コード": 38, "市区町村コード": 201, "所在地": "愛媛県松山市天山町二丁目４番１７号", "緯度": 33.818463, "経度": 132.777345, "url": "https://www.iryou.teikyouseido.mhlw.go.jp/znk-web/juminkanja/S2430/initialize?prefCd=38&kikanCd=3388650073&kikanKbn=3", "url2": "http://www.junpu.or.jp/amayamahp/dental/index.php", "内容": "医療法人順風会　天山歯科クリニック【3:歯科】愛媛県松山市天山町二丁目４番１７号" }, "geometry": { "type": "Point", "coordinates": [ 132.777345, 33.818463 ] } },
{ "type": "Feature", "properties": { "ID": 3833388650074, "正式名称": "なかお歯科クリニック", "機関区分": 3, "都道府県コード": 38, "市区町村コード": 203, "所在地": "愛媛県宇和島市保田甲１０２２－８", "緯度": 33.193371, "経度": 132.547231, "url": "https://www.iryou.teikyouseido.mhlw.go.jp/znk-web/juminkanja/S2430/initialize?prefCd=38&kikanCd=3388650074&kikanKbn=3", "url2": null, "内容": "なかお歯科クリニック【3:歯科】愛媛県宇和島市保田甲１０２２－８" }, "geometry": { "type": "Point", "coordinates": [ 132.547231, 33.193371 ] } },
{ "type": "Feature", "properties": { "ID": 3833388650075, "正式名称": "花野歯科クリニック", "機関区分": 3, "都道府県コード": 38, "市区町村コード": 205, "所在地": "愛媛県新居浜市下泉町一丁目８番５１号", "緯度": 33.948777, "経度": 133.298716, "url": "https://www.iryou.teikyouseido.mhlw.go.jp/znk-web/juminkanja/S2430/initialize?prefCd=38&kikanCd=3388650075&kikanKbn=3", "url2": "http://www.hanano-shika-clinic.com", "内容": "花野歯科クリニック【3:歯科】愛媛県新居浜市下泉町一丁目８番５１号" }, "geometry": { "type": "Point", "coordinates": [ 133.298716, 33.948777 ] } },
{ "type": "Feature", "properties": { "ID": 3833388650076, "正式名称": "パークサイド歯科", "機関区分": 3, "都道府県コード": 38, "市区町村コード": 201, "所在地": "愛媛県松山市岩崎町二丁目１１番１０号", "緯度": 33.847288, "経度": 132.783129, "url": "https://www.iryou.teikyouseido.mhlw.go.jp/znk-web/juminkanja/S2430/initialize?prefCd=38&kikanCd=3388650076&kikanKbn=3", "url2": "http://parkside-dc.jp/", "内容": "パークサイド歯科【3:歯科】愛媛県松山市岩崎町二丁目１１番１０号" }, "geometry": { "type": "Point", "coordinates": [ 132.783129, 33.847288 ] } },
{ "type": "Feature", "properties": { "ID": 3833388650077, "正式名称": "重松歯科医院", "機関区分": 3, "都道府県コード": 38, "市区町村コード": 202, "所在地": "愛媛県今治市宮窪町宮窪２８２２－２", "緯度": 34.17531, "経度": 133.076888, "url": "https://www.iryou.teikyouseido.mhlw.go.jp/znk-web/juminkanja/S2430/initialize?prefCd=38&kikanCd=3388650077&kikanKbn=3", "url2": null, "内容": "重松歯科医院【3:歯科】愛媛県今治市宮窪町宮窪２８２２－２" }, "geometry": { "type": "Point", "coordinates": [ 133.076888, 34.17531 ] } },
{ "type": "Feature", "properties": { "ID": 3833388650078, "正式名称": "土居歯科矯正歯科", "機関区分": 3, "都道府県コード": 38, "市区町村コード": 201, "所在地": "愛媛県松山市北久米町２１７番地２", "緯度": 33.819378, "経度": 132.799413, "url": "https://www.iryou.teikyouseido.mhlw.go.jp/znk-web/juminkanja/S2430/initialize?prefCd=38&kikanCd=3388650078&kikanKbn=3", "url2": "kitakume-doi-shika.com", "内容": "土居歯科矯正歯科【3:歯科】愛媛県松山市北久米町２１７番地２" }, "geometry": { "type": "Point", "coordinates": [ 132.799413, 33.819378 ] } },
{ "type": "Feature", "properties": { "ID": 3833388650079, "正式名称": "みなと歯科おとな子どもクリニック", "機関区分": 3, "都道府県コード": 38, "市区町村コード": 201, "所在地": "愛媛県松山市三杉町９番２７号", "緯度": 33.863231, "経度": 132.719504, "url": "https://www.iryou.teikyouseido.mhlw.go.jp/znk-web/juminkanja/S2430/initialize?prefCd=38&kikanCd=3388650079&kikanKbn=3", "url2": "https://minatosikaiinn.com/", "内容": "みなと歯科おとな子どもクリニック【3:歯科】愛媛県松山市三杉町９番２７号" }, "geometry": { "type": "Point", "coordinates": [ 132.719504, 33.863231 ] } },
{ "type": "Feature", "properties": { "ID": 3833388650080, "正式名称": "くりの木歯科医院", "機関区分": 3, "都道府県コード": 38, "市区町村コード": 201, "所在地": "愛媛県松山市宮西一丁目５番１２号　グランディア宮西１階", "緯度": 33.84594, "経度": 132.753068, "url": "https://www.iryou.teikyouseido.mhlw.go.jp/znk-web/juminkanja/S2430/initialize?prefCd=38&kikanCd=3388650080&kikanKbn=3", "url2": "http://kurinokidental.com", "内容": "くりの木歯科医院【3:歯科】愛媛県松山市宮西一丁目５番１２号　グランディア宮西１階" }, "geometry": { "type": "Point", "coordinates": [ 132.753068, 33.84594 ] } },
{ "type": "Feature", "properties": { "ID": 3833388650081, "正式名称": "カネコデンタルオフィス", "機関区分": 3, "都道府県コード": 38, "市区町村コード": 201, "所在地": "愛媛県松山市湊町四丁目２－５", "緯度": 33.835261, "経度": 132.766514, "url": "https://www.iryou.teikyouseido.mhlw.go.jp/znk-web/juminkanja/S2430/initialize?prefCd=38&kikanCd=3388650081&kikanKbn=3", "url2": "http://dent-kaneko.com/", "内容": "カネコデンタルオフィス【3:歯科】愛媛県松山市湊町四丁目２－５" }, "geometry": { "type": "Point", "coordinates": [ 132.766514, 33.835261 ] } },
{ "type": "Feature", "properties": { "ID": 3833388650082, "正式名称": "なのはな歯科クリニック", "機関区分": 3, "都道府県コード": 38, "市区町村コード": 201, "所在地": "愛媛県松山市土居田町１０３番地１", "緯度": 33.820382, "経度": 132.752918, "url": "https://www.iryou.teikyouseido.mhlw.go.jp/znk-web/juminkanja/S2430/initialize?prefCd=38&kikanCd=3388650082&kikanKbn=3", "url2": null, "内容": "なのはな歯科クリニック【3:歯科】愛媛県松山市土居田町１０３番地１" }, "geometry": { "type": "Point", "coordinates": [ 132.752918, 33.820382 ] } },
{ "type": "Feature", "properties": { "ID": 3833388650083, "正式名称": "米田歯科医院", "機関区分": 3, "都道府県コード": 38, "市区町村コード": 214, "所在地": "愛媛県西予市野村町野村１２ー４７６", "緯度": 33.376148, "経度": 132.644674, "url": "https://www.iryou.teikyouseido.mhlw.go.jp/znk-web/juminkanja/S2430/initialize?prefCd=38&kikanCd=3388650083&kikanKbn=3", "url2": null, "内容": "米田歯科医院【3:歯科】愛媛県西予市野村町野村１２ー４７６" }, "geometry": { "type": "Point", "coordinates": [ 132.644674, 33.376148 ] } },
{ "type": "Feature", "properties": { "ID": 3833388650084, "正式名称": "しろした歯科", "機関区分": 3, "都道府県コード": 38, "市区町村コード": 205, "所在地": "愛媛県新居浜市田の上２丁目２ー４４", "緯度": 33.969619, "経度": 133.319139, "url": "https://www.iryou.teikyouseido.mhlw.go.jp/znk-web/juminkanja/S2430/initialize?prefCd=38&kikanCd=3388650084&kikanKbn=3", "url2": "shiroshita-dental.com", "内容": "しろした歯科【3:歯科】愛媛県新居浜市田の上２丁目２ー４４" }, "geometry": { "type": "Point", "coordinates": [ 133.319139, 33.969619 ] } },
{ "type": "Feature", "properties": { "ID": 3833388650085, "正式名称": "おの歯科医院", "機関区分": 3, "都道府県コード": 38, "市区町村コード": 205, "所在地": "愛媛県新居浜市中村松木１－１１－２３", "緯度": 33.940172, "経度": 133.290439, "url": "https://www.iryou.teikyouseido.mhlw.go.jp/znk-web/juminkanja/S2430/initialize?prefCd=38&kikanCd=3388650085&kikanKbn=3", "url2": null, "内容": "おの歯科医院【3:歯科】愛媛県新居浜市中村松木１－１１－２３" }, "geometry": { "type": "Point", "coordinates": [ 133.290439, 33.940172 ] } },
{ "type": "Feature", "properties": { "ID": 3833388650086, "正式名称": "おか　うのまち歯科", "機関区分": 3, "都道府県コード": 38, "市区町村コード": 214, "所在地": "愛媛県西予市宇和町卯之町２丁目１９９番地１", "緯度": 33.36422, "経度": 132.511617, "url": "https://www.iryou.teikyouseido.mhlw.go.jp/znk-web/juminkanja/S2430/initialize?prefCd=38&kikanCd=3388650086&kikanKbn=3", "url2": "http://oka-unomachi.net/", "内容": "おか　うのまち歯科【3:歯科】愛媛県西予市宇和町卯之町２丁目１９９番地１" }, "geometry": { "type": "Point", "coordinates": [ 132.511617, 33.36422 ] } },
{ "type": "Feature", "properties": { "ID": 3833388650088, "正式名称": "医療法人　きくち歯科クリニック", "機関区分": 3, "都道府県コード": 38, "市区町村コード": 201, "所在地": "愛媛県松山市安城寺町９６３番地５", "緯度": 33.875328, "経度": 132.741097, "url": "https://www.iryou.teikyouseido.mhlw.go.jp/znk-web/juminkanja/S2430/initialize?prefCd=38&kikanCd=3388650088&kikanKbn=3", "url2": "http://kikuchi-sika.com/", "内容": "医療法人　きくち歯科クリニック【3:歯科】愛媛県松山市安城寺町９６３番地５" }, "geometry": { "type": "Point", "coordinates": [ 132.741097, 33.875328 ] } },
{ "type": "Feature", "properties": { "ID": 3833388650089, "正式名称": "すこやか歯科", "機関区分": 3, "都道府県コード": 38, "市区町村コード": 201, "所在地": "愛媛県松山市北井門２丁目２１番２６号", "緯度": 33.80459, "経度": 132.781982, "url": "https://www.iryou.teikyouseido.mhlw.go.jp/znk-web/juminkanja/S2430/initialize?prefCd=38&kikanCd=3388650089&kikanKbn=3", "url2": "http://sukoyaka-dc.com/", "内容": "すこやか歯科【3:歯科】愛媛県松山市北井門２丁目２１番２６号" }, "geometry": { "type": "Point", "coordinates": [ 132.781982, 33.80459 ] } },
{ "type": "Feature", "properties": { "ID": 3833388650091, "正式名称": "いしかわ歯科クリニック", "機関区分": 3, "都道府県コード": 38, "市区町村コード": 201, "所在地": "愛媛県松山市来住町１３７４番１３", "緯度": 33.809097, "経度": 132.795477, "url": "https://www.iryou.teikyouseido.mhlw.go.jp/znk-web/juminkanja/S2430/initialize?prefCd=38&kikanCd=3388650091&kikanKbn=3", "url2": "http://dental-ishikawa.com/", "内容": "いしかわ歯科クリニック【3:歯科】愛媛県松山市来住町１３７４番１３" }, "geometry": { "type": "Point", "coordinates": [ 132.795477, 33.809097 ] } },
{ "type": "Feature", "properties": { "ID": 3833388650092, "正式名称": "木花歯科医院", "機関区分": 3, "都道府県コード": 38, "市区町村コード": 201, "所在地": "愛媛県松山市勝山町２丁目９番地１８", "緯度": 33.843532, "経度": 132.775783, "url": "https://www.iryou.teikyouseido.mhlw.go.jp/znk-web/juminkanja/S2430/initialize?prefCd=38&kikanCd=3388650092&kikanKbn=3", "url2": "https://kibana-dc.amebaownd.com/", "内容": "木花歯科医院【3:歯科】愛媛県松山市勝山町２丁目９番地１８" }, "geometry": { "type": "Point", "coordinates": [ 132.775783, 33.843532 ] } },
{ "type": "Feature", "properties": { "ID": 3833388650094, "正式名称": "医療法人社団つばき会　松山デンタルクリニック", "機関区分": 3, "都道府県コード": 38, "市区町村コード": 201, "所在地": "愛媛県松山市竹原２丁目１番５０号　エバーグリーン松山１階", "緯度": 33.831693, "経度": 132.752919, "url": "https://www.iryou.teikyouseido.mhlw.go.jp/znk-web/juminkanja/S2430/initialize?prefCd=38&kikanCd=3388650094&kikanKbn=3", "url2": "https://matsuyama.tsubakikai.or.jp", "内容": "医療法人社団つばき会　松山デンタルクリニック【3:歯科】愛媛県松山市竹原２丁目１番５０号　エバーグリーン松山１階" }, "geometry": { "type": "Point", "coordinates": [ 132.752919, 33.831693 ] } },
{ "type": "Feature", "properties": { "ID": 3833388650095, "正式名称": "松山中平歯科クリニック", "機関区分": 3, "都道府県コード": 38, "市区町村コード": 201, "所在地": "愛媛県松山市千舟町４丁目４番地６", "緯度": 33.837033, "経度": 132.764897, "url": "https://www.iryou.teikyouseido.mhlw.go.jp/znk-web/juminkanja/S2430/initialize?prefCd=38&kikanCd=3388650095&kikanKbn=3", "url2": "https://www.m-implant.com", "内容": "松山中平歯科クリニック【3:歯科】愛媛県松山市千舟町４丁目４番地６" }, "geometry": { "type": "Point", "coordinates": [ 132.764897, 33.837033 ] } },
{ "type": "Feature", "properties": { "ID": 3833388650096, "正式名称": "くろだ歯科クリニック", "機関区分": 3, "都道府県コード": 38, "市区町村コード": 207, "所在地": "愛媛県大洲市東大洲１１１７番地１５", "緯度": 33.530215, "経度": 132.568076, "url": "https://www.iryou.teikyouseido.mhlw.go.jp/znk-web/juminkanja/S2430/initialize?prefCd=38&kikanCd=3388650096&kikanKbn=3", "url2": "https://kuroda-dental-clinic.amebaownd.com/", "内容": "くろだ歯科クリニック【3:歯科】愛媛県大洲市東大洲１１１７番地１５" }, "geometry": { "type": "Point", "coordinates": [ 132.568076, 33.530215 ] } },
{ "type": "Feature", "properties": { "ID": 3833388650097, "正式名称": "末光歯科医院", "機関区分": 3, "都道府県コード": 38, "市区町村コード": 201, "所在地": "愛媛県松山市久米窪田町６７５－１", "緯度": 33.805304, "経度": 132.814079, "url": "https://www.iryou.teikyouseido.mhlw.go.jp/znk-web/juminkanja/S2430/initialize?prefCd=38&kikanCd=3388650097&kikanKbn=3", "url2": null, "内容": "末光歯科医院【3:歯科】愛媛県松山市久米窪田町６７５－１" }, "geometry": { "type": "Point", "coordinates": [ 132.814079, 33.805304 ] } },
{ "type": "Feature", "properties": { "ID": 3833388650098, "正式名称": "はなみずき通り歯科クリニック", "機関区分": 3, "都道府県コード": 38, "市区町村コード": 201, "所在地": "愛媛県松山市古川南１－１１－１２", "緯度": 33.80697, "経度": 132.76559, "url": "https://www.iryou.teikyouseido.mhlw.go.jp/znk-web/juminkanja/S2430/initialize?prefCd=38&kikanCd=3388650098&kikanKbn=3", "url2": "http://hana-st.com", "内容": "はなみずき通り歯科クリニック【3:歯科】愛媛県松山市古川南１－１１－１２" }, "geometry": { "type": "Point", "coordinates": [ 132.76559, 33.80697 ] } },
{ "type": "Feature", "properties": { "ID": 3833388650099, "正式名称": "みやた歯科", "機関区分": 3, "都道府県コード": 38, "市区町村コード": 201, "所在地": "愛媛県松山市福音寺町４１番１", "緯度": 33.820647, "経度": 132.794975, "url": "https://www.iryou.teikyouseido.mhlw.go.jp/znk-web/juminkanja/S2430/initialize?prefCd=38&kikanCd=3388650099&kikanKbn=3", "url2": "http://www.miyata-dental.jp", "内容": "みやた歯科【3:歯科】愛媛県松山市福音寺町４１番１" }, "geometry": { "type": "Point", "coordinates": [ 132.794975, 33.820647 ] } },
{ "type": "Feature", "properties": { "ID": 3833388650100, "正式名称": "長谷川歯科医院", "機関区分": 3, "都道府県コード": 38, "市区町村コード": 201, "所在地": "愛媛県松山市美沢二丁目６－２３", "緯度": 33.851105, "経度": 132.744896, "url": "https://www.iryou.teikyouseido.mhlw.go.jp/znk-web/juminkanja/S2430/initialize?prefCd=38&kikanCd=3388650100&kikanKbn=3", "url2": "http://hasegawa-dental.biz", "内容": "長谷川歯科医院【3:歯科】愛媛県松山市美沢二丁目６－２３" }, "geometry": { "type": "Point", "coordinates": [ 132.744896, 33.851105 ] } },
{ "type": "Feature", "properties": { "ID": 3833388650101, "正式名称": "あさの歯科髙山診療所", "機関区分": 3, "都道府県コード": 38, "市区町村コード": 214, "所在地": "愛媛県西予市明浜町高山甲３６５６番地", "緯度": 33.321114, "経度": 132.431858, "url": "https://www.iryou.teikyouseido.mhlw.go.jp/znk-web/juminkanja/S2430/initialize?prefCd=38&kikanCd=3388650101&kikanKbn=3", "url2": null, "内容": "あさの歯科髙山診療所【3:歯科】愛媛県西予市明浜町高山甲３６５６番地" }, "geometry": { "type": "Point", "coordinates": [ 132.431858, 33.321114 ] } },
{ "type": "Feature", "properties": { "ID": 3833388650102, "正式名称": "あいはら歯科クリニック", "機関区分": 3, "都道府県コード": 38, "市区町村コード": 201, "所在地": "愛媛県松山市朝生田町４－４－３２", "緯度": 33.822993, "経度": 132.763598, "url": "https://www.iryou.teikyouseido.mhlw.go.jp/znk-web/juminkanja/S2430/initialize?prefCd=38&kikanCd=3388650102&kikanKbn=3", "url2": "https://www.aihara-dental-clinic.com", "内容": "あいはら歯科クリニック【3:歯科】愛媛県松山市朝生田町４－４－３２" }, "geometry": { "type": "Point", "coordinates": [ 132.763598, 33.822993 ] } },
{ "type": "Feature", "properties": { "ID": 3833388650103, "正式名称": "亀田歯科医院", "機関区分": 3, "都道府県コード": 38, "市区町村コード": 201, "所在地": "愛媛県松山市木屋町３丁目１３番地１９", "緯度": 33.854254, "経度": 132.759667, "url": "https://www.iryou.teikyouseido.mhlw.go.jp/znk-web/juminkanja/S2430/initialize?prefCd=38&kikanCd=3388650103&kikanKbn=3", "url2": "http://www.aegdental.com/index.html", "内容": "亀田歯科医院【3:歯科】愛媛県松山市木屋町３丁目１３番地１９" }, "geometry": { "type": "Point", "coordinates": [ 132.759667, 33.854254 ] } },
{ "type": "Feature", "properties": { "ID": 3833388650104, "正式名称": "いい歯科クリニック", "機関区分": 3, "都道府県コード": 38, "市区町村コード": 201, "所在地": "愛媛県松山市余戸南５丁目１３番地２５", "緯度": 33.810946, "経度": 132.726059, "url": "https://www.iryou.teikyouseido.mhlw.go.jp/znk-web/juminkanja/S2430/initialize?prefCd=38&kikanCd=3388650104&kikanKbn=3", "url2": "http://ii-dental.com", "内容": "いい歯科クリニック【3:歯科】愛媛県松山市余戸南５丁目１３番地２５" }, "geometry": { "type": "Point", "coordinates": [ 132.726059, 33.810946 ] } },
{ "type": "Feature", "properties": { "ID": 3833388650105, "正式名称": "つづき歯科医院", "機関区分": 3, "都道府県コード": 38, "市区町村コード": 201, "所在地": "愛媛県松山市南久米町６９－５", "緯度": 33.819747, "経度": 132.801174, "url": "https://www.iryou.teikyouseido.mhlw.go.jp/znk-web/juminkanja/S2430/initialize?prefCd=38&kikanCd=3388650105&kikanKbn=3", "url2": "http://www.matsuyama-shika.net", "内容": "つづき歯科医院【3:歯科】愛媛県松山市南久米町６９－５" }, "geometry": { "type": "Point", "coordinates": [ 132.801174, 33.819747 ] } },
{ "type": "Feature", "properties": { "ID": 3833388650106, "正式名称": "医療法人ファミリア会　しおたファミリア歯科＆矯正歯科", "機関区分": 3, "都道府県コード": 38, "市区町村コード": 207, "所在地": "愛媛県大洲市新谷乙３６７番地１", "緯度": 33.533792, "経度": 132.589291, "url": "https://www.iryou.teikyouseido.mhlw.go.jp/znk-web/juminkanja/S2430/initialize?prefCd=38&kikanCd=3388650106&kikanKbn=3", "url2": "sio-fami.jp/smp/", "内容": "医療法人ファミリア会　しおたファミリア歯科＆矯正歯科【3:歯科】愛媛県大洲市新谷乙３６７番地１" }, "geometry": { "type": "Point", "coordinates": [ 132.589291, 33.533792 ] } },
{ "type": "Feature", "properties": { "ID": 3833388650107, "正式名称": "おおうち矯正歯科クリニック", "機関区分": 3, "都道府県コード": 38, "市区町村コード": 201, "所在地": "愛媛県松山市千舟町四丁目３－１　伊賀上ビル１０１", "緯度": 33.836618, "経度": 132.765641, "url": "https://www.iryou.teikyouseido.mhlw.go.jp/znk-web/juminkanja/S2430/initialize?prefCd=38&kikanCd=3388650107&kikanKbn=3", "url2": "https://ouchi-orthodontic-clinic.com/", "内容": "おおうち矯正歯科クリニック【3:歯科】愛媛県松山市千舟町四丁目３－１　伊賀上ビル１０１" }, "geometry": { "type": "Point", "coordinates": [ 132.765641, 33.836618 ] } },
{ "type": "Feature", "properties": { "ID": 3833388650108, "正式名称": "しろくま歯科", "機関区分": 3, "都道府県コード": 38, "市区町村コード": 201, "所在地": "愛媛県松山市久米窪田町８７７番１", "緯度": 33.80857, "経度": 132.810146, "url": "https://www.iryou.teikyouseido.mhlw.go.jp/znk-web/juminkanja/S2430/initialize?prefCd=38&kikanCd=3388650108&kikanKbn=3", "url2": "https://shirokuma-dental.com/", "内容": "しろくま歯科【3:歯科】愛媛県松山市久米窪田町８７７番１" }, "geometry": { "type": "Point", "coordinates": [ 132.810146, 33.80857 ] } },
{ "type": "Feature", "properties": { "ID": 3833388650109, "正式名称": "あおぞら歯科小児歯科", "機関区分": 3, "都道府県コード": 38, "市区町村コード": 201, "所在地": "愛媛県松山市真砂町１２４番地７", "緯度": 33.831964, "経度": 132.760234, "url": "https://www.iryou.teikyouseido.mhlw.go.jp/znk-web/juminkanja/S2430/initialize?prefCd=38&kikanCd=3388650109&kikanKbn=3", "url2": "https://www.aozora-dc.com", "内容": "あおぞら歯科小児歯科【3:歯科】愛媛県松山市真砂町１２４番地７" }, "geometry": { "type": "Point", "coordinates": [ 132.760234, 33.831964 ] } },
{ "type": "Feature", "properties": { "ID": 3833388650110, "正式名称": "米田歯科俵津診療所", "機関区分": 3, "都道府県コード": 38, "市区町村コード": 214, "所在地": "愛媛県西予市明浜町狩浜俵津３番耕地２２８番地", "緯度": 33.326286, "経度": 132.490475, "url": "https://www.iryou.teikyouseido.mhlw.go.jp/znk-web/juminkanja/S2430/initialize?prefCd=38&kikanCd=3388650110&kikanKbn=3", "url2": null, "内容": "米田歯科俵津診療所【3:歯科】愛媛県西予市明浜町狩浜俵津３番耕地２２８番地" }, "geometry": { "type": "Point", "coordinates": [ 132.490475, 33.326286 ] } },
{ "type": "Feature", "properties": { "ID": 3833388650111, "正式名称": "長谷歯科医院", "機関区分": 3, "都道府県コード": 38, "市区町村コード": 207, "所在地": "愛媛県大洲市田口甲３６４番地第５", "緯度": 33.519339, "経度": 132.550637, "url": "https://www.iryou.teikyouseido.mhlw.go.jp/znk-web/juminkanja/S2430/initialize?prefCd=38&kikanCd=3388650111&kikanKbn=3", "url2": "https://nagatanishika-ozu.amebaownd.com/", "内容": "長谷歯科医院【3:歯科】愛媛県大洲市田口甲３６４番地第５" }, "geometry": { "type": "Point", "coordinates": [ 132.550637, 33.519339 ] } },
{ "type": "Feature", "properties": { "ID": 3833388650113, "正式名称": "越智歯科医院", "機関区分": 3, "都道府県コード": 38, "市区町村コード": 202, "所在地": "愛媛県今治市南大門町一丁目６番地２３", "緯度": 34.065619, "経度": 132.996427, "url": "https://www.iryou.teikyouseido.mhlw.go.jp/znk-web/juminkanja/S2430/initialize?prefCd=38&kikanCd=3388650113&kikanKbn=3", "url2": "https://ochi-dental.or.jp", "内容": "越智歯科医院【3:歯科】愛媛県今治市南大門町一丁目６番地２３" }, "geometry": { "type": "Point", "coordinates": [ 132.996427, 34.065619 ] } },
{ "type": "Feature", "properties": { "ID": 3833388650114, "正式名称": "いしづち歯科医院", "機関区分": 3, "都道府県コード": 38, "市区町村コード": 206, "所在地": "愛媛県西条市氷見丙４１２番地１", "緯度": 33.890962, "経度": 133.131182, "url": "https://www.iryou.teikyouseido.mhlw.go.jp/znk-web/juminkanja/S2430/initialize?prefCd=38&kikanCd=3388650114&kikanKbn=3", "url2": null, "内容": "いしづち歯科医院【3:歯科】愛媛県西条市氷見丙４１２番地１" }, "geometry": { "type": "Point", "coordinates": [ 133.131182, 33.890962 ] } },
{ "type": "Feature", "properties": { "ID": 3833388650115, "正式名称": "篠崎歯科医院", "機関区分": 3, "都道府県コード": 38, "市区町村コード": 402, "所在地": "愛媛県伊予郡砥部町高尾田７１５番地２", "緯度": 33.781658, "経度": 132.7937, "url": "https://www.iryou.teikyouseido.mhlw.go.jp/znk-web/juminkanja/S2430/initialize?prefCd=38&kikanCd=3388650115&kikanKbn=3", "url2": null, "内容": "篠崎歯科医院【3:歯科】愛媛県伊予郡砥部町高尾田７１５番地２" }, "geometry": { "type": "Point", "coordinates": [ 132.7937, 33.781658 ] } },
{ "type": "Feature", "properties": { "ID": 3833388650118, "正式名称": "にこデンタルクリニック", "機関区分": 3, "都道府県コード": 38, "市区町村コード": 215, "所在地": "愛媛県東温市南野田字天神４３２番地３", "緯度": 33.790033, "経度": 132.835856, "url": "https://www.iryou.teikyouseido.mhlw.go.jp/znk-web/juminkanja/S2430/initialize?prefCd=38&kikanCd=3388650118&kikanKbn=3", "url2": "https://www.nico-2525.com", "内容": "にこデンタルクリニック【3:歯科】愛媛県東温市南野田字天神４３２番地３" }, "geometry": { "type": "Point", "coordinates": [ 132.835856, 33.790033 ] } },
{ "type": "Feature", "properties": { "ID": 3833388650119, "正式名称": "もりもと歯科クリニック", "機関区分": 3, "都道府県コード": 38, "市区町村コード": 201, "所在地": "愛媛県松山市保免西二丁目２－２０", "緯度": 33.815268, "経度": 132.741662, "url": "https://www.iryou.teikyouseido.mhlw.go.jp/znk-web/juminkanja/S2430/initialize?prefCd=38&kikanCd=3388650119&kikanKbn=3", "url2": "https://morimotodc.jp/", "内容": "もりもと歯科クリニック【3:歯科】愛媛県松山市保免西二丁目２－２０" }, "geometry": { "type": "Point", "coordinates": [ 132.741662, 33.815268 ] } },
{ "type": "Feature", "properties": { "ID": 3833388650120, "正式名称": "しまなみの丘歯科クリニック", "機関区分": 3, "都道府県コード": 38, "市区町村コード": 202, "所在地": "愛媛県今治市にぎわい広場１－１イオンモール今治新都市", "緯度": 34.04378, "経度": 132.962378, "url": "https://www.iryou.teikyouseido.mhlw.go.jp/znk-web/juminkanja/S2430/initialize?prefCd=38&kikanCd=3388650120&kikanKbn=3", "url2": "https://www.shimanamihills-dc.com", "内容": "しまなみの丘歯科クリニック【3:歯科】愛媛県今治市にぎわい広場１－１イオンモール今治新都市" }, "geometry": { "type": "Point", "coordinates": [ 132.962378, 34.04378 ] } },
{ "type": "Feature", "properties": { "ID": 3833388650121, "正式名称": "松田ビルファミリー歯科医院", "機関区分": 3, "都道府県コード": 38, "市区町村コード": 201, "所在地": "愛媛県松山市萱町一丁目５－１０　松田歯科ビル１Ｆ", "緯度": 33.842361, "経度": 132.757173, "url": "https://www.iryou.teikyouseido.mhlw.go.jp/znk-web/juminkanja/S2430/initialize?prefCd=38&kikanCd=3388650121&kikanKbn=3", "url2": "https://mb-family-dentalclinic.com/", "内容": "松田ビルファミリー歯科医院【3:歯科】愛媛県松山市萱町一丁目５－１０　松田歯科ビル１Ｆ" }, "geometry": { "type": "Point", "coordinates": [ 132.757173, 33.842361 ] } },
{ "type": "Feature", "properties": { "ID": 3833388650122, "正式名称": "兵藤歯科医院", "機関区分": 3, "都道府県コード": 38, "市区町村コード": 207, "所在地": "愛媛県大洲市東大洲８４番地３", "緯度": 33.517817, "経度": 132.552104, "url": "https://www.iryou.teikyouseido.mhlw.go.jp/znk-web/juminkanja/S2430/initialize?prefCd=38&kikanCd=3388650122&kikanKbn=3", "url2": null, "内容": "兵藤歯科医院【3:歯科】愛媛県大洲市東大洲８４番地３" }, "geometry": { "type": "Point", "coordinates": [ 132.552104, 33.517817 ] } },
{ "type": "Feature", "properties": { "ID": 3833388650124, "正式名称": "ＨＡＫＵデンタルクリニック", "機関区分": 3, "都道府県コード": 38, "市区町村コード": 201, "所在地": "愛媛県松山市井門町３７６番地", "緯度": 33.798238, "経度": 132.785625, "url": "https://www.iryou.teikyouseido.mhlw.go.jp/znk-web/juminkanja/S2430/initialize?prefCd=38&kikanCd=3388650124&kikanKbn=3", "url2": "https://www.hakudental.jp/", "内容": "ＨＡＫＵデンタルクリニック【3:歯科】愛媛県松山市井門町３７６番地" }, "geometry": { "type": "Point", "coordinates": [ 132.785625, 33.798238 ] } },
{ "type": "Feature", "properties": { "ID": 3833388650125, "正式名称": "医療法人相原歯科医院", "機関区分": 3, "都道府県コード": 38, "市区町村コード": 201, "所在地": "愛媛県松山市南高井町１６９８－１", "緯度": 33.791118, "経度": 132.80279, "url": "https://www.iryou.teikyouseido.mhlw.go.jp/znk-web/juminkanja/S2430/initialize?prefCd=38&kikanCd=3388650125&kikanKbn=3", "url2": "aibara-dc.com", "内容": "医療法人相原歯科医院【3:歯科】愛媛県松山市南高井町１６９８－１" }, "geometry": { "type": "Point", "coordinates": [ 132.80279, 33.791118 ] } },
{ "type": "Feature", "properties": { "ID": 3833388650126, "正式名称": "おひさま歯科クリニック", "機関区分": 3, "都道府県コード": 38, "市区町村コード": 201, "所在地": "愛媛県松山市余戸中四丁目１６－１８", "緯度": 33.819244, "経度": 132.727006, "url": "https://www.iryou.teikyouseido.mhlw.go.jp/znk-web/juminkanja/S2430/initialize?prefCd=38&kikanCd=3388650126&kikanKbn=3", "url2": "https://ohisama-dental.jp/", "内容": "おひさま歯科クリニック【3:歯科】愛媛県松山市余戸中四丁目１６－１８" }, "geometry": { "type": "Point", "coordinates": [ 132.727006, 33.819244 ] } },
{ "type": "Feature", "properties": { "ID": 3833388650128, "正式名称": "ふじた歯科クリニック", "機関区分": 3, "都道府県コード": 38, "市区町村コード": 205, "所在地": "愛媛県新居浜市八雲町５番３９号", "緯度": 33.962395, "経度": 133.29273, "url": "https://www.iryou.teikyouseido.mhlw.go.jp/znk-web/juminkanja/S2430/initialize?prefCd=38&kikanCd=3388650128&kikanKbn=3", "url2": null, "内容": "ふじた歯科クリニック【3:歯科】愛媛県新居浜市八雲町５番３９号" }, "geometry": { "type": "Point", "coordinates": [ 133.29273, 33.962395 ] } },
{ "type": "Feature", "properties": { "ID": 3833388650130, "正式名称": "げんき近見歯科診療所", "機関区分": 3, "都道府県コード": 38, "市区町村コード": 202, "所在地": "愛媛県今治市鐘場町１丁目２番地９", "緯度": 34.08435, "経度": 132.990522, "url": "https://www.iryou.teikyouseido.mhlw.go.jp/znk-web/juminkanja/S2430/initialize?prefCd=38&kikanCd=3388650130&kikanKbn=3", "url2": null, "内容": "げんき近見歯科診療所【3:歯科】愛媛県今治市鐘場町１丁目２番地９" }, "geometry": { "type": "Point", "coordinates": [ 132.990522, 34.08435 ] } },
{ "type": "Feature", "properties": { "ID": 3833388650131, "正式名称": "げんき伯方歯科診療所", "機関区分": 3, "都道府県コード": 38, "市区町村コード": 202, "所在地": "愛媛県今治市伯方町叶浦甲１６６６番地４", "緯度": 34.208123, "経度": 133.073113, "url": "https://www.iryou.teikyouseido.mhlw.go.jp/znk-web/juminkanja/S2430/initialize?prefCd=38&kikanCd=3388650131&kikanKbn=3", "url2": null, "内容": "げんき伯方歯科診療所【3:歯科】愛媛県今治市伯方町叶浦甲１６６６番地４" }, "geometry": { "type": "Point", "coordinates": [ 133.073113, 34.208123 ] } },
{ "type": "Feature", "properties": { "ID": 3833388650132, "正式名称": "石川歯科", "機関区分": 3, "都道府県コード": 38, "市区町村コード": 206, "所在地": "愛媛県西条市飯岡２６０５番地の２", "緯度": 33.916797, "経度": 133.224771, "url": "https://www.iryou.teikyouseido.mhlw.go.jp/znk-web/juminkanja/S2430/initialize?prefCd=38&kikanCd=3388650132&kikanKbn=3", "url2": null, "内容": "石川歯科【3:歯科】愛媛県西条市飯岡２６０５番地の２" }, "geometry": { "type": "Point", "coordinates": [ 133.224771, 33.916797 ] } },
{ "type": "Feature", "properties": { "ID": 3833388650133, "正式名称": "そらとくも歯科", "機関区分": 3, "都道府県コード": 38, "市区町村コード": 201, "所在地": "愛媛県松山市溝辺町４５５－６", "緯度": 33.854456, "経度": 132.808745, "url": "https://www.iryou.teikyouseido.mhlw.go.jp/znk-web/juminkanja/S2430/initialize?prefCd=38&kikanCd=3388650133&kikanKbn=3", "url2": "soratokumoshika.com", "内容": "そらとくも歯科【3:歯科】愛媛県松山市溝辺町４５５－６" }, "geometry": { "type": "Point", "coordinates": [ 132.808745, 33.854456 ] } },
{ "type": "Feature", "properties": { "ID": 3833388650134, "正式名称": "高橋歯科医院", "機関区分": 3, "都道府県コード": 38, "市区町村コード": 205, "所在地": "愛媛県新居浜市坂井町２－２－４", "緯度": 33.949107, "経度": 133.291257, "url": "https://www.iryou.teikyouseido.mhlw.go.jp/znk-web/juminkanja/S2430/initialize?prefCd=38&kikanCd=3388650134&kikanKbn=3", "url2": "https://takahashi-arma6dc.com/", "内容": "高橋歯科医院【3:歯科】愛媛県新居浜市坂井町２－２－４" }, "geometry": { "type": "Point", "coordinates": [ 133.291257, 33.949107 ] } },
{ "type": "Feature", "properties": { "ID": 3833388650135, "正式名称": "なないろ歯科クリニック", "機関区分": 3, "都道府県コード": 38, "市区町村コード": 206, "所在地": "愛媛県西条市大町５１９－６", "緯度": 33.920442, "経度": 133.191627, "url": "https://www.iryou.teikyouseido.mhlw.go.jp/znk-web/juminkanja/S2430/initialize?prefCd=38&kikanCd=3388650135&kikanKbn=3", "url2": "https://www.nanairo-dentalclinic.com", "内容": "なないろ歯科クリニック【3:歯科】愛媛県西条市大町５１９－６" }, "geometry": { "type": "Point", "coordinates": [ 133.191627, 33.920442 ] } },
{ "type": "Feature", "properties": { "ID": 3833388650136, "正式名称": "ＣＤＣ・よぼう歯科", "機関区分": 3, "都道府県コード": 38, "市区町村コード": 205, "所在地": "愛媛県新居浜市清水町１１－２５", "緯度": 33.978424, "経度": 133.290172, "url": "https://www.iryou.teikyouseido.mhlw.go.jp/znk-web/juminkanja/S2430/initialize?prefCd=38&kikanCd=3388650136&kikanKbn=3", "url2": null, "内容": "ＣＤＣ・よぼう歯科【3:歯科】愛媛県新居浜市清水町１１－２５" }, "geometry": { "type": "Point", "coordinates": [ 133.290172, 33.978424 ] } },
{ "type": "Feature", "properties": { "ID": 3833388650137, "正式名称": "松原歯科医院", "機関区分": 3, "都道府県コード": 38, "市区町村コード": 206, "所在地": "愛媛県西条市大町７０９－５", "緯度": 33.916791, "経度": 133.186634, "url": "https://www.iryou.teikyouseido.mhlw.go.jp/znk-web/juminkanja/S2430/initialize?prefCd=38&kikanCd=3388650137&kikanKbn=3", "url2": null, "内容": "松原歯科医院【3:歯科】愛媛県西条市大町７０９－５" }, "geometry": { "type": "Point", "coordinates": [ 133.186634, 33.916791 ] } },
{ "type": "Feature", "properties": { "ID": 3833388650138, "正式名称": "医療法人ことり歯科クリニック", "機関区分": 3, "都道府県コード": 38, "市区町村コード": 204, "所在地": "愛媛県八幡浜市昭和通１５１０－１１３", "緯度": 33.458545, "経度": 132.419609, "url": "https://www.iryou.teikyouseido.mhlw.go.jp/znk-web/juminkanja/S2430/initialize?prefCd=38&kikanCd=3388650138&kikanKbn=3", "url2": "https://kotori-dentalclinic.jp", "内容": "医療法人ことり歯科クリニック【3:歯科】愛媛県八幡浜市昭和通１５１０－１１３" }, "geometry": { "type": "Point", "coordinates": [ 132.419609, 33.458545 ] } },
{ "type": "Feature", "properties": { "ID": 3833388650139, "正式名称": "あらき歯科", "機関区分": 3, "都道府県コード": 38, "市区町村コード": 202, "所在地": "愛媛県今治市衣干町四丁目４番９号", "緯度": 34.044832, "経度": 133.012657, "url": "https://www.iryou.teikyouseido.mhlw.go.jp/znk-web/juminkanja/S2430/initialize?prefCd=38&kikanCd=3388650139&kikanKbn=3", "url2": "https://www.arakidc.jp/", "内容": "あらき歯科【3:歯科】愛媛県今治市衣干町四丁目４番９号" }, "geometry": { "type": "Point", "coordinates": [ 133.012657, 34.044832 ] } },
{ "type": "Feature", "properties": { "ID": 3833388650140, "正式名称": "ブライト歯科クリニック", "機関区分": 3, "都道府県コード": 38, "市区町村コード": 202, "所在地": "愛媛県今治市常盤町四丁目９番地の１", "緯度": 34.062596, "経度": 132.996844, "url": "https://www.iryou.teikyouseido.mhlw.go.jp/znk-web/juminkanja/S2430/initialize?prefCd=38&kikanCd=3388650140&kikanKbn=3", "url2": "imabari-bright-dental.com", "内容": "ブライト歯科クリニック【3:歯科】愛媛県今治市常盤町四丁目９番地の１" }, "geometry": { "type": "Point", "coordinates": [ 132.996844, 34.062596 ] } },
{ "type": "Feature", "properties": { "ID": 3833388650141, "正式名称": "宮崎デンタルオフィス", "機関区分": 3, "都道府県コード": 38, "市区町村コード": 201, "所在地": "愛媛県松山市南梅本町甲１３１５－３", "緯度": 33.80039, "経度": 132.84, "url": "https://www.iryou.teikyouseido.mhlw.go.jp/znk-web/juminkanja/S2430/initialize?prefCd=38&kikanCd=3388650141&kikanKbn=3", "url2": null, "内容": "宮崎デンタルオフィス【3:歯科】愛媛県松山市南梅本町甲１３１５－３" }, "geometry": { "type": "Point", "coordinates": [ 132.84, 33.80039 ] } },
{ "type": "Feature", "properties": { "ID": 3833388650144, "正式名称": "マツダ顕微鏡歯科クリニック", "機関区分": 3, "都道府県コード": 38, "市区町村コード": 205, "所在地": "愛媛県新居浜市菊本町２丁目１番９号", "緯度": 33.972571, "経度": 133.285141, "url": "https://www.iryou.teikyouseido.mhlw.go.jp/znk-web/juminkanja/S2430/initialize?prefCd=38&kikanCd=3388650144&kikanKbn=3", "url2": null, "内容": "マツダ顕微鏡歯科クリニック【3:歯科】愛媛県新居浜市菊本町２丁目１番９号" }, "geometry": { "type": "Point", "coordinates": [ 133.285141, 33.972571 ] } },
{ "type": "Feature", "properties": { "ID": 3833388650146, "正式名称": "四季こども歯科", "機関区分": 3, "都道府県コード": 38, "市区町村コード": 401, "所在地": "愛媛県伊予郡松前町西古泉４９３ー１", "緯度": 33.79288, "経度": 132.71078, "url": "https://www.iryou.teikyouseido.mhlw.go.jp/znk-web/juminkanja/S2430/initialize?prefCd=38&kikanCd=3388650146&kikanKbn=3", "url2": "https://shiki-kodomo-dc.com/", "内容": "四季こども歯科【3:歯科】愛媛県伊予郡松前町西古泉４９３ー１" }, "geometry": { "type": "Point", "coordinates": [ 132.71078, 33.79288 ] } },
{ "type": "Feature", "properties": { "ID": 3833388650148, "正式名称": "あき歯科医院", "機関区分": 3, "都道府県コード": 38, "市区町村コード": 213, "所在地": "愛媛県四国中央市妻鳥町１５６６ー１", "緯度": 33.996086, "経度": 133.57193, "url": "https://www.iryou.teikyouseido.mhlw.go.jp/znk-web/juminkanja/S2430/initialize?prefCd=38&kikanCd=3388650148&kikanKbn=3", "url2": "https://www.visca-sp.com/akishika/", "内容": "あき歯科医院【3:歯科】愛媛県四国中央市妻鳥町１５６６ー１" }, "geometry": { "type": "Point", "coordinates": [ 133.57193, 33.996086 ] } },
{ "type": "Feature", "properties": { "ID": 3833388650149, "正式名称": "山崎歯科クリニック", "機関区分": 3, "都道府県コード": 38, "市区町村コード": 207, "所在地": "愛媛県大洲市長浜甲６５", "緯度": 33.613968, "経度": 132.48308, "url": "https://www.iryou.teikyouseido.mhlw.go.jp/znk-web/juminkanja/S2430/initialize?prefCd=38&kikanCd=3388650149&kikanKbn=3", "url2": null, "内容": "山崎歯科クリニック【3:歯科】愛媛県大洲市長浜甲６５" }, "geometry": { "type": "Point", "coordinates": [ 132.48308, 33.613968 ] } },
{ "type": "Feature", "properties": { "ID": 3833388650150, "正式名称": "にしおか歯科", "機関区分": 3, "都道府県コード": 38, "市区町村コード": 210, "所在地": "愛媛県伊予市灘町１１７", "緯度": 33.757198, "経度": 132.701149, "url": "https://www.iryou.teikyouseido.mhlw.go.jp/znk-web/juminkanja/S2430/initialize?prefCd=38&kikanCd=3388650150&kikanKbn=3", "url2": null, "内容": "にしおか歯科【3:歯科】愛媛県伊予市灘町１１７" }, "geometry": { "type": "Point", "coordinates": [ 132.701149, 33.757198 ] } },
{ "type": "Feature", "properties": { "ID": 3833388650151, "正式名称": "おかだ歯科クリニック", "機関区分": 3, "都道府県コード": 38, "市区町村コード": 401, "所在地": "愛媛県伊予郡松前町上高柳２２６ー６", "緯度": 33.798432, "経度": 132.728132, "url": "https://www.iryou.teikyouseido.mhlw.go.jp/znk-web/juminkanja/S2430/initialize?prefCd=38&kikanCd=3388650151&kikanKbn=3", "url2": null, "内容": "おかだ歯科クリニック【3:歯科】愛媛県伊予郡松前町上高柳２２６ー６" }, "geometry": { "type": "Point", "coordinates": [ 132.728132, 33.798432 ] } },
{ "type": "Feature", "properties": { "ID": 3833388650153, "正式名称": "菅原歯科医院", "機関区分": 3, "都道府県コード": 38, "市区町村コード": 215, "所在地": "愛媛県東温市見奈良１３６２ー１", "緯度": 33.794458, "経度": 132.872192, "url": "https://www.iryou.teikyouseido.mhlw.go.jp/znk-web/juminkanja/S2430/initialize?prefCd=38&kikanCd=3388650153&kikanKbn=3", "url2": null, "内容": "菅原歯科医院【3:歯科】愛媛県東温市見奈良１３６２ー１" }, "geometry": { "type": "Point", "coordinates": [ 132.872192, 33.794458 ] } },
{ "type": "Feature", "properties": { "ID": 3833388650154, "正式名称": "オリーブ歯科クリニック", "機関区分": 3, "都道府県コード": 38, "市区町村コード": 215, "所在地": "愛媛県東温市田窪１１９３番２", "緯度": 33.791261, "経度": 132.858467, "url": "https://www.iryou.teikyouseido.mhlw.go.jp/znk-web/juminkanja/S2430/initialize?prefCd=38&kikanCd=3388650154&kikanKbn=3", "url2": "https://ehime-olive-dent.com/", "内容": "オリーブ歯科クリニック【3:歯科】愛媛県東温市田窪１１９３番２" }, "geometry": { "type": "Point", "coordinates": [ 132.858467, 33.791261 ] } },
{ "type": "Feature", "properties": { "ID": 3833388650155, "正式名称": "ほほえみ歯科クリニック", "機関区分": 3, "都道府県コード": 38, "市区町村コード": 213, "所在地": "愛媛県四国中央市金生町下分８８９番地２", "緯度": 34.00087, "経度": 133.578169, "url": "https://www.iryou.teikyouseido.mhlw.go.jp/znk-web/juminkanja/S2430/initialize?prefCd=38&kikanCd=3388650155&kikanKbn=3", "url2": "http://www.hohoemi-dc.com/", "内容": "ほほえみ歯科クリニック【3:歯科】愛媛県四国中央市金生町下分８８９番地２" }, "geometry": { "type": "Point", "coordinates": [ 133.578169, 34.00087 ] } },
{ "type": "Feature", "properties": { "ID": 3833388650156, "正式名称": "あみ歯科医院", "機関区分": 3, "都道府県コード": 38, "市区町村コード": 202, "所在地": "愛媛県今治市中日吉町２丁目甲６０４－１１", "緯度": 34.059822, "経度": 132.991977, "url": "https://www.iryou.teikyouseido.mhlw.go.jp/znk-web/juminkanja/S2430/initialize?prefCd=38&kikanCd=3388650156&kikanKbn=3", "url2": null, "内容": "あみ歯科医院【3:歯科】愛媛県今治市中日吉町２丁目甲６０４－１１" }, "geometry": { "type": "Point", "coordinates": [ 132.991977, 34.059822 ] } },
{ "type": "Feature", "properties": { "ID": 3833388650158, "正式名称": "福岡歯科医院", "機関区分": 3, "都道府県コード": 38, "市区町村コード": 201, "所在地": "愛媛県松山市三津２－１２－２０", "緯度": 33.865119, "経度": 132.713502, "url": "https://www.iryou.teikyouseido.mhlw.go.jp/znk-web/juminkanja/S2430/initialize?prefCd=38&kikanCd=3388650158&kikanKbn=3", "url2": "https://fukuoka-dc.jp/", "内容": "福岡歯科医院【3:歯科】愛媛県松山市三津２－１２－２０" }, "geometry": { "type": "Point", "coordinates": [ 132.713502, 33.865119 ] } },
{ "type": "Feature", "properties": { "ID": 3833388650159, "正式名称": "四村ゆう歯科クリニック", "機関区分": 3, "都道府県コード": 38, "市区町村コード": 202, "所在地": "愛媛県今治市四村字２４６番２", "緯度": 34.035866, "経度": 132.981015, "url": "https://www.iryou.teikyouseido.mhlw.go.jp/znk-web/juminkanja/S2430/initialize?prefCd=38&kikanCd=3388650159&kikanKbn=3", "url2": "https://www.yomura-yu-dc.jp/", "内容": "四村ゆう歯科クリニック【3:歯科】愛媛県今治市四村字２４６番２" }, "geometry": { "type": "Point", "coordinates": [ 132.981015, 34.035866 ] } },
{ "type": "Feature", "properties": { "ID": 3833388650160, "正式名称": "ウィズデンタルオフィス", "機関区分": 3, "都道府県コード": 38, "市区町村コード": 202, "所在地": "愛媛県今治市馬越町４－８－１そよら今治馬越３階", "緯度": 34.056953, "経度": 132.984975, "url": "https://www.iryou.teikyouseido.mhlw.go.jp/znk-web/juminkanja/S2430/initialize?prefCd=38&kikanCd=3388650160&kikanKbn=3", "url2": null, "内容": "ウィズデンタルオフィス【3:歯科】愛媛県今治市馬越町４－８－１そよら今治馬越３階" }, "geometry": { "type": "Point", "coordinates": [ 132.984975, 34.056953 ] } },
{ "type": "Feature", "properties": { "ID": 3833388650162, "正式名称": "白石歯科医院", "機関区分": 3, "都道府県コード": 38, "市区町村コード": 205, "所在地": "愛媛県新居浜市多喜浜一丁目４番４０号", "緯度": 33.974592, "経度": 133.334527, "url": "https://www.iryou.teikyouseido.mhlw.go.jp/znk-web/juminkanja/S2430/initialize?prefCd=38&kikanCd=3388650162&kikanKbn=3", "url2": "https://www.shiraishi-shika.jp/", "内容": "白石歯科医院【3:歯科】愛媛県新居浜市多喜浜一丁目４番４０号" }, "geometry": { "type": "Point", "coordinates": [ 133.334527, 33.974592 ] } },
{ "type": "Feature", "properties": { "ID": 3833388650165, "正式名称": "こもだデンタルオフィス宮原", "機関区分": 3, "都道府県コード": 38, "市区町村コード": 205, "所在地": "愛媛県新居浜市宮原町１ー２", "緯度": 33.93023, "経度": 133.29955, "url": "https://www.iryou.teikyouseido.mhlw.go.jp/znk-web/juminkanja/S2430/initialize?prefCd=38&kikanCd=3388650165&kikanKbn=3", "url2": "https://komoda-do.jp/", "内容": "こもだデンタルオフィス宮原【3:歯科】愛媛県新居浜市宮原町１ー２" }, "geometry": { "type": "Point", "coordinates": [ 133.29955, 33.93023 ] } },
{ "type": "Feature", "properties": { "ID": 3833388650168, "正式名称": "城東歯科・矯正歯科", "機関区分": 3, "都道府県コード": 38, "市区町村コード": 202, "所在地": "愛媛県今治市東鳥生町２丁目２－２３", "緯度": 34.055455, "経度": 133.016227, "url": "https://www.iryou.teikyouseido.mhlw.go.jp/znk-web/juminkanja/S2430/initialize?prefCd=38&kikanCd=3388650168&kikanKbn=3", "url2": "https://jyotodental.com", "内容": "城東歯科・矯正歯科【3:歯科】愛媛県今治市東鳥生町２丁目２－２３" }, "geometry": { "type": "Point", "coordinates": [ 133.016227, 34.055455 ] } },
{ "type": "Feature", "properties": { "ID": 3833388650517, "正式名称": "吉峯歯科医院", "機関区分": 3, "都道府県コード": 38, "市区町村コード": 206, "所在地": "愛媛県西条市大町１５８２－３", "緯度": 33.911933, "経度": 133.183083, "url": "https://www.iryou.teikyouseido.mhlw.go.jp/znk-web/juminkanja/S2430/initialize?prefCd=38&kikanCd=3388650517&kikanKbn=3", "url2": null, "内容": "吉峯歯科医院【3:歯科】愛媛県西条市大町１５８２－３" }, "geometry": { "type": "Point", "coordinates": [ 133.183083, 33.911933 ] } }
]
}
