{
"type": "FeatureCollection",
"name": "geo_38_居宅介護支援",
"crs": { "type": "name", "properties": { "name": "urn:ogc:def:crs:OGC:1.3:CRS84" } },
"features": [
{ "type": "Feature", "properties": { "内容": "ケアプラザ　ももたろう【居宅介護支援】松山市高浜町乙60番地150", "url": "https://www.kaigokensaku.mhlw.go.jp/38/index.php?action_kouhyou_detail_004_kani=true&JigyosyoCd=3870105008-00&ServiceCd=430&Type=search", "url2": "momotarou@eagle.ne.jp" }, "geometry": { "type": "Point", "coordinates": [ 132.699247, 33.8781093 ] } },
{ "type": "Feature", "properties": { "内容": "ケアプランセンター伊央里【居宅介護支援】愛媛県松山市平和通2丁目2-2キタビル2階", "url": "https://www.kaigokensaku.mhlw.go.jp/38/index.php?action_kouhyou_detail_004_kani=true&JigyosyoCd=3870111436-00&ServiceCd=430&Type=search", "url2": null }, "geometry": { "type": "Point", "coordinates": [ 132.770463699999937, 33.8472816 ] } },
{ "type": "Feature", "properties": { "内容": "指定居宅介護支援事業所　ポラリス【居宅介護支援】愛媛県松山市枝松５丁目６番４８号第３井上ビル１Ｆ東号室", "url": "https://www.kaigokensaku.mhlw.go.jp/38/index.php?action_kouhyou_detail_004_kani=true&JigyosyoCd=3870112442-00&ServiceCd=430&Type=search", "url2": null }, "geometry": { "type": "Point", "coordinates": [ 132.784894500000064, 33.8279163 ] } },
{ "type": "Feature", "properties": { "内容": "ニチイケアセンターやまごえ【居宅介護支援】愛媛県松山市山越6丁目7-20", "url": "https://www.kaigokensaku.mhlw.go.jp/38/index.php?action_kouhyou_detail_004_kani=true&JigyosyoCd=3870101973-00&ServiceCd=430&Type=search", "url2": "http://www.nichiigakkan.co.jp/" }, "geometry": { "type": "Point", "coordinates": [ 132.751570899999933, 33.8573298 ] } },
{ "type": "Feature", "properties": { "内容": "居宅介護支援事業所なでしこ【居宅介護支援】愛媛県松山市高井町647番6", "url": "https://www.kaigokensaku.mhlw.go.jp/38/index.php?action_kouhyou_detail_004_kani=true&JigyosyoCd=3870106261-00&ServiceCd=430&Type=search", "url2": "http://www.ehime-medix.jp/" }, "geometry": { "type": "Point", "coordinates": [ 132.8152235, 33.7986935 ] } },
{ "type": "Feature", "properties": { "内容": "居宅介護支援事業所　ほほえみ【居宅介護支援】松山市立花一丁目９番１７号グレース石手川２０６号", "url": "https://www.kaigokensaku.mhlw.go.jp/38/index.php?action_kouhyou_detail_004_kani=true&JigyosyoCd=3870108994-00&ServiceCd=430&Type=search", "url2": "hohoemi@tuba.ocn.ne.jp" }, "geometry": { "type": "Point", "coordinates": [ 132.771658099999968, 33.8324306 ] } },
{ "type": "Feature", "properties": { "内容": "居宅介護支援事業所　いきいき介護【居宅介護支援】愛媛県松山市古川北2丁目16番6号", "url": "https://www.kaigokensaku.mhlw.go.jp/38/index.php?action_kouhyou_detail_004_kani=true&JigyosyoCd=3870110925-00&ServiceCd=430&Type=search", "url2": "http://www.ikiikikaigo.com/company.php" }, "geometry": { "type": "Point", "coordinates": [ 132.7625215, 33.8119046 ] } },
{ "type": "Feature", "properties": { "内容": "居宅介護支援事業所ケアステーション樽味【居宅介護支援】愛媛県松山市樽味4丁目12番18号", "url": "https://www.kaigokensaku.mhlw.go.jp/38/index.php?action_kouhyou_detail_004_kani=true&JigyosyoCd=3870111618-00&ServiceCd=430&Type=search", "url2": null }, "geometry": { "type": "Point", "coordinates": [ 132.788084300000037, 33.8392692 ] } },
{ "type": "Feature", "properties": { "内容": "居宅介護支援事業所　いきいき介護　椿【居宅介護支援】愛媛県松山市古川北二丁目16番6号", "url": "https://www.kaigokensaku.mhlw.go.jp/38/index.php?action_kouhyou_detail_004_kani=true&JigyosyoCd=3870112384-00&ServiceCd=430&Type=search", "url2": "http://www.ikiikikaigo.com/" }, "geometry": { "type": "Point", "coordinates": [ 132.7625215, 33.8119046 ] } },
{ "type": "Feature", "properties": { "内容": "居宅介護支援事業所モンブラン【居宅介護支援】愛媛県松山市松ノ木2丁目696-6", "url": "https://www.kaigokensaku.mhlw.go.jp/38/index.php?action_kouhyou_detail_004_kani=true&JigyosyoCd=3870112533-00&ServiceCd=430&Type=search", "url2": null }, "geometry": { "type": "Point", "coordinates": [ 132.7206391, 33.8716424 ] } },
{ "type": "Feature", "properties": { "内容": "指定居宅介護支援事業所　高縄荘【居宅介護支援】愛媛県松山市立岩中村甲345番地", "url": "https://www.kaigokensaku.mhlw.go.jp/38/index.php?action_kouhyou_detail_004_kani=true&JigyosyoCd=3871100024-00&ServiceCd=430&Type=search", "url2": "http://www.takanawasou.jp/" }, "geometry": { "type": "Point", "coordinates": [ 132.81504387363097, 33.948126975963248 ] } },
{ "type": "Feature", "properties": { "内容": "かぐや【居宅介護支援】愛媛県松山市中島大浦８３０番地", "url": "https://www.kaigokensaku.mhlw.go.jp/38/index.php?action_kouhyou_detail_004_kani=true&JigyosyoCd=3873300317-00&ServiceCd=430&Type=search", "url2": null }, "geometry": { "type": "Point", "coordinates": [ 132.6304245, 33.9774243 ] } },
{ "type": "Feature", "properties": { "内容": "居宅介護支援事業所わんらいふ【居宅介護支援】松山市畑寺二丁目4-51", "url": "https://www.kaigokensaku.mhlw.go.jp/38/index.php?action_kouhyou_detail_004_kani=true&JigyosyoCd=3870112806-00&ServiceCd=430&Type=search", "url2": null }, "geometry": { "type": "Point", "coordinates": [ 132.797558, 33.8300567 ] } },
{ "type": "Feature", "properties": { "内容": "居宅介護支援事業所　恩おくり【居宅介護支援】愛媛県松山市吉藤5-1-14", "url": "https://www.kaigokensaku.mhlw.go.jp/38/index.php?action_kouhyou_detail_004_kani=true&JigyosyoCd=3870113234-00&ServiceCd=430&Type=search", "url2": null }, "geometry": { "type": "Point", "coordinates": [ 132.7607183, 33.8721761 ] } },
{ "type": "Feature", "properties": { "内容": "居宅介護支援事業所　道後【居宅介護支援】愛媛県松山市溝辺町乙539番地1", "url": "https://www.kaigokensaku.mhlw.go.jp/38/index.php?action_kouhyou_detail_004_kani=true&JigyosyoCd=3870100181-00&ServiceCd=430&Type=search", "url2": "http://aijukai-group.com/facilities/careplan.html" }, "geometry": { "type": "Point", "coordinates": [ 132.802888100000018, 33.8531652 ] } },
{ "type": "Feature", "properties": { "内容": "指定居宅介護支援事業所ごみょうえん【居宅介護支援】愛媛県松山市菅沢町乙411-1特別養護老人ホーム五明苑", "url": "https://www.kaigokensaku.mhlw.go.jp/38/index.php?action_kouhyou_detail_004_kani=true&JigyosyoCd=3870100488-00&ServiceCd=430&Type=search", "url2": "www.gomyoen.jp" }, "geometry": { "type": "Point", "coordinates": [ 132.807929, 33.902115 ] } },
{ "type": "Feature", "properties": { "内容": "居宅介護支援事業所ハッピー愛媛【居宅介護支援】愛媛県松山市中央1丁目17番35号", "url": "https://www.kaigokensaku.mhlw.go.jp/38/index.php?action_kouhyou_detail_004_kani=true&JigyosyoCd=3870101817-00&ServiceCd=430&Type=search", "url2": "http://www.carejapan.co.jp/" }, "geometry": { "type": "Point", "coordinates": [ 132.748771199999965, 33.8547273 ] } },
{ "type": "Feature", "properties": { "内容": "居宅介護支援事業所かざはや【居宅介護支援】愛媛県松山市中西内469番地", "url": "https://www.kaigokensaku.mhlw.go.jp/38/index.php?action_kouhyou_detail_004_kani=true&JigyosyoCd=3870106063-00&ServiceCd=430&Type=search", "url2": null }, "geometry": { "type": "Point", "coordinates": [ 132.7879934, 33.9706174 ] } },
{ "type": "Feature", "properties": { "内容": "居宅介護支援事業所ファミリーケア垣生【居宅介護支援】愛媛県松山市西垣生町1184-6", "url": "https://www.kaigokensaku.mhlw.go.jp/38/index.php?action_kouhyou_detail_004_kani=true&JigyosyoCd=3870106980-00&ServiceCd=430&Type=search", "url2": "http://familycare.co.jp/" }, "geometry": { "type": "Point", "coordinates": [ 132.703539699999965, 33.8150809 ] } },
{ "type": "Feature", "properties": { "内容": "居宅介護支援事業所　気楽【居宅介護支援】松山市畑寺町792番地", "url": "https://www.kaigokensaku.mhlw.go.jp/38/index.php?action_kouhyou_detail_004_kani=true&JigyosyoCd=3870107848-00&ServiceCd=430&Type=search", "url2": "http://care-net.biz/38/kiraku/company.php" }, "geometry": { "type": "Point", "coordinates": [ 132.804431781336916, 33.841747620891745 ] } },
{ "type": "Feature", "properties": { "内容": "指定居宅介護支援事業所　あずみ【居宅介護支援】愛媛県松山市山越２丁目８-２２西原マンション１Ｆ西号室", "url": "https://www.kaigokensaku.mhlw.go.jp/38/index.php?action_kouhyou_detail_004_kani=true&JigyosyoCd=3870109984-00&ServiceCd=430&Type=search", "url2": null }, "geometry": { "type": "Point", "coordinates": [ 132.75474840000004, 33.8610184 ] } },
{ "type": "Feature", "properties": { "内容": "居宅介護支援事業所　愛【居宅介護支援】愛媛県松山市南梅本町1136番地の2", "url": "https://www.kaigokensaku.mhlw.go.jp/38/index.php?action_kouhyou_detail_004_kani=true&JigyosyoCd=3870110289-00&ServiceCd=430&Type=search", "url2": null }, "geometry": { "type": "Point", "coordinates": [ 132.832102599999985, 33.7976134 ] } },
{ "type": "Feature", "properties": { "内容": "居宅介護支援事業ライフサポート友伍【居宅介護支援】愛媛県松山市朝生田町6丁目2-27シニアハイツ友伍2F", "url": "https://www.kaigokensaku.mhlw.go.jp/38/index.php?action_kouhyou_detail_004_kani=true&JigyosyoCd=3870102310-00&ServiceCd=430&Type=search", "url2": "http://lifesupportyuugo.web.fc2.com/" }, "geometry": { "type": "Point", "coordinates": [ 132.766804699999966, 33.8209728 ] } },
{ "type": "Feature", "properties": { "内容": "アースサポート松山【居宅介護支援】愛媛県松山市味酒町3丁目4番1号", "url": "https://www.kaigokensaku.mhlw.go.jp/38/index.php?action_kouhyou_detail_004_kani=true&JigyosyoCd=3870105099-00&ServiceCd=430&Type=search", "url2": "http://www.earthsupport.co.jp" }, "geometry": { "type": "Point", "coordinates": [ 132.75574, 33.8464813 ] } },
{ "type": "Feature", "properties": { "内容": "シルバー指定居宅介護支援事業所【居宅介護支援】愛媛県松山市萱町1丁目1番地７", "url": "https://www.kaigokensaku.mhlw.go.jp/38/index.php?action_kouhyou_detail_004_kani=true&JigyosyoCd=3870102138-00&ServiceCd=430&Type=search", "url2": "http://m-silver.sakura.ne.jp" }, "geometry": { "type": "Point", "coordinates": [ 132.757287100000013, 33.8408332 ] } },
{ "type": "Feature", "properties": { "内容": "居宅介護支援事業所じゅらく【居宅介護支援】愛媛県松山市美沢１丁目７－２９", "url": "https://www.kaigokensaku.mhlw.go.jp/38/index.php?action_kouhyou_detail_004_kani=true&JigyosyoCd=3870105545-00&ServiceCd=430&Type=search", "url2": null }, "geometry": { "type": "Point", "coordinates": [ 132.748501799999985, 33.8495807 ] } },
{ "type": "Feature", "properties": { "内容": "居宅介護支援事業所　ウィング【居宅介護支援】愛媛県松山市苞木甲２００番地", "url": "https://www.kaigokensaku.mhlw.go.jp/38/index.php?action_kouhyou_detail_004_kani=true&JigyosyoCd=3870108663-00&ServiceCd=430&Type=search", "url2": "http://www.taitofukushikai.jp" }, "geometry": { "type": "Point", "coordinates": [ 132.776031498841832, 33.94119509766913 ] } },
{ "type": "Feature", "properties": { "内容": "居宅介護支援事業所ほたる【居宅介護支援】愛媛県松山市食場町乙102番地１３３", "url": "https://www.kaigokensaku.mhlw.go.jp/38/index.php?action_kouhyou_detail_004_kani=true&JigyosyoCd=3870109554-00&ServiceCd=430&Type=search", "url2": null }, "geometry": { "type": "Point", "coordinates": [ 132.8160699, 33.8636532 ] } },
{ "type": "Feature", "properties": { "内容": "居宅介護支援事業所　ベテル三番町クリニック【居宅介護支援】愛媛県松山市三番町3丁目4番地12", "url": "https://www.kaigokensaku.mhlw.go.jp/38/index.php?action_kouhyou_detail_004_kani=true&JigyosyoCd=3870109943-00&ServiceCd=430&Type=search", "url2": "https://www.bethel.or.jp" }, "geometry": { "type": "Point", "coordinates": [ 132.768724900000052, 33.8374327 ] } },
{ "type": "Feature", "properties": { "内容": "居宅介護支援事業所　いまる【居宅介護支援】愛媛県松山市東石井六丁目5番12号グランドハイム東石井102号室", "url": "https://www.kaigokensaku.mhlw.go.jp/38/index.php?action_kouhyou_detail_004_kani=true&JigyosyoCd=3870112723-00&ServiceCd=430&Type=search", "url2": "enjel@imaru-egao.co.jo" }, "geometry": { "type": "Point", "coordinates": [ 132.777497837710882, 33.810503170584866 ] } },
{ "type": "Feature", "properties": { "内容": "フェニックスケアプラン【居宅介護支援】愛媛県松山市八反地1697番地1", "url": "https://www.kaigokensaku.mhlw.go.jp/38/index.php?action_kouhyou_detail_004_kani=true&JigyosyoCd=3870104795-00&ServiceCd=430&Type=search", "url2": null }, "geometry": { "type": "Point", "coordinates": [ 132.7892544, 33.9717061 ] } },
{ "type": "Feature", "properties": { "内容": "居宅介護支援事業所　晴【居宅介護支援】愛媛県松山市水泥町１３番地５", "url": "https://www.kaigokensaku.mhlw.go.jp/38/index.php?action_kouhyou_detail_004_kani=true&JigyosyoCd=3870111527-00&ServiceCd=430&Type=search", "url2": null }, "geometry": { "type": "Point", "coordinates": [ 132.830588799999987, 33.7997409 ] } },
{ "type": "Feature", "properties": { "内容": "テルウェル西日本愛松園　居宅介護支援事業所愛松園【居宅介護支援】愛媛県松山市喜与町1丁目8-4", "url": "https://www.kaigokensaku.mhlw.go.jp/38/index.php?action_kouhyou_detail_004_kani=true&JigyosyoCd=3870103557-00&ServiceCd=430&Type=search", "url2": "http://www.telwel-west.co.jp/kaigo/" }, "geometry": { "type": "Point", "coordinates": [ 132.773832800000037, 33.8436516 ] } },
{ "type": "Feature", "properties": { "内容": "居宅介護支援事業所　野の【居宅介護支援】市坪北2丁目3番18号", "url": "https://www.kaigokensaku.mhlw.go.jp/38/index.php?action_kouhyou_detail_004_kani=true&JigyosyoCd=3870113945-00&ServiceCd=430&Type=search", "url2": null }, "geometry": { "type": "Point", "coordinates": [ 132.749919299999988, 33.8115648 ] } },
{ "type": "Feature", "properties": { "内容": "居宅介護支援事業所　晴々【居宅介護支援】福音寺町426-1メゾンドゥグランビュー301", "url": "https://www.kaigokensaku.mhlw.go.jp/38/index.php?action_kouhyou_detail_004_kani=true&JigyosyoCd=3870113937-00&ServiceCd=430&Type=search", "url2": null }, "geometry": { "type": "Point", "coordinates": [ 132.7880476, 33.8232888 ] } },
{ "type": "Feature", "properties": { "内容": "居宅介護支援事業所あいりん【居宅介護支援】愛媛県松山市正円寺1丁目1－20", "url": "https://www.kaigokensaku.mhlw.go.jp/38/index.php?action_kouhyou_detail_004_kani=true&JigyosyoCd=3870113911-00&ServiceCd=430&Type=search", "url2": "https://xnstym63bk43b6b.wordpress.com/news-sitemap.xml" }, "geometry": { "type": "Point", "coordinates": [ 132.7985311, 33.8404199 ] } },
{ "type": "Feature", "properties": { "内容": "居宅介護支援事業所ファミリーケア垣生【居宅介護支援】愛媛県松山市西垣生町1184番地6", "url": "https://www.kaigokensaku.mhlw.go.jp/38/index.php?action_kouhyou_detail_004_kani=true&JigyosyoCd=3870113820-00&ServiceCd=430&Type=search", "url2": "http://familycare.co.jp/" }, "geometry": { "type": "Point", "coordinates": [ 132.703458, 33.8150125 ] } },
{ "type": "Feature", "properties": { "内容": "千舟町クリニック【居宅介護支援】愛媛県松山市千舟町6-4-9", "url": "https://www.kaigokensaku.mhlw.go.jp/38/index.php?action_kouhyou_detail_004_kani=true&JigyosyoCd=3810110597-00&ServiceCd=430&Type=search", "url2": "http://www.touzaikai.jp/" }, "geometry": { "type": "Point", "coordinates": [ 132.759011900000019, 33.8370464 ] } },
{ "type": "Feature", "properties": { "内容": "中川病院【居宅介護支援】愛媛県松山市南梅本町甲58番地", "url": "https://www.kaigokensaku.mhlw.go.jp/38/index.php?action_kouhyou_detail_004_kani=true&JigyosyoCd=3810111025-00&ServiceCd=430&Type=search", "url2": "https://www.nakagawa-hp.jp" }, "geometry": { "type": "Point", "coordinates": [ 132.836157800000024, 33.8013353 ] } },
{ "type": "Feature", "properties": { "内容": "椿クリニック【居宅介護支援】愛媛県松山市市坪南1丁目5-26", "url": "https://www.kaigokensaku.mhlw.go.jp/38/index.php?action_kouhyou_detail_004_kani=true&JigyosyoCd=3810111678-00&ServiceCd=430&Type=search", "url2": "http://www.tsubaki-clinic.jp/" }, "geometry": { "type": "Point", "coordinates": [ 132.7547631, 33.8093468 ] } },
{ "type": "Feature", "properties": { "内容": "愛媛生協病院【居宅介護支援】愛媛県松山市来住町1091-1", "url": "https://www.kaigokensaku.mhlw.go.jp/38/index.php?action_kouhyou_detail_004_kani=true&JigyosyoCd=3810128722-00&ServiceCd=430&Type=search", "url2": "http://seikyo.ehime-med.or.jp/" }, "geometry": { "type": "Point", "coordinates": [ 132.798375, 33.8086813 ] } },
{ "type": "Feature", "properties": { "内容": "（居宅介護支援事業所）　久野内科【居宅介護支援】愛媛県松山市此花町7番24", "url": "https://www.kaigokensaku.mhlw.go.jp/38/index.php?action_kouhyou_detail_004_kani=true&JigyosyoCd=3810128862-00&ServiceCd=430&Type=search", "url2": "http://nttbj.itp.ne.jp/0899325567/index.html" }, "geometry": { "type": "Point", "coordinates": [ 132.7789275329269, 33.841314456348513 ] } },
{ "type": "Feature", "properties": { "内容": "訪問看護ステーション愛媛【居宅介護支援】愛媛県松山市道後町2丁目11－14", "url": "https://www.kaigokensaku.mhlw.go.jp/38/index.php?action_kouhyou_detail_004_kani=true&JigyosyoCd=3860190135-00&ServiceCd=430&Type=search", "url2": "https://www.nursing-ehime.or.jp/" }, "geometry": { "type": "Point", "coordinates": [ 132.782046, 33.8496122 ] } },
{ "type": "Feature", "properties": { "内容": "ケアサポートまつやま【居宅介護支援】愛媛県松山市来住町1057番地1", "url": "https://www.kaigokensaku.mhlw.go.jp/38/index.php?action_kouhyou_detail_004_kani=true&JigyosyoCd=3870100041-00&ServiceCd=430&Type=search", "url2": "http://www.cross-service.co.jp" }, "geometry": { "type": "Point", "coordinates": [ 132.798191699999961, 33.8037957 ] } },
{ "type": "Feature", "properties": { "内容": "指定居宅介護支援事業所幸富久荘【居宅介護支援】愛媛県松山市富久町412-1", "url": "https://www.kaigokensaku.mhlw.go.jp/38/index.php?action_kouhyou_detail_004_kani=true&JigyosyoCd=3870100058-00&ServiceCd=430&Type=search", "url2": "https://dousinkai.jp/" }, "geometry": { "type": "Point", "coordinates": [ 132.725067800000033, 33.8197919 ] } },
{ "type": "Feature", "properties": { "内容": "医療法人愛光会指定居宅介護支援事業所【居宅介護支援】愛媛県松山市築山町7番11号", "url": "https://www.kaigokensaku.mhlw.go.jp/38/index.php?action_kouhyou_detail_004_kani=true&JigyosyoCd=3870100082-00&ServiceCd=430&Type=search", "url2": null }, "geometry": { "type": "Point", "coordinates": [ 132.778096299999987, 33.838305100000021 ] } },
{ "type": "Feature", "properties": { "内容": "指定居宅介護支援事業所　梅本の里【居宅介護支援】愛媛県松山市水泥町961番地", "url": "https://www.kaigokensaku.mhlw.go.jp/38/index.php?action_kouhyou_detail_004_kani=true&JigyosyoCd=3870100090-00&ServiceCd=430&Type=search", "url2": "http://www.umemotonosatocom//" }, "geometry": { "type": "Point", "coordinates": [ 132.832594100000051, 33.806143 ] } },
{ "type": "Feature", "properties": { "内容": "居宅介護支援事業所　栗林【居宅介護支援】愛媛県松山市溝辺町甲331番地", "url": "https://www.kaigokensaku.mhlw.go.jp/38/index.php?action_kouhyou_detail_004_kani=true&JigyosyoCd=3870100140-00&ServiceCd=430&Type=search", "url2": "http://www.kuribayashihospital.com/" }, "geometry": { "type": "Point", "coordinates": [ 132.806876500000044, 33.8463356 ] } },
{ "type": "Feature", "properties": { "内容": "居宅介護支援事業所松山市医師会【居宅介護支援】愛媛県松山市柳井町2丁目85番地", "url": "https://www.kaigokensaku.mhlw.go.jp/38/index.php?action_kouhyou_detail_004_kani=true&JigyosyoCd=3870100157-00&ServiceCd=430&Type=search", "url2": "https://www.matsuyama.ehime.med.or.jp/services/kyotaku_d.html" }, "geometry": { "type": "Point", "coordinates": [ 132.768760765081765, 33.832517814083054 ] } },
{ "type": "Feature", "properties": { "内容": "居宅介護支援事業所　鷹の子病院・たかのこ館【居宅介護支援】愛媛県松山市鷹子町525番地1", "url": "https://www.kaigokensaku.mhlw.go.jp/38/index.php?action_kouhyou_detail_004_kani=true&JigyosyoCd=3870100207-00&ServiceCd=430&Type=search", "url2": "http://takanoko-hsp.jp/dokuritsu/kyotakukaigo.html" }, "geometry": { "type": "Point", "coordinates": [ 132.815528800000038, 33.8133531 ] } },
{ "type": "Feature", "properties": { "内容": "貞本病院居宅介護支援事業所【居宅介護支援】愛媛県松山市竹原町1丁目4番地2", "url": "https://www.kaigokensaku.mhlw.go.jp/38/index.php?action_kouhyou_detail_004_kani=true&JigyosyoCd=3870100215-00&ServiceCd=430&Type=search", "url2": "sadamoto-hsp.jp" }, "geometry": { "type": "Point", "coordinates": [ 132.754825546047073, 33.83341977302149 ] } },
{ "type": "Feature", "properties": { "内容": "在宅介護支援センター安寿荘【居宅介護支援】愛媛県松山市安城寺町1427番地1", "url": "https://www.kaigokensaku.mhlw.go.jp/38/index.php?action_kouhyou_detail_004_kani=true&JigyosyoCd=3870100249-00&ServiceCd=430&Type=search", "url2": "http://anju-kai.jp" }, "geometry": { "type": "Point", "coordinates": [ 132.737071225797251, 33.884952397313278 ] } },
{ "type": "Feature", "properties": { "内容": "指定居宅介護支援事業所ハピネス椿【居宅介護支援】愛媛県松山市今在家3丁目9番29号", "url": "https://www.kaigokensaku.mhlw.go.jp/38/index.php?action_kouhyou_detail_004_kani=true&JigyosyoCd=3870100264-00&ServiceCd=430&Type=search", "url2": "https://www.kawahara-cln.jp" }, "geometry": { "type": "Point", "coordinates": [ 132.7936588, 33.8048706 ] } },
{ "type": "Feature", "properties": { "内容": "居宅介護支援たちばな事業所【居宅介護支援】愛媛県松山市立花五丁目1番53号", "url": "https://www.kaigokensaku.mhlw.go.jp/38/index.php?action_kouhyou_detail_004_kani=true&JigyosyoCd=3870100272-00&ServiceCd=430&Type=search", "url2": "http://www.care-sp-sc@kyowahp.com" }, "geometry": { "type": "Point", "coordinates": [ 132.772019199999932, 33.8274896 ] } },
{ "type": "Feature", "properties": { "内容": "在宅介護支援センター福角の里【居宅介護支援】愛媛県松山市福角町乙69-1", "url": "https://www.kaigokensaku.mhlw.go.jp/38/index.php?action_kouhyou_detail_004_kani=true&JigyosyoCd=3870100280-00&ServiceCd=430&Type=search", "url2": "http://www.fukuzumi-hp.jp" }, "geometry": { "type": "Point", "coordinates": [ 132.766895344180313, 33.90491662537066 ] } },
{ "type": "Feature", "properties": { "内容": "居宅介護支援事業所ていれぎ荘【居宅介護支援】愛媛県松山市水泥町405番地1", "url": "https://www.kaigokensaku.mhlw.go.jp/38/index.php?action_kouhyou_detail_004_kani=true&JigyosyoCd=3870100330-00&ServiceCd=430&Type=search", "url2": "https://www.jikoukai-ehime.or.jp/teiregisou/" }, "geometry": { "type": "Point", "coordinates": [ 132.8221062, 33.8009655 ] } },
{ "type": "Feature", "properties": { "内容": "居宅介護支援事業所　　やわらぎ【居宅介護支援】美沢1丁目10番38号", "url": "https://www.kaigokensaku.mhlw.go.jp/38/index.php?action_kouhyou_detail_004_kani=true&JigyosyoCd=3870100371-00&ServiceCd=430&Type=search", "url2": "https://www.souseikai.jp/" }, "geometry": { "type": "Point", "coordinates": [ 132.750706862565607, 33.850411775205295 ] } },
{ "type": "Feature", "properties": { "内容": "南高井居宅介護支援事業所【居宅介護支援】愛媛県松山市南高井町320番地1", "url": "https://www.kaigokensaku.mhlw.go.jp/38/index.php?action_kouhyou_detail_004_kani=true&JigyosyoCd=3870100389-00&ServiceCd=430&Type=search", "url2": "http://www.tensinkai.or.jp" }, "geometry": { "type": "Point", "coordinates": [ 132.824575500000037, 33.7880282 ] } },
{ "type": "Feature", "properties": { "内容": "済生会にぎたつ苑【居宅介護支援】愛媛県松山市山西町841-1", "url": "https://www.kaigokensaku.mhlw.go.jp/38/index.php?action_kouhyou_detail_004_kani=true&JigyosyoCd=3870100439-00&ServiceCd=430&Type=search", "url2": "http://www.nigitatsu.saiseikai.or.jp" }, "geometry": { "type": "Point", "coordinates": [ 132.728320199999985, 33.8507577 ] } },
{ "type": "Feature", "properties": { "内容": "指定居宅介護支援事業所第二権現荘【居宅介護支援】愛媛県松山市権現町甲639番地1", "url": "https://www.kaigokensaku.mhlw.go.jp/38/index.php?action_kouhyou_detail_004_kani=true&JigyosyoCd=3870100454-00&ServiceCd=430&Type=search", "url2": "https://www.gongensou.or.jp/04/" }, "geometry": { "type": "Point", "coordinates": [ 132.770545822259493, 33.895358986215399 ] } },
{ "type": "Feature", "properties": { "内容": "アトムケアサポート【居宅介護支援】愛媛県松山市天山二丁目４番17号", "url": "https://www.kaigokensaku.mhlw.go.jp/38/index.php?action_kouhyou_detail_004_kani=true&JigyosyoCd=3870100470-00&ServiceCd=430&Type=search", "url2": "https://www.atomgroup.jp/npo/list.html" }, "geometry": { "type": "Point", "coordinates": [ 132.777317213491841, 33.81847761045703 ] } },
{ "type": "Feature", "properties": { "内容": "済生会介護支援センター姫原【居宅介護支援】愛媛県松山市姫原1丁目1656番地", "url": "https://www.kaigokensaku.mhlw.go.jp/38/index.php?action_kouhyou_detail_004_kani=true&JigyosyoCd=3870100769-00&ServiceCd=430&Type=search", "url2": "http://www.himebara-saiseikai.jp/" }, "geometry": { "type": "Point", "coordinates": [ 132.764669700000013, 33.8677123 ] } },
{ "type": "Feature", "properties": { "内容": "コープえひめ居宅介護支援事業所松山【居宅介護支援】愛媛県松山市朝生田町三丁目1番18号", "url": "https://www.kaigokensaku.mhlw.go.jp/38/index.php?action_kouhyou_detail_004_kani=true&JigyosyoCd=3870101395-00&ServiceCd=430&Type=search", "url2": "http://www.coopehime.or.jp/" }, "geometry": { "type": "Point", "coordinates": [ 132.767770993781937, 33.822154132529207 ] } },
{ "type": "Feature", "properties": { "内容": "ミネルワ居宅介護支援事業所【居宅介護支援】愛媛県松山市高岡町301番地1", "url": "https://www.kaigokensaku.mhlw.go.jp/38/index.php?action_kouhyou_detail_004_kani=true&JigyosyoCd=3870101882-00&ServiceCd=430&Type=search", "url2": "http://www.mineruwa.jp/" }, "geometry": { "type": "Point", "coordinates": [ 132.7226346, 33.8266076 ] } },
{ "type": "Feature", "properties": { "内容": "指定居宅介護支援事業所おあしす【居宅介護支援】愛媛県松山市北久米町１００４番地７", "url": "https://www.kaigokensaku.mhlw.go.jp/38/index.php?action_kouhyou_detail_004_kani=true&JigyosyoCd=3870101957-00&ServiceCd=430&Type=search", "url2": "http://www.oasis-care.jp/" }, "geometry": { "type": "Point", "coordinates": [ 132.791192300000034, 33.8149222 ] } },
{ "type": "Feature", "properties": { "内容": "アユーラ居宅介護支援事業所【居宅介護支援】愛媛県松山市日の出町10-80アユーラステーション松山", "url": "https://www.kaigokensaku.mhlw.go.jp/38/index.php?action_kouhyou_detail_004_kani=true&JigyosyoCd=3870102070-00&ServiceCd=430&Type=search", "url2": "http://www.ayurastation-matsuyama.jp/" }, "geometry": { "type": "Point", "coordinates": [ 132.783802986508107, 33.837849561811623 ] } },
{ "type": "Feature", "properties": { "内容": "指定居宅サービス事業所　安信【居宅介護支援】愛媛県山越2丁目10-11グランシェル101", "url": "https://www.kaigokensaku.mhlw.go.jp/38/index.php?action_kouhyou_detail_004_kani=true&JigyosyoCd=3870102237-00&ServiceCd=430&Type=search", "url2": "http://m-anshin.com/" }, "geometry": { "type": "Point", "coordinates": [ 132.753477133761038, 33.860391520465967 ] } },
{ "type": "Feature", "properties": { "内容": "居宅介護支援事業所明星【居宅介護支援】愛媛県松山市井門町462番地1", "url": "https://www.kaigokensaku.mhlw.go.jp/38/index.php?action_kouhyou_detail_004_kani=true&JigyosyoCd=3870102377-00&ServiceCd=430&Type=search", "url2": null }, "geometry": { "type": "Point", "coordinates": [ 132.784870800000022, 33.8001404 ] } },
{ "type": "Feature", "properties": { "内容": "指定居宅介護支援事業所ふくい【居宅介護支援】愛媛県松山市高井町795-1", "url": "https://www.kaigokensaku.mhlw.go.jp/38/index.php?action_kouhyou_detail_004_kani=true&JigyosyoCd=3870102435-00&ServiceCd=430&Type=search", "url2": "http://www.fukui-g.com/fukui_clinic" }, "geometry": { "type": "Point", "coordinates": [ 132.814443, 33.7966937 ] } },
{ "type": "Feature", "properties": { "内容": "居宅介護支援事業所和光苑【居宅介護支援】愛媛県松山市井門町1099番地", "url": "https://www.kaigokensaku.mhlw.go.jp/38/index.php?action_kouhyou_detail_004_kani=true&JigyosyoCd=3870102468-00&ServiceCd=430&Type=search", "url2": "http://wakouen.okoshi-yasu.com" }, "geometry": { "type": "Point", "coordinates": [ 132.777135600000065, 33.796821 ] } },
{ "type": "Feature", "properties": { "内容": "居宅介護支援事業所コスモス【居宅介護支援】愛媛県松山市別府町444-1", "url": "https://www.kaigokensaku.mhlw.go.jp/38/index.php?action_kouhyou_detail_004_kani=true&JigyosyoCd=3870102591-00&ServiceCd=430&Type=search", "url2": "http://tampopo-clinic.com" }, "geometry": { "type": "Point", "coordinates": [ 132.7226541, 33.8443361 ] } },
{ "type": "Feature", "properties": { "内容": "居宅介護支援事業所垣生あいじゅ【居宅介護支援】愛媛県松山市東垣生町277番地介護老人保健施設　垣生あいじゅ", "url": "https://www.kaigokensaku.mhlw.go.jp/38/index.php?action_kouhyou_detail_004_kani=true&JigyosyoCd=3870102633-00&ServiceCd=430&Type=search", "url2": "http://www.aijukai-group.com/" }, "geometry": { "type": "Point", "coordinates": [ 132.70954729999994, 33.8108676 ] } },
{ "type": "Feature", "properties": { "内容": "指定居宅介護支援事業所　おくじま【居宅介護支援】道後町２丁目２番１号", "url": "https://www.kaigokensaku.mhlw.go.jp/38/index.php?action_kouhyou_detail_004_kani=true&JigyosyoCd=3870102831-00&ServiceCd=430&Type=search", "url2": "http://www.okujima-hospital.com" }, "geometry": { "type": "Point", "coordinates": [ 132.782760275532496, 33.848050488679945 ] } },
{ "type": "Feature", "properties": { "内容": "居宅介護支援事業所とかじ【居宅介護支援】愛媛県松山市味酒町1丁目9番地15", "url": "https://www.kaigokensaku.mhlw.go.jp/38/index.php?action_kouhyou_detail_004_kani=true&JigyosyoCd=3870102856-00&ServiceCd=430&Type=search", "url2": "http://www.carecenter-tokaji.co.jp/" }, "geometry": { "type": "Point", "coordinates": [ 132.756037200000037, 33.842129 ] } },
{ "type": "Feature", "properties": { "内容": "ベストケア株式会社居宅介護支援事業所【居宅介護支援】愛媛県松山市山越５丁目９番６号", "url": "https://www.kaigokensaku.mhlw.go.jp/38/index.php?action_kouhyou_detail_004_kani=true&JigyosyoCd=3870103219-00&ServiceCd=430&Type=search", "url2": "http://www.best-care.jp/" }, "geometry": { "type": "Point", "coordinates": [ 132.7505655, 33.859749 ] } },
{ "type": "Feature", "properties": { "内容": "居宅介護支援事業所　あゆみ【居宅介護支援】愛媛県松山市北斎院町４０２－４", "url": "https://www.kaigokensaku.mhlw.go.jp/38/index.php?action_kouhyou_detail_004_kani=true&JigyosyoCd=3870103326-00&ServiceCd=430&Type=search", "url2": null }, "geometry": { "type": "Point", "coordinates": [ 132.7295729, 33.8381565 ] } },
{ "type": "Feature", "properties": { "内容": "居宅介護支援事業所　よかよか倶楽部【居宅介護支援】愛媛県松山市築山町8-3　サン・アルテ藤", "url": "https://www.kaigokensaku.mhlw.go.jp/38/index.php?action_kouhyou_detail_004_kani=true&JigyosyoCd=3870103847-00&ServiceCd=430&Type=search", "url2": "https://www.yokayoka-club.com/" }, "geometry": { "type": "Point", "coordinates": [ 132.7790685, 33.8381468 ] } },
{ "type": "Feature", "properties": { "内容": "ＪＡえひめ中央居宅介護支援事業所【居宅介護支援】愛媛県松山市千舟町8丁目128番地1", "url": "https://www.kaigokensaku.mhlw.go.jp/38/index.php?action_kouhyou_detail_004_kani=true&JigyosyoCd=3870103888-00&ServiceCd=430&Type=search", "url2": "kyotaku@ja-e-chuo.or.jp" }, "geometry": { "type": "Point", "coordinates": [ 132.752051400000028, 33.8363213 ] } },
{ "type": "Feature", "properties": { "内容": "アシストジャパン松山【居宅介護支援】愛媛県松山市南高井町1817番地1", "url": "https://www.kaigokensaku.mhlw.go.jp/38/index.php?action_kouhyou_detail_004_kani=true&JigyosyoCd=3870103987-00&ServiceCd=430&Type=search", "url2": "http://www.assistjapan.com" }, "geometry": { "type": "Point", "coordinates": [ 132.806285399999979, 33.790386 ] } },
{ "type": "Feature", "properties": { "内容": "居宅介護支援事業所愛と心えひめ【居宅介護支援】愛媛県松山市末町甲9-1", "url": "https://www.kaigokensaku.mhlw.go.jp/38/index.php?action_kouhyou_detail_004_kani=true&JigyosyoCd=3870104019-00&ServiceCd=430&Type=search", "url2": "https://aitokokoroehime.com/" }, "geometry": { "type": "Point", "coordinates": [ 132.81804360000001, 33.862592700000015 ] } },
{ "type": "Feature", "properties": { "内容": "ベテルケアプランセンター【居宅介護支援】愛媛県松山市祝谷6丁目1229番地", "url": "https://www.kaigokensaku.mhlw.go.jp/38/index.php?action_kouhyou_detail_004_kani=true&JigyosyoCd=3870104134-00&ServiceCd=430&Type=search", "url2": "https://www.bethel.or.jp" }, "geometry": { "type": "Point", "coordinates": [ 132.7728773, 33.8635992 ] } },
{ "type": "Feature", "properties": { "内容": "有限会社エーゼル【居宅介護支援】愛媛県松山市清水町1丁目8-14得松マンション１０３号", "url": "https://www.kaigokensaku.mhlw.go.jp/38/index.php?action_kouhyou_detail_004_kani=true&JigyosyoCd=3870104233-00&ServiceCd=430&Type=search", "url2": null }, "geometry": { "type": "Point", "coordinates": [ 132.763561500000037, 33.8505393 ] } },
{ "type": "Feature", "properties": { "内容": "居宅介護支援事業所サンリベラル道後【居宅介護支援】末町５６番地１", "url": "https://www.kaigokensaku.mhlw.go.jp/38/index.php?action_kouhyou_detail_004_kani=true&JigyosyoCd=3870104498-00&ServiceCd=430&Type=search", "url2": "http://www.sunliberal.com/" }, "geometry": { "type": "Point", "coordinates": [ 132.81876120000004, 33.8630062 ] } },
{ "type": "Feature", "properties": { "内容": "パル・サポート　ケアプランセンター【居宅介護支援】愛媛県松山市越智三丁目3番29号アイリス大英越智　１F　A号", "url": "https://www.kaigokensaku.mhlw.go.jp/38/index.php?action_kouhyou_detail_004_kani=true&JigyosyoCd=3870104589-00&ServiceCd=430&Type=search", "url2": null }, "geometry": { "type": "Point", "coordinates": [ 132.7812712, 33.8087727 ] } },
{ "type": "Feature", "properties": { "内容": "ＭＭＣドリームサービス【居宅介護支援】松山市大手町二丁目7番地7", "url": "https://www.kaigokensaku.mhlw.go.jp/38/index.php?action_kouhyou_detail_004_kani=true&JigyosyoCd=3870104696-00&ServiceCd=430&Type=search", "url2": "https://mmcdreamservice.jimdo.com/" }, "geometry": { "type": "Point", "coordinates": [ 132.754834499999987, 33.839682 ] } },
{ "type": "Feature", "properties": { "内容": "指定居宅介護支援事業所　空【居宅介護支援】愛媛県松山市和泉北1丁目1番９号Ｍ＆Ｐハウス３０１号", "url": "https://www.kaigokensaku.mhlw.go.jp/38/index.php?action_kouhyou_detail_004_kani=true&JigyosyoCd=3870104837-00&ServiceCd=430&Type=search", "url2": null }, "geometry": { "type": "Point", "coordinates": [ 132.76010854311312, 33.822327081322875 ] } },
{ "type": "Feature", "properties": { "内容": "居宅介護支援事業所あおいほし【居宅介護支援】愛媛県松山市古川北一丁目２２番２２号", "url": "https://www.kaigokensaku.mhlw.go.jp/38/index.php?action_kouhyou_detail_004_kani=true&JigyosyoCd=3870105503-00&ServiceCd=430&Type=search", "url2": null }, "geometry": { "type": "Point", "coordinates": [ 132.762648200000058, 33.8150797 ] } },
{ "type": "Feature", "properties": { "内容": "指定居宅介護支援事業所ビハーラ【居宅介護支援】愛媛県松山市安城寺町524番地", "url": "https://www.kaigokensaku.mhlw.go.jp/38/index.php?action_kouhyou_detail_004_kani=true&JigyosyoCd=3870105883-00&ServiceCd=430&Type=search", "url2": "http://vihara.or.jp" }, "geometry": { "type": "Point", "coordinates": [ 132.740566400000034, 33.8744665 ] } },
{ "type": "Feature", "properties": { "内容": "愛媛リハビリ居宅介護支援センター【居宅介護支援】愛媛県松山市中野町甲366番地1", "url": "https://www.kaigokensaku.mhlw.go.jp/38/index.php?action_kouhyou_detail_004_kani=true&JigyosyoCd=3870105974-00&ServiceCd=430&Type=search", "url2": "http://www5e.biglobe.ne.jp/~e-rehab/" }, "geometry": { "type": "Point", "coordinates": [ 132.826670510450754, 33.77855246388966 ] } },
{ "type": "Feature", "properties": { "内容": "居宅介護支援事業所　ひめやま【居宅介護支援】愛媛県松山市山越３丁目５番２４号", "url": "https://www.kaigokensaku.mhlw.go.jp/38/index.php?action_kouhyou_detail_004_kani=true&JigyosyoCd=3870106097-00&ServiceCd=430&Type=search", "url2": "http://www" }, "geometry": { "type": "Point", "coordinates": [ 132.759475800000018, 33.8601353 ] } },
{ "type": "Feature", "properties": { "内容": "社会福祉法人恩賜財団済生会　松山特別養護老人ホーム在宅介護サービス【居宅介護支援】松山市久万ノ台1717番地", "url": "https://www.kaigokensaku.mhlw.go.jp/38/index.php?action_kouhyou_detail_004_kani=true&JigyosyoCd=3870106378-00&ServiceCd=430&Type=search", "url2": "http://www.m-tokuro.com" }, "geometry": { "type": "Point", "coordinates": [ 132.735425200000037, 33.861626 ] } },
{ "type": "Feature", "properties": { "内容": "居宅介護支援事業所　桃実【居宅介護支援】愛媛県松山市古川北一丁目２２番７号", "url": "https://www.kaigokensaku.mhlw.go.jp/38/index.php?action_kouhyou_detail_004_kani=true&JigyosyoCd=3870106576-00&ServiceCd=430&Type=search", "url2": null }, "geometry": { "type": "Point", "coordinates": [ 132.7624677, 33.8148658 ] } },
{ "type": "Feature", "properties": { "内容": "居宅介護支援事業所ほわいと【居宅介護支援】愛媛県松山市中村3丁目1-9", "url": "https://www.kaigokensaku.mhlw.go.jp/38/index.php?action_kouhyou_detail_004_kani=true&JigyosyoCd=3870106626-00&ServiceCd=430&Type=search", "url2": "http://www.kaigohowaito.jp" }, "geometry": { "type": "Point", "coordinates": [ 132.778646561268488, 33.830102978433246 ] } },
{ "type": "Feature", "properties": { "内容": "居宅介護支援事業所みかん【居宅介護支援】愛媛県松山市久万ノ台1206番地2", "url": "https://www.kaigokensaku.mhlw.go.jp/38/index.php?action_kouhyou_detail_004_kani=true&JigyosyoCd=3870106816-00&ServiceCd=430&Type=search", "url2": "http://kaigomikan.web.fc2.com/" }, "geometry": { "type": "Point", "coordinates": [ 132.74392039717614, 33.857743303720568 ] } },
{ "type": "Feature", "properties": { "内容": "指定居宅介護支援事業所一歩【居宅介護支援】愛媛県平和通一丁目３番１１", "url": "https://www.kaigokensaku.mhlw.go.jp/38/index.php?action_kouhyou_detail_004_kani=true&JigyosyoCd=3870106832-00&ServiceCd=430&Type=search", "url2": "http://www.npo-shiinomi.com/" }, "geometry": { "type": "Point", "coordinates": [ 132.772096899999951, 33.8472233 ] } },
{ "type": "Feature", "properties": { "内容": "松山城東病院　指定居宅介護支援事業所【居宅介護支援】愛媛県松山市松末2丁目19番36号", "url": "https://www.kaigokensaku.mhlw.go.jp/38/index.php?action_kouhyou_detail_004_kani=true&JigyosyoCd=3870106881-00&ServiceCd=430&Type=search", "url2": "https://joto-hspital.jp" }, "geometry": { "type": "Point", "coordinates": [ 132.788223199999948, 33.8270373 ] } },
{ "type": "Feature", "properties": { "内容": "居宅介護支援事業所ふゅうちゃあ【居宅介護支援】松山市大可賀２丁目８－３４", "url": "https://www.kaigokensaku.mhlw.go.jp/38/index.php?action_kouhyou_detail_004_kani=true&JigyosyoCd=3870107012-00&ServiceCd=430&Type=search", "url2": "http://day-future.com/" }, "geometry": { "type": "Point", "coordinates": [ 132.713841399999978, 33.8534375 ] } },
{ "type": "Feature", "properties": { "内容": "居宅介護支援事業所なかじま【居宅介護支援】松山市中島大浦3081番地1", "url": "https://www.kaigokensaku.mhlw.go.jp/38/index.php?action_kouhyou_detail_004_kani=true&JigyosyoCd=3870107038-00&ServiceCd=430&Type=search", "url2": "http://yuhokai.net/nakajima-tyu_hsp/" }, "geometry": { "type": "Point", "coordinates": [ 132.6271832, 33.9723967 ] } },
{ "type": "Feature", "properties": { "内容": "居宅介護支援事業所かりん【居宅介護支援】愛媛県松山市若葉町4番27号", "url": "https://www.kaigokensaku.mhlw.go.jp/38/index.php?action_kouhyou_detail_004_kani=true&JigyosyoCd=3870107103-00&ServiceCd=430&Type=search", "url2": "http:www.ikiiki-wakaba.com" }, "geometry": { "type": "Point", "coordinates": [ 132.717024809262085, 33.855681526181193 ] } },
{ "type": "Feature", "properties": { "内容": "居宅介護支援事業所　ひがし野【居宅介護支援】愛媛県松山市石手２丁目５番１１号", "url": "https://www.kaigokensaku.mhlw.go.jp/38/index.php?action_kouhyou_detail_004_kani=true&JigyosyoCd=3870107269-00&ServiceCd=430&Type=search", "url2": "http://www.higashino-group.com/" }, "geometry": { "type": "Point", "coordinates": [ 132.797156641385527, 33.845954737751399 ] } },
{ "type": "Feature", "properties": { "内容": "居宅介護支援事業所　花ぐみ【居宅介護支援】松山市保免西二丁目３番１０号プレアール保免西", "url": "https://www.kaigokensaku.mhlw.go.jp/38/index.php?action_kouhyou_detail_004_kani=true&JigyosyoCd=3870107327-00&ServiceCd=430&Type=search", "url2": null }, "geometry": { "type": "Point", "coordinates": [ 132.742038800000046, 33.8157984 ] } },
{ "type": "Feature", "properties": { "内容": "ユーミーケア松山【居宅介護支援】愛媛県松山市鷹子町４０３－１", "url": "https://www.kaigokensaku.mhlw.go.jp/38/index.php?action_kouhyou_detail_004_kani=true&JigyosyoCd=3870107483-00&ServiceCd=430&Type=search", "url2": "http://you-me-care.co.jp/" }, "geometry": { "type": "Point", "coordinates": [ 132.819142400000032, 33.8122922 ] } },
{ "type": "Feature", "properties": { "内容": "株式会社　愛あい【居宅介護支援】松ノ木1丁目1-14", "url": "https://www.kaigokensaku.mhlw.go.jp/38/index.php?action_kouhyou_detail_004_kani=true&JigyosyoCd=3870107491-00&ServiceCd=430&Type=search", "url2": null }, "geometry": { "type": "Point", "coordinates": [ 132.721968100000026, 33.8706524 ] } },
{ "type": "Feature", "properties": { "内容": "居宅介護支援事業所　ウェルケア高浜【居宅介護支援】愛媛県松山市松ノ木2丁目789番地", "url": "https://www.kaigokensaku.mhlw.go.jp/38/index.php?action_kouhyou_detail_004_kani=true&JigyosyoCd=3870107616-00&ServiceCd=430&Type=search", "url2": "http://kikuju.or.jp/" }, "geometry": { "type": "Point", "coordinates": [ 132.720373900000027, 33.8735853 ] } },
{ "type": "Feature", "properties": { "内容": "居宅介護支援事業所　こもだ【居宅介護支援】愛媛県松山市姫原１丁目8-33", "url": "https://www.kaigokensaku.mhlw.go.jp/38/index.php?action_kouhyou_detail_004_kani=true&JigyosyoCd=3870107756-00&ServiceCd=430&Type=search", "url2": null }, "geometry": { "type": "Point", "coordinates": [ 132.762142199999971, 33.8674289 ] } },
{ "type": "Feature", "properties": { "内容": "居宅介護支援事業所　アップル【居宅介護支援】愛媛県松山市古三津４丁目６２５番地", "url": "https://www.kaigokensaku.mhlw.go.jp/38/index.php?action_kouhyou_detail_004_kani=true&JigyosyoCd=3870108291-00&ServiceCd=430&Type=search", "url2": "http://www.mitsuseikei.jp/apple/" }, "geometry": { "type": "Point", "coordinates": [ 132.73045060000004, 33.8554322 ] } },
{ "type": "Feature", "properties": { "内容": "居宅介護支援事業所　エフ【居宅介護支援】松山市中村3丁目3－4中村ビル202号", "url": "https://www.kaigokensaku.mhlw.go.jp/38/index.php?action_kouhyou_detail_004_kani=true&JigyosyoCd=3870108317-00&ServiceCd=430&Type=search", "url2": null }, "geometry": { "type": "Point", "coordinates": [ 132.776668554314114, 33.830065274633327 ] } },
{ "type": "Feature", "properties": { "内容": "ジェネシス居宅介護支援センター【居宅介護支援】愛媛県松山市山越四丁目5番35号河上ビル１階", "url": "https://www.kaigokensaku.mhlw.go.jp/38/index.php?action_kouhyou_detail_004_kani=true&JigyosyoCd=3870108325-00&ServiceCd=430&Type=search", "url2": "http://genesis21.sakura.ne.jp/kaigogenesis/" }, "geometry": { "type": "Point", "coordinates": [ 132.758961429058701, 33.863453018454742 ] } },
{ "type": "Feature", "properties": { "内容": "セントケア松山【居宅介護支援】愛媛県松山市古三津２丁目20-1", "url": "https://www.kaigokensaku.mhlw.go.jp/38/index.php?action_kouhyou_detail_004_kani=true&JigyosyoCd=3870108408-00&ServiceCd=430&Type=search", "url2": null }, "geometry": { "type": "Point", "coordinates": [ 132.728028438362117, 33.861180547832134 ] } },
{ "type": "Feature", "properties": { "内容": "居宅介護支援事業所　こもれび【居宅介護支援】松山市立花3丁目3番18号ﾊｰﾓﾆｰｶﾞｰﾃﾞﾝ", "url": "https://www.kaigokensaku.mhlw.go.jp/38/index.php?action_kouhyou_detail_004_kani=true&JigyosyoCd=3870108424-00&ServiceCd=430&Type=search", "url2": "Ｈhttp://ｇｒｅｅｎｈｅａｌｔｈ．ｊｐ/" }, "geometry": { "type": "Point", "coordinates": [ 132.773905673016287, 33.826081394044728 ] } },
{ "type": "Feature", "properties": { "内容": "ＮＰＯ法人　陽だまりの樹　居宅介護支援事業所【居宅介護支援】愛媛県松山市余戸南3丁目3-2", "url": "https://www.kaigokensaku.mhlw.go.jp/38/index.php?action_kouhyou_detail_004_kani=true&JigyosyoCd=3870108523-00&ServiceCd=430&Type=search", "url2": null }, "geometry": { "type": "Point", "coordinates": [ 132.729825900000037, 33.807724 ] } },
{ "type": "Feature", "properties": { "内容": "トーカイ居宅介護支援事業所松山【居宅介護支援】愛媛県松山市南久米町１１０番地", "url": "https://www.kaigokensaku.mhlw.go.jp/38/index.php?action_kouhyou_detail_004_kani=true&JigyosyoCd=3870108580-00&ServiceCd=430&Type=search", "url2": null }, "geometry": { "type": "Point", "coordinates": [ 132.801049599999942, 33.8190191 ] } },
{ "type": "Feature", "properties": { "内容": "居宅介護支援事業所ゆい【居宅介護支援】愛媛県松山市馬木町2251番地2", "url": "https://www.kaigokensaku.mhlw.go.jp/38/index.php?action_kouhyou_detail_004_kani=true&JigyosyoCd=3870109059-00&ServiceCd=430&Type=search", "url2": "http://yui-cm.wix.com/architect-co-jp" }, "geometry": { "type": "Point", "coordinates": [ 132.745546875827046, 33.891534247363715 ] } },
{ "type": "Feature", "properties": { "内容": "居宅介護支援事業所　かな【居宅介護支援】愛媛県松山市桑原6丁目5番8号", "url": "https://www.kaigokensaku.mhlw.go.jp/38/index.php?action_kouhyou_detail_004_kani=true&JigyosyoCd=3870109208-00&ServiceCd=430&Type=search", "url2": null }, "geometry": { "type": "Point", "coordinates": [ 132.7888815, 33.8321895 ] } },
{ "type": "Feature", "properties": { "内容": "居宅介護支援事業所スィンク【居宅介護支援】松山市古三津2丁目7-17パルメゾン古三津102号", "url": "https://www.kaigokensaku.mhlw.go.jp/38/index.php?action_kouhyou_detail_004_kani=true&JigyosyoCd=3870109240-00&ServiceCd=430&Type=search", "url2": null }, "geometry": { "type": "Point", "coordinates": [ 132.728045299999962, 33.8585068 ] } },
{ "type": "Feature", "properties": { "内容": "居宅介護支援事業所　愛音【居宅介護支援】愛媛県松山市永木町二丁目１番地２５　シティらいふ石手川１０階", "url": "https://www.kaigokensaku.mhlw.go.jp/38/index.php?action_kouhyou_detail_004_kani=true&JigyosyoCd=3870109315-00&ServiceCd=430&Type=search", "url2": "https://www.aine-kaigo.com/" }, "geometry": { "type": "Point", "coordinates": [ 132.775042900000017, 33.835502900000016 ] } },
{ "type": "Feature", "properties": { "内容": "指定居宅介護支援事業所スマイルケア【居宅介護支援】松山市下難波甲６７－３", "url": "https://www.kaigokensaku.mhlw.go.jp/38/index.php?action_kouhyou_detail_004_kani=true&JigyosyoCd=3870109463-00&ServiceCd=430&Type=search", "url2": null }, "geometry": { "type": "Point", "coordinates": [ 132.780433683406073, 33.984445212981363 ] } },
{ "type": "Feature", "properties": { "内容": "居宅介護支援事業所来住【居宅介護支援】愛媛県松山市来住町３６番地", "url": "https://www.kaigokensaku.mhlw.go.jp/38/index.php?action_kouhyou_detail_004_kani=true&JigyosyoCd=3870109653-00&ServiceCd=430&Type=search", "url2": "http://jurakukai.jp/facility-info/kishi" }, "geometry": { "type": "Point", "coordinates": [ 132.806749299999979, 33.8025209 ] } },
{ "type": "Feature", "properties": { "内容": "居宅介護支援事業所　味酒野ていれぎ荘【居宅介護支援】愛媛県松山市衣山5丁目719番地1", "url": "https://www.kaigokensaku.mhlw.go.jp/38/index.php?action_kouhyou_detail_004_kani=true&JigyosyoCd=3870109901-00&ServiceCd=430&Type=search", "url2": null }, "geometry": { "type": "Point", "coordinates": [ 132.735701374066139, 33.8484424661793 ] } },
{ "type": "Feature", "properties": { "内容": "居宅介護支援事業所　まごの手【居宅介護支援】愛媛県松山市中村3丁目1番48号", "url": "https://www.kaigokensaku.mhlw.go.jp/38/index.php?action_kouhyou_detail_004_kani=true&JigyosyoCd=3870110008-00&ServiceCd=430&Type=search", "url2": null }, "geometry": { "type": "Point", "coordinates": [ 132.77930139999998, 33.831167900000025 ] } },
{ "type": "Feature", "properties": { "内容": "居宅介護支援事業所　あいえ【居宅介護支援】愛媛県松山市松末1丁目4－8", "url": "https://www.kaigokensaku.mhlw.go.jp/38/index.php?action_kouhyou_detail_004_kani=true&JigyosyoCd=3870110263-00&ServiceCd=430&Type=search", "url2": null }, "geometry": { "type": "Point", "coordinates": [ 132.789444557672141, 33.826620945442016 ] } },
{ "type": "Feature", "properties": { "内容": "居宅介護支援事業所べーす【居宅介護支援】愛媛県松山市美沢1丁目2-14", "url": "https://www.kaigokensaku.mhlw.go.jp/38/index.php?action_kouhyou_detail_004_kani=true&JigyosyoCd=3870110404-00&ServiceCd=430&Type=search", "url2": null }, "geometry": { "type": "Point", "coordinates": [ 132.748915055158847, 33.848693289691489 ] } },
{ "type": "Feature", "properties": { "内容": "あおぞらの里　森松ケアプランセンター【居宅介護支援】愛媛県松山市森松町301-2", "url": "https://www.kaigokensaku.mhlw.go.jp/38/index.php?action_kouhyou_detail_004_kani=true&JigyosyoCd=3870110487-00&ServiceCd=430&Type=search", "url2": "https://www.cedar-group.co.jp/" }, "geometry": { "type": "Point", "coordinates": [ 132.794711499999949, 33.7905275 ] } },
{ "type": "Feature", "properties": { "内容": "学研ココファン松山大手町【居宅介護支援】愛媛県松山市大手町一丁目4-1", "url": "https://www.kaigokensaku.mhlw.go.jp/38/index.php?action_kouhyou_detail_004_kani=true&JigyosyoCd=3870110503-00&ServiceCd=430&Type=search", "url2": "http://www.cocofump.co.jp/" }, "geometry": { "type": "Point", "coordinates": [ 132.75668031904911, 33.839238608777165 ] } },
{ "type": "Feature", "properties": { "内容": "ケアプランセンター　和【居宅介護支援】愛媛県松山市古川北二丁目1番4号", "url": "https://www.kaigokensaku.mhlw.go.jp/38/index.php?action_kouhyou_detail_004_kani=true&JigyosyoCd=3870110768-00&ServiceCd=430&Type=search", "url2": "http://www.asreyamato.co.jp/com.html" }, "geometry": { "type": "Point", "coordinates": [ 132.767186700000025, 33.8119718 ] } },
{ "type": "Feature", "properties": { "内容": "居宅介護支援事業所　いろり【居宅介護支援】愛媛県松山市立花１丁目12番27号", "url": "https://www.kaigokensaku.mhlw.go.jp/38/index.php?action_kouhyou_detail_004_kani=true&JigyosyoCd=3870110792-00&ServiceCd=430&Type=search", "url2": "https:te-to-te-kaigo.jp/" }, "geometry": { "type": "Point", "coordinates": [ 132.7729385, 33.831403 ] } },
{ "type": "Feature", "properties": { "内容": "居宅介護支援事業所りぼん【居宅介護支援】愛媛県松山市空港通6丁目9-16岡崎第七ビル103号", "url": "https://www.kaigokensaku.mhlw.go.jp/38/index.php?action_kouhyou_detail_004_kani=true&JigyosyoCd=3870110818-00&ServiceCd=430&Type=search", "url2": "https://www.llchashira.jp/" }, "geometry": { "type": "Point", "coordinates": [ 132.732020599999942, 33.8273861 ] } },
{ "type": "Feature", "properties": { "内容": "指定居宅介護支援事業所ルクス【居宅介護支援】愛媛県松山市中村1丁目2番26－1号", "url": "https://www.kaigokensaku.mhlw.go.jp/38/index.php?action_kouhyou_detail_004_kani=true&JigyosyoCd=3870111022-00&ServiceCd=430&Type=search", "url2": "https://ixio/ltd/lucks/" }, "geometry": { "type": "Point", "coordinates": [ 132.778057499999989, 33.834629100000015 ] } },
{ "type": "Feature", "properties": { "内容": "ケアプランオフィスふくのかみ【居宅介護支援】愛媛県松山市空港通四丁目7番1号", "url": "https://www.kaigokensaku.mhlw.go.jp/38/index.php?action_kouhyou_detail_004_kani=true&JigyosyoCd=3870111063-00&ServiceCd=430&Type=search", "url2": "http://www.mitsuwat.co.jp/fukunokami/" }, "geometry": { "type": "Point", "coordinates": [ 132.734947499999947, 33.8288216 ] } },
{ "type": "Feature", "properties": { "内容": "居宅介護支援事業所たいよう【居宅介護支援】愛媛県松山市片山甲１６５", "url": "https://www.kaigokensaku.mhlw.go.jp/38/index.php?action_kouhyou_detail_004_kani=true&JigyosyoCd=3870111147-00&ServiceCd=430&Type=search", "url2": "https://fesrec-japan.com" }, "geometry": { "type": "Point", "coordinates": [ 132.773994339386348, 33.949606428746321 ] } },
{ "type": "Feature", "properties": { "内容": "指定居宅介護支援事業所のもと【居宅介護支援】愛媛県松山市三番町五丁目12番地1", "url": "https://www.kaigokensaku.mhlw.go.jp/38/index.php?action_kouhyou_detail_004_kani=true&JigyosyoCd=3870111188-00&ServiceCd=430&Type=search", "url2": "https://nomotokinenbyouin.jp" }, "geometry": { "type": "Point", "coordinates": [ 132.763819799999965, 33.8385047 ] } },
{ "type": "Feature", "properties": { "内容": "ケアプランセンター歩夢【居宅介護支援】愛媛県松山市南久米町549－1EASTⅡ3階北", "url": "https://www.kaigokensaku.mhlw.go.jp/38/index.php?action_kouhyou_detail_004_kani=true&JigyosyoCd=3870111311-00&ServiceCd=430&Type=search", "url2": "dream-sp.net/" }, "geometry": { "type": "Point", "coordinates": [ 132.797300100000029, 33.8123309 ] } },
{ "type": "Feature", "properties": { "内容": "おふぃす　たけい【居宅介護支援】愛媛県松山市南久米町199番地4", "url": "https://www.kaigokensaku.mhlw.go.jp/38/index.php?action_kouhyou_detail_004_kani=true&JigyosyoCd=3870111709-00&ServiceCd=430&Type=search", "url2": null }, "geometry": { "type": "Point", "coordinates": [ 132.801921799999974, 33.8175387 ] } },
{ "type": "Feature", "properties": { "内容": "居宅介護支援事業所ガリラヤ久米【居宅介護支援】愛媛県松山市久米窪田町667番地1高齢者総合福祉施設ガリラヤ久米", "url": "https://www.kaigokensaku.mhlw.go.jp/38/index.php?action_kouhyou_detail_004_kani=true&JigyosyoCd=3870111733-00&ServiceCd=430&Type=search", "url2": "https://www.galilaya-ailin.com/" }, "geometry": { "type": "Point", "coordinates": [ 132.813531817760435, 33.805872263999646 ] } },
{ "type": "Feature", "properties": { "内容": "居宅介護支援事業所みなみさや【居宅介護支援】愛媛県松山市衣山1丁目236-5久保マンション201号", "url": "https://www.kaigokensaku.mhlw.go.jp/38/index.php?action_kouhyou_detail_004_kani=true&JigyosyoCd=3870111998-00&ServiceCd=430&Type=search", "url2": "https://kyotakuminamisaya.my.canva.site/" }, "geometry": { "type": "Point", "coordinates": [ 132.732206886963695, 33.844392939907415 ] } },
{ "type": "Feature", "properties": { "内容": "ケアプランセンター華桔梗【居宅介護支援】愛媛県松山市南高井町1378番地５介護施設　デイサービス華桔梗", "url": "https://www.kaigokensaku.mhlw.go.jp/38/index.php?action_kouhyou_detail_004_kani=true&JigyosyoCd=3870112137-00&ServiceCd=430&Type=search", "url2": "http://hanakikyo.co.jp/index.html" }, "geometry": { "type": "Point", "coordinates": [ 132.801152600000023, 33.7913331 ] } },
{ "type": "Feature", "properties": { "内容": "居宅介護支援事業所ウェルケア道後【居宅介護支援】愛媛県松山市下伊台町乙129番地9", "url": "https://www.kaigokensaku.mhlw.go.jp/38/index.php?action_kouhyou_detail_004_kani=true&JigyosyoCd=3870112160-00&ServiceCd=430&Type=search", "url2": "http://kikuju.or.jp" }, "geometry": { "type": "Point", "coordinates": [ 132.783177200000011, 33.8738097 ] } },
{ "type": "Feature", "properties": { "内容": "居宅介護支援事業所オリーヴァ【居宅介護支援】愛媛県松山市北斎院町1002-7", "url": "https://www.kaigokensaku.mhlw.go.jp/38/index.php?action_kouhyou_detail_004_kani=true&JigyosyoCd=3870112269-00&ServiceCd=430&Type=search", "url2": null }, "geometry": { "type": "Point", "coordinates": [ 132.727247008963786, 33.835288470518286 ] } },
{ "type": "Feature", "properties": { "内容": "居宅介護支援事業所つぼみ【居宅介護支援】愛媛県松山市春美町2番19号", "url": "https://www.kaigokensaku.mhlw.go.jp/38/index.php?action_kouhyou_detail_004_kani=true&JigyosyoCd=3870112327-00&ServiceCd=430&Type=search", "url2": null }, "geometry": { "type": "Point", "coordinates": [ 132.7232457, 33.869641400000035 ] } },
{ "type": "Feature", "properties": { "内容": "すまいる居宅介護支援事業所【居宅介護支援】愛媛県松山市空港通2丁目13番8号リブウェル空港通", "url": "https://www.kaigokensaku.mhlw.go.jp/38/index.php?action_kouhyou_detail_004_kani=true&JigyosyoCd=3870112368-00&ServiceCd=430&Type=search", "url2": "https://bda-partners.jp" }, "geometry": { "type": "Point", "coordinates": [ 132.740719740000941, 33.828894342641675 ] } },
{ "type": "Feature", "properties": { "内容": "介護相談室かがやき松山【居宅介護支援】愛媛県松山市西石井六丁目12番27号", "url": "https://www.kaigokensaku.mhlw.go.jp/38/index.php?action_kouhyou_detail_004_kani=true&JigyosyoCd=3870112525-00&ServiceCd=430&Type=search", "url2": "http://lsi-kk.co.jp/" }, "geometry": { "type": "Point", "coordinates": [ 132.774547200000029, 33.8148419 ] } },
{ "type": "Feature", "properties": { "内容": "居宅介護支援事業所　あかつき【居宅介護支援】愛媛県松山市枝松６丁目５－７西部アーバンビル２０１", "url": "https://www.kaigokensaku.mhlw.go.jp/38/index.php?action_kouhyou_detail_004_kani=true&JigyosyoCd=3870112616-00&ServiceCd=430&Type=search", "url2": null }, "geometry": { "type": "Point", "coordinates": [ 132.783655400000043, 33.8249197 ] } },
{ "type": "Feature", "properties": { "内容": "居宅介護支援事業所　ルーチェ【居宅介護支援】愛媛県松山市東長戸1丁目5番40号フォーレストSATOMI102", "url": "https://www.kaigokensaku.mhlw.go.jp/38/index.php?action_kouhyou_detail_004_kani=true&JigyosyoCd=3870112632-00&ServiceCd=430&Type=search", "url2": null }, "geometry": { "type": "Point", "coordinates": [ 132.75333420000004, 33.8672201 ] } },
{ "type": "Feature", "properties": { "内容": "居宅介護支援事業所つむぎ【居宅介護支援】愛媛県松山市森松町725番地7ジュエルミサワ・11　2F", "url": "https://www.kaigokensaku.mhlw.go.jp/38/index.php?action_kouhyou_detail_004_kani=true&JigyosyoCd=3870112657-00&ServiceCd=430&Type=search", "url2": null }, "geometry": { "type": "Point", "coordinates": [ 132.788027, 33.7923732 ] } },
{ "type": "Feature", "properties": { "内容": "居宅介護支援事業所　たね【居宅介護支援】愛媛県松山市松ノ木１丁目１ー３CANPLAZA大森101", "url": "https://www.kaigokensaku.mhlw.go.jp/38/index.php?action_kouhyou_detail_004_kani=true&JigyosyoCd=3870112673-00&ServiceCd=430&Type=search", "url2": null }, "geometry": { "type": "Point", "coordinates": [ 132.7219097, 33.870159 ] } },
{ "type": "Feature", "properties": { "内容": "居宅介護支援事業所　おひさま【居宅介護支援】愛媛県松山市水泥町860", "url": "https://www.kaigokensaku.mhlw.go.jp/38/index.php?action_kouhyou_detail_004_kani=true&JigyosyoCd=3870112699-00&ServiceCd=430&Type=search", "url2": "http:www.ohisama-kango.com/nursing" }, "geometry": { "type": "Point", "coordinates": [ 132.833818724398071, 33.806182909034561 ] } },
{ "type": "Feature", "properties": { "内容": "居宅介護支援事業所　サンシティ北条【居宅介護支援】愛媛県松山市下難波甲1377番地2高齢者総合福祉施設　サンシティ北条", "url": "https://www.kaigokensaku.mhlw.go.jp/38/index.php?action_kouhyou_detail_004_kani=true&JigyosyoCd=3870112731-00&ServiceCd=430&Type=search", "url2": "http://suncity-hojo.jp" }, "geometry": { "type": "Point", "coordinates": [ 132.775172, 33.988018 ] } },
{ "type": "Feature", "properties": { "内容": "居宅介護支援事業所むすび【居宅介護支援】愛媛県松山市古川南２丁目４番１６号阿爽ビル１０５号", "url": "https://www.kaigokensaku.mhlw.go.jp/38/index.php?action_kouhyou_detail_004_kani=true&JigyosyoCd=3870113028-00&ServiceCd=430&Type=search", "url2": "https://sites.google.com/view/kabunemu/" }, "geometry": { "type": "Point", "coordinates": [ 132.766907739466859, 33.8064701334606 ] } },
{ "type": "Feature", "properties": { "内容": "居宅介護支援事業所翠【居宅介護支援】愛媛県松山市今在家2丁目10番46-6号", "url": "https://www.kaigokensaku.mhlw.go.jp/38/index.php?action_kouhyou_detail_004_kani=true&JigyosyoCd=3870113044-00&ServiceCd=430&Type=search", "url2": null }, "geometry": { "type": "Point", "coordinates": [ 132.792316100000022, 33.8073101 ] } },
{ "type": "Feature", "properties": { "内容": "居宅介護支援事業所　クララス【居宅介護支援】愛媛県松山市立花2丁目5番35号いがビル　１F", "url": "https://www.kaigokensaku.mhlw.go.jp/38/index.php?action_kouhyou_detail_004_kani=true&JigyosyoCd=3870113051-00&ServiceCd=430&Type=search", "url2": "https://clarus.wepage.com/" }, "geometry": { "type": "Point", "coordinates": [ 132.772628900000029, 33.8299473 ] } },
{ "type": "Feature", "properties": { "内容": "居宅介護支援事業所３６５【居宅介護支援】愛媛県松山市今在家１丁目１１番７号", "url": "https://www.kaigokensaku.mhlw.go.jp/38/index.php?action_kouhyou_detail_004_kani=true&JigyosyoCd=3870113085-00&ServiceCd=430&Type=search", "url2": null }, "geometry": { "type": "Point", "coordinates": [ 132.791000799999978, 33.8101031 ] } },
{ "type": "Feature", "properties": { "内容": "居宅介護支援事業所　佐藤実病院【居宅介護支援】愛媛県松山市本町６丁目3番地1", "url": "https://www.kaigokensaku.mhlw.go.jp/38/index.php?action_kouhyou_detail_004_kani=true&JigyosyoCd=3870113358-00&ServiceCd=430&Type=search", "url2": null }, "geometry": { "type": "Point", "coordinates": [ 132.758622300000013, 33.8514654 ] } },
{ "type": "Feature", "properties": { "内容": "ベストケア居宅介護支援事業所石井【居宅介護支援】愛媛県松山市東石井７丁目５番２９号", "url": "https://www.kaigokensaku.mhlw.go.jp/38/index.php?action_kouhyou_detail_004_kani=true&JigyosyoCd=3870113424-00&ServiceCd=430&Type=search", "url2": "http://www.best-care.jp/" }, "geometry": { "type": "Point", "coordinates": [ 132.775882, 33.8085257 ] } },
{ "type": "Feature", "properties": { "内容": "居宅介護支援事業所小粋【居宅介護支援】愛媛県松山市和泉南四丁目2番24号堀ビル42号", "url": "https://www.kaigokensaku.mhlw.go.jp/38/index.php?action_kouhyou_detail_004_kani=true&JigyosyoCd=3870113523-00&ServiceCd=430&Type=search", "url2": null }, "geometry": { "type": "Point", "coordinates": [ 132.7606149, 33.8150409 ] } },
{ "type": "Feature", "properties": { "内容": "居宅介護支援事業所松山南【居宅介護支援】愛媛県松山市北土居1丁目15番24号", "url": "https://www.kaigokensaku.mhlw.go.jp/38/index.php?action_kouhyou_detail_004_kani=true&JigyosyoCd=3870113549-00&ServiceCd=430&Type=search", "url2": "https://www.next-stage2023.com" }, "geometry": { "type": "Point", "coordinates": [ 132.78848450000001, 33.8075406 ] } },
{ "type": "Feature", "properties": { "内容": "居宅介護支援事業所れんげ【居宅介護支援】愛媛県松山市東石井一丁目11番30号", "url": "https://www.kaigokensaku.mhlw.go.jp/38/index.php?action_kouhyou_detail_004_kani=true&JigyosyoCd=3870113598-00&ServiceCd=430&Type=search", "url2": null }, "geometry": { "type": "Point", "coordinates": [ 132.7813902, 33.8197425 ] } },
{ "type": "Feature", "properties": { "内容": "医療法人財団尚温会いよ居宅介護支援事業所【居宅介護支援】愛媛県松山市保免西２丁目１－２", "url": "https://www.kaigokensaku.mhlw.go.jp/38/index.php?action_kouhyou_detail_004_kani=true&JigyosyoCd=3871000034-00&ServiceCd=430&Type=search", "url2": "http://www.iyohp.jp" }, "geometry": { "type": "Point", "coordinates": [ 132.741458299999977, 33.8149457 ] } },
{ "type": "Feature", "properties": { "内容": "居宅介護支援事業所　在宅介護支援センター　海辺の郷【居宅介護支援】愛媛県松山市柳原739番地", "url": "https://www.kaigokensaku.mhlw.go.jp/38/index.php?action_kouhyou_detail_004_kani=true&JigyosyoCd=3871100032-00&ServiceCd=430&Type=search", "url2": null }, "geometry": { "type": "Point", "coordinates": [ 132.771181399999932, 33.9590965 ] } },
{ "type": "Feature", "properties": { "内容": "ライフネット居宅介護支援事業所【居宅介護支援】愛媛県松山市北条辻773番8", "url": "https://www.kaigokensaku.mhlw.go.jp/38/index.php?action_kouhyou_detail_004_kani=true&JigyosyoCd=3871100222-00&ServiceCd=430&Type=search", "url2": "www.lnt.jp" }, "geometry": { "type": "Point", "coordinates": [ 132.776427900000044, 33.9668928 ] } },
{ "type": "Feature", "properties": { "内容": "指定居宅介護支援事業所　聖マルチンの家【居宅介護支援】愛媛県松山市中西内250番地2", "url": "https://www.kaigokensaku.mhlw.go.jp/38/index.php?action_kouhyou_detail_004_kani=true&JigyosyoCd=3871100271-00&ServiceCd=430&Type=search", "url2": "http://www.martin.or.jp" }, "geometry": { "type": "Point", "coordinates": [ 132.782552200000026, 33.9738975 ] } },
{ "type": "Feature", "properties": { "内容": "ＡＷＣケアプランセンター【居宅介護支援】愛媛県松山市八反地甲1631番地", "url": "https://www.kaigokensaku.mhlw.go.jp/38/index.php?action_kouhyou_detail_004_kani=true&JigyosyoCd=3871100321-00&ServiceCd=430&Type=search", "url2": null }, "geometry": { "type": "Point", "coordinates": [ 132.7907126, 33.9710646 ] } },
{ "type": "Feature", "properties": { "内容": "松山シルバー北条指定居宅介護支援事業所【居宅介護支援】愛媛県松山市河野別府937番地1", "url": "https://www.kaigokensaku.mhlw.go.jp/38/index.php?action_kouhyou_detail_004_kani=true&JigyosyoCd=3871100420-00&ServiceCd=430&Type=search", "url2": "http://m-silver.sakura.ne.jp/" }, "geometry": { "type": "Point", "coordinates": [ 132.781438799999933, 33.9581383 ] } },
{ "type": "Feature", "properties": { "内容": "指定居宅介護支援事業所姫ヶ浜荘【居宅介護支援】愛媛県松山市長師156-1", "url": "https://www.kaigokensaku.mhlw.go.jp/38/index.php?action_kouhyou_detail_004_kani=true&JigyosyoCd=3873300077-00&ServiceCd=430&Type=search", "url2": "https://www.himegahama.jp/" }, "geometry": { "type": "Point", "coordinates": [ 132.6266046, 33.958738600000032 ] } },
{ "type": "Feature", "properties": { "内容": "ハピネス中島【居宅介護支援】愛媛県松山市小浜甲1482-1", "url": "https://www.kaigokensaku.mhlw.go.jp/38/index.php?action_kouhyou_detail_004_kani=true&JigyosyoCd=3873300366-00&ServiceCd=430&Type=search", "url2": "http://www.happiness.ecnet.jp" }, "geometry": { "type": "Point", "coordinates": [ 132.632604623309362, 33.968669492497014 ] } },
{ "type": "Feature", "properties": { "内容": "松山シルバー中島指定居宅介護支援事業所【居宅介護支援】愛媛県松山市中島大浦1626番地", "url": "https://www.kaigokensaku.mhlw.go.jp/38/index.php?action_kouhyou_detail_004_kani=true&JigyosyoCd=3873300382-00&ServiceCd=430&Type=search", "url2": "http://m-silver.sakura.ne.jp/" }, "geometry": { "type": "Point", "coordinates": [ 132.629766397483763, 33.9755936728411 ] } },
{ "type": "Feature", "properties": { "内容": "東松山居宅介護支援事業所【居宅介護支援】愛媛県松山市南土居町70番地4", "url": "https://www.kaigokensaku.mhlw.go.jp/38/index.php?action_kouhyou_detail_004_kani=true&JigyosyoCd=3870100355-00&ServiceCd=430&Type=search", "url2": "http://www.jikyoukai.or.jp/" }, "geometry": { "type": "Point", "coordinates": [ 132.806429077632174, 33.800109701755304 ] } },
{ "type": "Feature", "properties": { "内容": "株式会社悠遊社【居宅介護支援】愛媛県松山市河野中須賀145番地20", "url": "https://www.kaigokensaku.mhlw.go.jp/38/index.php?action_kouhyou_detail_004_kani=true&JigyosyoCd=3870101106-00&ServiceCd=430&Type=search", "url2": "http://www.yuyusya.co.jp/" }, "geometry": { "type": "Point", "coordinates": [ 132.770211187106867, 33.946068608451633 ] } },
{ "type": "Feature", "properties": { "内容": "ひめヘルプ【居宅介護支援】愛媛県松山市高砂町2丁目3-3-201", "url": "https://www.kaigokensaku.mhlw.go.jp/38/index.php?action_kouhyou_detail_004_kani=true&JigyosyoCd=3870103409-00&ServiceCd=430&Type=search", "url2": "http://home.e-catv.ne.jp/himehelp/" }, "geometry": { "type": "Point", "coordinates": [ 132.761184, 33.8504698 ] } },
{ "type": "Feature", "properties": { "内容": "居宅介護支援事業所アテーナ【居宅介護支援】松山市保免中三丁目3番23号", "url": "https://www.kaigokensaku.mhlw.go.jp/38/index.php?action_kouhyou_detail_004_kani=true&JigyosyoCd=3870106782-00&ServiceCd=430&Type=search", "url2": "http://ate-na.jp" }, "geometry": { "type": "Point", "coordinates": [ 132.744524700000056, 33.8178149 ] } },
{ "type": "Feature", "properties": { "内容": "居宅介護支援事業所　アトラス青葉【居宅介護支援】愛媛県松山市小川甲８２番地", "url": "https://www.kaigokensaku.mhlw.go.jp/38/index.php?action_kouhyou_detail_004_kani=true&JigyosyoCd=3870108499-00&ServiceCd=430&Type=search", "url2": "unicare.crescenT-seTo.jp/company/" }, "geometry": { "type": "Point", "coordinates": [ 132.76133040000002, 33.9281058 ] } },
{ "type": "Feature", "properties": { "内容": "居宅介護支援事業所　う　み【居宅介護支援】愛媛県松山市平和通３丁目２－３", "url": "https://www.kaigokensaku.mhlw.go.jp/38/index.php?action_kouhyou_detail_004_kani=true&JigyosyoCd=3870108705-00&ServiceCd=430&Type=search", "url2": null }, "geometry": { "type": "Point", "coordinates": [ 132.766593745801799, 33.847740163645007 ] } },
{ "type": "Feature", "properties": { "内容": "居宅介護支援事業所エナジー土居田【居宅介護支援】愛媛県松山市土居田町８２１番地サービス付き高齢者向け住宅プリンスハウス土居田", "url": "https://www.kaigokensaku.mhlw.go.jp/38/index.php?action_kouhyou_detail_004_kani=true&JigyosyoCd=3870111253-00&ServiceCd=430&Type=search", "url2": "http://care-life-energy.jp" }, "geometry": { "type": "Point", "coordinates": [ 132.738436200000024, 33.8254416 ] } },
{ "type": "Feature", "properties": { "内容": "居宅介護支援事業所紬希【居宅介護支援】愛媛県松山市西垣生町８４２番地８", "url": "https://www.kaigokensaku.mhlw.go.jp/38/index.php?action_kouhyou_detail_004_kani=true&JigyosyoCd=3870111766-00&ServiceCd=430&Type=search", "url2": null }, "geometry": { "type": "Point", "coordinates": [ 132.70518119999997, 33.8158225 ] } },
{ "type": "Feature", "properties": { "内容": "居宅介護支援事業所San【居宅介護支援】愛媛県松山市御幸2丁目10-13SPACIAMiKi　303", "url": "https://www.kaigokensaku.mhlw.go.jp/38/index.php?action_kouhyou_detail_004_kani=true&JigyosyoCd=3870112863-00&ServiceCd=430&Type=search", "url2": "https://www.di-pharmacy.com" }, "geometry": { "type": "Point", "coordinates": [ 132.762136793183316, 33.858983394403005 ] } },
{ "type": "Feature", "properties": { "内容": "ケアマネオフィス　ゆう【居宅介護支援】愛媛県松山市宮西１丁目５－２７宮西ｋ'sビル302号", "url": "https://www.kaigokensaku.mhlw.go.jp/38/index.php?action_kouhyou_detail_004_kani=true&JigyosyoCd=3870113382-00&ServiceCd=430&Type=search", "url2": "https://hp.kaipoke.biz/dwy/info.html" }, "geometry": { "type": "Point", "coordinates": [ 132.752521620390382, 33.846281818094624 ] } },
{ "type": "Feature", "properties": { "内容": "居宅介護支援事業所イーケア【居宅介護支援】愛媛県松山市空港通7丁目17番36号ビーライン空港通201号", "url": "https://www.kaigokensaku.mhlw.go.jp/38/index.php?action_kouhyou_detail_004_kani=true&JigyosyoCd=3870113648-00&ServiceCd=430&Type=search", "url2": "http://ecare-jp.com/" }, "geometry": { "type": "Point", "coordinates": [ 132.727177799999964, 33.829791 ] } },
{ "type": "Feature", "properties": { "内容": "居宅介護支援事業所はなもも【居宅介護支援】愛媛県松山市安城寺町1291番地1高橋アパート201号室", "url": "https://www.kaigokensaku.mhlw.go.jp/38/index.php?action_kouhyou_detail_004_kani=true&JigyosyoCd=3870113713-00&ServiceCd=430&Type=search", "url2": null }, "geometry": { "type": "Point", "coordinates": [ 132.741605, 33.8815052 ] } },
{ "type": "Feature", "properties": { "内容": "おひさまケアプランセンター【居宅介護支援】愛媛県松山市小栗6丁目1-22第2白石ビル　2階西", "url": "https://www.kaigokensaku.mhlw.go.jp/38/index.php?action_kouhyou_detail_004_kani=true&JigyosyoCd=3870113747-00&ServiceCd=430&Type=search", "url2": "https://fm-canvas.com/" }, "geometry": { "type": "Point", "coordinates": [ 132.7561239, 33.8259913 ] } },
{ "type": "Feature", "properties": { "内容": "有限会社　山起会ライフサプライ【居宅介護支援】松山市朝生田町1丁目12-2サービス付高齢者住宅あるる館", "url": "https://www.kaigokensaku.mhlw.go.jp/38/index.php?action_kouhyou_detail_004_kani=true&JigyosyoCd=3870101031-00&ServiceCd=430&Type=search", "url2": "http://yamakikai.com" }, "geometry": { "type": "Point", "coordinates": [ 132.772410900000068, 33.823204 ] } },
{ "type": "Feature", "properties": { "内容": "居宅介護支援事業所　ハーモニー【居宅介護支援】愛媛県松山市道後町２丁目1-6　烏谷ビル1Ｆ烏谷ビル１F", "url": "https://www.kaigokensaku.mhlw.go.jp/38/index.php?action_kouhyou_detail_004_kani=true&JigyosyoCd=3870105248-00&ServiceCd=430&Type=search", "url2": null }, "geometry": { "type": "Point", "coordinates": [ 132.782304593254139, 33.847741400000153 ] } },
{ "type": "Feature", "properties": { "内容": "居宅介護支援事業所エナジー【居宅介護支援】愛媛県松山市天山3丁目10-28忽那ビル２階２０６号", "url": "https://www.kaigokensaku.mhlw.go.jp/38/index.php?action_kouhyou_detail_004_kani=true&JigyosyoCd=3870108432-00&ServiceCd=430&Type=search", "url2": "http://care-life-energy.jp/" }, "geometry": { "type": "Point", "coordinates": [ 132.775921520077503, 33.821088838678691 ] } },
{ "type": "Feature", "properties": { "内容": "居宅介護支援事業所ライトケア【居宅介護支援】福音寺町２６９－２コーポ山茶花203号", "url": "https://www.kaigokensaku.mhlw.go.jp/38/index.php?action_kouhyou_detail_004_kani=true&JigyosyoCd=3870110081-00&ServiceCd=430&Type=search", "url2": null }, "geometry": { "type": "Point", "coordinates": [ 132.793760757672061, 33.821507219334038 ] } },
{ "type": "Feature", "properties": { "内容": "ライフケアくるみ【居宅介護支援】愛媛県松山市余戸東1丁目1-7", "url": "https://www.kaigokensaku.mhlw.go.jp/38/index.php?action_kouhyou_detail_004_kani=true&JigyosyoCd=3870111170-00&ServiceCd=430&Type=search", "url2": "https://qualia-kurumi.com/" }, "geometry": { "type": "Point", "coordinates": [ 132.729525810450696, 33.814619737017679 ] } },
{ "type": "Feature", "properties": { "内容": "ケアマネオフィスみちくさ【居宅介護支援】愛媛県松山市祝谷２丁目10-19", "url": "https://www.kaigokensaku.mhlw.go.jp/38/index.php?action_kouhyou_detail_004_kani=true&JigyosyoCd=3870111493-00&ServiceCd=430&Type=search", "url2": null }, "geometry": { "type": "Point", "coordinates": [ 132.780049150262414, 33.856267080232548 ] } },
{ "type": "Feature", "properties": { "内容": "居宅介護支援事業所てんこう【居宅介護支援】愛媛県松山市南斎院町1338番地105", "url": "https://www.kaigokensaku.mhlw.go.jp/38/index.php?action_kouhyou_detail_004_kani=true&JigyosyoCd=3870112046-00&ServiceCd=430&Type=search", "url2": null }, "geometry": { "type": "Point", "coordinates": [ 132.730869993104989, 33.843765778132784 ] } },
{ "type": "Feature", "properties": { "内容": "ツクイ・サンフォレスト松山ケアプランセンター【居宅介護支援】愛媛県松山市若草町４－１ツクイ・サンフォレスト松山", "url": "https://www.kaigokensaku.mhlw.go.jp/38/index.php?action_kouhyou_detail_004_kani=true&JigyosyoCd=3870112889-00&ServiceCd=430&Type=search", "url2": "http://www.tsukui.net" }, "geometry": { "type": "Point", "coordinates": [ 132.760469795175908, 33.846266047069207 ] } },
{ "type": "Feature", "properties": { "内容": "河田外科脳神経外科医院【居宅介護支援】愛媛県松山市六軒家町3-19", "url": "https://www.kaigokensaku.mhlw.go.jp/38/index.php?action_kouhyou_detail_004_kani=true&JigyosyoCd=3810129019-00&ServiceCd=430&Type=search", "url2": "http://kawadanoushinkeigeka.jp/" }, "geometry": { "type": "Point", "coordinates": [ 132.7502488, 33.8518443 ] } },
{ "type": "Feature", "properties": { "内容": "居宅介護支援事業所　花【居宅介護支援】愛媛県松山市西長戸258番地3", "url": "https://www.kaigokensaku.mhlw.go.jp/38/index.php?action_kouhyou_detail_004_kani=true&JigyosyoCd=3870104779-00&ServiceCd=430&Type=search", "url2": null }, "geometry": { "type": "Point", "coordinates": [ 132.744604900000013, 33.8667924 ] } },
{ "type": "Feature", "properties": { "内容": "居宅介護支援事業所　サインポスト【居宅介護支援】愛媛県松山市東石井7丁目7‐15アドバンスカーサA101", "url": "https://www.kaigokensaku.mhlw.go.jp/38/index.php?action_kouhyou_detail_004_kani=true&JigyosyoCd=3870112780-00&ServiceCd=430&Type=search", "url2": null }, "geometry": { "type": "Point", "coordinates": [ 132.776679600000023, 33.8084484 ] } },
{ "type": "Feature", "properties": { "内容": "ケアプランany【居宅介護支援】愛媛県松山市立花4-5-31メゾン寿101号", "url": "https://www.kaigokensaku.mhlw.go.jp/38/index.php?action_kouhyou_detail_004_kani=true&JigyosyoCd=3870113556-00&ServiceCd=430&Type=search", "url2": null }, "geometry": { "type": "Point", "coordinates": [ 132.7684376, 33.8291824 ] } },
{ "type": "Feature", "properties": { "内容": "居宅介護支援事業所　えん【居宅介護支援】愛媛県松山市井門町764-1", "url": "https://www.kaigokensaku.mhlw.go.jp/38/index.php?action_kouhyou_detail_004_kani=true&JigyosyoCd=3870112681-00&ServiceCd=430&Type=search", "url2": "http://hp.kaipoke.biz/gw1/index.html" }, "geometry": { "type": "Point", "coordinates": [ 132.779003663177548, 33.79939482292604 ] } },
{ "type": "Feature", "properties": { "内容": "居宅介護支援事業所バディ【居宅介護支援】愛媛県松山市北久米町667", "url": "https://www.kaigokensaku.mhlw.go.jp/38/index.php?action_kouhyou_detail_004_kani=true&JigyosyoCd=3870113580-00&ServiceCd=430&Type=search", "url2": null }, "geometry": { "type": "Point", "coordinates": [ 132.795077600000013, 33.818161199999984 ] } },
{ "type": "Feature", "properties": { "内容": "居宅介護支援事業所　ミント【居宅介護支援】愛媛県松山市内宮町682-1スプリエ内宮105号", "url": "https://www.kaigokensaku.mhlw.go.jp/38/index.php?action_kouhyou_detail_004_kani=true&JigyosyoCd=3870110297-00&ServiceCd=430&Type=search", "url2": null }, "geometry": { "type": "Point", "coordinates": [ 132.749685, 33.8949177 ] } },
{ "type": "Feature", "properties": { "内容": "花はなケアサポート【居宅介護支援】愛媛県松山市余戸南４丁目１５－３よこて内科クリニック１階", "url": "https://www.kaigokensaku.mhlw.go.jp/38/index.php?action_kouhyou_detail_004_kani=true&JigyosyoCd=3870111790-00&ServiceCd=430&Type=search", "url2": null }, "geometry": { "type": "Point", "coordinates": [ 132.72824259999993, 33.8107597 ] } },
{ "type": "Feature", "properties": { "内容": "指定居宅介護支援事業所ｍuuu【居宅介護支援】畑寺4丁目12-23", "url": "https://www.kaigokensaku.mhlw.go.jp/38/index.php?action_kouhyou_detail_004_kani=true&JigyosyoCd=3870114125-00&ServiceCd=430&Type=search", "url2": "https://roots.ehime/jp/muuu/" }, "geometry": { "type": "Point", "coordinates": [ 132.799109499999986, 33.8264986 ] } },
{ "type": "Feature", "properties": { "内容": "居宅介護支援事業所愛寿荘【居宅介護支援】愛媛県松山市来住町1171番地1", "url": "https://www.kaigokensaku.mhlw.go.jp/38/index.php?action_kouhyou_detail_004_kani=true&JigyosyoCd=3870100165-00&ServiceCd=430&Type=search", "url2": "http://www.aijukai-group.com" }, "geometry": { "type": "Point", "coordinates": [ 132.806763100000012, 33.8059094 ] } },
{ "type": "Feature", "properties": { "内容": "居宅介護支援事業所ひかり【居宅介護支援】愛媛県松山市桑原七丁目2番22号", "url": "https://www.kaigokensaku.mhlw.go.jp/38/index.php?action_kouhyou_detail_004_kani=true&JigyosyoCd=3870114034-00&ServiceCd=430&Type=search", "url2": "https://www.hikari2015.jp/" }, "geometry": { "type": "Point", "coordinates": [ 132.7934464, 33.82995 ] } },
{ "type": "Feature", "properties": { "内容": "居宅介護支援事業所　エール【居宅介護支援】愛媛県松山市東石井六丁目３番３１号セゾン・ド・フローレス　A棟205号", "url": "https://www.kaigokensaku.mhlw.go.jp/38/index.php?action_kouhyou_detail_004_kani=true&JigyosyoCd=3870113721-00&ServiceCd=430&Type=search", "url2": "https://yell1003.com" }, "geometry": { "type": "Point", "coordinates": [ 132.776467910659107, 33.810157550392056 ] } },
{ "type": "Feature", "properties": { "内容": "居宅介護支援事業所　珠の実【居宅介護支援】愛媛県松山市余戸西三丁目9番29号", "url": "https://www.kaigokensaku.mhlw.go.jp/38/index.php?action_kouhyou_detail_004_kani=true&JigyosyoCd=3870108978-00&ServiceCd=430&Type=search", "url2": "https://tamanomi.jp/" }, "geometry": { "type": "Point", "coordinates": [ 132.719908076269121, 33.813728437246603 ] } },
{ "type": "Feature", "properties": { "内容": "居宅介護支援事業所ウェルケアみどろ【居宅介護支援】愛媛県松山市水泥町132番地1ウェルケアみどろ", "url": "https://www.kaigokensaku.mhlw.go.jp/38/index.php?action_kouhyou_detail_004_kani=true&JigyosyoCd=3870114026-00&ServiceCd=430&Type=search", "url2": "https://kikuju.or.jp/" }, "geometry": { "type": "Point", "coordinates": [ 132.8281786, 33.8015485 ] } },
{ "type": "Feature", "properties": { "内容": "金澤整形外科・居宅介護支援事業所え・ば・ら【居宅介護支援】愛媛県松山市小村町９０番地１", "url": "https://www.kaigokensaku.mhlw.go.jp/38/index.php?action_kouhyou_detail_004_kani=true&JigyosyoCd=3870106949-00&ServiceCd=430&Type=search", "url2": "http://www.kanazawa-seikei.com/" }, "geometry": { "type": "Point", "coordinates": [ 132.815298399999989, 33.7776649 ] } },
{ "type": "Feature", "properties": { "内容": "居宅介護支援事業所てらよこ【居宅介護支援】愛媛県松山市正円寺2丁目7番14号", "url": "https://www.kaigokensaku.mhlw.go.jp/38/index.php?action_kouhyou_detail_004_kani=true&JigyosyoCd=3870111881-00&ServiceCd=430&Type=search", "url2": null }, "geometry": { "type": "Point", "coordinates": [ 132.796668128763713, 33.83968554503253 ] } },
{ "type": "Feature", "properties": { "内容": "光生園【居宅介護支援】愛媛県今治市大西町九王甲622番地1", "url": "https://www.kaigokensaku.mhlw.go.jp/38/index.php?action_kouhyou_detail_004_kani=true&JigyosyoCd=3870201567-00&ServiceCd=430&Type=search", "url2": "https://www.imabari-kouseibyouin.com/" }, "geometry": { "type": "Point", "coordinates": [ 132.932066595661894, 34.088599339190026 ] } },
{ "type": "Feature", "properties": { "内容": "ケアプランセンターなのはな【居宅介護支援】愛媛県今治市河南町3丁目6-4", "url": "https://www.kaigokensaku.mhlw.go.jp/38/index.php?action_kouhyou_detail_004_kani=true&JigyosyoCd=3870202177-00&ServiceCd=430&Type=search", "url2": null }, "geometry": { "type": "Point", "coordinates": [ 132.992013914535391, 34.049354718358309 ] } },
{ "type": "Feature", "properties": { "内容": "富士ライフサポート居宅介護支援事業所【居宅介護支援】美須賀町1丁目　1-11プリマヴェーラ302号室", "url": "https://www.kaigokensaku.mhlw.go.jp/38/index.php?action_kouhyou_detail_004_kani=true&JigyosyoCd=3870201930-00&ServiceCd=430&Type=search", "url2": null }, "geometry": { "type": "Point", "coordinates": [ 133.008330699999988, 34.0646878 ] } },
{ "type": "Feature", "properties": { "内容": "居宅介護支援事業所よしの【居宅介護支援】愛媛県今治市末広町3丁目１番地6", "url": "https://www.kaigokensaku.mhlw.go.jp/38/index.php?action_kouhyou_detail_004_kani=true&JigyosyoCd=3870202425-00&ServiceCd=430&Type=search", "url2": null }, "geometry": { "type": "Point", "coordinates": [ 133.003923, 34.0628543 ] } },
{ "type": "Feature", "properties": { "内容": "居宅介護支援事業所　しおん【居宅介護支援】愛媛県今治市上德甲588番地6", "url": "https://www.kaigokensaku.mhlw.go.jp/38/index.php?action_kouhyou_detail_004_kani=true&JigyosyoCd=3870202003-00&ServiceCd=430&Type=search", "url2": null }, "geometry": { "type": "Point", "coordinates": [ 132.99786, 34.0660979 ] } },
{ "type": "Feature", "properties": { "内容": "合同会社ブルーム【居宅介護支援】片山三丁目９番４号リーベ片山１０１号", "url": "https://www.kaigokensaku.mhlw.go.jp/38/index.php?action_kouhyou_detail_004_kani=true&JigyosyoCd=3870202128-00&ServiceCd=430&Type=search", "url2": "http://hp.kaipoke.biz/5ec/" }, "geometry": { "type": "Point", "coordinates": [ 132.984045850926236, 34.051350468845406 ] } },
{ "type": "Feature", "properties": { "内容": "指定居宅介護支援事業所瑞鶴荘【居宅介護支援】愛媛県今治市玉川町畑寺甲15-1", "url": "https://www.kaigokensaku.mhlw.go.jp/38/index.php?action_kouhyou_detail_004_kani=true&JigyosyoCd=3873200046-00&ServiceCd=430&Type=search", "url2": null }, "geometry": { "type": "Point", "coordinates": [ 132.949238, 34.0033571 ] } },
{ "type": "Feature", "properties": { "内容": "指定居宅介護支援事業所菊仙荘【居宅介護支援】愛媛県今治市菊間町種3560番地5", "url": "https://www.kaigokensaku.mhlw.go.jp/38/index.php?action_kouhyou_detail_004_kani=true&JigyosyoCd=3873200152-00&ServiceCd=430&Type=search", "url2": "http://www.kazahaya-k.oyg/" }, "geometry": { "type": "Point", "coordinates": [ 132.865896900000052, 34.0485478 ] } },
{ "type": "Feature", "properties": { "内容": "指定居宅介護支援事業所　楽【居宅介護支援】愛媛県今治市立花町一丁目６番31号", "url": "https://www.kaigokensaku.mhlw.go.jp/38/index.php?action_kouhyou_detail_004_kani=true&JigyosyoCd=3870202516-00&ServiceCd=430&Type=search", "url2": null }, "geometry": { "type": "Point", "coordinates": [ 132.9971577, 34.0519382 ] } },
{ "type": "Feature", "properties": { "内容": "介護機器のイトウ株式会社【居宅介護支援】愛媛県今治市蒼社町2-2-3", "url": "https://www.kaigokensaku.mhlw.go.jp/38/index.php?action_kouhyou_detail_004_kani=true&JigyosyoCd=3870200015-00&ServiceCd=430&Type=search", "url2": "kiki-ito@orion.ocn.ne.jp" }, "geometry": { "type": "Point", "coordinates": [ 132.995535099999984, 34.0544326 ] } },
{ "type": "Feature", "properties": { "内容": "居宅介護支援センターかとれあ【居宅介護支援】愛媛県今治市北日吉町1丁目19番15号", "url": "https://www.kaigokensaku.mhlw.go.jp/38/index.php?action_kouhyou_detail_004_kani=true&JigyosyoCd=3870200031-00&ServiceCd=430&Type=search", "url2": "http://www.juntenkai.jp/cattleya_za/index.html" }, "geometry": { "type": "Point", "coordinates": [ 132.990905500000054, 34.0648114 ] } },
{ "type": "Feature", "properties": { "内容": "居宅介護支援センターひうち【居宅介護支援】愛媛県今治市黄金町二丁目2番地5", "url": "https://www.kaigokensaku.mhlw.go.jp/38/index.php?action_kouhyou_detail_004_kani=true&JigyosyoCd=3870200049-00&ServiceCd=430&Type=search", "url2": "http://www.yoshino-hospital.or.jp" }, "geometry": { "type": "Point", "coordinates": [ 133.00289221877145, 34.06490359201841 ] } },
{ "type": "Feature", "properties": { "内容": "居宅介護支援サービスやまうち【居宅介護支援】愛媛県今治市常盤町8丁目4-31", "url": "https://www.kaigokensaku.mhlw.go.jp/38/index.php?action_kouhyou_detail_004_kani=true&JigyosyoCd=3870200064-00&ServiceCd=430&Type=search", "url2": "http://www.hp-yamauchi.or.jp" }, "geometry": { "type": "Point", "coordinates": [ 132.986094399999956, 34.0541184 ] } },
{ "type": "Feature", "properties": { "内容": "居宅介護支援事業所ヒロセ【居宅介護支援】愛媛県今治市喜田村6丁目4-20", "url": "https://www.kaigokensaku.mhlw.go.jp/38/index.php?action_kouhyou_detail_004_kani=true&JigyosyoCd=3870200072-00&ServiceCd=430&Type=search", "url2": "http://www.hirose-youseikai.org/" }, "geometry": { "type": "Point", "coordinates": [ 133.023339699999951, 34.0434492 ] } },
{ "type": "Feature", "properties": { "内容": "居宅介護支援事業所シルビウス【居宅介護支援】愛媛県今治市別名274番地", "url": "https://www.kaigokensaku.mhlw.go.jp/38/index.php?action_kouhyou_detail_004_kani=true&JigyosyoCd=3870200080-00&ServiceCd=430&Type=search", "url2": "http://ｗｗｗ.katagihosp.com/" }, "geometry": { "type": "Point", "coordinates": [ 132.976393026037471, 34.042890601210274 ] } },
{ "type": "Feature", "properties": { "内容": "セントラルケアホーム指定居宅介護支援事業所【居宅介護支援】愛媛県今治市松本町2丁目6-6", "url": "https://www.kaigokensaku.mhlw.go.jp/38/index.php?action_kouhyou_detail_004_kani=true&JigyosyoCd=3870200114-00&ServiceCd=430&Type=search", "url2": null }, "geometry": { "type": "Point", "coordinates": [ 133.00276759999997, 34.0630903 ] } },
{ "type": "Feature", "properties": { "内容": "ＪＡおちいまばり【居宅介護支援】愛媛県今治市鐘場町１丁目２番９号", "url": "https://www.kaigokensaku.mhlw.go.jp/38/index.php?action_kouhyou_detail_004_kani=true&JigyosyoCd=3870200163-00&ServiceCd=430&Type=search", "url2": "http://www.ja-ochiima.or.jp/fukushi/" }, "geometry": { "type": "Point", "coordinates": [ 132.990388100000018, 34.084415200000016 ] } },
{ "type": "Feature", "properties": { "内容": "居宅介護支援事業所ひまわり【居宅介護支援】愛媛県今治市郷本町3丁目5番37号", "url": "https://www.kaigokensaku.mhlw.go.jp/38/index.php?action_kouhyou_detail_004_kani=true&JigyosyoCd=3870200197-00&ServiceCd=430&Type=search", "url2": "https://care-net.biz/38/himawari/" }, "geometry": { "type": "Point", "coordinates": [ 132.992955611639445, 34.044961455725563 ] } },
{ "type": "Feature", "properties": { "内容": "キハラ指定居宅介護支援事業所【居宅介護支援】愛媛県今治市別宮町3丁目7-17", "url": "https://www.kaigokensaku.mhlw.go.jp/38/index.php?action_kouhyou_detail_004_kani=true&JigyosyoCd=3870200205-00&ServiceCd=430&Type=search", "url2": "www.kiharabyouin.jp" }, "geometry": { "type": "Point", "coordinates": [ 132.994596699999988, 34.0690527 ] } },
{ "type": "Feature", "properties": { "内容": "ニチイケアセンター今治【居宅介護支援】愛媛県今治市黄金町4丁目1-18塩見ビル１F", "url": "https://www.kaigokensaku.mhlw.go.jp/38/index.php?action_kouhyou_detail_004_kani=true&JigyosyoCd=3870200221-00&ServiceCd=430&Type=search", "url2": "http://www.nichiigakkan.co.jp" }, "geometry": { "type": "Point", "coordinates": [ 133.00660229999994, 34.0615705 ] } },
{ "type": "Feature", "properties": { "内容": "指定居宅介護支援事業所「すずき」【居宅介護支援】愛媛県今治市別宮町2丁目1番地5", "url": "https://www.kaigokensaku.mhlw.go.jp/38/index.php?action_kouhyou_detail_004_kani=true&JigyosyoCd=3870200379-00&ServiceCd=430&Type=search", "url2": "http://yasuragi-suzuki.or.jp/" }, "geometry": { "type": "Point", "coordinates": [ 132.996974099999989, 34.0672865 ] } },
{ "type": "Feature", "properties": { "内容": "ウェル【居宅介護支援】愛媛県今治市恵美須町2-2-4", "url": "https://www.kaigokensaku.mhlw.go.jp/38/index.php?action_kouhyou_detail_004_kani=true&JigyosyoCd=3870200387-00&ServiceCd=430&Type=search", "url2": "http://www.welcare.ne.jp/" }, "geometry": { "type": "Point", "coordinates": [ 133.005481910450698, 34.066146253472319 ] } },
{ "type": "Feature", "properties": { "内容": "有限会社ケアサービスみどり【居宅介護支援】愛媛県今治市八町西2丁目6番21号", "url": "https://www.kaigokensaku.mhlw.go.jp/38/index.php?action_kouhyou_detail_004_kani=true&JigyosyoCd=3870200452-00&ServiceCd=430&Type=search", "url2": null }, "geometry": { "type": "Point", "coordinates": [ 132.988177400000041, 34.0451253 ] } },
{ "type": "Feature", "properties": { "内容": "ときわケアーサービス【居宅介護支援】愛媛県今治市常盤町5丁目5-29", "url": "https://www.kaigokensaku.mhlw.go.jp/38/index.php?action_kouhyou_detail_004_kani=true&JigyosyoCd=3870200486-00&ServiceCd=430&Type=search", "url2": null }, "geometry": { "type": "Point", "coordinates": [ 132.993341099999952, 34.0596401 ] } },
{ "type": "Feature", "properties": { "内容": "特定非営利活動法人わをん【居宅介護支援】愛媛県今治市南日吉町2丁目2番38号", "url": "https://www.kaigokensaku.mhlw.go.jp/38/index.php?action_kouhyou_detail_004_kani=true&JigyosyoCd=3870200510-00&ServiceCd=430&Type=search", "url2": "http://wawon-imabari.jp" }, "geometry": { "type": "Point", "coordinates": [ 132.9924661, 34.0573264 ] } },
{ "type": "Feature", "properties": { "内容": "在宅介護支援センターさいせい【居宅介護支援】愛媛県今治市喜田村7丁目2番41号なでしこ寮　2F", "url": "https://www.kaigokensaku.mhlw.go.jp/38/index.php?action_kouhyou_detail_004_kani=true&JigyosyoCd=3870200809-00&ServiceCd=430&Type=search", "url2": "http://www.imabari.saiseikai.or.jp/" }, "geometry": { "type": "Point", "coordinates": [ 133.019985977771086, 34.04436687917196 ] } },
{ "type": "Feature", "properties": { "内容": "指定居宅介護支援事業所ゆうゆう【居宅介護支援】愛媛県今治市立花町1-10-5", "url": "https://www.kaigokensaku.mhlw.go.jp/38/index.php?action_kouhyou_detail_004_kani=true&JigyosyoCd=3870200858-00&ServiceCd=430&Type=search", "url2": null }, "geometry": { "type": "Point", "coordinates": [ 132.997348699999947, 34.0530079 ] } },
{ "type": "Feature", "properties": { "内容": "有限会社舞花【居宅介護支援】愛媛県今治市蒼社町2丁目2番43号", "url": "https://www.kaigokensaku.mhlw.go.jp/38/index.php?action_kouhyou_detail_004_kani=true&JigyosyoCd=3870200932-00&ServiceCd=430&Type=search", "url2": null }, "geometry": { "type": "Point", "coordinates": [ 132.993140899999958, 34.0532437 ] } },
{ "type": "Feature", "properties": { "内容": "今治市社協介護支援センター【居宅介護支援】愛媛県今治市南宝来町1-9-8", "url": "https://www.kaigokensaku.mhlw.go.jp/38/index.php?action_kouhyou_detail_004_kani=true&JigyosyoCd=3870200965-00&ServiceCd=430&Type=search", "url2": "http://www.imabari-shakyo.jp" }, "geometry": { "type": "Point", "coordinates": [ 132.998018199999933, 34.0601487 ] } },
{ "type": "Feature", "properties": { "内容": "今治市社協介護支援センター伯方【居宅介護支援】愛媛県今治市伯方町木浦甲3930番地1今治市伯方福祉センター内", "url": "https://www.kaigokensaku.mhlw.go.jp/38/index.php?action_kouhyou_detail_004_kani=true&JigyosyoCd=3870200973-00&ServiceCd=430&Type=search", "url2": "http://www.imabari-shakyo.jp/" }, "geometry": { "type": "Point", "coordinates": [ 133.113461320098878, 34.211638436132489 ] } },
{ "type": "Feature", "properties": { "内容": "指定居宅介護支援事業所村上【居宅介護支援】愛媛県今治市常盤町5丁目3番37号", "url": "https://www.kaigokensaku.mhlw.go.jp/38/index.php?action_kouhyou_detail_004_kani=true&JigyosyoCd=3870201161-00&ServiceCd=430&Type=search", "url2": null }, "geometry": { "type": "Point", "coordinates": [ 132.993771599999945, 34.0602844 ] } },
{ "type": "Feature", "properties": { "内容": "指定居宅介護支援事業所やすらぎ【居宅介護支援】愛媛県今治市北鳥生町4丁目3-501-1", "url": "https://www.kaigokensaku.mhlw.go.jp/38/index.php?action_kouhyou_detail_004_kani=true&JigyosyoCd=3870201401-00&ServiceCd=430&Type=search", "url2": null }, "geometry": { "type": "Point", "coordinates": [ 133.005553100000043, 34.0514947 ] } },
{ "type": "Feature", "properties": { "内容": "指定居宅介護支援事業所　　あすなろ【居宅介護支援】愛媛県今治市伯方町北浦甲2289番地1", "url": "https://www.kaigokensaku.mhlw.go.jp/38/index.php?action_kouhyou_detail_004_kani=true&JigyosyoCd=3870201435-00&ServiceCd=430&Type=search", "url2": null }, "geometry": { "type": "Point", "coordinates": [ 133.099371799999972, 34.2154657 ] } },
{ "type": "Feature", "properties": { "内容": "居宅介護支援事業所オリーブ【居宅介護支援】愛媛県今治市大西町紺原甲828番地1", "url": "https://www.kaigokensaku.mhlw.go.jp/38/index.php?action_kouhyou_detail_004_kani=true&JigyosyoCd=3870201633-00&ServiceCd=430&Type=search", "url2": "www.oonishiclinic.com" }, "geometry": { "type": "Point", "coordinates": [ 132.938333644844079, 34.067053427740376 ] } },
{ "type": "Feature", "properties": { "内容": "居宅介護支援事業所　ほのぼの【居宅介護支援】愛媛県今治市蔵敷町2丁目13番地", "url": "https://www.kaigokensaku.mhlw.go.jp/38/index.php?action_kouhyou_detail_004_kani=true&JigyosyoCd=3870201724-00&ServiceCd=430&Type=search", "url2": null }, "geometry": { "type": "Point", "coordinates": [ 133.001442699999984, 34.0572326 ] } },
{ "type": "Feature", "properties": { "内容": "居宅介護支援事業所　ラ・ファミーユ【居宅介護支援】愛媛県今治市菊間町浜1453番地1", "url": "https://www.kaigokensaku.mhlw.go.jp/38/index.php?action_kouhyou_detail_004_kani=true&JigyosyoCd=3870201831-00&ServiceCd=430&Type=search", "url2": "http://www.nissinkai.jp/" }, "geometry": { "type": "Point", "coordinates": [ 132.847513952254303, 34.043065801254528 ] } },
{ "type": "Feature", "properties": { "内容": "居宅介護支援事業所ココロココ【居宅介護支援】今治市山路町１丁目3-21ココロココ今治１階", "url": "https://www.kaigokensaku.mhlw.go.jp/38/index.php?action_kouhyou_detail_004_kani=true&JigyosyoCd=3870201989-00&ServiceCd=430&Type=search", "url2": "https://cocolococo.co.jp/" }, "geometry": { "type": "Point", "coordinates": [ 132.977611393778943, 34.059155554738901 ] } },
{ "type": "Feature", "properties": { "内容": "指定居宅介護支援事業所　おあしす中央【居宅介護支援】愛媛県今治市八町西3丁目3番35号おあしす中央", "url": "https://www.kaigokensaku.mhlw.go.jp/38/index.php?action_kouhyou_detail_004_kani=true&JigyosyoCd=3870202284-00&ServiceCd=430&Type=search", "url2": "http://oasis-care.jp" }, "geometry": { "type": "Point", "coordinates": [ 132.990932801852409, 34.044379379151486 ] } },
{ "type": "Feature", "properties": { "内容": "指定居宅介護支援事業所　カインドハウス【居宅介護支援】愛媛県今治市本町7丁目3-33", "url": "https://www.kaigokensaku.mhlw.go.jp/38/index.php?action_kouhyou_detail_004_kani=true&JigyosyoCd=3870202359-00&ServiceCd=430&Type=search", "url2": "http://www.kindhouse.jp/" }, "geometry": { "type": "Point", "coordinates": [ 132.99718998667538, 34.078330329274358 ] } },
{ "type": "Feature", "properties": { "内容": "ケアプランセンターおれんじ【居宅介護支援】愛媛県今治市小泉五丁目7番15号", "url": "https://www.kaigokensaku.mhlw.go.jp/38/index.php?action_kouhyou_detail_004_kani=true&JigyosyoCd=3870202524-00&ServiceCd=430&Type=search", "url2": null }, "geometry": { "type": "Point", "coordinates": [ 132.981216600000039, 34.0442086 ] } },
{ "type": "Feature", "properties": { "内容": "指定居宅介護支援事業所さざんか【居宅介護支援】愛媛県今治市阿方甲424番地1", "url": "https://www.kaigokensaku.mhlw.go.jp/38/index.php?action_kouhyou_detail_004_kani=true&JigyosyoCd=3870202540-00&ServiceCd=430&Type=search", "url2": null }, "geometry": { "type": "Point", "coordinates": [ 132.965241800000058, 34.0629757 ] } },
{ "type": "Feature", "properties": { "内容": "居宅介護支援事業所エルハル【居宅介護支援】愛媛県今治市鯉池町３丁目２番２６号", "url": "https://www.kaigokensaku.mhlw.go.jp/38/index.php?action_kouhyou_detail_004_kani=true&JigyosyoCd=3870202631-00&ServiceCd=430&Type=search", "url2": "https://www.elhal.net/" }, "geometry": { "type": "Point", "coordinates": [ 132.9907924, 34.0516153 ] } },
{ "type": "Feature", "properties": { "内容": "居宅介護支援事業所　陽だまり【居宅介護支援】愛媛県今治市石橋町２丁目２番１号", "url": "https://www.kaigokensaku.mhlw.go.jp/38/index.php?action_kouhyou_detail_004_kani=true&JigyosyoCd=3870202656-00&ServiceCd=430&Type=search", "url2": null }, "geometry": { "type": "Point", "coordinates": [ 133.002384632075518, 34.046503634889312 ] } },
{ "type": "Feature", "properties": { "内容": "居宅介護支援事業所ししま【居宅介護支援】愛媛県今治市桜井4丁目6番52号ハートウォーミングライフ志々満", "url": "https://www.kaigokensaku.mhlw.go.jp/38/index.php?action_kouhyou_detail_004_kani=true&JigyosyoCd=3870202706-00&ServiceCd=430&Type=search", "url2": "https://heartwarming.jp" }, "geometry": { "type": "Point", "coordinates": [ 133.039496330549639, 34.016409613732016 ] } },
{ "type": "Feature", "properties": { "内容": "指定居宅介護支援事業所阿育苑【居宅介護支援】愛媛県今治市吉海町仁江262番地1", "url": "https://www.kaigokensaku.mhlw.go.jp/38/index.php?action_kouhyou_detail_004_kani=true&JigyosyoCd=3873200111-00&ServiceCd=430&Type=search", "url2": "http://asyokaen.jp" }, "geometry": { "type": "Point", "coordinates": [ 133.053910299999956, 34.151210290605434 ] } },
{ "type": "Feature", "properties": { "内容": "指定居宅介護支援事業所寿山苑【居宅介護支援】愛媛県今治市波方町養老甲1006番地", "url": "https://www.kaigokensaku.mhlw.go.jp/38/index.php?action_kouhyou_detail_004_kani=true&JigyosyoCd=3873200194-00&ServiceCd=430&Type=search", "url2": "http://www.jyuzanen.com" }, "geometry": { "type": "Point", "coordinates": [ 132.946519760713159, 34.102316814637341 ] } },
{ "type": "Feature", "properties": { "内容": "指定居宅介護支援事業所　片山医院【居宅介護支援】愛媛県今治市吉海町幸新田71番地", "url": "https://www.kaigokensaku.mhlw.go.jp/38/index.php?action_kouhyou_detail_004_kani=true&JigyosyoCd=3873200616-00&ServiceCd=430&Type=search", "url2": null }, "geometry": { "type": "Point", "coordinates": [ 133.042081199999984, 34.1469245 ] } },
{ "type": "Feature", "properties": { "内容": "幸風園【居宅介護支援】愛媛県今治市大西町紺原甲290番地1", "url": "https://www.kaigokensaku.mhlw.go.jp/38/index.php?action_kouhyou_detail_004_kani=true&JigyosyoCd=3873200814-00&ServiceCd=430&Type=search", "url2": "http://kouhukai.com" }, "geometry": { "type": "Point", "coordinates": [ 132.937963500000023, 34.0678222 ] } },
{ "type": "Feature", "properties": { "内容": "済生会今治指定居宅介護支援事業所さいせい【居宅介護支援】愛媛県今治市北日吉町1丁目7番43号済生会今治第二病院内", "url": "https://www.kaigokensaku.mhlw.go.jp/38/index.php?action_kouhyou_detail_004_kani=true&JigyosyoCd=3870200056-00&ServiceCd=430&Type=search", "url2": "http://www.imabari.saiseikai.or.jp/imabari2/" }, "geometry": { "type": "Point", "coordinates": [ 132.988566799999944, 34.0635947 ] } },
{ "type": "Feature", "properties": { "内容": "いよ路サービス居宅介護支援事業所【居宅介護支援】愛媛県今治市鯉池町1丁目2番10号", "url": "https://www.kaigokensaku.mhlw.go.jp/38/index.php?action_kouhyou_detail_004_kani=true&JigyosyoCd=3870200825-00&ServiceCd=430&Type=search", "url2": "http://care-net.biz/38/iyoji/" }, "geometry": { "type": "Point", "coordinates": [ 132.988241499999958, 34.0531741 ] } },
{ "type": "Feature", "properties": { "内容": "居宅介護支援事業所たちばな【居宅介護支援】愛媛県今治市北高下町3丁目3番18号", "url": "https://www.kaigokensaku.mhlw.go.jp/38/index.php?action_kouhyou_detail_004_kani=true&JigyosyoCd=3870200957-00&ServiceCd=430&Type=search", "url2": "http://nttbj.itp.ne.jp/0898348862/index.html" }, "geometry": { "type": "Point", "coordinates": [ 133.0111607, 34.0499785 ] } },
{ "type": "Feature", "properties": { "内容": "居宅介護支援事業所もりケアサービス【居宅介護支援】今治市常盤町5丁目2番23号", "url": "https://www.kaigokensaku.mhlw.go.jp/38/index.php?action_kouhyou_detail_004_kani=true&JigyosyoCd=3870201740-00&ServiceCd=430&Type=search", "url2": null }, "geometry": { "type": "Point", "coordinates": [ 132.994921400000067, 34.0606178 ] } },
{ "type": "Feature", "properties": { "内容": "居宅介護支援みやび【居宅介護支援】愛媛県今治市登畑甲195番地8", "url": "https://www.kaigokensaku.mhlw.go.jp/38/index.php?action_kouhyou_detail_004_kani=true&JigyosyoCd=3870202599-00&ServiceCd=430&Type=search", "url2": null }, "geometry": { "type": "Point", "coordinates": [ 133.0160926, 34.0210205 ] } },
{ "type": "Feature", "properties": { "内容": "居宅介護支援事業所　福ろう【居宅介護支援】愛媛県今治市朝倉上甲1155‐1", "url": "https://www.kaigokensaku.mhlw.go.jp/38/index.php?action_kouhyou_detail_004_kani=true&JigyosyoCd=3870202821-00&ServiceCd=430&Type=search", "url2": null }, "geometry": { "type": "Point", "coordinates": [ 133.0148825, 33.9836091 ] } },
{ "type": "Feature", "properties": { "内容": "指定居宅介護支援事業所愛【居宅介護支援】愛媛県今治市東鳥生町１丁目６番10号", "url": "https://www.kaigokensaku.mhlw.go.jp/38/index.php?action_kouhyou_detail_004_kani=true&JigyosyoCd=3870202714-00&ServiceCd=430&Type=search", "url2": null }, "geometry": { "type": "Point", "coordinates": [ 133.0180929, 34.0580745 ] } },
{ "type": "Feature", "properties": { "内容": "指定居宅介護支援事業所　はとり【居宅介護支援】愛媛県今治市南宝来町3丁目4番1", "url": "https://www.kaigokensaku.mhlw.go.jp/38/index.php?action_kouhyou_detail_004_kani=true&JigyosyoCd=3870201450-00&ServiceCd=430&Type=search", "url2": null }, "geometry": { "type": "Point", "coordinates": [ 133.0023926, 34.0585186 ] } },
{ "type": "Feature", "properties": { "内容": "指定居宅介護支援事業所　あいか【居宅介護支援】愛媛県宇和島市三間町黒井地1594－23", "url": "https://www.kaigokensaku.mhlw.go.jp/38/index.php?action_kouhyou_detail_004_kani=true&JigyosyoCd=3870301342-00&ServiceCd=430&Type=search", "url2": null }, "geometry": { "type": "Point", "coordinates": [ 132.599675831122994, 33.306532232530138 ] } },
{ "type": "Feature", "properties": { "内容": "友愛【居宅介護支援】愛媛県宇和島市鶴島町6番27号", "url": "https://www.kaigokensaku.mhlw.go.jp/38/index.php?action_kouhyou_detail_004_kani=true&JigyosyoCd=3870300450-00&ServiceCd=430&Type=search", "url2": null }, "geometry": { "type": "Point", "coordinates": [ 132.565979199999987, 33.226929 ] } },
{ "type": "Feature", "properties": { "内容": "居宅介護支援事業所きずな【居宅介護支援】愛媛県宇和島市宮下甲1535番地60", "url": "https://www.kaigokensaku.mhlw.go.jp/38/index.php?action_kouhyou_detail_004_kani=true&JigyosyoCd=3870301433-00&ServiceCd=430&Type=search", "url2": "https://www.effort.co.jp/" }, "geometry": { "type": "Point", "coordinates": [ 132.54139090000001, 33.2111038 ] } },
{ "type": "Feature", "properties": { "内容": "指定居宅介護支援事業所　もみの木【居宅介護支援】愛媛県宇和島市三間町元宗521番地１", "url": "https://www.kaigokensaku.mhlw.go.jp/38/index.php?action_kouhyou_detail_004_kani=true&JigyosyoCd=3870302167-00&ServiceCd=430&Type=search", "url2": "http://siminkyousaikai.jp/" }, "geometry": { "type": "Point", "coordinates": [ 132.614351100000022, 33.2909955 ] } },
{ "type": "Feature", "properties": { "内容": "指定居宅介護支援事業所　彩【居宅介護支援】愛媛県宇和島市長堀１－３－２５", "url": "https://www.kaigokensaku.mhlw.go.jp/38/index.php?action_kouhyou_detail_004_kani=true&JigyosyoCd=3870302118-00&ServiceCd=430&Type=search", "url2": null }, "geometry": { "type": "Point", "coordinates": [ 132.55463850000001, 33.2088332 ] } },
{ "type": "Feature", "properties": { "内容": "きくぞのケアパーク居宅介護支援事業所【居宅介護支援】愛媛県宇和島市和霊元町4丁目1番12号", "url": "https://www.kaigokensaku.mhlw.go.jp/38/index.php?action_kouhyou_detail_004_kani=true&JigyosyoCd=3870300047-00&ServiceCd=430&Type=search", "url2": "www.kikuzono.co.jp" }, "geometry": { "type": "Point", "coordinates": [ 132.5666865, 33.228700499999981 ] } },
{ "type": "Feature", "properties": { "内容": "居宅介護支援事業所やすらぎの杜【居宅介護支援】愛媛県宇和島市保田甲1932-2", "url": "https://www.kaigokensaku.mhlw.go.jp/38/index.php?action_kouhyou_detail_004_kani=true&JigyosyoCd=3870300104-00&ServiceCd=430&Type=search", "url2": "http://shouwakai.jp/" }, "geometry": { "type": "Point", "coordinates": [ 132.542851913630727, 33.184523977628025 ] } },
{ "type": "Feature", "properties": { "内容": "ケアセンター宇和島【居宅介護支援】愛媛県宇和島市丸之内2丁目1番7号", "url": "https://www.kaigokensaku.mhlw.go.jp/38/index.php?action_kouhyou_detail_004_kani=true&JigyosyoCd=3870300153-00&ServiceCd=430&Type=search", "url2": "http://cc-uwajima.jp" }, "geometry": { "type": "Point", "coordinates": [ 132.565107, 33.2170466 ] } },
{ "type": "Feature", "properties": { "内容": "独立行政法人地域医療機能推進機構宇和島病院附属居宅介護支援センター【居宅介護支援】愛媛県宇和島市賀古町1丁目2番20号", "url": "https://www.kaigokensaku.mhlw.go.jp/38/index.php?action_kouhyou_detail_004_kani=true&JigyosyoCd=3870300179-00&ServiceCd=430&Type=search", "url2": "https://uwajima.jcho.go.jp" }, "geometry": { "type": "Point", "coordinates": [ 132.5697983, 33.2152052 ] } },
{ "type": "Feature", "properties": { "内容": "ニチイケアセンターうわじま【居宅介護支援】愛媛県宇和島市川内甲978番地1", "url": "https://www.kaigokensaku.mhlw.go.jp/38/index.php?action_kouhyou_detail_004_kani=true&JigyosyoCd=3870300211-00&ServiceCd=430&Type=search", "url2": "http://www.nichiigakkan.co.jp" }, "geometry": { "type": "Point", "coordinates": [ 132.551022200000034, 33.204994599999985 ] } },
{ "type": "Feature", "properties": { "内容": "ラポール指定居宅介護支援事業所【居宅介護支援】愛媛県宇和島市恵美須町1丁目4番23号", "url": "https://www.kaigokensaku.mhlw.go.jp/38/index.php?action_kouhyou_detail_004_kani=true&JigyosyoCd=3870300344-00&ServiceCd=430&Type=search", "url2": "http://www.apotry.net" }, "geometry": { "type": "Point", "coordinates": [ 132.565508312828086, 33.223483763913997 ] } },
{ "type": "Feature", "properties": { "内容": "指定居宅介護支援事業所　いこい【居宅介護支援】愛媛県宇和島市和霊元町2丁目3番9号社会福祉法人　宇和島市民共済会", "url": "https://www.kaigokensaku.mhlw.go.jp/38/index.php?action_kouhyou_detail_004_kani=true&JigyosyoCd=3870300385-00&ServiceCd=430&Type=search", "url2": "http://www.siminkyousaikai.jp" }, "geometry": { "type": "Point", "coordinates": [ 132.567291862600285, 33.228180843868429 ] } },
{ "type": "Feature", "properties": { "内容": "介護サービス　あすなろ有限会社【居宅介護支援】愛媛県宇和島市本町追手2丁目1番41号", "url": "https://www.kaigokensaku.mhlw.go.jp/38/index.php?action_kouhyou_detail_004_kani=true&JigyosyoCd=3870300526-00&ServiceCd=430&Type=search", "url2": null }, "geometry": { "type": "Point", "coordinates": [ 132.570362100000011, 33.2197047 ] } },
{ "type": "Feature", "properties": { "内容": "医療法人　徳洲会ケアプランセンターパール【居宅介護支援】愛媛県宇和島市住吉町2丁目6番24号", "url": "https://www.kaigokensaku.mhlw.go.jp/38/index.php?action_kouhyou_detail_004_kani=true&JigyosyoCd=3870300575-00&ServiceCd=430&Type=search", "url2": "http://www.uwatoku.org/dept/pearl/" }, "geometry": { "type": "Point", "coordinates": [ 132.554021899999924, 33.2289536 ] } },
{ "type": "Feature", "properties": { "内容": "ケアサービス　ひばり【居宅介護支援】愛媛県宇和島市明倫町5丁目6番17号", "url": "https://www.kaigokensaku.mhlw.go.jp/38/index.php?action_kouhyou_detail_004_kani=true&JigyosyoCd=3870300740-00&ServiceCd=430&Type=search", "url2": null }, "geometry": { "type": "Point", "coordinates": [ 132.556030100000044, 33.2175408 ] } },
{ "type": "Feature", "properties": { "内容": "宇和島市社会福祉協議会宇和島介護保険事業所【居宅介護支援】愛媛県宇和島市住吉町一丁目6番16号宇和島市総合福祉センター", "url": "https://www.kaigokensaku.mhlw.go.jp/38/index.php?action_kouhyou_detail_004_kani=true&JigyosyoCd=3870300815-00&ServiceCd=430&Type=search", "url2": "http://www.uwajima-shakyo.or.jp/" }, "geometry": { "type": "Point", "coordinates": [ 132.558088199999929, 33.2259179 ] } },
{ "type": "Feature", "properties": { "内容": "宇和島市社会福祉協議会吉田介護保険事業所【居宅介護支援】愛媛県宇和島市吉田町東小路甲58番地5", "url": "https://www.kaigokensaku.mhlw.go.jp/38/index.php?action_kouhyou_detail_004_kani=true&JigyosyoCd=3870300823-00&ServiceCd=430&Type=search", "url2": "http://www.uwajima-shakyo.or.jp/" }, "geometry": { "type": "Point", "coordinates": [ 132.540805041921004, 33.279120693856704 ] } },
{ "type": "Feature", "properties": { "内容": "宇和島市社会福祉協議会　三間介護保険事業所【居宅介護支援】愛媛県宇和島市三間町迫目126番地", "url": "https://www.kaigokensaku.mhlw.go.jp/38/index.php?action_kouhyou_detail_004_kani=true&JigyosyoCd=3870300831-00&ServiceCd=430&Type=search", "url2": "http://www.uwajima-shakyo.or.jp/" }, "geometry": { "type": "Point", "coordinates": [ 132.60601870000005, 33.2877845 ] } },
{ "type": "Feature", "properties": { "内容": "宇和島市社会福祉協議会　津島介護保険事業所【居宅介護支援】愛媛県宇和島市津島町岩松甲471番地津島保健センター", "url": "https://www.kaigokensaku.mhlw.go.jp/38/index.php?action_kouhyou_detail_004_kani=true&JigyosyoCd=3870300849-00&ServiceCd=430&Type=search", "url2": "http://www.uwajima-shakyo.or.jp/" }, "geometry": { "type": "Point", "coordinates": [ 132.5212133, 33.1259584 ] } },
{ "type": "Feature", "properties": { "内容": "合同会社ゆら指定居宅介護支援事業所【居宅介護支援】愛媛県宇和島市津島町須下365番地", "url": "https://www.kaigokensaku.mhlw.go.jp/38/index.php?action_kouhyou_detail_004_kani=true&JigyosyoCd=3870301060-00&ServiceCd=430&Type=search", "url2": null }, "geometry": { "type": "Point", "coordinates": [ 132.412256299999967, 33.0629554 ] } },
{ "type": "Feature", "properties": { "内容": "ケアプランセンター　みずき【居宅介護支援】宇和島市川内甲957-4", "url": "https://www.kaigokensaku.mhlw.go.jp/38/index.php?action_kouhyou_detail_004_kani=true&JigyosyoCd=3870301383-00&ServiceCd=430&Type=search", "url2": null }, "geometry": { "type": "Point", "coordinates": [ 132.551047199999971, 33.2051029 ] } },
{ "type": "Feature", "properties": { "内容": "ひだまりの会居宅介護支援事業所【居宅介護支援】愛媛県宇和島市長堀3丁目8番6号", "url": "https://www.kaigokensaku.mhlw.go.jp/38/index.php?action_kouhyou_detail_004_kani=true&JigyosyoCd=3870301391-00&ServiceCd=430&Type=search", "url2": null }, "geometry": { "type": "Point", "coordinates": [ 132.551511, 33.2071889 ] } },
{ "type": "Feature", "properties": { "内容": "ケアプランはたじ【居宅介護支援】宇和島市津島町下畑地甲1125番地1", "url": "https://www.kaigokensaku.mhlw.go.jp/38/index.php?action_kouhyou_detail_004_kani=true&JigyosyoCd=3870301623-00&ServiceCd=430&Type=search", "url2": null }, "geometry": { "type": "Point", "coordinates": [ 132.5088068, 33.0978858 ] } },
{ "type": "Feature", "properties": { "内容": "指定居宅介護支援事業所　春風【居宅介護支援】宇和島市和霊町1534番地3", "url": "https://www.kaigokensaku.mhlw.go.jp/38/index.php?action_kouhyou_detail_004_kani=true&JigyosyoCd=3870301672-00&ServiceCd=430&Type=search", "url2": null }, "geometry": { "type": "Point", "coordinates": [ 132.563987699999984, 33.2324173 ] } },
{ "type": "Feature", "properties": { "内容": "居宅介護支援事業所　笑歩会　宇和島【居宅介護支援】愛媛県宇和島市保田甲981-1", "url": "https://www.kaigokensaku.mhlw.go.jp/38/index.php?action_kouhyou_detail_004_kani=true&JigyosyoCd=3870302043-00&ServiceCd=430&Type=search", "url2": "http://shouhokai.jp/" }, "geometry": { "type": "Point", "coordinates": [ 132.547261127647431, 33.192063150750755 ] } },
{ "type": "Feature", "properties": { "内容": "ケアプラン　ファースト【居宅介護支援】愛媛県宇和島市丸穂町4丁目1番27号", "url": "https://www.kaigokensaku.mhlw.go.jp/38/index.php?action_kouhyou_detail_004_kani=true&JigyosyoCd=3870302142-00&ServiceCd=430&Type=search", "url2": null }, "geometry": { "type": "Point", "coordinates": [ 132.569034500000043, 33.2228239 ] } },
{ "type": "Feature", "properties": { "内容": "居宅介護支援事業所　ひまわり【居宅介護支援】愛媛県宇和島市明倫町5丁目5番13号", "url": "https://www.kaigokensaku.mhlw.go.jp/38/index.php?action_kouhyou_detail_004_kani=true&JigyosyoCd=3870302159-00&ServiceCd=430&Type=search", "url2": null }, "geometry": { "type": "Point", "coordinates": [ 132.556660599999987, 33.2178186 ] } },
{ "type": "Feature", "properties": { "内容": "指定居宅介護支援事業所ことのは【居宅介護支援】愛媛県宇和島市保田甲775番地", "url": "https://www.kaigokensaku.mhlw.go.jp/38/index.php?action_kouhyou_detail_004_kani=true&JigyosyoCd=3870302282-00&ServiceCd=430&Type=search", "url2": null }, "geometry": { "type": "Point", "coordinates": [ 132.5485088, 33.1865792 ] } },
{ "type": "Feature", "properties": { "内容": "ケアプラン　みかん【居宅介護支援】愛媛県宇和島市和霊町1864番地2グリーンハイツⅡ103号室", "url": "https://www.kaigokensaku.mhlw.go.jp/38/index.php?action_kouhyou_detail_004_kani=true&JigyosyoCd=3870302290-00&ServiceCd=430&Type=search", "url2": null }, "geometry": { "type": "Point", "coordinates": [ 132.566279, 33.232618 ] } },
{ "type": "Feature", "properties": { "内容": "指定居宅介護支援事業所サンランド【居宅介護支援】愛媛県宇和島市吉田町立間尻甲727番地1", "url": "https://www.kaigokensaku.mhlw.go.jp/38/index.php?action_kouhyou_detail_004_kani=true&JigyosyoCd=3873900355-00&ServiceCd=430&Type=search", "url2": "http://www.sanland.or.jp" }, "geometry": { "type": "Point", "coordinates": [ 132.545744154028284, 33.272647838279767 ] } },
{ "type": "Feature", "properties": { "内容": "介護センター津島指定居宅介護支援事業所【居宅介護支援】愛媛県宇和島市津島町北灘乙2041番地", "url": "https://www.kaigokensaku.mhlw.go.jp/38/index.php?action_kouhyou_detail_004_kani=true&JigyosyoCd=3873900496-00&ServiceCd=430&Type=search", "url2": null }, "geometry": { "type": "Point", "coordinates": [ 132.52376019999997, 33.1299442 ] } },
{ "type": "Feature", "properties": { "内容": "居宅介護支援事業所いわむら【居宅介護支援】愛媛県宇和島市吉田町魚棚20－3", "url": "https://www.kaigokensaku.mhlw.go.jp/38/index.php?action_kouhyou_detail_004_kani=true&JigyosyoCd=3873900546-00&ServiceCd=430&Type=search", "url2": null }, "geometry": { "type": "Point", "coordinates": [ 132.540642400000024, 33.2760451 ] } },
{ "type": "Feature", "properties": { "内容": "ケアステーションますほ指定居宅介護支援事業所【居宅介護支援】愛媛県宇和島市津島町高田甲2920番地1", "url": "https://www.kaigokensaku.mhlw.go.jp/38/index.php?action_kouhyou_detail_004_kani=true&JigyosyoCd=3873900595-00&ServiceCd=430&Type=search", "url2": null }, "geometry": { "type": "Point", "coordinates": [ 132.524424, 33.1305664 ] } },
{ "type": "Feature", "properties": { "内容": "口羽指定居宅介護支援事業所【居宅介護支援】愛媛県宇和島市津島町高田丙547番地の1", "url": "https://www.kaigokensaku.mhlw.go.jp/38/index.php?action_kouhyou_detail_004_kani=true&JigyosyoCd=3873900660-00&ServiceCd=430&Type=search", "url2": null }, "geometry": { "type": "Point", "coordinates": [ 132.5172406, 33.1229434 ] } },
{ "type": "Feature", "properties": { "内容": "指定居宅介護支援事業所あかね【居宅介護支援】愛媛県宇和島市吉田町白浦3番地2", "url": "https://www.kaigokensaku.mhlw.go.jp/38/index.php?action_kouhyou_detail_004_kani=true&JigyosyoCd=3873900819-00&ServiceCd=430&Type=search", "url2": "ｈｔｔｐ//wwwa.pikara.ne.jp/akanesou/" }, "geometry": { "type": "Point", "coordinates": [ 132.527081400000043, 33.3126467 ] } },
{ "type": "Feature", "properties": { "内容": "友愛【居宅介護支援】愛媛県宇和島市祝森甲3308-1", "url": "https://www.kaigokensaku.mhlw.go.jp/38/index.php?action_kouhyou_detail_004_kani=true&JigyosyoCd=3870302324-00&ServiceCd=430&Type=search", "url2": null }, "geometry": { "type": "Point", "coordinates": [ 132.551491700000014, 33.1700631 ] } },
{ "type": "Feature", "properties": { "内容": "居宅介護支援事業所きずな湯島【居宅介護支援】愛媛県八幡浜市五反田湯島1-506-1", "url": "https://www.kaigokensaku.mhlw.go.jp/38/index.php?action_kouhyou_detail_004_kani=true&JigyosyoCd=3870400912-00&ServiceCd=430&Type=search", "url2": null }, "geometry": { "type": "Point", "coordinates": [ 132.440091800143023, 33.447746200772414 ] } },
{ "type": "Feature", "properties": { "内容": "リアン居宅介護支援事業所【居宅介護支援】愛媛県八幡浜市１２１１番地１", "url": "https://www.kaigokensaku.mhlw.go.jp/38/index.php?action_kouhyou_detail_004_kani=true&JigyosyoCd=3870400987-00&ServiceCd=430&Type=search", "url2": null }, "geometry": { "type": "Point", "coordinates": [ 132.430994, 33.458346 ] } },
{ "type": "Feature", "properties": { "内容": "ウエル五反田居宅介護支援事業所【居宅介護支援】愛媛県八幡浜市五反田1番耕地106番地", "url": "https://www.kaigokensaku.mhlw.go.jp/38/index.php?action_kouhyou_detail_004_kani=true&JigyosyoCd=3870400037-00&ServiceCd=430&Type=search", "url2": "http://www.kujira.biz/" }, "geometry": { "type": "Point", "coordinates": [ 132.435964761368496, 33.449190209615246 ] } },
{ "type": "Feature", "properties": { "内容": "居宅介護支援事業ことぶき荘【居宅介護支援】愛媛県八幡浜市向灘229-18", "url": "https://www.kaigokensaku.mhlw.go.jp/38/index.php?action_kouhyou_detail_004_kani=true&JigyosyoCd=3870400045-00&ServiceCd=430&Type=search", "url2": "https://tokuyou-kotobuki.or.jp/" }, "geometry": { "type": "Point", "coordinates": [ 132.424597100000028, 33.4663947 ] } },
{ "type": "Feature", "properties": { "内容": "八幡浜医師会居宅介護支援事業所【居宅介護支援】愛媛県八幡浜市広瀬1丁目7-17", "url": "https://www.kaigokensaku.mhlw.go.jp/38/index.php?action_kouhyou_detail_004_kani=true&JigyosyoCd=3870400102-00&ServiceCd=430&Type=search", "url2": null }, "geometry": { "type": "Point", "coordinates": [ 132.425927900000033, 33.4556849 ] } },
{ "type": "Feature", "properties": { "内容": "居宅介護支援事業所　西安【居宅介護支援】愛媛県八幡浜市大平1番耕地870番地2介護老人保健施設　西安", "url": "https://www.kaigokensaku.mhlw.go.jp/38/index.php?action_kouhyou_detail_004_kani=true&JigyosyoCd=3870400268-00&ServiceCd=430&Type=search", "url2": "http://www.atomgroup.jp" }, "geometry": { "type": "Point", "coordinates": [ 132.427526031460474, 33.46602520643119 ] } },
{ "type": "Feature", "properties": { "内容": "社会福祉法人八幡浜市社会福祉協議会指定居宅介護支援事業所【居宅介護支援】愛媛県八幡浜市松柏乙1101番地八幡浜市保健福祉総合センター2階", "url": "https://www.kaigokensaku.mhlw.go.jp/38/index.php?action_kouhyou_detail_004_kani=true&JigyosyoCd=3870400490-00&ServiceCd=430&Type=search", "url2": "http://www.yawatahamashi-syakyo.jp/" }, "geometry": { "type": "Point", "coordinates": [ 132.438265499999943, 33.4602874 ] } },
{ "type": "Feature", "properties": { "内容": "おるｄｅ新町居宅介護支援事業所【居宅介護支援】愛媛県八幡浜市天神通一丁目1420番地", "url": "https://www.kaigokensaku.mhlw.go.jp/38/index.php?action_kouhyou_detail_004_kani=true&JigyosyoCd=3870400607-00&ServiceCd=430&Type=search", "url2": "http://www.orude.jp/" }, "geometry": { "type": "Point", "coordinates": [ 132.424493524606277, 33.458544946423103 ] } },
{ "type": "Feature", "properties": { "内容": "居宅介護支援　あったかいご【居宅介護支援】八幡浜市産業通353-1デイサービスあったかいご二番館", "url": "https://www.kaigokensaku.mhlw.go.jp/38/index.php?action_kouhyou_detail_004_kani=true&JigyosyoCd=3870400706-00&ServiceCd=430&Type=search", "url2": null }, "geometry": { "type": "Point", "coordinates": [ 132.432138500000065, 33.4531575 ] } },
{ "type": "Feature", "properties": { "内容": "セントケア八幡浜【居宅介護支援】愛媛県八幡浜江戸岡1丁目8番5号マルマビル１階", "url": "https://www.kaigokensaku.mhlw.go.jp/38/index.php?action_kouhyou_detail_004_kani=true&JigyosyoCd=3870400797-00&ServiceCd=430&Type=search", "url2": "http://care-net.biz/37/saintcare-sikoku/" }, "geometry": { "type": "Point", "coordinates": [ 132.434068700000012, 33.4581875 ] } },
{ "type": "Feature", "properties": { "内容": "居宅介護支援事業所藤原合同会社【居宅介護支援】愛媛県八幡浜市西近江屋町1536番地13", "url": "https://www.kaigokensaku.mhlw.go.jp/38/index.php?action_kouhyou_detail_004_kani=true&JigyosyoCd=3870400862-00&ServiceCd=430&Type=search", "url2": "ksjfujiwarallc@outlook.com" }, "geometry": { "type": "Point", "coordinates": [ 132.425111220515419, 33.464921255809337 ] } },
{ "type": "Feature", "properties": { "内容": "たけしケアプランセンター【居宅介護支援】愛媛県八幡浜市大平1-774-7たけし接骨院　2階", "url": "https://www.kaigokensaku.mhlw.go.jp/38/index.php?action_kouhyou_detail_004_kani=true&JigyosyoCd=3870400904-00&ServiceCd=430&Type=search", "url2": "care-net.biz/38/younaru" }, "geometry": { "type": "Point", "coordinates": [ 132.42553404166415, 33.46766465062165 ] } },
{ "type": "Feature", "properties": { "内容": "こもれび社会福祉士事務所【居宅介護支援】愛媛県八幡浜市大平1番耕地794番地7", "url": "https://www.kaigokensaku.mhlw.go.jp/38/index.php?action_kouhyou_detail_004_kani=true&JigyosyoCd=3870400979-00&ServiceCd=430&Type=search", "url2": null }, "geometry": { "type": "Point", "coordinates": [ 132.427247363229384, 33.466695147802454 ] } },
{ "type": "Feature", "properties": { "内容": "居宅支援センター矢野脳外科【居宅介護支援】八幡浜市古町１丁目６番1２号", "url": "https://www.kaigokensaku.mhlw.go.jp/38/index.php?action_kouhyou_detail_004_kani=true&JigyosyoCd=3870400821-00&ServiceCd=430&Type=search", "url2": null }, "geometry": { "type": "Point", "coordinates": [ 132.4299747, 33.4562988 ] } },
{ "type": "Feature", "properties": { "内容": "介護の匠新和田【居宅介護支援】愛媛県八幡浜市矢野町156番地、157番地2", "url": "https://www.kaigokensaku.mhlw.go.jp/38/index.php?action_kouhyou_detail_004_kani=true&JigyosyoCd=3870401068-00&ServiceCd=430&Type=search", "url2": null }, "geometry": { "type": "Point", "coordinates": [ 132.4248231, 33.4578054 ] } },
{ "type": "Feature", "properties": { "内容": "居宅介護支援事業所　ともに【居宅介護支援】愛媛県八幡浜市大平２番耕地１１４９番地２", "url": "https://www.kaigokensaku.mhlw.go.jp/38/index.php?action_kouhyou_detail_004_kani=true&JigyosyoCd=3870401076-00&ServiceCd=430&Type=search", "url2": null }, "geometry": { "type": "Point", "coordinates": [ 132.426924, 33.4672317 ] } },
{ "type": "Feature", "properties": { "内容": "高齢者福祉実践センター【居宅介護支援】愛媛県新居浜市長岩町2-46", "url": "https://www.kaigokensaku.mhlw.go.jp/38/index.php?action_kouhyou_detail_004_kani=true&JigyosyoCd=3870500240-00&ServiceCd=430&Type=search", "url2": "kawahigashi_center@agusasnet.jp" }, "geometry": { "type": "Point", "coordinates": [ 133.32594389999997, 33.977835 ] } },
{ "type": "Feature", "properties": { "内容": "居宅ほほえみ【居宅介護支援】愛媛県新居浜市中村二丁目4番25号", "url": "https://www.kaigokensaku.mhlw.go.jp/38/index.php?action_kouhyou_detail_004_kani=true&JigyosyoCd=3870501537-00&ServiceCd=430&Type=search", "url2": null }, "geometry": { "type": "Point", "coordinates": [ 133.28871455617832, 33.930239532952527 ] } },
{ "type": "Feature", "properties": { "内容": "居宅介護支援事業所　芳光【居宅介護支援】愛媛県新居浜市北新町12-52", "url": "https://www.kaigokensaku.mhlw.go.jp/38/index.php?action_kouhyou_detail_004_kani=true&JigyosyoCd=3870501727-00&ServiceCd=430&Type=search", "url2": "http://www.houko.jp" }, "geometry": { "type": "Point", "coordinates": [ 133.270104700000047, 33.9586061 ] } },
{ "type": "Feature", "properties": { "内容": "居宅介護支援事業所お茶屋の里【居宅介護支援】愛媛県新居浜市西の土居町二丁目８番２３号", "url": "https://www.kaigokensaku.mhlw.go.jp/38/index.php?action_kouhyou_detail_004_kani=true&JigyosyoCd=3870502303-00&ServiceCd=430&Type=search", "url2": "http:ochayanosato.jp/" }, "geometry": { "type": "Point", "coordinates": [ 133.2739292, 33.9499737 ] } },
{ "type": "Feature", "properties": { "内容": "ケアサポート・ライカ【居宅介護支援】新須賀町1丁目8番63号", "url": "https://www.kaigokensaku.mhlw.go.jp/38/index.php?action_kouhyou_detail_004_kani=true&JigyosyoCd=3870500786-00&ServiceCd=430&Type=search", "url2": null }, "geometry": { "type": "Point", "coordinates": [ 133.283623667459096, 33.9655516305017 ] } },
{ "type": "Feature", "properties": { "内容": "アシストジャパン居宅介護支援事業所東予【居宅介護支援】愛媛県新居浜市菊本町2丁目12-23", "url": "https://www.kaigokensaku.mhlw.go.jp/38/index.php?action_kouhyou_detail_004_kani=true&JigyosyoCd=3870501198-00&ServiceCd=430&Type=search", "url2": "www.assistjapan.com" }, "geometry": { "type": "Point", "coordinates": [ 133.285974669719081, 33.974965213139846 ] } },
{ "type": "Feature", "properties": { "内容": "居宅介護支援事業所ひつじが丘【居宅介護支援】新居浜市北内町4丁目9番６号", "url": "https://www.kaigokensaku.mhlw.go.jp/38/index.php?action_kouhyou_detail_004_kani=true&JigyosyoCd=3870502345-00&ServiceCd=430&Type=search", "url2": "fk7cr4@bma.biglobe.me.jp" }, "geometry": { "type": "Point", "coordinates": [ 133.310251914858213, 33.927805479531109 ] } },
{ "type": "Feature", "properties": { "内容": "株式会社こでまり【居宅介護支援】宇高町3-5-25", "url": "https://www.kaigokensaku.mhlw.go.jp/38/index.php?action_kouhyou_detail_004_kani=true&JigyosyoCd=3870502451-00&ServiceCd=430&Type=search", "url2": null }, "geometry": { "type": "Point", "coordinates": [ 133.305629700000054, 33.9772323 ] } },
{ "type": "Feature", "properties": { "内容": "新居浜協立病院【居宅介護支援】愛媛県新居浜市若水町1丁目7番45号", "url": "https://www.kaigokensaku.mhlw.go.jp/38/index.php?action_kouhyou_detail_004_kani=true&JigyosyoCd=3810528145-00&ServiceCd=430&Type=search", "url2": "http://www.ehime-med.or.jp" }, "geometry": { "type": "Point", "coordinates": [ 133.278729399999946, 33.9662277 ] } },
{ "type": "Feature", "properties": { "内容": "指定居宅介護支援事業所　久和【居宅介護支援】愛媛県新居浜市船木甲3656番地8", "url": "https://www.kaigokensaku.mhlw.go.jp/38/index.php?action_kouhyou_detail_004_kani=true&JigyosyoCd=3870500018-00&ServiceCd=430&Type=search", "url2": null }, "geometry": { "type": "Point", "coordinates": [ 133.329006700000036, 33.9393813 ] } },
{ "type": "Feature", "properties": { "内容": "有限会社東予ケア・サービス【居宅介護支援】愛媛県新居浜市垣生一丁目6-25", "url": "https://www.kaigokensaku.mhlw.go.jp/38/index.php?action_kouhyou_detail_004_kani=true&JigyosyoCd=3870500034-00&ServiceCd=430&Type=search", "url2": "http://care-net.biz/38/toyo/" }, "geometry": { "type": "Point", "coordinates": [ 133.319047214749844, 33.981804041285592 ] } },
{ "type": "Feature", "properties": { "内容": "指定居宅介護支援事業所アソカ園【居宅介護支援】愛媛県新居浜市郷三丁目16番58号", "url": "https://www.kaigokensaku.mhlw.go.jp/38/index.php?action_kouhyou_detail_004_kani=true&JigyosyoCd=3870500075-00&ServiceCd=430&Type=search", "url2": "http://www.asokaen.jp/" }, "geometry": { "type": "Point", "coordinates": [ 133.309537299999988, 33.9617785 ] } },
{ "type": "Feature", "properties": { "内容": "指定居宅介護支援事業所三恵【居宅介護支援】愛媛県新居浜市萩生河ノ北67-60", "url": "https://www.kaigokensaku.mhlw.go.jp/38/index.php?action_kouhyou_detail_004_kani=true&JigyosyoCd=3870500091-00&ServiceCd=430&Type=search", "url2": "http://www.sankeiso.sankeikai.com" }, "geometry": { "type": "Point", "coordinates": [ 133.261635100000035, 33.9305229 ] } },
{ "type": "Feature", "properties": { "内容": "指定居宅介護支援事業所　きぼうの苑【居宅介護支援】愛媛県新居浜市西の土居町二丁目8番12号", "url": "https://www.kaigokensaku.mhlw.go.jp/38/index.php?action_kouhyou_detail_004_kani=true&JigyosyoCd=3870500109-00&ServiceCd=430&Type=search", "url2": "http://www.sankeikai.or.jp" }, "geometry": { "type": "Point", "coordinates": [ 133.27488470000003, 33.949421 ] } },
{ "type": "Feature", "properties": { "内容": "指定居宅介護支援事業所ハートランド三恵【居宅介護支援】愛媛県新居浜市萩生17", "url": "https://www.kaigokensaku.mhlw.go.jp/38/index.php?action_kouhyou_detail_004_kani=true&JigyosyoCd=3870500117-00&ServiceCd=430&Type=search", "url2": "http://www.heartland.sankeikai.com/" }, "geometry": { "type": "Point", "coordinates": [ 133.259788, 33.9304507 ] } },
{ "type": "Feature", "properties": { "内容": "社会福祉法人　新居浜市社会福祉協議会　指定居宅介護支援事業所【居宅介護支援】愛媛県新居浜市庄内町六丁目11番46号社会福祉協議会　介護事業所", "url": "https://www.kaigokensaku.mhlw.go.jp/38/index.php?action_kouhyou_detail_004_kani=true&JigyosyoCd=3870500133-00&ServiceCd=430&Type=search", "url2": "http://www.n-syakyo.jp/" }, "geometry": { "type": "Point", "coordinates": [ 133.298081046032706, 33.951878947705218 ] } },
{ "type": "Feature", "properties": { "内容": "指定居宅介護支援センターそらいろのたね【居宅介護支援】愛媛県新居浜市新田町一丁目9番9号", "url": "https://www.kaigokensaku.mhlw.go.jp/38/index.php?action_kouhyou_detail_004_kani=true&JigyosyoCd=3870500141-00&ServiceCd=430&Type=search", "url2": "http://www.niihama-mcoop.or.jp./" }, "geometry": { "type": "Point", "coordinates": [ 133.262269, 33.9570394 ] } },
{ "type": "Feature", "properties": { "内容": "指定居宅介護支援センターおとなりさん【居宅介護支援】愛媛県新居浜市萩生1061番地", "url": "https://www.kaigokensaku.mhlw.go.jp/38/index.php?action_kouhyou_detail_004_kani=true&JigyosyoCd=3870500158-00&ServiceCd=430&Type=search", "url2": "http://www.niihama-mcoop.or.jp/" }, "geometry": { "type": "Point", "coordinates": [ 133.266737599999942, 33.9257734 ] } },
{ "type": "Feature", "properties": { "内容": "ニチイケアセンターたきはま【居宅介護支援】愛媛県新居浜市阿島1-7-24", "url": "https://www.kaigokensaku.mhlw.go.jp/38/index.php?action_kouhyou_detail_004_kani=true&JigyosyoCd=3870500166-00&ServiceCd=430&Type=search", "url2": "http://www.nichiigakkan.co.jp" }, "geometry": { "type": "Point", "coordinates": [ 133.352251900000027, 33.9789541 ] } },
{ "type": "Feature", "properties": { "内容": "指定居宅介護支援事業所ふたば荘【居宅介護支援】愛媛県新居浜市船木959-3", "url": "https://www.kaigokensaku.mhlw.go.jp/38/index.php?action_kouhyou_detail_004_kani=true&JigyosyoCd=3870500174-00&ServiceCd=430&Type=search", "url2": "http://ww9.tiki.ne.jp/~futaba/" }, "geometry": { "type": "Point", "coordinates": [ 133.346705, 33.9348874 ] } },
{ "type": "Feature", "properties": { "内容": "指定居宅介護支援事業所新居浜市医師会【居宅介護支援】愛媛県新居浜市庄内町4-7-54", "url": "https://www.kaigokensaku.mhlw.go.jp/38/index.php?action_kouhyou_detail_004_kani=true&JigyosyoCd=3870500182-00&ServiceCd=430&Type=search", "url2": "http://www.niihama-med.or.jp/" }, "geometry": { "type": "Point", "coordinates": [ 133.290211499999941, 33.9506516 ] } },
{ "type": "Feature", "properties": { "内容": "指定居宅介護支援事業所ひと【居宅介護支援】愛媛県新居浜市中西町３番２０号", "url": "https://www.kaigokensaku.mhlw.go.jp/38/index.php?action_kouhyou_detail_004_kani=true&JigyosyoCd=3870500612-00&ServiceCd=430&Type=search", "url2": null }, "geometry": { "type": "Point", "coordinates": [ 133.303369760294771, 33.926954826783607 ] } },
{ "type": "Feature", "properties": { "内容": "指定居宅介護支援センターたかつ【居宅介護支援】愛媛県新居浜市高津町3番20号", "url": "https://www.kaigokensaku.mhlw.go.jp/38/index.php?action_kouhyou_detail_004_kani=true&JigyosyoCd=3870500760-00&ServiceCd=430&Type=search", "url2": "http://www.niihama-mcoop.or.jp/" }, "geometry": { "type": "Point", "coordinates": [ 133.300430300000016, 33.9709331 ] } },
{ "type": "Feature", "properties": { "内容": "指定居宅介護支援センター青い鳥【居宅介護支援】愛媛県新居浜市久保田町3-9-27エアーズ久保田", "url": "https://www.kaigokensaku.mhlw.go.jp/38/index.php?action_kouhyou_detail_004_kani=true&JigyosyoCd=3870500844-00&ServiceCd=430&Type=search", "url2": null }, "geometry": { "type": "Point", "coordinates": [ 133.285106400000018, 33.9544457 ] } },
{ "type": "Feature", "properties": { "内容": "居宅介護支援事業所　おくらの里【居宅介護支援】愛媛県新居浜市御蔵町11番23号", "url": "https://www.kaigokensaku.mhlw.go.jp/38/index.php?action_kouhyou_detail_004_kani=true&JigyosyoCd=3870500851-00&ServiceCd=430&Type=search", "url2": "http://www.okura11@okuranosato.com" }, "geometry": { "type": "Point", "coordinates": [ 133.285511400000019, 33.9165802 ] } },
{ "type": "Feature", "properties": { "内容": "光介護支援センター【居宅介護支援】愛媛県新居浜市喜光地町1-6-35", "url": "https://www.kaigokensaku.mhlw.go.jp/38/index.php?action_kouhyou_detail_004_kani=true&JigyosyoCd=3870501057-00&ServiceCd=430&Type=search", "url2": "http://www17.ocn.ne.jp/~hks66" }, "geometry": { "type": "Point", "coordinates": [ 133.298599, 33.9337785 ] } },
{ "type": "Feature", "properties": { "内容": "コープえひめ居宅介護支援事業所新居浜【居宅介護支援】新居浜市新田町１丁目６番５１号", "url": "https://www.kaigokensaku.mhlw.go.jp/38/index.php?action_kouhyou_detail_004_kani=true&JigyosyoCd=3870501271-00&ServiceCd=430&Type=search", "url2": null }, "geometry": { "type": "Point", "coordinates": [ 133.26519313046245, 33.957503778667366 ] } },
{ "type": "Feature", "properties": { "内容": "ライフケア【居宅介護支援】愛媛県新居浜市喜光地町1丁目7番17号", "url": "https://www.kaigokensaku.mhlw.go.jp/38/index.php?action_kouhyou_detail_004_kani=true&JigyosyoCd=3870501396-00&ServiceCd=430&Type=search", "url2": "https://www.lifecare-n.jp" }, "geometry": { "type": "Point", "coordinates": [ 133.300139505899068, 33.93607682424765 ] } },
{ "type": "Feature", "properties": { "内容": "居宅介護支援事業所はぴねす【居宅介護支援】愛媛県新居浜市一宮町二丁目6番72号", "url": "https://www.kaigokensaku.mhlw.go.jp/38/index.php?action_kouhyou_detail_004_kani=true&JigyosyoCd=3870501487-00&ServiceCd=430&Type=search", "url2": "http://www.hapinesu.com/" }, "geometry": { "type": "Point", "coordinates": [ 133.2780348, 33.9583118 ] } },
{ "type": "Feature", "properties": { "内容": "居宅介護支援事業所　竹トンボ【居宅介護支援】新居浜市落神町３番１１号", "url": "https://www.kaigokensaku.mhlw.go.jp/38/index.php?action_kouhyou_detail_004_kani=true&JigyosyoCd=3870501602-00&ServiceCd=430&Type=search", "url2": null }, "geometry": { "type": "Point", "coordinates": [ 133.324021799999969, 33.9675168 ] } },
{ "type": "Feature", "properties": { "内容": "居宅介護支援事業所　すみの【居宅介護支援】新居浜市中筋町二丁目１番５号", "url": "https://www.kaigokensaku.mhlw.go.jp/38/index.php?action_kouhyou_detail_004_kani=true&JigyosyoCd=3870501693-00&ServiceCd=430&Type=search", "url2": null }, "geometry": { "type": "Point", "coordinates": [ 133.30220587457049, 33.922867712199078 ] } },
{ "type": "Feature", "properties": { "内容": "ひろ【居宅介護支援】愛媛県新居浜市土橋１丁目4番40号", "url": "https://www.kaigokensaku.mhlw.go.jp/38/index.php?action_kouhyou_detail_004_kani=true&JigyosyoCd=3870501701-00&ServiceCd=430&Type=search", "url2": null }, "geometry": { "type": "Point", "coordinates": [ 133.288047399999982, 33.9362557 ] } },
{ "type": "Feature", "properties": { "内容": "居宅　宝寿園【居宅介護支援】東田3丁目乙11番86号", "url": "https://www.kaigokensaku.mhlw.go.jp/38/index.php?action_kouhyou_detail_004_kani=true&JigyosyoCd=3870501750-00&ServiceCd=430&Type=search", "url2": "http://housyuukai.jp/" }, "geometry": { "type": "Point", "coordinates": [ 133.320743799999974, 33.9450306 ] } },
{ "type": "Feature", "properties": { "内容": "指定居宅介護支援事業所　ふれんど【居宅介護支援】新居浜市萩生2896番地2", "url": "https://www.kaigokensaku.mhlw.go.jp/38/index.php?action_kouhyou_detail_004_kani=true&JigyosyoCd=3870501966-00&ServiceCd=430&Type=search", "url2": null }, "geometry": { "type": "Point", "coordinates": [ 133.276231400000029, 33.9141664 ] } },
{ "type": "Feature", "properties": { "内容": "指定居宅介護支援事業所みやした【居宅介護支援】愛媛県新居浜市松神子三丁目１番２６号", "url": "https://www.kaigokensaku.mhlw.go.jp/38/index.php?action_kouhyou_detail_004_kani=true&JigyosyoCd=3870502071-00&ServiceCd=430&Type=search", "url2": "http://miyashita-clinic.jp/" }, "geometry": { "type": "Point", "coordinates": [ 133.326085499999976, 33.9732189 ] } },
{ "type": "Feature", "properties": { "内容": "指定居宅介護支援事業所　愛【居宅介護支援】愛媛県新居浜市多喜浜二丁目4番43号", "url": "https://www.kaigokensaku.mhlw.go.jp/38/index.php?action_kouhyou_detail_004_kani=true&JigyosyoCd=3870502105-00&ServiceCd=430&Type=search", "url2": null }, "geometry": { "type": "Point", "coordinates": [ 133.332776400000057, 33.9763241 ] } },
{ "type": "Feature", "properties": { "内容": "ソフトケアにいはま【居宅介護支援】垣生二丁目5番19号", "url": "https://www.kaigokensaku.mhlw.go.jp/38/index.php?action_kouhyou_detail_004_kani=true&JigyosyoCd=3870502204-00&ServiceCd=430&Type=search", "url2": null }, "geometry": { "type": "Point", "coordinates": [ 133.319553, 33.9781794 ] } },
{ "type": "Feature", "properties": { "内容": "指定居宅介護支援事業所　ゆうあ【居宅介護支援】松神子四丁目２番２３号", "url": "https://www.kaigokensaku.mhlw.go.jp/38/index.php?action_kouhyou_detail_004_kani=true&JigyosyoCd=3870502394-00&ServiceCd=430&Type=search", "url2": null }, "geometry": { "type": "Point", "coordinates": [ 133.321924696295127, 33.977320490824077 ] } },
{ "type": "Feature", "properties": { "内容": "カミングケアステーション【居宅介護支援】愛媛県新居浜市政枝町二丁目3番32号", "url": "https://www.kaigokensaku.mhlw.go.jp/38/index.php?action_kouhyou_detail_004_kani=true&JigyosyoCd=3870502402-00&ServiceCd=430&Type=search", "url2": null }, "geometry": { "type": "Point", "coordinates": [ 133.289462040475456, 33.944248163438786 ] } },
{ "type": "Feature", "properties": { "内容": "サン居宅介護新居浜事業所【居宅介護支援】愛媛県新居浜市久保田町3丁目3番28号", "url": "https://www.kaigokensaku.mhlw.go.jp/38/index.php?action_kouhyou_detail_004_kani=true&JigyosyoCd=3870502501-00&ServiceCd=430&Type=search", "url2": "http://www.sun-i.biz/" }, "geometry": { "type": "Point", "coordinates": [ 133.283501029360991, 33.955442392543617 ] } },
{ "type": "Feature", "properties": { "内容": "居宅介護支援事業所わたる【居宅介護支援】愛媛県新居浜市郷四丁目７番３１号", "url": "https://www.kaigokensaku.mhlw.go.jp/38/index.php?action_kouhyou_detail_004_kani=true&JigyosyoCd=3870502543-00&ServiceCd=430&Type=search", "url2": null }, "geometry": { "type": "Point", "coordinates": [ 133.305348900000013, 33.9600926 ] } },
{ "type": "Feature", "properties": { "内容": "指定居宅介護支援事業所みんなの家【居宅介護支援】愛媛県新居浜市船木4620番地2", "url": "https://www.kaigokensaku.mhlw.go.jp/38/index.php?action_kouhyou_detail_004_kani=true&JigyosyoCd=3870502618-00&ServiceCd=430&Type=search", "url2": "http://niihama-mcoop.or.jp/" }, "geometry": { "type": "Point", "coordinates": [ 133.323093299999982, 33.9394563 ] } },
{ "type": "Feature", "properties": { "内容": "株式会社　悠遊社　新居浜事業所【居宅介護支援】愛媛県新居浜市西喜光地町8-1㈱悠遊社　新居浜事業所　居宅", "url": "https://www.kaigokensaku.mhlw.go.jp/38/index.php?action_kouhyou_detail_004_kani=true&JigyosyoCd=3870502709-00&ServiceCd=430&Type=search", "url2": "http://www3.ocn.ne.jp/yuyu~m/" }, "geometry": { "type": "Point", "coordinates": [ 133.296515900000031, 33.9372614 ] } },
{ "type": "Feature", "properties": { "内容": "指定居宅介護支援事業所レモン・ライム【居宅介護支援】愛媛県新居浜市篠場町4番24号", "url": "https://www.kaigokensaku.mhlw.go.jp/38/index.php?action_kouhyou_detail_004_kani=true&JigyosyoCd=3870502774-00&ServiceCd=430&Type=search", "url2": null }, "geometry": { "type": "Point", "coordinates": [ 133.2978635, 33.922259 ] } },
{ "type": "Feature", "properties": { "内容": "キャロル介護支援サービス【居宅介護支援】愛媛県新居浜市松神子3-8-63", "url": "https://www.kaigokensaku.mhlw.go.jp/38/index.php?action_kouhyou_detail_004_kani=true&JigyosyoCd=3870502782-00&ServiceCd=430&Type=search", "url2": null }, "geometry": { "type": "Point", "coordinates": [ 133.325184299999989, 33.9757872 ] } },
{ "type": "Feature", "properties": { "内容": "居宅介護支援センター若草【居宅介護支援】愛媛県新居浜市本郷2丁目3番21号", "url": "https://www.kaigokensaku.mhlw.go.jp/38/index.php?action_kouhyou_detail_004_kani=true&JigyosyoCd=3870502055-00&ServiceCd=430&Type=search", "url2": null }, "geometry": { "type": "Point", "coordinates": [ 133.27901739999993, 33.935691900000016 ] } },
{ "type": "Feature", "properties": { "内容": "有限会社　介護サービス友【居宅介護支援】愛媛県新居浜市本郷三丁目2番21号", "url": "https://www.kaigokensaku.mhlw.go.jp/38/index.php?action_kouhyou_detail_004_kani=true&JigyosyoCd=3870501032-00&ServiceCd=430&Type=search", "url2": null }, "geometry": { "type": "Point", "coordinates": [ 133.282262279237301, 33.932791338657111 ] } },
{ "type": "Feature", "properties": { "内容": "居宅介護支援事業所かえで【居宅介護支援】愛媛県新居浜市松神子四丁目1番21号", "url": "https://www.kaigokensaku.mhlw.go.jp/38/index.php?action_kouhyou_detail_004_kani=true&JigyosyoCd=3870502550-00&ServiceCd=430&Type=search", "url2": null }, "geometry": { "type": "Point", "coordinates": [ 133.321413900000039, 33.976710200000014 ] } },
{ "type": "Feature", "properties": { "内容": "指定居宅介護支援事業所トラスト【居宅介護支援】愛媛県新居浜市西の土居町二丁目13番43号新楽ビル", "url": "https://www.kaigokensaku.mhlw.go.jp/38/index.php?action_kouhyou_detail_004_kani=true&JigyosyoCd=3870502816-00&ServiceCd=430&Type=search", "url2": "https://solamore.net" }, "geometry": { "type": "Point", "coordinates": [ 133.279989638059419, 33.951255611620262 ] } },
{ "type": "Feature", "properties": { "内容": "指定居宅介護支援事業所　　幸【居宅介護支援】愛媛県新居浜市庄内町三丁目１番１４１号アサヒパレス庄内４０１", "url": "https://www.kaigokensaku.mhlw.go.jp/38/index.php?action_kouhyou_detail_004_kani=true&JigyosyoCd=3870502675-00&ServiceCd=430&Type=search", "url2": null }, "geometry": { "type": "Point", "coordinates": [ 133.290803200000028, 33.9543346 ] } },
{ "type": "Feature", "properties": { "内容": "居宅介護支援事業所ミモザ【居宅介護支援】愛媛県新居浜市土橋1-8-24", "url": "https://www.kaigokensaku.mhlw.go.jp/38/index.php?action_kouhyou_detail_004_kani=true&JigyosyoCd=3870502980-00&ServiceCd=430&Type=search", "url2": null }, "geometry": { "type": "Point", "coordinates": [ 133.2919747, 33.9353939 ] } },
{ "type": "Feature", "properties": { "内容": "指定居宅介護支援事業所　花園【居宅介護支援】高木町３番３４号", "url": "https://www.kaigokensaku.mhlw.go.jp/38/index.php?action_kouhyou_detail_004_kani=true&JigyosyoCd=3870502972-00&ServiceCd=430&Type=search", "url2": "https://care-net.biz/38/ownsdream" }, "geometry": { "type": "Point", "coordinates": [ 139.440245900000036, 35.7115707 ] } },
{ "type": "Feature", "properties": { "内容": "居宅介護支援事業所　まじゅん新居浜【居宅介護支援】愛媛県新居浜市北新町12番52号", "url": "https://www.kaigokensaku.mhlw.go.jp/38/index.php?action_kouhyou_detail_004_kani=true&JigyosyoCd=3870502923-00&ServiceCd=430&Type=search", "url2": null }, "geometry": { "type": "Point", "coordinates": [ 133.270123399999989, 33.9586975 ] } },
{ "type": "Feature", "properties": { "内容": "居宅介護支援事業所　笑歩会西条神拝【居宅介護支援】愛媛県西条神拝甲561-1", "url": "https://www.kaigokensaku.mhlw.go.jp/38/index.php?action_kouhyou_detail_004_kani=true&JigyosyoCd=3870601600-00&ServiceCd=430&Type=search", "url2": null }, "geometry": { "type": "Point", "coordinates": [ 133.178294899999969, 33.916469 ] } },
{ "type": "Feature", "properties": { "内容": "居宅介護支援事業所老人保健施設ゆるぎ荘【居宅介護支援】愛媛県西条市福武字蔵ノ尾甲162番地の1", "url": "https://www.kaigokensaku.mhlw.go.jp/38/index.php?action_kouhyou_detail_004_kani=true&JigyosyoCd=3857780039-00&ServiceCd=430&Type=search", "url2": "yurugisou@trad.ocn.ne.jp" }, "geometry": { "type": "Point", "coordinates": [ 133.181169700000027, 33.9195105 ] } },
{ "type": "Feature", "properties": { "内容": "西条中央病院指定居宅介護支援事業所【居宅介護支援】愛媛県西条市朔日市８０４番地", "url": "https://www.kaigokensaku.mhlw.go.jp/38/index.php?action_kouhyou_detail_004_kani=true&JigyosyoCd=3870600032-00&ServiceCd=430&Type=search", "url2": null }, "geometry": { "type": "Point", "coordinates": [ 133.180880800000068, 33.928968 ] } },
{ "type": "Feature", "properties": { "内容": "指定居宅介護支援事業所いしづち苑【居宅介護支援】愛媛県西条市朔日市269番地1", "url": "https://www.kaigokensaku.mhlw.go.jp/38/index.php?action_kouhyou_detail_004_kani=true&JigyosyoCd=3870600040-00&ServiceCd=430&Type=search", "url2": "http://www.saiseikaisaijo.jp/isiduti/" }, "geometry": { "type": "Point", "coordinates": [ 133.191021800000044, 33.9287072 ] } },
{ "type": "Feature", "properties": { "内容": "ケアプランセンター水都苑【居宅介護支援】愛媛県西条市大町739", "url": "https://www.kaigokensaku.mhlw.go.jp/38/index.php?action_kouhyou_detail_004_kani=true&JigyosyoCd=3870600057-00&ServiceCd=430&Type=search", "url2": "http://www.murakami-kinen.or.jp" }, "geometry": { "type": "Point", "coordinates": [ 133.189442341664062, 33.914866758784783 ] } },
{ "type": "Feature", "properties": { "内容": "指定居宅介護支援事業所　光風館【居宅介護支援】愛媛県西条市氷見字上寺丙１９５番地", "url": "https://www.kaigokensaku.mhlw.go.jp/38/index.php?action_kouhyou_detail_004_kani=true&JigyosyoCd=3870600065-00&ServiceCd=430&Type=search", "url2": "http://saijo-seifuukai.or.jp/sisetuitiran/kyotakukaigo-kofukan.html" }, "geometry": { "type": "Point", "coordinates": [ 133.181169700000027, 33.9195105 ] } },
{ "type": "Feature", "properties": { "内容": "有限会社エンジェル・コール【居宅介護支援】愛媛県西条市喜多川792番地1", "url": "https://www.kaigokensaku.mhlw.go.jp/38/index.php?action_kouhyou_detail_004_kani=true&JigyosyoCd=3870600073-00&ServiceCd=430&Type=search", "url2": "https://angel-call.co.jp/" }, "geometry": { "type": "Point", "coordinates": [ 133.170278883514356, 33.924870340834723 ] } },
{ "type": "Feature", "properties": { "内容": "JAえひめ未来居宅介護支援センター【居宅介護支援】愛媛県西条市神拝甲４７８番地１", "url": "https://www.kaigokensaku.mhlw.go.jp/38/index.php?action_kouhyou_detail_004_kani=true&JigyosyoCd=3870600115-00&ServiceCd=430&Type=search", "url2": "https://ja-ehimemirai.or.jp/" }, "geometry": { "type": "Point", "coordinates": [ 133.177497650305213, 33.917726189751022 ] } },
{ "type": "Feature", "properties": { "内容": "西条市社会福祉協議会ケアプランセンター【居宅介護支援】愛媛県西条市周布606番地１西条市西部総合福祉センター", "url": "https://www.kaigokensaku.mhlw.go.jp/38/index.php?action_kouhyou_detail_004_kani=true&JigyosyoCd=3870600586-00&ServiceCd=430&Type=search", "url2": "http://www.saijoshakyo.or.jp/" }, "geometry": { "type": "Point", "coordinates": [ 133.0818984, 33.9256518 ] } },
{ "type": "Feature", "properties": { "内容": "西条市社会福祉協議会ケアプランセンター西条【居宅介護支援】愛媛県西条市神拝甲324番地2西条市総合福祉センター内", "url": "https://www.kaigokensaku.mhlw.go.jp/38/index.php?action_kouhyou_detail_004_kani=true&JigyosyoCd=3870600594-00&ServiceCd=430&Type=search", "url2": "http://www.saijoshakyo.or.jp/" }, "geometry": { "type": "Point", "coordinates": [ 133.181847400000038, 33.9180884 ] } },
{ "type": "Feature", "properties": { "内容": "西条市社会福祉協議会ケアプランセンター小松【居宅介護支援】愛媛県西条市小松町新屋敷乙48番地１西条市小松地域福祉センター", "url": "https://www.kaigokensaku.mhlw.go.jp/38/index.php?action_kouhyou_detail_004_kani=true&JigyosyoCd=3870600602-00&ServiceCd=430&Type=search", "url2": "http://www.saijoshakyo.or.jp" }, "geometry": { "type": "Point", "coordinates": [ 133.10902265847082, 33.893942929100369 ] } },
{ "type": "Feature", "properties": { "内容": "ケアプランセンタージェイコム【居宅介護支援】愛媛県西条市北条２３２番地１", "url": "https://www.kaigokensaku.mhlw.go.jp/38/index.php?action_kouhyou_detail_004_kani=true&JigyosyoCd=3870600776-00&ServiceCd=430&Type=search", "url2": "http://jcomm-care.co.jp/" }, "geometry": { "type": "Point", "coordinates": [ 133.091375440967568, 33.925351479930015 ] } },
{ "type": "Feature", "properties": { "内容": "居宅介護支援事業所　ル・ソレイユ【居宅介護支援】愛媛県西条市丹原町今井457番地1", "url": "https://www.kaigokensaku.mhlw.go.jp/38/index.php?action_kouhyou_detail_004_kani=true&JigyosyoCd=3870600834-00&ServiceCd=430&Type=search", "url2": "http://www.le-soleil.or.jp/" }, "geometry": { "type": "Point", "coordinates": [ 133.060478, 33.9014734 ] } },
{ "type": "Feature", "properties": { "内容": "ケアプランニング今井【居宅介護支援】愛媛県西条市丹原町今井155番地1", "url": "https://www.kaigokensaku.mhlw.go.jp/38/index.php?action_kouhyou_detail_004_kani=true&JigyosyoCd=3870601014-00&ServiceCd=430&Type=search", "url2": null }, "geometry": { "type": "Point", "coordinates": [ 133.055325700000026, 33.9008678 ] } },
{ "type": "Feature", "properties": { "内容": "居宅介護支援事業所　あゆみ【居宅介護支援】愛媛県西条市河原津甲492番地3", "url": "https://www.kaigokensaku.mhlw.go.jp/38/index.php?action_kouhyou_detail_004_kani=true&JigyosyoCd=3870601261-00&ServiceCd=430&Type=search", "url2": null }, "geometry": { "type": "Point", "coordinates": [ 133.060733209426644, 33.964533519755598 ] } },
{ "type": "Feature", "properties": { "内容": "ケアプランセンター共立病院【居宅介護支援】愛媛県西条市三津屋南９番１０", "url": "https://www.kaigokensaku.mhlw.go.jp/38/index.php?action_kouhyou_detail_004_kani=true&JigyosyoCd=3870601279-00&ServiceCd=430&Type=search", "url2": "http://www.koujin.net" }, "geometry": { "type": "Point", "coordinates": [ 133.089358700000048, 33.9319262 ] } },
{ "type": "Feature", "properties": { "内容": "指定居宅介護支援事業所フジケア【居宅介護支援】愛媛県西条市下島山甲1384番地", "url": "https://www.kaigokensaku.mhlw.go.jp/38/index.php?action_kouhyou_detail_004_kani=true&JigyosyoCd=3870601436-00&ServiceCd=430&Type=search", "url2": null }, "geometry": { "type": "Point", "coordinates": [ 133.203256799999963, 33.9332794 ] } },
{ "type": "Feature", "properties": { "内容": "居宅介護支援事業所さいじょう【居宅介護支援】愛媛県西条市丹原町願連寺１９６－６", "url": "https://www.kaigokensaku.mhlw.go.jp/38/index.php?action_kouhyou_detail_004_kani=true&JigyosyoCd=3870601634-00&ServiceCd=430&Type=search", "url2": "campus.mond.jp" }, "geometry": { "type": "Point", "coordinates": [ 133.0698882, 33.9100421 ] } },
{ "type": "Feature", "properties": { "内容": "居宅介護支援事業所ヒロ【居宅介護支援】愛媛県西条市福武甲857-4", "url": "https://www.kaigokensaku.mhlw.go.jp/38/index.php?action_kouhyou_detail_004_kani=true&JigyosyoCd=3870601709-00&ServiceCd=430&Type=search", "url2": "http://hp.kaipoke.biz/cst/" }, "geometry": { "type": "Point", "coordinates": [ 133.135178249073789, 33.886776867779034 ] } },
{ "type": "Feature", "properties": { "内容": "えひめ介護指定居宅介護支援事業所【居宅介護支援】愛媛県西条市新田１９６番地１", "url": "https://www.kaigokensaku.mhlw.go.jp/38/index.php?action_kouhyou_detail_004_kani=true&JigyosyoCd=3870601733-00&ServiceCd=430&Type=search", "url2": null }, "geometry": { "type": "Point", "coordinates": [ 133.1840048, 33.926329 ] } },
{ "type": "Feature", "properties": { "内容": "ケアプランセンターコスモス【居宅介護支援】愛媛県西条市周布338番地", "url": "https://www.kaigokensaku.mhlw.go.jp/38/index.php?action_kouhyou_detail_004_kani=true&JigyosyoCd=3871200014-00&ServiceCd=430&Type=search", "url2": "https://w-hospital.com/cosmos/" }, "geometry": { "type": "Point", "coordinates": [ 133.086625700000013, 33.9256241 ] } },
{ "type": "Feature", "properties": { "内容": "居宅介護支援事業所亀天荘【居宅介護支援】愛媛県西条市三芳1535番地1", "url": "https://www.kaigokensaku.mhlw.go.jp/38/index.php?action_kouhyou_detail_004_kani=true&JigyosyoCd=3871200022-00&ServiceCd=430&Type=search", "url2": "http://www.kitenkai.or.jp/" }, "geometry": { "type": "Point", "coordinates": [ 133.05730207874339, 33.947354945966701 ] } },
{ "type": "Feature", "properties": { "内容": "ケアプランセンターあすか【居宅介護支援】愛媛県西条市丹原町古田甲167番地1", "url": "https://www.kaigokensaku.mhlw.go.jp/38/index.php?action_kouhyou_detail_004_kani=true&JigyosyoCd=3873100022-00&ServiceCd=430&Type=search", "url2": "http://www.koujin.net/" }, "geometry": { "type": "Point", "coordinates": [ 133.04506850000007, 33.9113718 ] } },
{ "type": "Feature", "properties": { "内容": "居宅介護支援事業所西条市民病院【居宅介護支援】愛媛県西条市小松町妙口甲1521番地", "url": "https://www.kaigokensaku.mhlw.go.jp/38/index.php?action_kouhyou_detail_004_kani=true&JigyosyoCd=3870600024-00&ServiceCd=430&Type=search", "url2": "http://www.hokushikai.jp" }, "geometry": { "type": "Point", "coordinates": [ 133.092842, 33.8928835 ] } },
{ "type": "Feature", "properties": { "内容": "えひめ介護ネットワーク本部指定居宅介護支援事業所【居宅介護支援】愛媛県西条市古川甲２６５番地の１", "url": "https://www.kaigokensaku.mhlw.go.jp/38/index.php?action_kouhyou_detail_004_kani=true&JigyosyoCd=3870600230-00&ServiceCd=430&Type=search", "url2": null }, "geometry": { "type": "Point", "coordinates": [ 133.164173500000061, 33.9139327 ] } },
{ "type": "Feature", "properties": { "内容": "居宅介護支援事業所うぐいす【居宅介護支援】愛媛県西条市下島山甲2670番地2", "url": "https://www.kaigokensaku.mhlw.go.jp/38/index.php?action_kouhyou_detail_004_kani=true&JigyosyoCd=3870601402-00&ServiceCd=430&Type=search", "url2": null }, "geometry": { "type": "Point", "coordinates": [ 133.236751, 33.9292835 ] } },
{ "type": "Feature", "properties": { "内容": "居宅介護支援事業所　虹の花【居宅介護支援】愛媛県西条市石延108-1", "url": "https://www.kaigokensaku.mhlw.go.jp/38/index.php?action_kouhyou_detail_004_kani=true&JigyosyoCd=3870601683-00&ServiceCd=430&Type=search", "url2": null }, "geometry": { "type": "Point", "coordinates": [ 133.050600891175179, 33.933266597971141 ] } },
{ "type": "Feature", "properties": { "内容": "ケアプラン西条　笑歩会【居宅介護支援】愛媛県西条市神拝甲56１番地１", "url": "https://www.kaigokensaku.mhlw.go.jp/38/index.php?action_kouhyou_detail_004_kani=true&JigyosyoCd=3870601873-00&ServiceCd=430&Type=search", "url2": "http://shouhokai.jp/" }, "geometry": { "type": "Point", "coordinates": [ 133.1811444, 33.919495 ] } },
{ "type": "Feature", "properties": { "内容": "居宅介護支援事業所うさぎの耳【居宅介護支援】愛媛県西条市丹原町池田1788番地1", "url": "https://www.kaigokensaku.mhlw.go.jp/38/index.php?action_kouhyou_detail_004_kani=true&JigyosyoCd=3870601790-00&ServiceCd=430&Type=search", "url2": null }, "geometry": { "type": "Point", "coordinates": [ 133.062455799999981, 33.9054384 ] } },
{ "type": "Feature", "properties": { "内容": "指定居宅介護支援事業所福武荘【居宅介護支援】愛媛県西条市飯岡3381-2", "url": "https://www.kaigokensaku.mhlw.go.jp/38/index.php?action_kouhyou_detail_004_kani=true&JigyosyoCd=3870600081-00&ServiceCd=430&Type=search", "url2": "http://www.saijo-kaiseikai.jp/" }, "geometry": { "type": "Point", "coordinates": [ 133.210247900000013, 33.9113566 ] } },
{ "type": "Feature", "properties": { "内容": "浦岡医院【居宅介護支援】愛媛県大洲市大洲877番地", "url": "https://www.kaigokensaku.mhlw.go.jp/38/index.php?action_kouhyou_detail_004_kani=true&JigyosyoCd=3810710206-00&ServiceCd=430&Type=search", "url2": null }, "geometry": { "type": "Point", "coordinates": [ 132.5413476, 33.5077044 ] } },
{ "type": "Feature", "properties": { "内容": "在宅介護支援センター春賀【居宅介護支援】愛媛県大洲市春賀甲1689-4", "url": "https://www.kaigokensaku.mhlw.go.jp/38/index.php?action_kouhyou_detail_004_kani=true&JigyosyoCd=3870700014-00&ServiceCd=430&Type=search", "url2": "http://www.ecomnet.or.jp/~ohzuhome/" }, "geometry": { "type": "Point", "coordinates": [ 132.5580261, 33.5545053 ] } },
{ "type": "Feature", "properties": { "内容": "指定居宅介護支援事業所在宅介護支援センターフレンド【居宅介護支援】愛媛県大洲市東大洲39番地", "url": "https://www.kaigokensaku.mhlw.go.jp/38/index.php?action_kouhyou_detail_004_kani=true&JigyosyoCd=3870700022-00&ServiceCd=430&Type=search", "url2": "https://friend-kg.jp/" }, "geometry": { "type": "Point", "coordinates": [ 132.551677299999938, 33.5168064 ] } },
{ "type": "Feature", "properties": { "内容": "大洲市在宅介護支援センターひまわり【居宅介護支援】愛媛県大洲市徳森1508番地1", "url": "https://www.kaigokensaku.mhlw.go.jp/38/index.php?action_kouhyou_detail_004_kani=true&JigyosyoCd=3870700030-00&ServiceCd=430&Type=search", "url2": "http://www.ozu-johukai.jp/himawari/hima06/" }, "geometry": { "type": "Point", "coordinates": [ 132.582899600000019, 33.5309362 ] } },
{ "type": "Feature", "properties": { "内容": "喜多医師会指定居宅介護支援事業所【居宅介護支援】愛媛県大洲市東大洲1563番地１", "url": "https://www.kaigokensaku.mhlw.go.jp/38/index.php?action_kouhyou_detail_004_kani=true&JigyosyoCd=3870700048-00&ServiceCd=430&Type=search", "url2": null }, "geometry": { "type": "Point", "coordinates": [ 132.571769140267179, 33.532224986249126 ] } },
{ "type": "Feature", "properties": { "内容": "有限会社　介護サービスひかり【居宅介護支援】愛媛県大洲市東大洲1339番地7", "url": "https://www.kaigokensaku.mhlw.go.jp/38/index.php?action_kouhyou_detail_004_kani=true&JigyosyoCd=3870700337-00&ServiceCd=430&Type=search", "url2": null }, "geometry": { "type": "Point", "coordinates": [ 132.569978499999934, 33.5308275 ] } },
{ "type": "Feature", "properties": { "内容": "大洲市社会福祉協議会居宅介護支援事業所東大洲【居宅介護支援】愛媛県大洲市東大洲270-1", "url": "https://www.kaigokensaku.mhlw.go.jp/38/index.php?action_kouhyou_detail_004_kani=true&JigyosyoCd=3870700352-00&ServiceCd=430&Type=search", "url2": "http://www.ozushakyo.jp/" }, "geometry": { "type": "Point", "coordinates": [ 132.555221399999937, 33.5211115 ] } },
{ "type": "Feature", "properties": { "内容": "大洲市社会福祉協議会居宅介護支援事業所長浜【居宅介護支援】愛媛県大洲市長浜甲480番地の3大洲市役所　長浜支所　2階", "url": "https://www.kaigokensaku.mhlw.go.jp/38/index.php?action_kouhyou_detail_004_kani=true&JigyosyoCd=3870700360-00&ServiceCd=430&Type=search", "url2": null }, "geometry": { "type": "Point", "coordinates": [ 132.479523422337337, 33.613980291256297 ] } },
{ "type": "Feature", "properties": { "内容": "大洲市社会福祉協議会居宅介護支援事業所肱川【居宅介護支援】愛媛県大洲市肱川町山鳥坂73番地大洲市肱川地区複合公共施設　2階内", "url": "https://www.kaigokensaku.mhlw.go.jp/38/index.php?action_kouhyou_detail_004_kani=true&JigyosyoCd=3870700378-00&ServiceCd=430&Type=search", "url2": "http://www.ozushakyo.jp" }, "geometry": { "type": "Point", "coordinates": [ 132.683981462550719, 33.455767216714079 ] } },
{ "type": "Feature", "properties": { "内容": "指定居宅介護支援事業所　長浜ひまわり【居宅介護支援】愛媛県大洲市柴甲1422番地3", "url": "https://www.kaigokensaku.mhlw.go.jp/38/index.php?action_kouhyou_detail_004_kani=true&JigyosyoCd=3870700568-00&ServiceCd=430&Type=search", "url2": "https://www.ozu-johukai.jp/" }, "geometry": { "type": "Point", "coordinates": [ 132.520542699999964, 33.5775686 ] } },
{ "type": "Feature", "properties": { "内容": "居宅介護支援事業所　夢と希望【居宅介護支援】大洲市新谷甲３１８番地", "url": "https://www.kaigokensaku.mhlw.go.jp/38/index.php?action_kouhyou_detail_004_kani=true&JigyosyoCd=3870700709-00&ServiceCd=430&Type=search", "url2": "yumetokibounokai@sweet.ocn.ne.jp" }, "geometry": { "type": "Point", "coordinates": [ 132.595847906190528, 33.537054727010023 ] } },
{ "type": "Feature", "properties": { "内容": "居宅介護支援事業所　翠星【居宅介護支援】愛媛県大洲市新谷甲43番地", "url": "https://www.kaigokensaku.mhlw.go.jp/38/index.php?action_kouhyou_detail_004_kani=true&JigyosyoCd=3870700923-00&ServiceCd=430&Type=search", "url2": "http://shinpukai.co.jp/company/" }, "geometry": { "type": "Point", "coordinates": [ 132.613401299999964, 33.5351583 ] } },
{ "type": "Feature", "properties": { "内容": "指定居宅介護支援事業所伊予あいじゅ【居宅介護支援】愛媛県伊予市下吾川字北西原1781番地", "url": "https://www.kaigokensaku.mhlw.go.jp/38/index.php?action_kouhyou_detail_004_kani=true&JigyosyoCd=3871000018-00&ServiceCd=430&Type=search", "url2": "http://www.aijukai-group.com/" }, "geometry": { "type": "Point", "coordinates": [ 132.700016371920242, 33.77246801819188 ] } },
{ "type": "Feature", "properties": { "内容": "指定居宅介護支援事業所　伊予診療所【居宅介護支援】愛媛県伊予市下吾川５５番地1", "url": "https://www.kaigokensaku.mhlw.go.jp/38/index.php?action_kouhyou_detail_004_kani=true&JigyosyoCd=3871000042-00&ServiceCd=430&Type=search", "url2": null }, "geometry": { "type": "Point", "coordinates": [ 132.712614695213773, 33.759853429953992 ] } },
{ "type": "Feature", "properties": { "内容": "ケアプランセンター森の園【居宅介護支援】愛媛県伊予市森甲440-1", "url": "https://www.kaigokensaku.mhlw.go.jp/38/index.php?action_kouhyou_detail_004_kani=true&JigyosyoCd=3871000257-00&ServiceCd=430&Type=search", "url2": "http://morinosono.sakura.ne.jp/" }, "geometry": { "type": "Point", "coordinates": [ 132.688373502751119, 33.739093373405808 ] } },
{ "type": "Feature", "properties": { "内容": "伊予市社協居宅介護支援事業所【居宅介護支援】愛媛県伊予市米湊723番地1伊予市庁第2別館", "url": "https://www.kaigokensaku.mhlw.go.jp/38/index.php?action_kouhyou_detail_004_kani=true&JigyosyoCd=3871000448-00&ServiceCd=430&Type=search", "url2": "http://www.iyo-shakyo.jp" }, "geometry": { "type": "Point", "coordinates": [ 132.706612299999961, 33.7569461 ] } },
{ "type": "Feature", "properties": { "内容": "指定居宅介護支援事業所　ケアフル伊予【居宅介護支援】愛媛県伊予市市場甲1021-3", "url": "https://www.kaigokensaku.mhlw.go.jp/38/index.php?action_kouhyou_detail_004_kani=true&JigyosyoCd=3871000489-00&ServiceCd=430&Type=search", "url2": "http://yamakikai.com" }, "geometry": { "type": "Point", "coordinates": [ 132.7037292, 33.7574293 ] } },
{ "type": "Feature", "properties": { "内容": "居宅介護支援事業所　陽だまりの家【居宅介護支援】愛媛県伊予市下吾川1411番地1", "url": "https://www.kaigokensaku.mhlw.go.jp/38/index.php?action_kouhyou_detail_004_kani=true&JigyosyoCd=3871000737-00&ServiceCd=430&Type=search", "url2": null }, "geometry": { "type": "Point", "coordinates": [ 132.704169799999988, 33.765203 ] } },
{ "type": "Feature", "properties": { "内容": "指定居宅介護支援事業所　なかやま幸梅園【居宅介護支援】愛媛県伊予市中山町中山寅381番地", "url": "https://www.kaigokensaku.mhlw.go.jp/38/index.php?action_kouhyou_detail_004_kani=true&JigyosyoCd=3873500056-00&ServiceCd=430&Type=search", "url2": "http://www.koubaien-b.jp/" }, "geometry": { "type": "Point", "coordinates": [ 132.706624599999941, 33.6386598 ] } },
{ "type": "Feature", "properties": { "内容": "指定居宅介護支援事業所双海夕なぎ荘【居宅介護支援】愛媛県伊予市双海町上灘甲5269番地1", "url": "https://www.kaigokensaku.mhlw.go.jp/38/index.php?action_kouhyou_detail_004_kani=true&JigyosyoCd=3873500031-00&ServiceCd=430&Type=search", "url2": "aav34770@par.odn.ne.jp" }, "geometry": { "type": "Point", "coordinates": [ 132.649555972969125, 33.685248121468085 ] } },
{ "type": "Feature", "properties": { "内容": "居宅介護支援事業所いつき【居宅介護支援】愛媛県伊予市下吾川341番地74", "url": "https://www.kaigokensaku.mhlw.go.jp/38/index.php?action_kouhyou_detail_004_kani=true&JigyosyoCd=3871000794-00&ServiceCd=430&Type=search", "url2": "https://www.itsuki-llc.com" }, "geometry": { "type": "Point", "coordinates": [ 132.7153706, 33.7696693 ] } },
{ "type": "Feature", "properties": { "内容": "居宅介護支援事業所柊【居宅介護支援】愛媛県伊予市下吾川106番１号グリーンパークハルA105号", "url": "https://www.kaigokensaku.mhlw.go.jp/38/index.php?action_kouhyou_detail_004_kani=true&JigyosyoCd=3871000802-00&ServiceCd=430&Type=search", "url2": null }, "geometry": { "type": "Point", "coordinates": [ 132.712021099999987, 33.7620895 ] } },
{ "type": "Feature", "properties": { "内容": "サン居宅介護　三島事業所【居宅介護支援】愛媛県四国中央市中之庄町621-1", "url": "https://www.kaigokensaku.mhlw.go.jp/38/index.php?action_kouhyou_detail_004_kani=true&JigyosyoCd=3871300939-00&ServiceCd=430&Type=search", "url2": "http://www.sun-i.biz/" }, "geometry": { "type": "Point", "coordinates": [ 133.536148499999967, 33.974636 ] } },
{ "type": "Feature", "properties": { "内容": "おひさまケアプランセンター【居宅介護支援】愛媛県四国中央市妻鳥町980-1森商j第２ビル　2階", "url": "https://www.kaigokensaku.mhlw.go.jp/38/index.php?action_kouhyou_detail_004_kani=true&JigyosyoCd=3871301465-00&ServiceCd=430&Type=search", "url2": null }, "geometry": { "type": "Point", "coordinates": [ 133.5722015, 33.995507 ] } },
{ "type": "Feature", "properties": { "内容": "生協宇摩診療所【居宅介護支援】愛媛県四国中央市寒川町2912-1", "url": "https://www.kaigokensaku.mhlw.go.jp/38/index.php?action_kouhyou_detail_004_kani=true&JigyosyoCd=3810910178-00&ServiceCd=430&Type=search", "url2": "http://www.ehime-med.or.jp" }, "geometry": { "type": "Point", "coordinates": [ 133.515047, 33.9699196 ] } },
{ "type": "Feature", "properties": { "内容": "指定居宅介護支援事業所「ひまわり」【居宅介護支援】愛媛県四国中央市金生町下分1243番地の1", "url": "https://www.kaigokensaku.mhlw.go.jp/38/index.php?action_kouhyou_detail_004_kani=true&JigyosyoCd=3870800012-00&ServiceCd=430&Type=search", "url2": null }, "geometry": { "type": "Point", "coordinates": [ 133.580271416271955, 33.9977321290974 ] } },
{ "type": "Feature", "properties": { "内容": "居宅介護支援事業所かわのえ【居宅介護支援】愛媛県四国中央市川之江町長須７１３番地", "url": "https://www.kaigokensaku.mhlw.go.jp/38/index.php?action_kouhyou_detail_004_kani=true&JigyosyoCd=3870800038-00&ServiceCd=430&Type=search", "url2": null }, "geometry": { "type": "Point", "coordinates": [ 133.586721300000022, 34.0305532 ] } },
{ "type": "Feature", "properties": { "内容": "まごの手【居宅介護支援】愛媛県四国中央市金生町下分219-1", "url": "https://www.kaigokensaku.mhlw.go.jp/38/index.php?action_kouhyou_detail_004_kani=true&JigyosyoCd=3870800186-00&ServiceCd=430&Type=search", "url2": null }, "geometry": { "type": "Point", "coordinates": [ 133.574953402828612, 34.007035214201608 ] } },
{ "type": "Feature", "properties": { "内容": "ＪＡうま居宅介護支援センター【居宅介護支援】愛媛県四国中央市中之庄町1684番地４", "url": "https://www.kaigokensaku.mhlw.go.jp/38/index.php?action_kouhyou_detail_004_kani=true&JigyosyoCd=3870800285-00&ServiceCd=430&Type=search", "url2": null }, "geometry": { "type": "Point", "coordinates": [ 133.53148527152257, 33.979993485803035 ] } },
{ "type": "Feature", "properties": { "内容": "居宅介護支援事業所にしおか【居宅介護支援】愛媛県四国中央市三島金子2丁目7-22", "url": "https://www.kaigokensaku.mhlw.go.jp/38/index.php?action_kouhyou_detail_004_kani=true&JigyosyoCd=3870900028-00&ServiceCd=430&Type=search", "url2": "http://www.nishioka-hp.com/" }, "geometry": { "type": "Point", "coordinates": [ 133.537529, 33.9798576 ] } },
{ "type": "Feature", "properties": { "内容": "共楽園【居宅介護支援】四国中央市寒川町1792番地２", "url": "https://www.kaigokensaku.mhlw.go.jp/38/index.php?action_kouhyou_detail_004_kani=true&JigyosyoCd=3870900051-00&ServiceCd=430&Type=search", "url2": "http://iyo-fsk.com" }, "geometry": { "type": "Point", "coordinates": [ 133.5166911, 33.9636092 ] } },
{ "type": "Feature", "properties": { "内容": "有限会社　わかばケアサービス【居宅介護支援】愛媛県四国中央市三島宮川1丁目6番10号", "url": "https://www.kaigokensaku.mhlw.go.jp/38/index.php?action_kouhyou_detail_004_kani=true&JigyosyoCd=3870900127-00&ServiceCd=430&Type=search", "url2": "wakabacare-s@coffee.ocn.ne.jp" }, "geometry": { "type": "Point", "coordinates": [ 133.545778499999983, 33.9862513 ] } },
{ "type": "Feature", "properties": { "内容": "ケアサービス菜の花【居宅介護支援】愛媛県四国中央市中之庄町59番地1", "url": "https://www.kaigokensaku.mhlw.go.jp/38/index.php?action_kouhyou_detail_004_kani=true&JigyosyoCd=3870900234-00&ServiceCd=430&Type=search", "url2": "http://care-net.biz/38/nanohana/b43.php" }, "geometry": { "type": "Point", "coordinates": [ 133.529037799999969, 33.9750274 ] } },
{ "type": "Feature", "properties": { "内容": "居宅介護支援事業所くりのみ【居宅介護支援】愛媛県四国中央市中之庄町454-3", "url": "https://www.kaigokensaku.mhlw.go.jp/38/index.php?action_kouhyou_detail_004_kani=true&JigyosyoCd=3870900267-00&ServiceCd=430&Type=search", "url2": null }, "geometry": { "type": "Point", "coordinates": [ 133.533480696572838, 33.976443745586906 ] } },
{ "type": "Feature", "properties": { "内容": "四国中央市社会福祉協議会【居宅介護支援】愛媛県四国中央市三島宮川4丁目6番55号", "url": "https://www.kaigokensaku.mhlw.go.jp/38/index.php?action_kouhyou_detail_004_kani=true&JigyosyoCd=3871300038-00&ServiceCd=430&Type=search", "url2": "http://www.sikochu-syakyo.jp/" }, "geometry": { "type": "Point", "coordinates": [ 133.548630758197078, 33.980997950029675 ] } },
{ "type": "Feature", "properties": { "内容": "居宅介護支援事業所　シンシア【居宅介護支援】愛媛県四国中央市金生町山田井乙17番地１ヴィラ・グリーンヒルズⅡ1階", "url": "https://www.kaigokensaku.mhlw.go.jp/38/index.php?action_kouhyou_detail_004_kani=true&JigyosyoCd=3871300202-00&ServiceCd=430&Type=search", "url2": null }, "geometry": { "type": "Point", "coordinates": [ 133.589404400000035, 34.0069094 ] } },
{ "type": "Feature", "properties": { "内容": "宇摩ライブインネットワーク居宅介護支援事業所【居宅介護支援】愛媛県四国中央市川之江町3314-32", "url": "https://www.kaigokensaku.mhlw.go.jp/38/index.php?action_kouhyou_detail_004_kani=true&JigyosyoCd=3871300301-00&ServiceCd=430&Type=search", "url2": "http://v3a.org" }, "geometry": { "type": "Point", "coordinates": [ 133.592087399999969, 34.0135029 ] } },
{ "type": "Feature", "properties": { "内容": "居宅介護支援事業所　しあわせの家【居宅介護支援】愛媛県四国中央市豊岡町大町字東原2786番地2", "url": "https://www.kaigokensaku.mhlw.go.jp/38/index.php?action_kouhyou_detail_004_kani=true&JigyosyoCd=3871300392-00&ServiceCd=430&Type=search", "url2": "http://shiawasenoie.jp/" }, "geometry": { "type": "Point", "coordinates": [ 133.490057200000024, 33.9577345 ] } },
{ "type": "Feature", "properties": { "内容": "指定居宅介護支援事業所「きずな」【居宅介護支援】愛媛県四国中央市中之庄町462番地1", "url": "https://www.kaigokensaku.mhlw.go.jp/38/index.php?action_kouhyou_detail_004_kani=true&JigyosyoCd=3871300640-00&ServiceCd=430&Type=search", "url2": "http://kagayaki2012.com/" }, "geometry": { "type": "Point", "coordinates": [ 133.534173600000031, 33.9775078 ] } },
{ "type": "Feature", "properties": { "内容": "指定居宅介護支援事業所いしかわ【居宅介護支援】愛媛県四国中央市上分町716番地2", "url": "https://www.kaigokensaku.mhlw.go.jp/38/index.php?action_kouhyou_detail_004_kani=true&JigyosyoCd=3871300756-00&ServiceCd=430&Type=search", "url2": "http://kenkou-kai.jp/kyotaku.html" }, "geometry": { "type": "Point", "coordinates": [ 133.588528686590053, 33.991732656709402 ] } },
{ "type": "Feature", "properties": { "内容": "居宅介護支援事業所四つ葉【居宅介護支援】愛媛県四国中央市中之庄町565番地の3", "url": "https://www.kaigokensaku.mhlw.go.jp/38/index.php?action_kouhyou_detail_004_kani=true&JigyosyoCd=3871300848-00&ServiceCd=430&Type=search", "url2": "https://yotuba-soudan.jimdofree.com/" }, "geometry": { "type": "Point", "coordinates": [ 133.53604534918631, 33.976117588706565 ] } },
{ "type": "Feature", "properties": { "内容": "ケアサポートセンター愛【居宅介護支援】愛媛県四国中央市土居町上野乙１５６－８", "url": "https://www.kaigokensaku.mhlw.go.jp/38/index.php?action_kouhyou_detail_004_kani=true&JigyosyoCd=3871300913-00&ServiceCd=430&Type=search", "url2": "https://hiroshimaya-ai.com/" }, "geometry": { "type": "Point", "coordinates": [ 133.386990299999979, 33.9435421 ] } },
{ "type": "Feature", "properties": { "内容": "居宅介護支援事業所　飛鳥【居宅介護支援】愛媛県四国中央市川之江町473-1", "url": "https://www.kaigokensaku.mhlw.go.jp/38/index.php?action_kouhyou_detail_004_kani=true&JigyosyoCd=3871301143-00&ServiceCd=430&Type=search", "url2": null }, "geometry": { "type": "Point", "coordinates": [ 133.5657794, 34.0039627 ] } },
{ "type": "Feature", "properties": { "内容": "居宅介護支援事業所新宮【居宅介護支援】愛媛県四国中央市新宮町新宮50番地", "url": "https://www.kaigokensaku.mhlw.go.jp/38/index.php?action_kouhyou_detail_004_kani=true&JigyosyoCd=3871301176-00&ServiceCd=430&Type=search", "url2": "http://www.sikochu-syakyo.jp/" }, "geometry": { "type": "Point", "coordinates": [ 133.639833400000043, 33.9474335 ] } },
{ "type": "Feature", "properties": { "内容": "指定居宅介護支援事業所　すいは【居宅介護支援】愛媛県四国中央市中之庄町５４２番地", "url": "https://www.kaigokensaku.mhlw.go.jp/38/index.php?action_kouhyou_detail_004_kani=true&JigyosyoCd=3871301192-00&ServiceCd=430&Type=search", "url2": "http://www.aibikai.jp" }, "geometry": { "type": "Point", "coordinates": [ 133.534725353967275, 33.977669686318194 ] } },
{ "type": "Feature", "properties": { "内容": "ひめしゃらケアプランセンター【居宅介護支援】愛媛県四国中央市金生町下分１０６５番地の３", "url": "https://www.kaigokensaku.mhlw.go.jp/38/index.php?action_kouhyou_detail_004_kani=true&JigyosyoCd=3871301317-00&ServiceCd=430&Type=search", "url2": null }, "geometry": { "type": "Point", "coordinates": [ 133.574699249073774, 33.999498832052694 ] } },
{ "type": "Feature", "properties": { "内容": "宇摩ケアプランセンター【居宅介護支援】愛媛県四国中央市中曽根町1257番地", "url": "https://www.kaigokensaku.mhlw.go.jp/38/index.php?action_kouhyou_detail_004_kani=true&JigyosyoCd=3871301408-00&ServiceCd=430&Type=search", "url2": "https://www.kirameki-uma.com/" }, "geometry": { "type": "Point", "coordinates": [ 133.550581340475446, 33.972811194910186 ] } },
{ "type": "Feature", "properties": { "内容": "居宅介護支援事業所　サンライフ【居宅介護支援】愛媛県四国中央市土居町小林1254番地", "url": "https://www.kaigokensaku.mhlw.go.jp/38/index.php?action_kouhyou_detail_004_kani=true&JigyosyoCd=3871301440-00&ServiceCd=430&Type=search", "url2": null }, "geometry": { "type": "Point", "coordinates": [ 133.437283162437694, 33.957536037418592 ] } },
{ "type": "Feature", "properties": { "内容": "居宅介護支援事業所だんだん【居宅介護支援】愛媛県四国中央市土居町津根2336-1サンテラスⅢ　321号", "url": "https://www.kaigokensaku.mhlw.go.jp/38/index.php?action_kouhyou_detail_004_kani=true&JigyosyoCd=3871301473-00&ServiceCd=430&Type=search", "url2": "https://yotuba-soudan.jimdofree.com" }, "geometry": { "type": "Point", "coordinates": [ 133.4587051, 33.9648762 ] } },
{ "type": "Feature", "properties": { "内容": "居宅介護支援事業所土居【居宅介護支援】愛媛県四国中央市土居町入野174-3", "url": "https://www.kaigokensaku.mhlw.go.jp/38/index.php?action_kouhyou_detail_004_kani=true&JigyosyoCd=3871301499-00&ServiceCd=430&Type=search", "url2": "http://www.sikochu-syakyo.jp/" }, "geometry": { "type": "Point", "coordinates": [ 133.4163405, 33.9498928 ] } },
{ "type": "Feature", "properties": { "内容": "四国中央市在宅介護支援センターちかい【居宅介護支援】愛媛県四国中央市土居町土居2227番地32", "url": "https://www.kaigokensaku.mhlw.go.jp/38/index.php?action_kouhyou_detail_004_kani=true&JigyosyoCd=3873000032-00&ServiceCd=430&Type=search", "url2": "https://chikaisisetu.jimdofree.com/" }, "geometry": { "type": "Point", "coordinates": [ 133.414509299999963, 33.9614655 ] } },
{ "type": "Feature", "properties": { "内容": "ぽっかぽか川之江居宅介護支援事業所【居宅介護支援】愛媛県四国中央市川之江町1660番地1", "url": "https://www.kaigokensaku.mhlw.go.jp/38/index.php?action_kouhyou_detail_004_kani=true&JigyosyoCd=3871301432-00&ServiceCd=430&Type=search", "url2": "https://poka2.jbplt.jp/" }, "geometry": { "type": "Point", "coordinates": [ 133.5741386, 34.0141436 ] } },
{ "type": "Feature", "properties": { "内容": "居宅介護支援事業所しあん【居宅介護支援】愛媛県四国中央市土居町野田甲523", "url": "https://www.kaigokensaku.mhlw.go.jp/38/index.php?action_kouhyou_detail_004_kani=true&JigyosyoCd=3871301531-00&ServiceCd=430&Type=search", "url2": null }, "geometry": { "type": "Point", "coordinates": [ 133.466887800000023, 33.9700037 ] } },
{ "type": "Feature", "properties": { "内容": "居宅介護支援事業所おむすび【居宅介護支援】愛媛県四国中央市上分町344-1", "url": "https://www.kaigokensaku.mhlw.go.jp/38/index.php?action_kouhyou_detail_004_kani=true&JigyosyoCd=3871301549-00&ServiceCd=430&Type=search", "url2": null }, "geometry": { "type": "Point", "coordinates": [ 133.581636, 33.991431 ] } },
{ "type": "Feature", "properties": { "内容": "オレンジケアプランセンター【居宅介護支援】愛媛県四国中央市妻鳥町1825番地2オレンジハイツ101", "url": "https://www.kaigokensaku.mhlw.go.jp/38/index.php?action_kouhyou_detail_004_kani=true&JigyosyoCd=3871301283-00&ServiceCd=430&Type=search", "url2": null }, "geometry": { "type": "Point", "coordinates": [ 133.574242599999934, 33.9869208 ] } },
{ "type": "Feature", "properties": { "内容": "居宅介護支援事業所ねんりん【居宅介護支援】愛媛県四国中央市中曽根町2207番地1", "url": "https://www.kaigokensaku.mhlw.go.jp/38/index.php?action_kouhyou_detail_004_kani=true&JigyosyoCd=3871301184-00&ServiceCd=430&Type=search", "url2": "http://www.nenrin-support.com" }, "geometry": { "type": "Point", "coordinates": [ 133.541852020405656, 33.969654209728709 ] } },
{ "type": "Feature", "properties": { "内容": "介護支援のむら【居宅介護支援】愛媛県西予市野村町野村９号５３番地西予市立野村病院", "url": "https://www.kaigokensaku.mhlw.go.jp/38/index.php?action_kouhyou_detail_004_kani=true&JigyosyoCd=3871400036-00&ServiceCd=430&Type=search", "url2": "http://nomura-hp.org" }, "geometry": { "type": "Point", "coordinates": [ 132.640691100000026, 33.371707 ] } },
{ "type": "Feature", "properties": { "内容": "居宅介護支援事業所　ハッピー西予【居宅介護支援】愛媛県西予市宇和町卯之町４丁目６５４番地スーパーフジ宇和店内", "url": "https://www.kaigokensaku.mhlw.go.jp/38/index.php?action_kouhyou_detail_004_kani=true&JigyosyoCd=3871400796-00&ServiceCd=430&Type=search", "url2": "http://www.carejapan.co.jp/" }, "geometry": { "type": "Point", "coordinates": [ 132.516728199999989, 33.3596318 ] } },
{ "type": "Feature", "properties": { "内容": "訪問看護ステーション東宇和【居宅介護支援】愛媛県西予市宇和町卯之町3丁目293番地", "url": "https://www.kaigokensaku.mhlw.go.jp/38/index.php?action_kouhyou_detail_004_kani=true&JigyosyoCd=3863890814-00&ServiceCd=430&Type=search", "url2": "https://www.nursing-ehime.or.jp/" }, "geometry": { "type": "Point", "coordinates": [ 132.512789500000054, 33.3626173 ] } },
{ "type": "Feature", "properties": { "内容": "社会福祉法人西予市社会福祉協議会宇和支所【居宅介護支援】愛媛県西予市宇和町卯之町四丁目746番地", "url": "https://www.kaigokensaku.mhlw.go.jp/38/index.php?action_kouhyou_detail_004_kani=true&JigyosyoCd=3871400069-00&ServiceCd=430&Type=search", "url2": "http://seiyo-syakyo.jp/" }, "geometry": { "type": "Point", "coordinates": [ 132.515189400000054, 33.3590457 ] } },
{ "type": "Feature", "properties": { "内容": "居宅介護支援事業所　さくら【居宅介護支援】西予市宇和町山田1558番地", "url": "https://www.kaigokensaku.mhlw.go.jp/38/index.php?action_kouhyou_detail_004_kani=true&JigyosyoCd=3871400515-00&ServiceCd=430&Type=search", "url2": null }, "geometry": { "type": "Point", "coordinates": [ 132.474734200000057, 33.3751506 ] } },
{ "type": "Feature", "properties": { "内容": "居宅介護支援事業所はなみずき【居宅介護支援】愛媛県西予市宇和町坂戸437番地", "url": "https://www.kaigokensaku.mhlw.go.jp/38/index.php?action_kouhyou_detail_004_kani=true&JigyosyoCd=3871400747-00&ServiceCd=430&Type=search", "url2": "http://www.hanamizuki-seiyo.com" }, "geometry": { "type": "Point", "coordinates": [ 132.505749249768115, 33.389535965446207 ] } },
{ "type": "Feature", "properties": { "内容": "指定居宅介護支援事業所　めぐみの里【居宅介護支援】愛媛県西予市明浜町俵津4番耕地44番地", "url": "https://www.kaigokensaku.mhlw.go.jp/38/index.php?action_kouhyou_detail_004_kani=true&JigyosyoCd=3871400762-00&ServiceCd=430&Type=search", "url2": "http://care-net.biz/38/hyakushouikki/" }, "geometry": { "type": "Point", "coordinates": [ 132.4878205, 33.3293845 ] } },
{ "type": "Feature", "properties": { "内容": "居宅介護支援事業所　のんびり家【居宅介護支援】愛媛県西予市宇和町野田45番地", "url": "https://www.kaigokensaku.mhlw.go.jp/38/index.php?action_kouhyou_detail_004_kani=true&JigyosyoCd=3871400853-00&ServiceCd=430&Type=search", "url2": "https://daynonbiriya.wixsite.com/website" }, "geometry": { "type": "Point", "coordinates": [ 132.488325291979066, 33.359089542357495 ] } },
{ "type": "Feature", "properties": { "内容": "居宅介護支援事業所ふれあい【居宅介護支援】愛媛県西予市野村町野村12号446番地野城ふれあい館", "url": "https://www.kaigokensaku.mhlw.go.jp/38/index.php?action_kouhyou_detail_004_kani=true&JigyosyoCd=3873800092-00&ServiceCd=430&Type=search", "url2": null }, "geometry": { "type": "Point", "coordinates": [ 132.644225079267926, 33.377094634418803 ] } },
{ "type": "Feature", "properties": { "内容": "JA東宇和介護支援センター【居宅介護支援】愛媛県西予市野村町野村12-617-1", "url": "https://www.kaigokensaku.mhlw.go.jp/38/index.php?action_kouhyou_detail_004_kani=true&JigyosyoCd=3873800159-00&ServiceCd=430&Type=search", "url2": "https://ja-higashiuwa.or.jp/" }, "geometry": { "type": "Point", "coordinates": [ 132.643401421951268, 33.375997260018117 ] } },
{ "type": "Feature", "properties": { "内容": "居宅介護支援事業所　陽だまり【居宅介護支援】愛媛県西予市宇和町卯之町一丁目246番地6", "url": "https://www.kaigokensaku.mhlw.go.jp/38/index.php?action_kouhyou_detail_004_kani=true&JigyosyoCd=3873800324-00&ServiceCd=430&Type=search", "url2": "u-roujinhome@mb.pikara.ne.jp" }, "geometry": { "type": "Point", "coordinates": [ 132.510552045503772, 33.369109172689079 ] } },
{ "type": "Feature", "properties": { "内容": "居宅介護支援事業所わかば【居宅介護支援】愛媛県西予市三瓶町朝立2-1-7グループホームまほろば内", "url": "https://www.kaigokensaku.mhlw.go.jp/38/index.php?action_kouhyou_detail_004_kani=true&JigyosyoCd=3863790824-00&ServiceCd=430&Type=search", "url2": "http://minorikai.jp.net/blog02/" }, "geometry": { "type": "Point", "coordinates": [ 132.42519378559723, 33.384427566324334 ] } },
{ "type": "Feature", "properties": { "内容": "井関医院居宅介護支援事業所【居宅介護支援】愛媛県西予市野村町野村11-95-1", "url": "https://www.kaigokensaku.mhlw.go.jp/38/index.php?action_kouhyou_detail_004_kani=true&JigyosyoCd=3813828278-00&ServiceCd=430&Type=search", "url2": null }, "geometry": { "type": "Point", "coordinates": [ 132.643929599999979, 33.372237500000018 ] } },
{ "type": "Feature", "properties": { "内容": "社会福祉法人西予市社会福祉協議会本所【居宅介護支援】愛媛県西予市野村町野村12号15番地野村保健福祉センター", "url": "https://www.kaigokensaku.mhlw.go.jp/38/index.php?action_kouhyou_detail_004_kani=true&JigyosyoCd=3871400093-00&ServiceCd=430&Type=search", "url2": "https://seiyo-syakyo.jp/" }, "geometry": { "type": "Point", "coordinates": [ 132.645168739286845, 33.378066969191643 ] } },
{ "type": "Feature", "properties": { "内容": "池川内科・神経内科【居宅介護支援】愛媛県東温市志津川89番地3", "url": "https://www.kaigokensaku.mhlw.go.jp/38/index.php?action_kouhyou_detail_004_kani=true&JigyosyoCd=3813310111-00&ServiceCd=430&Type=search", "url2": null }, "geometry": { "type": "Point", "coordinates": [ 132.880026, 33.8068971 ] } },
{ "type": "Feature", "properties": { "内容": "社会福祉法人　東温市社会福祉協議会【居宅介護支援】愛媛県東温市見奈良４９０番地１東温市総合保健福祉センター2階", "url": "https://www.kaigokensaku.mhlw.go.jp/38/index.php?action_kouhyou_detail_004_kani=true&JigyosyoCd=3871500017-00&ServiceCd=430&Type=search", "url2": "http://toon-shakyou.or.jp/" }, "geometry": { "type": "Point", "coordinates": [ 132.871001348904429, 33.791116137192965 ] } },
{ "type": "Feature", "properties": { "内容": "ケアプランセンターみゅげ【居宅介護支援】愛媛県東温市見奈良811番地1", "url": "https://www.kaigokensaku.mhlw.go.jp/38/index.php?action_kouhyou_detail_004_kani=true&JigyosyoCd=3871500181-00&ServiceCd=430&Type=search", "url2": null }, "geometry": { "type": "Point", "coordinates": [ 132.876820755711378, 33.795450506040019 ] } },
{ "type": "Feature", "properties": { "内容": "居宅介護支援事業所　長安【居宅介護支援】愛媛県東温市志津川甲29番地1", "url": "https://www.kaigokensaku.mhlw.go.jp/38/index.php?action_kouhyou_detail_004_kani=true&JigyosyoCd=3871500264-00&ServiceCd=430&Type=search", "url2": null }, "geometry": { "type": "Point", "coordinates": [ 132.877871, 33.808541 ] } },
{ "type": "Feature", "properties": { "内容": "ケアプランセンターあ・ベンチ【居宅介護支援】愛媛県東温市下林字別府甲1939－3", "url": "https://www.kaigokensaku.mhlw.go.jp/38/index.php?action_kouhyou_detail_004_kani=true&JigyosyoCd=3871500272-00&ServiceCd=430&Type=search", "url2": "http://abench.sakura.ne.jp" }, "geometry": { "type": "Point", "coordinates": [ 132.870365799999945, 33.7774836 ] } },
{ "type": "Feature", "properties": { "内容": "居宅介護支援事業所　ゆのく【居宅介護支援】愛媛県東温市見奈良1399-3", "url": "https://www.kaigokensaku.mhlw.go.jp/38/index.php?action_kouhyou_detail_004_kani=true&JigyosyoCd=3871500322-00&ServiceCd=430&Type=search", "url2": null }, "geometry": { "type": "Point", "coordinates": [ 132.874223799999982, 33.7950372 ] } },
{ "type": "Feature", "properties": { "内容": "指定居宅介護支援事業所ウェルケア重信【居宅介護支援】愛媛県東温市北野田５３３番１", "url": "https://www.kaigokensaku.mhlw.go.jp/38/index.php?action_kouhyou_detail_004_kani=true&JigyosyoCd=3873300028-00&ServiceCd=430&Type=search", "url2": "https://kikuju.or.jp/" }, "geometry": { "type": "Point", "coordinates": [ 132.8329621, 33.7934754 ] } },
{ "type": "Feature", "properties": { "内容": "在宅介護支援センターガリラヤ荘【居宅介護支援】愛媛県東温市南方1766番地1", "url": "https://www.kaigokensaku.mhlw.go.jp/38/index.php?action_kouhyou_detail_004_kani=true&JigyosyoCd=3873300044-00&ServiceCd=430&Type=search", "url2": "https://www.ailinen.jp/senior/galilaya/kyotaku" }, "geometry": { "type": "Point", "coordinates": [ 132.897883577909852, 33.797417561617337 ] } },
{ "type": "Feature", "properties": { "内容": "居宅介護支援事業所希望の館【居宅介護支援】愛媛県東温市則之内2783-1", "url": "https://www.kaigokensaku.mhlw.go.jp/38/index.php?action_kouhyou_detail_004_kani=true&JigyosyoCd=3873300267-00&ServiceCd=430&Type=search", "url2": "http://kibounoyakata.sankeikai.com/" }, "geometry": { "type": "Point", "coordinates": [ 132.921438399999943, 33.7929691 ] } },
{ "type": "Feature", "properties": { "内容": "上島町定居宅介護支援事業所【居宅介護支援】愛媛県越智郡上島町生名６２１－１", "url": "https://www.kaigokensaku.mhlw.go.jp/38/index.php?action_kouhyou_detail_004_kani=true&JigyosyoCd=3873200822-00&ServiceCd=430&Type=search", "url2": null }, "geometry": { "type": "Point", "coordinates": [ 133.184961483237601, 34.268531661463086 ] } },
{ "type": "Feature", "properties": { "内容": "上島町社協居宅介護支援事業所【居宅介護支援】愛媛県越智郡上島町生名２１３３番地３上島町生名デイサービスセンター", "url": "https://www.kaigokensaku.mhlw.go.jp/38/index.php?action_kouhyou_detail_004_kani=true&JigyosyoCd=3873200855-00&ServiceCd=430&Type=search", "url2": "https://www.kamijima-shakyo.or.jp/" }, "geometry": { "type": "Point", "coordinates": [ 133.176452599999948, 34.2799004 ] } },
{ "type": "Feature", "properties": { "内容": "指定居宅介護支援事業所久万の里【居宅介護支援】愛媛県上浮穴郡久万高原町菅生3番耕地580番地24", "url": "https://www.kaigokensaku.mhlw.go.jp/38/index.php?action_kouhyou_detail_004_kani=true&JigyosyoCd=3873400018-00&ServiceCd=430&Type=search", "url2": "http://kikuju.or.jp/" }, "geometry": { "type": "Point", "coordinates": [ 132.911164800000051, 33.6481232 ] } },
{ "type": "Feature", "properties": { "内容": "久万高原町社会福祉協議会指定居宅介護支援事業所【居宅介護支援】愛媛県上浮穴郡久万高原町上黒岩2920番地１", "url": "https://www.kaigokensaku.mhlw.go.jp/38/index.php?action_kouhyou_detail_004_kani=true&JigyosyoCd=3873400463-00&ServiceCd=430&Type=search", "url2": "http://www.kumakouigen-shakyo.or.jp" }, "geometry": { "type": "Point", "coordinates": [ 132.976153, 33.6144269 ] } },
{ "type": "Feature", "properties": { "内容": "ケアプランサービス　くま【居宅介護支援】愛媛県上浮穴郡久万高原町久万65番地久万高原町立病院", "url": "https://www.kaigokensaku.mhlw.go.jp/38/index.php?action_kouhyou_detail_004_kani=true&JigyosyoCd=3873400471-00&ServiceCd=430&Type=search", "url2": "http://www.kumakogen.jp/site/k-hospital/" }, "geometry": { "type": "Point", "coordinates": [ 132.905312399999957, 33.6541975 ] } },
{ "type": "Feature", "properties": { "内容": "指定居宅介護支援事業所鶴寿荘【居宅介護支援】愛媛県伊予郡松前町大字鶴吉635番地1", "url": "https://www.kaigokensaku.mhlw.go.jp/38/index.php?action_kouhyou_detail_004_kani=true&JigyosyoCd=3873500080-00&ServiceCd=430&Type=search", "url2": "http://kakuju.or.jp/" }, "geometry": { "type": "Point", "coordinates": [ 132.735822900000016, 33.782838 ] } },
{ "type": "Feature", "properties": { "内容": "指定居宅介護支援事業所菜の花【居宅介護支援】愛媛県伊予郡松前町大字神崎578番地1", "url": "https://www.kaigokensaku.mhlw.go.jp/38/index.php?action_kouhyou_detail_004_kani=true&JigyosyoCd=3873500106-00&ServiceCd=430&Type=search", "url2": null }, "geometry": { "type": "Point", "coordinates": [ 132.7379949, 33.7871487 ] } },
{ "type": "Feature", "properties": { "内容": "指定居宅介護支援事業所エンゼル【居宅介護支援】愛媛県伊予郡松前町北川原33-1", "url": "https://www.kaigokensaku.mhlw.go.jp/38/index.php?action_kouhyou_detail_004_kani=true&JigyosyoCd=3873500460-00&ServiceCd=430&Type=search", "url2": "https://www.angel-welfare.jp/" }, "geometry": { "type": "Point", "coordinates": [ 132.754615899999976, 33.7971953 ] } },
{ "type": "Feature", "properties": { "内容": "居宅介護支援事業所のどか【居宅介護支援】愛媛県伊予郡松前町大字北黒田173番地1", "url": "https://www.kaigokensaku.mhlw.go.jp/38/index.php?action_kouhyou_detail_004_kani=true&JigyosyoCd=3873500692-00&ServiceCd=430&Type=search", "url2": null }, "geometry": { "type": "Point", "coordinates": [ 132.713389, 33.781785 ] } },
{ "type": "Feature", "properties": { "内容": "居宅介護支援事業所福家【居宅介護支援】愛媛県伊予郡松前町大字浜420番地2", "url": "https://www.kaigokensaku.mhlw.go.jp/38/index.php?action_kouhyou_detail_004_kani=true&JigyosyoCd=3873501039-00&ServiceCd=430&Type=search", "url2": null }, "geometry": { "type": "Point", "coordinates": [ 132.702573241866105, 33.786772913616844 ] } },
{ "type": "Feature", "properties": { "内容": "社会福祉法人松前町社会福祉協議会【居宅介護支援】愛媛県伊予郡松前町大字筒井710番地1", "url": "https://www.kaigokensaku.mhlw.go.jp/38/index.php?action_kouhyou_detail_004_kani=true&JigyosyoCd=3873500098-00&ServiceCd=430&Type=search", "url2": "http://www.ecomnet.or.jp/~masaki-shakyou" }, "geometry": { "type": "Point", "coordinates": [ 132.712575099999981, 33.787101 ] } },
{ "type": "Feature", "properties": { "内容": "Aｹｱﾌﾟﾗﾝｾﾝﾀｰ【居宅介護支援】愛媛県伊予郡松前町大字筒井1573番地1", "url": "https://www.kaigokensaku.mhlw.go.jp/38/index.php?action_kouhyou_detail_004_kani=true&JigyosyoCd=3873501286-00&ServiceCd=430&Type=search", "url2": "https://www.acaplan0301.com/" }, "geometry": { "type": "Point", "coordinates": [ 132.701586099999986, 33.7914173 ] } },
{ "type": "Feature", "properties": { "内容": "砥部町在宅介護支援センター　とべ和合苑【居宅介護支援】愛媛県伊予郡砥部町北川毛1412-3", "url": "https://www.kaigokensaku.mhlw.go.jp/38/index.php?action_kouhyou_detail_004_kani=true&JigyosyoCd=3873500171-00&ServiceCd=430&Type=search", "url2": "http://www.kouyoukai.biz" }, "geometry": { "type": "Point", "coordinates": [ 132.786003100000016, 33.7395023 ] } },
{ "type": "Feature", "properties": { "内容": "指定居宅介護支援事業所ひろた【居宅介護支援】愛媛県伊予郡砥部町総津405番地", "url": "https://www.kaigokensaku.mhlw.go.jp/38/index.php?action_kouhyou_detail_004_kani=true&JigyosyoCd=3873500585-00&ServiceCd=430&Type=search", "url2": "https://koujyukai-hirota.com/" }, "geometry": { "type": "Point", "coordinates": [ 132.798893499999963, 33.6300689 ] } },
{ "type": "Feature", "properties": { "内容": "砥部町社協【居宅介護支援】愛媛県伊予郡砥部町宮内1369番地砥部町中央公民館内(1F)", "url": "https://www.kaigokensaku.mhlw.go.jp/38/index.php?action_kouhyou_detail_004_kani=true&JigyosyoCd=3873500726-00&ServiceCd=430&Type=search", "url2": "www.tobe-shakyo.jp/" }, "geometry": { "type": "Point", "coordinates": [ 132.791472753234075, 33.750106241348504 ] } },
{ "type": "Feature", "properties": { "内容": "ケアプランセンターあったか【居宅介護支援】愛媛県伊予郡砥部町高尾田1171-2", "url": "https://www.kaigokensaku.mhlw.go.jp/38/index.php?action_kouhyou_detail_004_kani=true&JigyosyoCd=3873500841-00&ServiceCd=430&Type=search", "url2": "https://tobe-k.com" }, "geometry": { "type": "Point", "coordinates": [ 132.796186400000011, 33.7771483 ] } },
{ "type": "Feature", "properties": { "内容": "とべ居宅介護支援事業所【居宅介護支援】愛媛県伊予郡砥部町麻生40番地１", "url": "https://www.kaigokensaku.mhlw.go.jp/38/index.php?action_kouhyou_detail_004_kani=true&JigyosyoCd=3873501054-00&ServiceCd=430&Type=search", "url2": "http://www.tobebyouin.com/" }, "geometry": { "type": "Point", "coordinates": [ 132.790556605557185, 33.781083593873113 ] } },
{ "type": "Feature", "properties": { "内容": "かいご相談所　おかだ組【居宅介護支援】愛媛県伊予郡砥部町宮内298番地", "url": "https://www.kaigokensaku.mhlw.go.jp/38/index.php?action_kouhyou_detail_004_kani=true&JigyosyoCd=3873501112-00&ServiceCd=430&Type=search", "url2": null }, "geometry": { "type": "Point", "coordinates": [ 132.788056099999949, 33.7557116 ] } },
{ "type": "Feature", "properties": { "内容": "居宅介護支援センターかがやき【居宅介護支援】愛媛県喜多郡内子町城廻613番地1", "url": "https://www.kaigokensaku.mhlw.go.jp/38/index.php?action_kouhyou_detail_004_kani=true&JigyosyoCd=3873600609-00&ServiceCd=430&Type=search", "url2": "http://forcecorp.pupu.jp" }, "geometry": { "type": "Point", "coordinates": [ 132.6562793, 33.5610443 ] } },
{ "type": "Feature", "properties": { "内容": "済生会小田指定居宅介護支援事業所緑風荘【居宅介護支援】愛媛県喜多郡内子町小田１４９番地1", "url": "https://www.kaigokensaku.mhlw.go.jp/38/index.php?action_kouhyou_detail_004_kani=true&JigyosyoCd=3873400034-00&ServiceCd=430&Type=search", "url2": null }, "geometry": { "type": "Point", "coordinates": [ 132.804202100000026, 33.567929 ] } },
{ "type": "Feature", "properties": { "内容": "特別養護老人ホームみどり苑【居宅介護支援】愛媛県喜多郡内子町立山4740番地1", "url": "https://www.kaigokensaku.mhlw.go.jp/38/index.php?action_kouhyou_detail_004_kani=true&JigyosyoCd=3873600021-00&ServiceCd=430&Type=search", "url2": "http://userweb.u-broad.jp/ozukita-midori" }, "geometry": { "type": "Point", "coordinates": [ 132.672145300000011, 33.5914344 ] } },
{ "type": "Feature", "properties": { "内容": "居宅介護支援事業所　うちこ園【居宅介護支援】愛媛県喜多郡内子町内子3683番地", "url": "https://www.kaigokensaku.mhlw.go.jp/38/index.php?action_kouhyou_detail_004_kani=true&JigyosyoCd=3873600310-00&ServiceCd=430&Type=search", "url2": "http://www.uchikoen.com" }, "geometry": { "type": "Point", "coordinates": [ 132.6428575, 33.5518993 ] } },
{ "type": "Feature", "properties": { "内容": "内子町在宅介護支援センター社協【居宅介護支援】愛媛県喜多郡内子町平岡甲168番地", "url": "https://www.kaigokensaku.mhlw.go.jp/38/index.php?action_kouhyou_detail_004_kani=true&JigyosyoCd=3873600401-00&ServiceCd=430&Type=search", "url2": "http://www.shakyo.or.jp/1486/" }, "geometry": { "type": "Point", "coordinates": [ 132.65790135673069, 33.532906796917274 ] } },
{ "type": "Feature", "properties": { "内容": "指定居宅介護支援事業所さくら【居宅介護支援】愛媛県喜多郡内子町内子町4271番地15", "url": "https://www.kaigokensaku.mhlw.go.jp/38/index.php?action_kouhyou_detail_004_kani=true&JigyosyoCd=3873600252-00&ServiceCd=430&Type=search", "url2": null }, "geometry": { "type": "Point", "coordinates": [ 132.646800507162425, 33.554317501758646 ] } },
{ "type": "Feature", "properties": { "内容": "居宅介護支援事業所　アンジュ【居宅介護支援】平岡甲133番地", "url": "https://www.kaigokensaku.mhlw.go.jp/38/index.php?action_kouhyou_detail_004_kani=true&JigyosyoCd=3873600484-00&ServiceCd=430&Type=search", "url2": "http://rikyukai.web.fc2.com/index1.html" }, "geometry": { "type": "Point", "coordinates": [ 132.659390005131513, 33.532126934313062 ] } },
{ "type": "Feature", "properties": { "内容": "特別養護老人ホーム神南荘【居宅介護支援】愛媛県喜多郡内子町五十崎甲881番地", "url": "https://www.kaigokensaku.mhlw.go.jp/38/index.php?action_kouhyou_detail_004_kani=true&JigyosyoCd=3873600195-00&ServiceCd=430&Type=search", "url2": "http://kannansou.server-shared.com/" }, "geometry": { "type": "Point", "coordinates": [ 132.653988572877523, 33.531661593557764 ] } },
{ "type": "Feature", "properties": { "内容": "居宅介護支援事業　つわぶき荘【居宅介護支援】愛媛県西宇和郡伊方町湊浦861-1", "url": "https://www.kaigokensaku.mhlw.go.jp/38/index.php?action_kouhyou_detail_004_kani=true&JigyosyoCd=3873700052-00&ServiceCd=430&Type=search", "url2": "https://tuwabuki-sou.jp" }, "geometry": { "type": "Point", "coordinates": [ 132.355950600000028, 33.4899376 ] } },
{ "type": "Feature", "properties": { "内容": "三崎居宅介護支援事業所【居宅介護支援】愛媛県西宇和郡伊方町三崎１７００番地１６", "url": "https://www.kaigokensaku.mhlw.go.jp/38/index.php?action_kouhyou_detail_004_kani=true&JigyosyoCd=3873700466-00&ServiceCd=430&Type=search", "url2": null }, "geometry": { "type": "Point", "coordinates": [ 132.11652, 33.391376 ] } },
{ "type": "Feature", "properties": { "内容": "松野町社会福祉協議会【居宅介護支援】愛媛県北宇和郡松野町大字松丸1661-13", "url": "https://www.kaigokensaku.mhlw.go.jp/38/index.php?action_kouhyou_detail_004_kani=true&JigyosyoCd=3873900124-00&ServiceCd=430&Type=search", "url2": "http://matsuno-syakyo.or.jp" }, "geometry": { "type": "Point", "coordinates": [ 132.7085571, 33.2283558 ] } },
{ "type": "Feature", "properties": { "内容": "指定居宅介護支援事業所たんぽぽ【居宅介護支援】愛媛県北宇和郡鬼北町大字近永574番地", "url": "https://www.kaigokensaku.mhlw.go.jp/38/index.php?action_kouhyou_detail_004_kani=true&JigyosyoCd=3873900405-00&ServiceCd=430&Type=search", "url2": "http://wwwc.pikara.ne.jp/tanpopo/tanpopo.htm" }, "geometry": { "type": "Point", "coordinates": [ 132.674035099999969, 33.2571013 ] } },
{ "type": "Feature", "properties": { "内容": "社会福祉法人　鬼北町社会福祉協議会【居宅介護支援】愛媛県北宇和郡鬼北町大字近永782番地", "url": "https://www.kaigokensaku.mhlw.go.jp/38/index.php?action_kouhyou_detail_004_kani=true&JigyosyoCd=3873900629-00&ServiceCd=430&Type=search", "url2": "http://kihoku-syakyo.or.jp/" }, "geometry": { "type": "Point", "coordinates": [ 132.6843814, 33.2573933 ] } },
{ "type": "Feature", "properties": { "内容": "介護サービスゆう居宅介護支援事業所【居宅介護支援】愛媛県北宇和郡鬼北町大字永野市469番地", "url": "https://www.kaigokensaku.mhlw.go.jp/38/index.php?action_kouhyou_detail_004_kani=true&JigyosyoCd=3873900678-00&ServiceCd=430&Type=search", "url2": null }, "geometry": { "type": "Point", "coordinates": [ 132.6827538, 33.2517855 ] } },
{ "type": "Feature", "properties": { "内容": "居宅介護支援事業所アシスト【居宅介護支援】愛媛県北宇和郡鬼北町大字近永１３５２番地", "url": "https://www.kaigokensaku.mhlw.go.jp/38/index.php?action_kouhyou_detail_004_kani=true&JigyosyoCd=3873900777-00&ServiceCd=430&Type=search", "url2": null }, "geometry": { "type": "Point", "coordinates": [ 132.676959900000043, 33.2544462 ] } },
{ "type": "Feature", "properties": { "内容": "ケアプランすみれ【居宅介護支援】愛媛県北宇和郡鬼北町大字永野市638-3プラザビル２０２号", "url": "https://www.kaigokensaku.mhlw.go.jp/38/index.php?action_kouhyou_detail_004_kani=true&JigyosyoCd=3873900785-00&ServiceCd=430&Type=search", "url2": null }, "geometry": { "type": "Point", "coordinates": [ 132.680901142436227, 33.250541361222155 ] } },
{ "type": "Feature", "properties": { "内容": "居宅介護支援事業所つむぎ【居宅介護支援】愛媛県北宇和郡鬼北町大字国遠1052番地1", "url": "https://www.kaigokensaku.mhlw.go.jp/38/index.php?action_kouhyou_detail_004_kani=true&JigyosyoCd=3873900967-00&ServiceCd=430&Type=search", "url2": null }, "geometry": { "type": "Point", "coordinates": [ 132.680642123278858, 33.258730119963715 ] } },
{ "type": "Feature", "properties": { "内容": "居宅介護支援事業所岩水【居宅介護支援】愛媛県南宇和郡愛南町岩水162", "url": "https://www.kaigokensaku.mhlw.go.jp/38/index.php?action_kouhyou_detail_004_kani=true&JigyosyoCd=3874000767-00&ServiceCd=430&Type=search", "url2": "Ｈｔｔｐｓ：／／ｗｗｗ．ｋａｉｇｏ－ａｎ．ｊｐ" }, "geometry": { "type": "Point", "coordinates": [ 132.603587, 32.9441616 ] } },
{ "type": "Feature", "properties": { "内容": "南宇和郡医師会居宅介護支援事業所【居宅介護支援】愛媛県南宇和郡愛南町御荘平城3605-2", "url": "https://www.kaigokensaku.mhlw.go.jp/38/index.php?action_kouhyou_detail_004_kani=true&JigyosyoCd=3874000015-00&ServiceCd=430&Type=search", "url2": "http://www.nangunkan.justhpbs.jp/" }, "geometry": { "type": "Point", "coordinates": [ 132.568150784224315, 32.959539625235486 ] } },
{ "type": "Feature", "properties": { "内容": "指定居宅介護支援事業所自在園【居宅介護支援】愛媛県南宇和郡愛南町満倉2301番地1", "url": "https://www.kaigokensaku.mhlw.go.jp/38/index.php?action_kouhyou_detail_004_kani=true&JigyosyoCd=3874000031-00&ServiceCd=430&Type=search", "url2": "https://m-fukushi.or.jp/" }, "geometry": { "type": "Point", "coordinates": [ 132.603290100474482, 32.953146753001008 ] } },
{ "type": "Feature", "properties": { "内容": "愛南町社協居宅介護支援事業所【居宅介護支援】愛媛県南宇和郡愛南町御荘菊川1157番地", "url": "https://www.kaigokensaku.mhlw.go.jp/38/index.php?action_kouhyou_detail_004_kani=true&JigyosyoCd=3874000403-00&ServiceCd=430&Type=search", "url2": "http://www.ainan-shakyo.or.jp/" }, "geometry": { "type": "Point", "coordinates": [ 132.517280295356841, 32.991040557130312 ] } },
{ "type": "Feature", "properties": { "内容": "愛ミング・ケアセンター居宅介護支援事業所【居宅介護支援】愛媛県南宇和郡愛南町御荘平城658-1", "url": "https://www.kaigokensaku.mhlw.go.jp/38/index.php?action_kouhyou_detail_004_kani=true&JigyosyoCd=3874000494-00&ServiceCd=430&Type=search", "url2": null }, "geometry": { "type": "Point", "coordinates": [ 132.553591200000028, 32.9652234 ] } },
{ "type": "Feature", "properties": { "内容": "有限会社梅田介護サービス居宅介護支援事業所【居宅介護支援】愛媛県南宇和郡愛南町御荘平城2714", "url": "https://www.kaigokensaku.mhlw.go.jp/38/index.php?action_kouhyou_detail_004_kani=true&JigyosyoCd=3874000601-00&ServiceCd=430&Type=search", "url2": null }, "geometry": { "type": "Point", "coordinates": [ 132.566800699999931, 32.9665599 ] } },
{ "type": "Feature", "properties": { "内容": "ラポールなんぐん指定居宅介護支援事業所【居宅介護支援】愛媛県南宇和郡愛南町城辺甲2463-2城辺グリーンハイツ206号", "url": "https://www.kaigokensaku.mhlw.go.jp/38/index.php?action_kouhyou_detail_004_kani=true&JigyosyoCd=3874000742-00&ServiceCd=430&Type=search", "url2": "http://www.apotry.net" }, "geometry": { "type": "Point", "coordinates": [ 132.584365400000024, 32.9633002 ] } },
{ "type": "Feature", "properties": { "内容": "公益財団法人正光会居宅介護事業所みしょう【居宅介護支援】愛媛県南宇和郡愛南町御荘平山８４６番地", "url": "https://www.kaigokensaku.mhlw.go.jp/38/index.php?action_kouhyou_detail_004_kani=true&JigyosyoCd=3874000825-00&ServiceCd=430&Type=search", "url2": "https://shokokai-grp.or.jp/misho/" }, "geometry": { "type": "Point", "coordinates": [ 132.533791047885131, 32.974814506924858 ] } }
]
}
