{
"type": "FeatureCollection",
"name": "geo_38_通所介護",
"crs": { "type": "name", "properties": { "name": "urn:ogc:def:crs:OGC:1.3:CRS84" } },
"features": [
{ "type": "Feature", "properties": { "内容": "ケアスペース　ももたろう【通所介護】松山市高浜町１丁目乙60番地150", "url": "https://www.kaigokensaku.mhlw.go.jp/38/index.php?action_kouhyou_detail_004_kani=true&JigyosyoCd=3870104712-00&ServiceCd=150&Type=search", "url2": null }, "geometry": { "type": "Point", "coordinates": [ 132.702995900000019, 33.8768147 ] } },
{ "type": "Feature", "properties": { "内容": "デイサービスセンター道後【通所介護】愛媛県松山市溝辺町539番地1", "url": "https://www.kaigokensaku.mhlw.go.jp/38/index.php?action_kouhyou_detail_004_kani=true&JigyosyoCd=3870101627-00&ServiceCd=150&Type=search", "url2": "http://aijukai-group.com/facilities/daycare" }, "geometry": { "type": "Point", "coordinates": [ 132.802888100000018, 33.8531652 ] } },
{ "type": "Feature", "properties": { "内容": "デイサービスセンター友【通所介護】愛媛県松山市築山町7-14", "url": "https://www.kaigokensaku.mhlw.go.jp/38/index.php?action_kouhyou_detail_004_kani=true&JigyosyoCd=3870104365-00&ServiceCd=150&Type=search", "url2": "https://care-net.biz/38/aikoukaiyou/" }, "geometry": { "type": "Point", "coordinates": [ 132.777926900000011, 33.8382496 ] } },
{ "type": "Feature", "properties": { "内容": "デイサービス寧音【通所介護】愛媛県松山市南斎院町935番地1サービス付き高齢者向け住宅ゆうゆう南斎院", "url": "https://www.kaigokensaku.mhlw.go.jp/38/index.php?action_kouhyou_detail_004_kani=true&JigyosyoCd=3870110362-00&ServiceCd=150&Type=search", "url2": "https://yuyusya.co.jp/" }, "geometry": { "type": "Point", "coordinates": [ 132.731911599999989, 33.8328961 ] } },
{ "type": "Feature", "properties": { "内容": "デイサービスセンター和泉【通所介護】愛媛県松山市和泉北１丁目20番28号", "url": "https://www.kaigokensaku.mhlw.go.jp/38/index.php?action_kouhyou_detail_004_kani=true&JigyosyoCd=3870101544-00&ServiceCd=150&Type=search", "url2": null }, "geometry": { "type": "Point", "coordinates": [ 132.7620508, 33.8255256 ] } },
{ "type": "Feature", "properties": { "内容": "ファミリーケア垣生デイサービスセンターいまづ【通所介護】愛媛県松山市西垣生町1184-6", "url": "https://www.kaigokensaku.mhlw.go.jp/38/index.php?action_kouhyou_detail_004_kani=true&JigyosyoCd=3870105222-00&ServiceCd=150&Type=search", "url2": "http://familycare.co.jp/" }, "geometry": { "type": "Point", "coordinates": [ 132.703539699999965, 33.8150809 ] } },
{ "type": "Feature", "properties": { "内容": "デイサービスセンターふるさと【通所介護】愛媛県松山市松ノ木2丁目696番6", "url": "https://www.kaigokensaku.mhlw.go.jp/38/index.php?action_kouhyou_detail_004_kani=true&JigyosyoCd=3870105933-00&ServiceCd=150&Type=search", "url2": null }, "geometry": { "type": "Point", "coordinates": [ 132.7206099, 33.8717105 ] } },
{ "type": "Feature", "properties": { "内容": "デイサービスセンターおもや【通所介護】愛媛県松山市大橋町335番地", "url": "https://www.kaigokensaku.mhlw.go.jp/38/index.php?action_kouhyou_detail_004_kani=true&JigyosyoCd=3870111816-00&ServiceCd=150&Type=search", "url2": "http://ely-omoya.jp" }, "geometry": { "type": "Point", "coordinates": [ 132.80994069999997, 33.7820009 ] } },
{ "type": "Feature", "properties": { "内容": "デイサービスクリア2号店【通所介護】愛媛県松山市空港通り1丁目8-28", "url": "https://www.kaigokensaku.mhlw.go.jp/38/index.php?action_kouhyou_detail_004_kani=true&JigyosyoCd=3870112236-00&ServiceCd=150&Type=search", "url2": "http://www.clears.life" }, "geometry": { "type": "Point", "coordinates": [ 132.749443499999984, 33.8282971 ] } },
{ "type": "Feature", "properties": { "内容": "デイサービスセンター星岡【通所介護】愛媛県松山市星岡2丁目8番24号", "url": "https://www.kaigokensaku.mhlw.go.jp/38/index.php?action_kouhyou_detail_004_kani=true&JigyosyoCd=3870104928-00&ServiceCd=150&Type=search", "url2": "http://www.junpu.or.jp/kanfu.center/" }, "geometry": { "type": "Point", "coordinates": [ 132.782562699999971, 33.8192992 ] } },
{ "type": "Feature", "properties": { "内容": "済生会デイサービス三津【通所介護】愛媛県松山市住吉２－６－８", "url": "https://www.kaigokensaku.mhlw.go.jp/38/index.php?action_kouhyou_detail_004_kani=true&JigyosyoCd=3870111485-00&ServiceCd=150&Type=search", "url2": "http://www.m-tokuro.com/" }, "geometry": { "type": "Point", "coordinates": [ 132.715282900000034, 33.8634529 ] } },
{ "type": "Feature", "properties": { "内容": "でいさーびす　たいしょう【通所介護】大橋町335番地", "url": "https://www.kaigokensaku.mhlw.go.jp/38/index.php?action_kouhyou_detail_004_kani=true&JigyosyoCd=3870113952-00&ServiceCd=150&Type=search", "url2": "https://taisyou.net" }, "geometry": { "type": "Point", "coordinates": [ 132.811374699999988, 33.7824531 ] } },
{ "type": "Feature", "properties": { "内容": "デイサービスおはなはん【通所介護】愛媛県松山市清水町３丁目43－9森本ビル1Ｆ", "url": "https://www.kaigokensaku.mhlw.go.jp/38/index.php?action_kouhyou_detail_004_kani=true&JigyosyoCd=3870111287-00&ServiceCd=150&Type=search", "url2": null }, "geometry": { "type": "Point", "coordinates": [ 132.7657696, 33.852653 ] } },
{ "type": "Feature", "properties": { "内容": "ツクイ松山土居田【通所介護】愛媛県松山市土居田町117-3", "url": "https://www.kaigokensaku.mhlw.go.jp/38/index.php?action_kouhyou_detail_004_kani=true&JigyosyoCd=3870112913-00&ServiceCd=150&Type=search", "url2": "http://www.tsukui.net" }, "geometry": { "type": "Point", "coordinates": [ 132.7520793, 33.8246285 ] } },
{ "type": "Feature", "properties": { "内容": "MORE【通所介護】愛媛県松山市福角町甲1434番地1", "url": "https://www.kaigokensaku.mhlw.go.jp/38/index.php?action_kouhyou_detail_004_kani=true&JigyosyoCd=3870113093-00&ServiceCd=150&Type=search", "url2": "https://www.hukuzumikai.com" }, "geometry": { "type": "Point", "coordinates": [ 132.7589084, 33.8950921 ] } },
{ "type": "Feature", "properties": { "内容": "デイサービスセンター　リハライフ小坂【通所介護】愛媛県松山市小坂４丁目7-8", "url": "https://www.kaigokensaku.mhlw.go.jp/38/index.php?action_kouhyou_detail_004_kani=true&JigyosyoCd=3870113630-00&ServiceCd=150&Type=search", "url2": "https://www.rehalife-kochi.com/" }, "geometry": { "type": "Point", "coordinates": [ 132.781304299999988, 33.8279659 ] } },
{ "type": "Feature", "properties": { "内容": "デイサービスダイヤスター【通所介護】愛媛県松山市星岡二丁目1番27号", "url": "https://www.kaigokensaku.mhlw.go.jp/38/index.php?action_kouhyou_detail_004_kani=true&JigyosyoCd=3870113788-00&ServiceCd=150&Type=search", "url2": "https://daiyaservice.co.jp/" }, "geometry": { "type": "Point", "coordinates": [ 132.785320449073794, 33.816835335162338 ] } },
{ "type": "Feature", "properties": { "内容": "ファミリーケア垣生デイサービスセンターいまづ【通所介護】愛媛県松山市西垣生町1184番6", "url": "https://www.kaigokensaku.mhlw.go.jp/38/index.php?action_kouhyou_detail_004_kani=true&JigyosyoCd=3870113804-00&ServiceCd=150&Type=search", "url2": "http://familycare.co.jp/" }, "geometry": { "type": "Point", "coordinates": [ 132.703458, 33.8150125 ] } },
{ "type": "Feature", "properties": { "内容": "指定通所介護事業所デイサービスセンター第二権現荘【通所介護】愛媛県松山市権現町甲639番地1", "url": "https://www.kaigokensaku.mhlw.go.jp/38/index.php?action_kouhyou_detail_004_kani=true&JigyosyoCd=3870101122-00&ServiceCd=150&Type=search", "url2": "https://www.gongensou.or.jp/04/" }, "geometry": { "type": "Point", "coordinates": [ 132.770164948579378, 33.895149705525995 ] } },
{ "type": "Feature", "properties": { "内容": "デイサービスセンター安寿荘【通所介護】愛媛県松山市安城寺町1427番地1", "url": "https://www.kaigokensaku.mhlw.go.jp/38/index.php?action_kouhyou_detail_004_kani=true&JigyosyoCd=3870101551-00&ServiceCd=150&Type=search", "url2": "http://anju-kai.jp" }, "geometry": { "type": "Point", "coordinates": [ 132.73699875277859, 33.884963629371711 ] } },
{ "type": "Feature", "properties": { "内容": "通所介護事業所アドバンス【通所介護】愛媛県松山市畑寺町丙1-2", "url": "https://www.kaigokensaku.mhlw.go.jp/38/index.php?action_kouhyou_detail_004_kani=true&JigyosyoCd=3870101585-00&ServiceCd=150&Type=search", "url2": "http://yuhokai.net" }, "geometry": { "type": "Point", "coordinates": [ 132.803557500000011, 33.8331954 ] } },
{ "type": "Feature", "properties": { "内容": "デイサービス　梅本の里【通所介護】愛媛県松山市平井町1287番地", "url": "https://www.kaigokensaku.mhlw.go.jp/38/index.php?action_kouhyou_detail_004_kani=true&JigyosyoCd=3870101593-00&ServiceCd=150&Type=search", "url2": "http://www.umemotonosato.com/" }, "geometry": { "type": "Point", "coordinates": [ 132.835267161256553, 33.808991377700835 ] } },
{ "type": "Feature", "properties": { "内容": "デイサービスセンター　であい【通所介護】愛媛県松山市余戸南5丁目3-18", "url": "https://www.kaigokensaku.mhlw.go.jp/38/index.php?action_kouhyou_detail_004_kani=true&JigyosyoCd=3870101635-00&ServiceCd=150&Type=search", "url2": "http://www.aijukai-group.com" }, "geometry": { "type": "Point", "coordinates": [ 132.724445599999967, 33.8088459 ] } },
{ "type": "Feature", "properties": { "内容": "デイサービスセンター愛寿荘【通所介護】愛媛県松山市来住町1171番地1", "url": "https://www.kaigokensaku.mhlw.go.jp/38/index.php?action_kouhyou_detail_004_kani=true&JigyosyoCd=3870101643-00&ServiceCd=150&Type=search", "url2": "http://www.aijukai-group.com/" }, "geometry": { "type": "Point", "coordinates": [ 132.797392313725254, 33.808940051194909 ] } },
{ "type": "Feature", "properties": { "内容": "通所介護事業所ていれぎ荘【通所介護】愛媛県松山市水泥町405番地1", "url": "https://www.kaigokensaku.mhlw.go.jp/38/index.php?action_kouhyou_detail_004_kani=true&JigyosyoCd=3870101650-00&ServiceCd=150&Type=search", "url2": "https://www.jikoukai-ehime.or.jp/teiregisou" }, "geometry": { "type": "Point", "coordinates": [ 132.8221062, 33.8009655 ] } },
{ "type": "Feature", "properties": { "内容": "デイサービスセンターごごしま【通所介護】愛媛県松山市泊町618-4", "url": "https://www.kaigokensaku.mhlw.go.jp/38/index.php?action_kouhyou_detail_004_kani=true&JigyosyoCd=3870101676-00&ServiceCd=150&Type=search", "url2": "nigitatsu.saiseikai.or.jp" }, "geometry": { "type": "Point", "coordinates": [ 132.680015700000013, 33.8819244 ] } },
{ "type": "Feature", "properties": { "内容": "済生会介護支援センター姫原【通所介護】愛媛県松山市姫原1丁目1656番地", "url": "https://www.kaigokensaku.mhlw.go.jp/38/index.php?action_kouhyou_detail_004_kani=true&JigyosyoCd=3870101684-00&ServiceCd=150&Type=search", "url2": "http://www.himebara-saiseikai.jp/" }, "geometry": { "type": "Point", "coordinates": [ 132.764669700000013, 33.8677123 ] } },
{ "type": "Feature", "properties": { "内容": "ニチイケアセンターやまごえ【通所介護】愛媛県松山市山越6-7-20", "url": "https://www.kaigokensaku.mhlw.go.jp/38/index.php?action_kouhyou_detail_004_kani=true&JigyosyoCd=3870101973-00&ServiceCd=150&Type=search", "url2": "http://www.nichiigakkan.co.jp/" }, "geometry": { "type": "Point", "coordinates": [ 132.751570899999933, 33.8573298 ] } },
{ "type": "Feature", "properties": { "内容": "アユーラデイサービスセンター【通所介護】愛媛県松山市日の出町10-803Ｆ", "url": "https://www.kaigokensaku.mhlw.go.jp/38/index.php?action_kouhyou_detail_004_kani=true&JigyosyoCd=3870102047-00&ServiceCd=150&Type=search", "url2": "http://www.ayurastation-matsuyama.jp/" }, "geometry": { "type": "Point", "coordinates": [ 132.783770799999957, 33.8377248 ] } },
{ "type": "Feature", "properties": { "内容": "デイサービスセンター五明苑【通所介護】愛媛県松山市菅沢町乙491-6", "url": "https://www.kaigokensaku.mhlw.go.jp/38/index.php?action_kouhyou_detail_004_kani=true&JigyosyoCd=3870102112-00&ServiceCd=150&Type=search", "url2": "http://www.gomyoen.jp/" }, "geometry": { "type": "Point", "coordinates": [ 132.80780599510652, 33.902467191707487 ] } },
{ "type": "Feature", "properties": { "内容": "ベストケア・デイサービスセンター【通所介護】愛媛県松山市山越六丁目２番３３号", "url": "https://www.kaigokensaku.mhlw.go.jp/38/index.php?action_kouhyou_detail_004_kani=true&JigyosyoCd=3870102211-00&ServiceCd=150&Type=search", "url2": "http://www.best-care.jp" }, "geometry": { "type": "Point", "coordinates": [ 132.752551400000044, 33.8578159 ] } },
{ "type": "Feature", "properties": { "内容": "デイサービスセンターハッピー愛媛【通所介護】愛媛県松山市中央1丁目17番35号", "url": "https://www.kaigokensaku.mhlw.go.jp/38/index.php?action_kouhyou_detail_004_kani=true&JigyosyoCd=3870102229-00&ServiceCd=150&Type=search", "url2": "http://www.carejapan.co.jp/" }, "geometry": { "type": "Point", "coordinates": [ 132.748771199999965, 33.8547273 ] } },
{ "type": "Feature", "properties": { "内容": "アシストジャパンデイサービスセンター1号館【通所介護】愛媛県松山市久米窪田町713-1", "url": "https://www.kaigokensaku.mhlw.go.jp/38/index.php?action_kouhyou_detail_004_kani=true&JigyosyoCd=3870102427-00&ServiceCd=150&Type=search", "url2": "http://www.assistjapan.com" }, "geometry": { "type": "Point", "coordinates": [ 132.817201, 33.8088841 ] } },
{ "type": "Feature", "properties": { "内容": "デイサービスセンター和光苑【通所介護】愛媛県松山市井門町1099番地", "url": "https://www.kaigokensaku.mhlw.go.jp/38/index.php?action_kouhyou_detail_004_kani=true&JigyosyoCd=3870102500-00&ServiceCd=150&Type=search", "url2": "http://wakouen.okoshi-yasu.com/" }, "geometry": { "type": "Point", "coordinates": [ 132.777135600000065, 33.796821 ] } },
{ "type": "Feature", "properties": { "内容": "南高井デイサービスセンター【通所介護】愛媛県松山市南高井町333番地", "url": "https://www.kaigokensaku.mhlw.go.jp/38/index.php?action_kouhyou_detail_004_kani=true&JigyosyoCd=3870102609-00&ServiceCd=150&Type=search", "url2": "http://www.tensinkai.or.jp" }, "geometry": { "type": "Point", "coordinates": [ 132.824575500000037, 33.7880282 ] } },
{ "type": "Feature", "properties": { "内容": "ベストケア・デイサービスセンター石井【通所介護】愛媛県松山市東石井七丁目５番２９号", "url": "https://www.kaigokensaku.mhlw.go.jp/38/index.php?action_kouhyou_detail_004_kani=true&JigyosyoCd=3870102674-00&ServiceCd=150&Type=search", "url2": "http://www.best-care.jp/" }, "geometry": { "type": "Point", "coordinates": [ 132.7759218, 33.8084948 ] } },
{ "type": "Feature", "properties": { "内容": "デイサービス来住【通所介護】愛媛県松山市来住町1057-1", "url": "https://www.kaigokensaku.mhlw.go.jp/38/index.php?action_kouhyou_detail_004_kani=true&JigyosyoCd=3870103094-00&ServiceCd=150&Type=search", "url2": "http://www.cross-service.co.jp" }, "geometry": { "type": "Point", "coordinates": [ 132.798191699999961, 33.8037957 ] } },
{ "type": "Feature", "properties": { "内容": "デイサービスセンター　あすれ【通所介護】愛媛県松山市空港通４丁目７番２号", "url": "https://www.kaigokensaku.mhlw.go.jp/38/index.php?action_kouhyou_detail_004_kani=true&JigyosyoCd=3870103607-00&ServiceCd=150&Type=search", "url2": "http://www.asre.co.jp" }, "geometry": { "type": "Point", "coordinates": [ 132.735155504927121, 33.828717774897719 ] } },
{ "type": "Feature", "properties": { "内容": "指定通所介護事業所デイサービスセンターウェルケアみどろ【通所介護】愛媛県松山市水泥町132番地1", "url": "https://www.kaigokensaku.mhlw.go.jp/38/index.php?action_kouhyou_detail_004_kani=true&JigyosyoCd=3870103748-00&ServiceCd=150&Type=search", "url2": "https://kikuju.ftw.jp/" }, "geometry": { "type": "Point", "coordinates": [ 132.828114, 33.8015406 ] } },
{ "type": "Feature", "properties": { "内容": "サンケア潮見【通所介護】愛媛県松山市平田町246-1", "url": "https://www.kaigokensaku.mhlw.go.jp/38/index.php?action_kouhyou_detail_004_kani=true&JigyosyoCd=3870103904-00&ServiceCd=150&Type=search", "url2": "http://www.ja-e-chuo.or.jp/public_html/top.html" }, "geometry": { "type": "Point", "coordinates": [ 132.753170099559554, 33.88430942553974 ] } },
{ "type": "Feature", "properties": { "内容": "みなみの杜デイサービスセンター【通所介護】愛媛県松山市南高井町320-1", "url": "https://www.kaigokensaku.mhlw.go.jp/38/index.php?action_kouhyou_detail_004_kani=true&JigyosyoCd=3870104035-00&ServiceCd=150&Type=search", "url2": "http://www.tensinkai.or.jp/" }, "geometry": { "type": "Point", "coordinates": [ 132.823122799999965, 33.78796710000001 ] } },
{ "type": "Feature", "properties": { "内容": "アシストジャパンデイサービスセンター3号館【通所介護】愛媛県松山市南高井町1817番地1", "url": "https://www.kaigokensaku.mhlw.go.jp/38/index.php?action_kouhyou_detail_004_kani=true&JigyosyoCd=3870104340-00&ServiceCd=150&Type=search", "url2": "http://www.assistjapan.com/" }, "geometry": { "type": "Point", "coordinates": [ 132.80628539999995, 33.790386 ] } },
{ "type": "Feature", "properties": { "内容": "久谷デイサービスセンター【通所介護】愛媛県松山市上川原町甲1522番地5", "url": "https://www.kaigokensaku.mhlw.go.jp/38/index.php?action_kouhyou_detail_004_kani=true&JigyosyoCd=3870104746-00&ServiceCd=150&Type=search", "url2": null }, "geometry": { "type": "Point", "coordinates": [ 132.811921100000063, 33.7783402 ] } },
{ "type": "Feature", "properties": { "内容": "デイサービスセンター　さや【通所介護】愛媛県松山市南斎院町1158", "url": "https://www.kaigokensaku.mhlw.go.jp/38/index.php?action_kouhyou_detail_004_kani=true&JigyosyoCd=3870105156-00&ServiceCd=150&Type=search", "url2": "http://www.aijukai-group.com/" }, "geometry": { "type": "Point", "coordinates": [ 132.735669599999937, 33.8347459 ] } },
{ "type": "Feature", "properties": { "内容": "ＭＭＣフレンド【通所介護】愛媛県松山市湯渡町３－１８", "url": "https://www.kaigokensaku.mhlw.go.jp/38/index.php?action_kouhyou_detail_004_kani=true&JigyosyoCd=3870105255-00&ServiceCd=150&Type=search", "url2": "https://mmcdreamservice.jimdo.com/" }, "geometry": { "type": "Point", "coordinates": [ 132.7831486, 33.8394079 ] } },
{ "type": "Feature", "properties": { "内容": "AWCたかなわデイサービスセンター【通所介護】愛媛県松山市苞木甲２４７番地２", "url": "https://www.kaigokensaku.mhlw.go.jp/38/index.php?action_kouhyou_detail_004_kani=true&JigyosyoCd=3870105388-00&ServiceCd=150&Type=search", "url2": "awc-tdc@ace.ocn.ne.jp" }, "geometry": { "type": "Point", "coordinates": [ 132.778320056068196, 33.940730082350143 ] } },
{ "type": "Feature", "properties": { "内容": "デイサービスセンターあおいほし【通所介護】愛媛県松山市古川北一丁目２２番２２号", "url": "https://www.kaigokensaku.mhlw.go.jp/38/index.php?action_kouhyou_detail_004_kani=true&JigyosyoCd=3870105511-00&ServiceCd=150&Type=search", "url2": null }, "geometry": { "type": "Point", "coordinates": [ 132.762648200000058, 33.8150797 ] } },
{ "type": "Feature", "properties": { "内容": "デイサービスセンタービハーラ【通所介護】愛媛県松山市安城寺町524番地", "url": "https://www.kaigokensaku.mhlw.go.jp/38/index.php?action_kouhyou_detail_004_kani=true&JigyosyoCd=3870105776-00&ServiceCd=150&Type=search", "url2": "http://vihara.or.jp" }, "geometry": { "type": "Point", "coordinates": [ 132.740566400000034, 33.8744665 ] } },
{ "type": "Feature", "properties": { "内容": "ベストケア・デイサービスセンター中村【通所介護】愛媛県松山市中村二丁目７番３３号　１階", "url": "https://www.kaigokensaku.mhlw.go.jp/38/index.php?action_kouhyou_detail_004_kani=true&JigyosyoCd=3870105818-00&ServiceCd=150&Type=search", "url2": "http://www.best-care.jp/" }, "geometry": { "type": "Point", "coordinates": [ 132.77791030000003, 33.833103 ] } },
{ "type": "Feature", "properties": { "内容": "ケアプラスデイサービスセンター三津【通所介護】愛媛県松山市中須賀1丁目5-3", "url": "https://www.kaigokensaku.mhlw.go.jp/38/index.php?action_kouhyou_detail_004_kani=true&JigyosyoCd=3870105826-00&ServiceCd=150&Type=search", "url2": "http://carep.jp/" }, "geometry": { "type": "Point", "coordinates": [ 132.723740031877128, 33.863494115474239 ] } },
{ "type": "Feature", "properties": { "内容": "通所介護事業所　アロハ居相【通所介護】愛媛県松山市居相三丁目14-20", "url": "https://www.kaigokensaku.mhlw.go.jp/38/index.php?action_kouhyou_detail_004_kani=true&JigyosyoCd=3870105842-00&ServiceCd=150&Type=search", "url2": null }, "geometry": { "type": "Point", "coordinates": [ 132.769611400000031, 33.8113164 ] } },
{ "type": "Feature", "properties": { "内容": "アシストジャパンデイサービスセンター5号館【通所介護】愛媛県松山市山越6丁目7-30", "url": "https://www.kaigokensaku.mhlw.go.jp/38/index.php?action_kouhyou_detail_004_kani=true&JigyosyoCd=3870106014-00&ServiceCd=150&Type=search", "url2": "http://www.assistjapan.com" }, "geometry": { "type": "Point", "coordinates": [ 132.751437600000031, 33.858102 ] } },
{ "type": "Feature", "properties": { "内容": "ケアフィット石井【通所介護】愛媛県松山市東石井7丁目4番30号", "url": "https://www.kaigokensaku.mhlw.go.jp/38/index.php?action_kouhyou_detail_004_kani=true&JigyosyoCd=3870106139-00&ServiceCd=150&Type=search", "url2": "http://www.best-care.jp/" }, "geometry": { "type": "Point", "coordinates": [ 132.776888399999962, 33.8082837 ] } },
{ "type": "Feature", "properties": { "内容": "デイサービスセンターうめの小町【通所介護】愛媛県松山市南梅本町50番地2", "url": "https://www.kaigokensaku.mhlw.go.jp/38/index.php?action_kouhyou_detail_004_kani=true&JigyosyoCd=3870106352-00&ServiceCd=150&Type=search", "url2": "https://www.umekoma.jp/" }, "geometry": { "type": "Point", "coordinates": [ 132.842593299999976, 33.7984358 ] } },
{ "type": "Feature", "properties": { "内容": "社会福祉法人恩賜財団済生会　松山特別養護老人ホーム　在宅介護サービス【通所介護】松山市久万ノ台１７１７番地", "url": "https://www.kaigokensaku.mhlw.go.jp/38/index.php?action_kouhyou_detail_004_kani=true&JigyosyoCd=3870106378-00&ServiceCd=150&Type=search", "url2": "http://www.m-tokuro.com" }, "geometry": { "type": "Point", "coordinates": [ 132.7354252, 33.861626 ] } },
{ "type": "Feature", "properties": { "内容": "デイサービスセンターミネルワ【通所介護】愛媛県松山市高岡町301-13", "url": "https://www.kaigokensaku.mhlw.go.jp/38/index.php?action_kouhyou_detail_004_kani=true&JigyosyoCd=3870106527-00&ServiceCd=150&Type=search", "url2": "http://www.mineruwa.jp/" }, "geometry": { "type": "Point", "coordinates": [ 132.722334700000033, 33.8266215 ] } },
{ "type": "Feature", "properties": { "内容": "通所介護　歩風里【通所介護】愛媛県松山市北斎院町402-4", "url": "https://www.kaigokensaku.mhlw.go.jp/38/index.php?action_kouhyou_detail_004_kani=true&JigyosyoCd=3870106709-00&ServiceCd=150&Type=search", "url2": null }, "geometry": { "type": "Point", "coordinates": [ 132.7295729, 33.8381565 ] } },
{ "type": "Feature", "properties": { "内容": "医療法人財団　尚温会　　デイサービスセンター　ほうゆー温泉【通所介護】愛媛県松山市余戸東５丁目３－３６グレースフォーユー余戸１階", "url": "https://www.kaigokensaku.mhlw.go.jp/38/index.php?action_kouhyou_detail_004_kani=true&JigyosyoCd=3870106899-00&ServiceCd=150&Type=search", "url2": "http://www.iyohp.jp" }, "geometry": { "type": "Point", "coordinates": [ 132.738100199999934, 33.81642040000002 ] } },
{ "type": "Feature", "properties": { "内容": "デイサービス　ほがら家【通所介護】松山市六軒家町3-22", "url": "https://www.kaigokensaku.mhlw.go.jp/38/index.php?action_kouhyou_detail_004_kani=true&JigyosyoCd=3870107004-00&ServiceCd=150&Type=search", "url2": "http://4seasons-m.com/hogaraka_top.html" }, "geometry": { "type": "Point", "coordinates": [ 132.74971830000004, 33.8520332 ] } },
{ "type": "Feature", "properties": { "内容": "デイサービスセンター煌乃星【通所介護】愛媛県松山市和泉南4丁目１4番23号", "url": "https://www.kaigokensaku.mhlw.go.jp/38/index.php?action_kouhyou_detail_004_kani=true&JigyosyoCd=3870107046-00&ServiceCd=150&Type=search", "url2": null }, "geometry": { "type": "Point", "coordinates": [ 132.756659873302397, 33.814324014929149 ] } },
{ "type": "Feature", "properties": { "内容": "通所介護事業所　ウェルケア畑寺【通所介護】愛媛県松山市畑寺3町目8番41号", "url": "https://www.kaigokensaku.mhlw.go.jp/38/index.php?action_kouhyou_detail_004_kani=true&JigyosyoCd=3870107285-00&ServiceCd=150&Type=search", "url2": "http://kikuju.or.jp/" }, "geometry": { "type": "Point", "coordinates": [ 132.797586, 33.8279958 ] } },
{ "type": "Feature", "properties": { "内容": "ベストケア・デイサービスセンター来住【通所介護】松山市来住町１３０７番地５", "url": "https://www.kaigokensaku.mhlw.go.jp/38/index.php?action_kouhyou_detail_004_kani=true&JigyosyoCd=3870107525-00&ServiceCd=150&Type=search", "url2": "http://www.best-care.jp/" }, "geometry": { "type": "Point", "coordinates": [ 132.7951253, 33.8045567 ] } },
{ "type": "Feature", "properties": { "内容": "有限会社アシストジャパンデイサービスセンター8号館【通所介護】北斎院町631-6", "url": "https://www.kaigokensaku.mhlw.go.jp/38/index.php?action_kouhyou_detail_004_kani=true&JigyosyoCd=3870107574-00&ServiceCd=150&Type=search", "url2": "aj8@assistjapan.com" }, "geometry": { "type": "Point", "coordinates": [ 132.7282897, 33.8393785 ] } },
{ "type": "Feature", "properties": { "内容": "ユーミーケアたかのこデイサービス【通所介護】愛媛県松山市鷹子町403-1", "url": "https://www.kaigokensaku.mhlw.go.jp/38/index.php?action_kouhyou_detail_004_kani=true&JigyosyoCd=3870107772-00&ServiceCd=150&Type=search", "url2": "http://you-me-care.co.jp" }, "geometry": { "type": "Point", "coordinates": [ 132.819142400000032, 33.8122922 ] } },
{ "type": "Feature", "properties": { "内容": "デイサービスなでしこ【通所介護】愛媛県松山市高井町647番6", "url": "https://www.kaigokensaku.mhlw.go.jp/38/index.php?action_kouhyou_detail_004_kani=true&JigyosyoCd=3870107970-00&ServiceCd=150&Type=search", "url2": "http://www.ehime-medix.jp" }, "geometry": { "type": "Point", "coordinates": [ 132.8152235, 33.7986935 ] } },
{ "type": "Feature", "properties": { "内容": "あおぞらの里　森松デイサービスセンター【通所介護】愛媛県松山市森松301-2", "url": "https://www.kaigokensaku.mhlw.go.jp/38/index.php?action_kouhyou_detail_004_kani=true&JigyosyoCd=3870108010-00&ServiceCd=150&Type=search", "url2": "https://www.cedar-group.co.jp/portal/facilities/detail---id-72.html" }, "geometry": { "type": "Point", "coordinates": [ 132.794711499999949, 33.7905275 ] } },
{ "type": "Feature", "properties": { "内容": "デイサービスセンター梅本の里・小梅【通所介護】愛媛県松山市水泥町９６１番地", "url": "https://www.kaigokensaku.mhlw.go.jp/38/index.php?action_kouhyou_detail_004_kani=true&JigyosyoCd=3870108549-00&ServiceCd=150&Type=search", "url2": "http://www.umemotonosato.com/" }, "geometry": { "type": "Point", "coordinates": [ 132.832594100000051, 33.806143 ] } },
{ "type": "Feature", "properties": { "内容": "デイサービスほわいと【通所介護】松山市北久米町996-3", "url": "https://www.kaigokensaku.mhlw.go.jp/38/index.php?action_kouhyou_detail_004_kani=true&JigyosyoCd=3870109083-00&ServiceCd=150&Type=search", "url2": "http://www.kaigohowaito.jp" }, "geometry": { "type": "Point", "coordinates": [ 132.791438219049041, 33.813888809555365 ] } },
{ "type": "Feature", "properties": { "内容": "デイサービスセンターこのみ余戸【通所介護】松山市余戸西5丁目15-9", "url": "https://www.kaigokensaku.mhlw.go.jp/38/index.php?action_kouhyou_detail_004_kani=true&JigyosyoCd=3870109091-00&ServiceCd=150&Type=search", "url2": "https://konomi-kokoro.co.jp/" }, "geometry": { "type": "Point", "coordinates": [ 132.722068, 33.8191502 ] } },
{ "type": "Feature", "properties": { "内容": "デイサービス　花ぜん【通所介護】愛媛県松山市南江戸３丁目２番１号", "url": "https://www.kaigokensaku.mhlw.go.jp/38/index.php?action_kouhyou_detail_004_kani=true&JigyosyoCd=3870109158-00&ServiceCd=150&Type=search", "url2": "Ｅ-ｍail:hanazen@yuyusya.co.jp" }, "geometry": { "type": "Point", "coordinates": [ 132.745038199999954, 33.8366293 ] } },
{ "type": "Feature", "properties": { "内容": "ケアプラスデイサービスセンター道後持田【通所介護】愛媛県松山市南持田町2番地10", "url": "https://www.kaigokensaku.mhlw.go.jp/38/index.php?action_kouhyou_detail_004_kani=true&JigyosyoCd=3870109232-00&ServiceCd=150&Type=search", "url2": "http://carep.jp" }, "geometry": { "type": "Point", "coordinates": [ 132.778178013491811, 33.841799577612406 ] } },
{ "type": "Feature", "properties": { "内容": "デイサービスセンター愛音【通所介護】愛媛県松山市永木町2丁目1番地25号シティらいふ石手川　3階", "url": "https://www.kaigokensaku.mhlw.go.jp/38/index.php?action_kouhyou_detail_004_kani=true&JigyosyoCd=3870109331-00&ServiceCd=150&Type=search", "url2": "https://www.aine-kaigo.com/" }, "geometry": { "type": "Point", "coordinates": [ 132.774966100000029, 33.835477599999969 ] } },
{ "type": "Feature", "properties": { "内容": "ケアプラスデイサービスセンター垣生【通所介護】愛媛県松山市東垣生町70番地1", "url": "https://www.kaigokensaku.mhlw.go.jp/38/index.php?action_kouhyou_detail_004_kani=true&JigyosyoCd=3870109570-00&ServiceCd=150&Type=search", "url2": "http://www.carep.jp/" }, "geometry": { "type": "Point", "coordinates": [ 132.718297389583995, 33.812343242508703 ] } },
{ "type": "Feature", "properties": { "内容": "デイサービス　笑歩会　岩ぜき【通所介護】愛媛県松山市溝辺町甲346-7", "url": "https://www.kaigokensaku.mhlw.go.jp/38/index.php?action_kouhyou_detail_004_kani=true&JigyosyoCd=3870109687-00&ServiceCd=150&Type=search", "url2": "http://shouhokai.jp/" }, "geometry": { "type": "Point", "coordinates": [ 132.8082521, 33.8517765 ] } },
{ "type": "Feature", "properties": { "内容": "デイサービスいきいきわかば【通所介護】若葉町4番27号", "url": "https://www.kaigokensaku.mhlw.go.jp/38/index.php?action_kouhyou_detail_004_kani=true&JigyosyoCd=3870109729-00&ServiceCd=150&Type=search", "url2": "http://www.ikiiki-wakaba.com/" }, "geometry": { "type": "Point", "coordinates": [ 132.71674683491824, 33.855715758145365 ] } },
{ "type": "Feature", "properties": { "内容": "リハビリデイサービス太陽がいっぱい。【通所介護】愛媛県松山市針田町１１２番地1", "url": "https://www.kaigokensaku.mhlw.go.jp/38/index.php?action_kouhyou_detail_004_kani=true&JigyosyoCd=3870109877-00&ServiceCd=150&Type=search", "url2": "https://www.taiyougaippai.com" }, "geometry": { "type": "Point", "coordinates": [ 132.736716900000033, 33.8241528 ] } },
{ "type": "Feature", "properties": { "内容": "通所介護事業所　味酒野ていれぎ荘【通所介護】愛媛県松山市衣山5丁目719番地1", "url": "https://www.kaigokensaku.mhlw.go.jp/38/index.php?action_kouhyou_detail_004_kani=true&JigyosyoCd=3870109893-00&ServiceCd=150&Type=search", "url2": null }, "geometry": { "type": "Point", "coordinates": [ 132.735653094303871, 33.848411279609685 ] } },
{ "type": "Feature", "properties": { "内容": "デイサービス　きたえる～む松山本町【通所介護】愛媛県松山市本町六丁目1-5葡萄館1F", "url": "https://www.kaigokensaku.mhlw.go.jp/38/index.php?action_kouhyou_detail_004_kani=true&JigyosyoCd=3870110131-00&ServiceCd=150&Type=search", "url2": "http://www.kitaeroom.com/" }, "geometry": { "type": "Point", "coordinates": [ 132.7590619, 33.8517029 ] } },
{ "type": "Feature", "properties": { "内容": "デイサービスひがし野　夢の石手【通所介護】愛媛県松山市石手2丁目5番11号", "url": "https://www.kaigokensaku.mhlw.go.jp/38/index.php?action_kouhyou_detail_004_kani=true&JigyosyoCd=3870110255-00&ServiceCd=150&Type=search", "url2": "http://www.higashino-group.com/" }, "geometry": { "type": "Point", "coordinates": [ 132.797157700000071, 33.8460824 ] } },
{ "type": "Feature", "properties": { "内容": "障害者支援施設スマイル【通所介護】愛媛県松山市余戸南6丁目5番3号", "url": "https://www.kaigokensaku.mhlw.go.jp/38/index.php?action_kouhyou_detail_004_kani=true&JigyosyoCd=3870110669-00&ServiceCd=150&Type=search", "url2": "http://www.smile-power.jp/index.html" }, "geometry": { "type": "Point", "coordinates": [ 132.719938500000012, 33.8112104 ] } },
{ "type": "Feature", "properties": { "内容": "デイフィットASRE和えだまつ【通所介護】愛媛県松山市枝松1丁目1-1", "url": "https://www.kaigokensaku.mhlw.go.jp/38/index.php?action_kouhyou_detail_004_kani=true&JigyosyoCd=3870110776-00&ServiceCd=150&Type=search", "url2": "http://www.asreyamato.co.jp" }, "geometry": { "type": "Point", "coordinates": [ 132.78646219999996, 33.8361362 ] } },
{ "type": "Feature", "properties": { "内容": "デイフィットＡＳＲＥ和はなみずき【通所介護】愛媛県松山市古川北二丁目1番5号アスレヤマトはなみずき店", "url": "https://www.kaigokensaku.mhlw.go.jp/38/index.php?action_kouhyou_detail_004_kani=true&JigyosyoCd=3870110784-00&ServiceCd=150&Type=search", "url2": "http://asreyamato.co.jp/" }, "geometry": { "type": "Point", "coordinates": [ 132.767322799999988, 33.812058 ] } },
{ "type": "Feature", "properties": { "内容": "デイサービスセンター　ドマーニ【通所介護】愛媛県松山市小栗2丁目3番5号", "url": "https://www.kaigokensaku.mhlw.go.jp/38/index.php?action_kouhyou_detail_004_kani=true&JigyosyoCd=3870110891-00&ServiceCd=150&Type=search", "url2": "http://domani.sunliberal.com" }, "geometry": { "type": "Point", "coordinates": [ 132.759242833729559, 33.825606384587239 ] } },
{ "type": "Feature", "properties": { "内容": "デイサービスセンター　サンシティ北条【通所介護】愛媛県松山市下難波甲1377番2高齢者総合福祉施設　サンシティ北条", "url": "https://www.kaigokensaku.mhlw.go.jp/38/index.php?action_kouhyou_detail_004_kani=true&JigyosyoCd=3870111105-00&ServiceCd=150&Type=search", "url2": "http://suncity-hojo.jp" }, "geometry": { "type": "Point", "coordinates": [ 132.788346199999978, 33.9837602 ] } },
{ "type": "Feature", "properties": { "内容": "通所介護こうの【通所介護】愛媛県松山市河野別府179-1小規模多機能の家こうの", "url": "https://www.kaigokensaku.mhlw.go.jp/38/index.php?action_kouhyou_detail_004_kani=true&JigyosyoCd=3870111345-00&ServiceCd=150&Type=search", "url2": "http://anju-kai.ｊｐ" }, "geometry": { "type": "Point", "coordinates": [ 132.781416900000067, 33.9494088 ] } },
{ "type": "Feature", "properties": { "内容": "通所介護　ふくずみ【通所介護】愛媛県松山市福角町甲６１６番地１", "url": "https://www.kaigokensaku.mhlw.go.jp/38/index.php?action_kouhyou_detail_004_kani=true&JigyosyoCd=3870111352-00&ServiceCd=150&Type=search", "url2": "http://anju-kai.jp/" }, "geometry": { "type": "Point", "coordinates": [ 132.753226300000051, 33.8956261 ] } },
{ "type": "Feature", "properties": { "内容": "デイサービス　きたえるーむ　松山来住【通所介護】愛媛県松山市来住町243-2ラポール来住1階", "url": "https://www.kaigokensaku.mhlw.go.jp/38/index.php?action_kouhyou_detail_004_kani=true&JigyosyoCd=3870111444-00&ServiceCd=150&Type=search", "url2": null }, "geometry": { "type": "Point", "coordinates": [ 132.805163691371888, 33.808650877786825 ] } },
{ "type": "Feature", "properties": { "内容": "デイサービスセンター樽味【通所介護】愛媛県松山市樽味4丁目12番地18", "url": "https://www.kaigokensaku.mhlw.go.jp/38/index.php?action_kouhyou_detail_004_kani=true&JigyosyoCd=3870111626-00&ServiceCd=150&Type=search", "url2": null }, "geometry": { "type": "Point", "coordinates": [ 132.788084300000037, 33.8392692 ] } },
{ "type": "Feature", "properties": { "内容": "デイサービス　華桔梗【通所介護】愛媛県松山市南高井町1378番地５介護施設　デイサービス　華桔梗", "url": "https://www.kaigokensaku.mhlw.go.jp/38/index.php?action_kouhyou_detail_004_kani=true&JigyosyoCd=3870111956-00&ServiceCd=150&Type=search", "url2": "http://hanakikyo.co.jp" }, "geometry": { "type": "Point", "coordinates": [ 132.801152600000023, 33.7913331 ] } },
{ "type": "Feature", "properties": { "内容": "デイサービスセンター　あいじゅ祝谷【通所介護】愛媛県松山市祝谷6丁目1027番地1高齢者総合福祉施設あいじゅ祝谷", "url": "https://www.kaigokensaku.mhlw.go.jp/38/index.php?action_kouhyou_detail_004_kani=true&JigyosyoCd=3870112087-00&ServiceCd=150&Type=search", "url2": "http://aijukai-group.com/facilities/iwaidani.html" }, "geometry": { "type": "Point", "coordinates": [ 132.7754966, 33.862941 ] } },
{ "type": "Feature", "properties": { "内容": "ボディメンテナンスセンターアスレネオ石井【通所介護】愛媛県松山市西石井1丁目1番30号", "url": "https://www.kaigokensaku.mhlw.go.jp/38/index.php?action_kouhyou_detail_004_kani=true&JigyosyoCd=3870112129-00&ServiceCd=150&Type=search", "url2": "http://www.asre.co.jp" }, "geometry": { "type": "Point", "coordinates": [ 132.774786019643443, 33.816313911668963 ] } },
{ "type": "Feature", "properties": { "内容": "デイサービスセンター　ウェルケア道後【通所介護】愛媛県松山市下伊台町乙129-3", "url": "https://www.kaigokensaku.mhlw.go.jp/38/index.php?action_kouhyou_detail_004_kani=true&JigyosyoCd=3870112186-00&ServiceCd=150&Type=search", "url2": "http://kikuju.or.jp/" }, "geometry": { "type": "Point", "coordinates": [ 132.783115122287313, 33.874047484377314 ] } },
{ "type": "Feature", "properties": { "内容": "デイサービスゆうりん【通所介護】愛媛県松山市津吉町1008番地", "url": "https://www.kaigokensaku.mhlw.go.jp/38/index.php?action_kouhyou_detail_004_kani=true&JigyosyoCd=3870112400-00&ServiceCd=150&Type=search", "url2": "http://www.yurinen.com" }, "geometry": { "type": "Point", "coordinates": [ 132.835661499999986, 33.774828 ] } },
{ "type": "Feature", "properties": { "内容": "デイサービスセンターそえる【通所介護】愛媛県松山市辰巳町7-21", "url": "https://www.kaigokensaku.mhlw.go.jp/38/index.php?action_kouhyou_detail_004_kani=true&JigyosyoCd=3870112426-00&ServiceCd=150&Type=search", "url2": "https://www.kaisei-iyo.com/" }, "geometry": { "type": "Point", "coordinates": [ 132.717862800000034, 33.8678558 ] } },
{ "type": "Feature", "properties": { "内容": "デイサービスセンターあいえ【通所介護】愛媛県松山市竹原2丁目4-28", "url": "https://www.kaigokensaku.mhlw.go.jp/38/index.php?action_kouhyou_detail_004_kani=true&JigyosyoCd=3870112467-00&ServiceCd=150&Type=search", "url2": null }, "geometry": { "type": "Point", "coordinates": [ 132.7520412, 33.8319608 ] } },
{ "type": "Feature", "properties": { "内容": "デイサービスセンターあさなぎ【通所介護】愛媛県松山市南吉田町1730番地2", "url": "https://www.kaigokensaku.mhlw.go.jp/38/index.php?action_kouhyou_detail_004_kani=true&JigyosyoCd=3870112590-00&ServiceCd=150&Type=search", "url2": null }, "geometry": { "type": "Point", "coordinates": [ 132.713682, 33.8286824 ] } },
{ "type": "Feature", "properties": { "内容": "リハビリ特化型デイサービス　れすと【通所介護】愛媛県松山市東一万町1番地東一万ビル101", "url": "https://www.kaigokensaku.mhlw.go.jp/38/index.php?action_kouhyou_detail_004_kani=true&JigyosyoCd=3870112665-00&ServiceCd=150&Type=search", "url2": null }, "geometry": { "type": "Point", "coordinates": [ 132.778246700000011, 33.847148 ] } },
{ "type": "Feature", "properties": { "内容": "デイサービスセンターりはらぼ三津浜【通所介護】愛媛県松山市神田町8-17　ワイズ三津浜", "url": "https://www.kaigokensaku.mhlw.go.jp/38/index.php?action_kouhyou_detail_004_kani=true&JigyosyoCd=3870113069-00&ServiceCd=150&Type=search", "url2": null }, "geometry": { "type": "Point", "coordinates": [ 132.718775821426362, 33.862403114874603 ] } },
{ "type": "Feature", "properties": { "内容": "デイサービス　アトラス瀬戸【通所介護】愛媛県松山市小川甲456", "url": "https://www.kaigokensaku.mhlw.go.jp/38/index.php?action_kouhyou_detail_004_kani=true&JigyosyoCd=3870113143-00&ServiceCd=150&Type=search", "url2": "http://ogawa.miyoshi-s.jp/" }, "geometry": { "type": "Point", "coordinates": [ 132.758950471966557, 33.925048059040854 ] } },
{ "type": "Feature", "properties": { "内容": "デイフィットASRE和しみずまち【通所介護】愛媛県松山市清水町３丁目３７-２", "url": "https://www.kaigokensaku.mhlw.go.jp/38/index.php?action_kouhyou_detail_004_kani=true&JigyosyoCd=3870113176-00&ServiceCd=150&Type=search", "url2": "http://www.asreyamato.co.jp/" }, "geometry": { "type": "Point", "coordinates": [ 132.7657994, 33.8522847 ] } },
{ "type": "Feature", "properties": { "内容": "株式会社サニーマート　ジョイリハ山越【通所介護】愛媛県松山市山越4丁目3-20セントヒルズ大任１階", "url": "https://www.kaigokensaku.mhlw.go.jp/38/index.php?action_kouhyou_detail_004_kani=true&JigyosyoCd=3870113275-00&ServiceCd=150&Type=search", "url2": "https://joyreha.co.jp" }, "geometry": { "type": "Point", "coordinates": [ 132.7571198, 33.8628653 ] } },
{ "type": "Feature", "properties": { "内容": "デイサービス　竹の郷【通所介護】愛媛県松山市太山寺町1466番地1", "url": "https://www.kaigokensaku.mhlw.go.jp/38/index.php?action_kouhyou_detail_004_kani=true&JigyosyoCd=3870113317-00&ServiceCd=150&Type=search", "url2": "http://www.setofukuzikai.com/" }, "geometry": { "type": "Point", "coordinates": [ 132.7247156, 33.8868895 ] } },
{ "type": "Feature", "properties": { "内容": "共生型デイサービスURURA【通所介護】愛媛県松山市南高井町１５３２番地", "url": "https://www.kaigokensaku.mhlw.go.jp/38/index.php?action_kouhyou_detail_004_kani=true&JigyosyoCd=3870113333-00&ServiceCd=150&Type=search", "url2": "https://d-writes.com/urura/" }, "geometry": { "type": "Point", "coordinates": [ 132.80293260000002, 33.7941133 ] } },
{ "type": "Feature", "properties": { "内容": "デイサービスセンター華音【通所介護】愛媛県松山市堀江町甲955番地1えみらいふ堀江", "url": "https://www.kaigokensaku.mhlw.go.jp/38/index.php?action_kouhyou_detail_004_kani=true&JigyosyoCd=3870113432-00&ServiceCd=150&Type=search", "url2": "https://www.aine-kaigo.com/kyotakukaigo" }, "geometry": { "type": "Point", "coordinates": [ 132.745357880056758, 33.902819612028949 ] } },
{ "type": "Feature", "properties": { "内容": "りはびりでいさーびすえん【通所介護】愛媛県松山市井門町764-1", "url": "https://www.kaigokensaku.mhlw.go.jp/38/index.php?action_kouhyou_detail_004_kani=true&JigyosyoCd=3870113457-00&ServiceCd=150&Type=search", "url2": "https://engroup.care" }, "geometry": { "type": "Point", "coordinates": [ 132.7817876, 33.797677 ] } },
{ "type": "Feature", "properties": { "内容": "デイサービスほうじょう【通所介護】愛媛県松山市北条辻771-4", "url": "https://www.kaigokensaku.mhlw.go.jp/38/index.php?action_kouhyou_detail_004_kani=true&JigyosyoCd=3871100214-00&ServiceCd=150&Type=search", "url2": "http://www.lnt.jp/" }, "geometry": { "type": "Point", "coordinates": [ 132.776644499999946, 33.9667512 ] } },
{ "type": "Feature", "properties": { "内容": "松山シルバー北条指定通所介護事業所【通所介護】愛媛県松山市河野別府937番地1", "url": "https://www.kaigokensaku.mhlw.go.jp/38/index.php?action_kouhyou_detail_004_kani=true&JigyosyoCd=3871100438-00&ServiceCd=150&Type=search", "url2": "http://m-silver.sakura.ne.jp/" }, "geometry": { "type": "Point", "coordinates": [ 132.781438799999933, 33.9581383 ] } },
{ "type": "Feature", "properties": { "内容": "デイサービスセンター姫ヶ浜荘【通所介護】愛媛県松山市長師156番地1", "url": "https://www.kaigokensaku.mhlw.go.jp/38/index.php?action_kouhyou_detail_004_kani=true&JigyosyoCd=3873300119-00&ServiceCd=150&Type=search", "url2": null }, "geometry": { "type": "Point", "coordinates": [ 132.626661099999978, 33.9587645 ] } },
{ "type": "Feature", "properties": { "内容": "デイサービスセンターケアフル土居田【通所介護】愛媛県松山市土居田町81-1", "url": "https://www.kaigokensaku.mhlw.go.jp/38/index.php?action_kouhyou_detail_004_kani=true&JigyosyoCd=3870102781-00&ServiceCd=150&Type=search", "url2": "http://yamakikai.com" }, "geometry": { "type": "Point", "coordinates": [ 132.752429630093474, 33.824058466560345 ] } },
{ "type": "Feature", "properties": { "内容": "デイサービスわかば【通所介護】愛媛県松山市若葉町7番5号", "url": "https://www.kaigokensaku.mhlw.go.jp/38/index.php?action_kouhyou_detail_004_kani=true&JigyosyoCd=3870104290-00&ServiceCd=150&Type=search", "url2": "http://www.ikiiki-wakaba.com/" }, "geometry": { "type": "Point", "coordinates": [ 132.7166105, 33.856906599999974 ] } },
{ "type": "Feature", "properties": { "内容": "デイサービスセンターゆうゆう【通所介護】愛媛県松山市余戸南二丁目24番38号", "url": "https://www.kaigokensaku.mhlw.go.jp/38/index.php?action_kouhyou_detail_004_kani=true&JigyosyoCd=3870105024-00&ServiceCd=150&Type=search", "url2": "http://www.yuyusya.co.jp/" }, "geometry": { "type": "Point", "coordinates": [ 132.735142099999962, 33.8108294 ] } },
{ "type": "Feature", "properties": { "内容": "デイサービスセンターアテーナ【通所介護】愛媛県松山市保免中三丁目3番23号", "url": "https://www.kaigokensaku.mhlw.go.jp/38/index.php?action_kouhyou_detail_004_kani=true&JigyosyoCd=3870106212-00&ServiceCd=150&Type=search", "url2": "http://ate-na.jp" }, "geometry": { "type": "Point", "coordinates": [ 132.74595249999993, 33.814482 ] } },
{ "type": "Feature", "properties": { "内容": "松山南ケアセンターそよ風【通所介護】愛媛県松山市森松町992－1", "url": "https://www.kaigokensaku.mhlw.go.jp/38/index.php?action_kouhyou_detail_004_kani=true&JigyosyoCd=3870106758-00&ServiceCd=150&Type=search", "url2": "https://www.sykz.co.jp/map/search?pref_name=%E6%84%9B%E5%AA%9B%E7%9C%8C" }, "geometry": { "type": "Point", "coordinates": [ 132.792667199999954, 33.79436050000001 ] } },
{ "type": "Feature", "properties": { "内容": "指定通所介護（介護予防）事業所　ウェルケア高浜【通所介護】愛媛県松山市松ノ木2丁目789番地", "url": "https://www.kaigokensaku.mhlw.go.jp/38/index.php?action_kouhyou_detail_004_kani=true&JigyosyoCd=3870107632-00&ServiceCd=150&Type=search", "url2": "http://kikuju.or.jp/" }, "geometry": { "type": "Point", "coordinates": [ 132.720373900000027, 33.8735853 ] } },
{ "type": "Feature", "properties": { "内容": "デイサービス　気楽【通所介護】愛媛県松山市畑寺町787番地1", "url": "https://www.kaigokensaku.mhlw.go.jp/38/index.php?action_kouhyou_detail_004_kani=true&JigyosyoCd=3870108838-00&ServiceCd=150&Type=search", "url2": "https://care-net.biz/38/kiraku/" }, "geometry": { "type": "Point", "coordinates": [ 132.804098712897485, 33.838956014411117 ] } },
{ "type": "Feature", "properties": { "内容": "デイサービスセンタープリンセス【通所介護】愛媛県松山市北井門五丁目２４番１８号プリンスハウス北井門", "url": "https://www.kaigokensaku.mhlw.go.jp/38/index.php?action_kouhyou_detail_004_kani=true&JigyosyoCd=3870108887-00&ServiceCd=150&Type=search", "url2": "http://care-life-energy.jp/" }, "geometry": { "type": "Point", "coordinates": [ 132.769661499999984, 33.8044034 ] } },
{ "type": "Feature", "properties": { "内容": "ポシブル石手川【通所介護】永木町2丁目1-25シティーらいふ石手川２F", "url": "https://www.kaigokensaku.mhlw.go.jp/38/index.php?action_kouhyou_detail_004_kani=true&JigyosyoCd=3870109356-00&ServiceCd=150&Type=search", "url2": "http://possible-jhs.co.jp/" }, "geometry": { "type": "Point", "coordinates": [ 132.774966100000029, 33.8354776 ] } },
{ "type": "Feature", "properties": { "内容": "ﾃﾞｲｻｰﾋﾞｽｾﾝﾀｰ　ﾌｫｰﾒﾝﾐﾈﾙﾜ【通所介護】愛媛県松山市東垣生町903番地1フォーライフミネルワ", "url": "https://www.kaigokensaku.mhlw.go.jp/38/index.php?action_kouhyou_detail_004_kani=true&JigyosyoCd=3870110016-00&ServiceCd=150&Type=search", "url2": "http://www.m-m-corp.jp/forlife-mineruwa/" }, "geometry": { "type": "Point", "coordinates": [ 132.718637899999976, 33.817742 ] } },
{ "type": "Feature", "properties": { "内容": "パワリハスタジオ　みちしるべ【通所介護】愛媛松山市山越5丁目5-9", "url": "https://www.kaigokensaku.mhlw.go.jp/38/index.php?action_kouhyou_detail_004_kani=true&JigyosyoCd=3870110115-00&ServiceCd=150&Type=search", "url2": "https://www.mitisirube.info" }, "geometry": { "type": "Point", "coordinates": [ 132.752346400000022, 33.860661 ] } },
{ "type": "Feature", "properties": { "内容": "ポシブル来住【通所介護】愛媛県松山市来住町1332番地1", "url": "https://www.kaigokensaku.mhlw.go.jp/38/index.php?action_kouhyou_detail_004_kani=true&JigyosyoCd=3870112251-00&ServiceCd=150&Type=search", "url2": "http://www.possible-plus.co.jp/" }, "geometry": { "type": "Point", "coordinates": [ 132.79420319999997, 33.810781 ] } },
{ "type": "Feature", "properties": { "内容": "デイサービスセンターかがやき松山【通所介護】愛媛県松山市西石井6丁目12番27号Sグラン松山", "url": "https://www.kaigokensaku.mhlw.go.jp/38/index.php?action_kouhyou_detail_004_kani=true&JigyosyoCd=3870112574-00&ServiceCd=150&Type=search", "url2": null }, "geometry": { "type": "Point", "coordinates": [ 132.774659852778626, 33.814953324299715 ] } },
{ "type": "Feature", "properties": { "内容": "デイサービスセンター未来たかのこ【通所介護】愛媛県松山市鷹子町1061番地1", "url": "https://www.kaigokensaku.mhlw.go.jp/38/index.php?action_kouhyou_detail_004_kani=true&JigyosyoCd=3870112749-00&ServiceCd=150&Type=search", "url2": "http://www.care-net.biz/38/yoshimaru1930/" }, "geometry": { "type": "Point", "coordinates": [ 132.812637115344245, 33.816884228004632 ] } },
{ "type": "Feature", "properties": { "内容": "松山福音寺ケアセンターそよ風【通所介護】愛媛県松山市福音寺町31番地1", "url": "https://www.kaigokensaku.mhlw.go.jp/38/index.php?action_kouhyou_detail_004_kani=true&JigyosyoCd=3870112756-00&ServiceCd=150&Type=search", "url2": "https://www.sykz.co.jp/" }, "geometry": { "type": "Point", "coordinates": [ 132.793827899149733, 33.819718980083685 ] } },
{ "type": "Feature", "properties": { "内容": "ツクイサンフオレスト松山デイサービス【通所介護】愛媛県松山市若草町4-1", "url": "https://www.kaigokensaku.mhlw.go.jp/38/index.php?action_kouhyou_detail_004_kani=true&JigyosyoCd=3870112855-00&ServiceCd=150&Type=search", "url2": "https://www.tsukui.net" }, "geometry": { "type": "Point", "coordinates": [ 132.7599414, 33.8462059 ] } },
{ "type": "Feature", "properties": { "内容": "ツクイ松山桑原【通所介護】愛媛県松山市桑原3丁目14番30号", "url": "https://www.kaigokensaku.mhlw.go.jp/38/index.php?action_kouhyou_detail_004_kani=true&JigyosyoCd=3870112897-00&ServiceCd=150&Type=search", "url2": "https://www.tsukui.net/" }, "geometry": { "type": "Point", "coordinates": [ 132.797982499999989, 33.834628800000019 ] } },
{ "type": "Feature", "properties": { "内容": "デイサービス一笑万倍【通所介護】愛媛県松山市森松町465-3", "url": "https://www.kaigokensaku.mhlw.go.jp/38/index.php?action_kouhyou_detail_004_kani=true&JigyosyoCd=3870113507-00&ServiceCd=150&Type=search", "url2": null }, "geometry": { "type": "Point", "coordinates": [ 132.7873109, 33.7889599 ] } },
{ "type": "Feature", "properties": { "内容": "ポシブル空港通【通所介護】愛媛県松山市空港通6丁目6-30", "url": "https://www.kaigokensaku.mhlw.go.jp/38/index.php?action_kouhyou_detail_004_kani=true&JigyosyoCd=3870113671-00&ServiceCd=150&Type=search", "url2": "https://possible-jhs.co.jp/" }, "geometry": { "type": "Point", "coordinates": [ 132.7310573, 33.8261762 ] } },
{ "type": "Feature", "properties": { "内容": "テルウェル西日本愛松園デイサービス愛松園【通所介護】愛媛県松山市喜与町1丁目8-4", "url": "https://www.kaigokensaku.mhlw.go.jp/38/index.php?action_kouhyou_detail_004_kani=true&JigyosyoCd=3870103029-00&ServiceCd=150&Type=search", "url2": null }, "geometry": { "type": "Point", "coordinates": [ 132.773832800000037, 33.8436516 ] } },
{ "type": "Feature", "properties": { "内容": "デイサービス　ハウディー【通所介護】愛媛県松山市和気町１丁目４３１－１有料老人ホームハウディー１Ｆ", "url": "https://www.kaigokensaku.mhlw.go.jp/38/index.php?action_kouhyou_detail_004_kani=true&JigyosyoCd=3870108119-00&ServiceCd=150&Type=search", "url2": "https://www.big-advance.site/s/169/1236" }, "geometry": { "type": "Point", "coordinates": [ 132.738680400000021, 33.8942202 ] } },
{ "type": "Feature", "properties": { "内容": "デイサービスセンター　プリンス【通所介護】西石井1丁目1番5号", "url": "https://www.kaigokensaku.mhlw.go.jp/38/index.php?action_kouhyou_detail_004_kani=true&JigyosyoCd=3870108465-00&ServiceCd=150&Type=search", "url2": "http://care-life-energy.jp" }, "geometry": { "type": "Point", "coordinates": [ 132.774316399999947, 33.8159688 ] } },
{ "type": "Feature", "properties": { "内容": "デイサービスセンタープリンスハウス土居田【通所介護】愛媛県松山市土居田町821番地", "url": "https://www.kaigokensaku.mhlw.go.jp/38/index.php?action_kouhyou_detail_004_kani=true&JigyosyoCd=3870110313-00&ServiceCd=150&Type=search", "url2": null }, "geometry": { "type": "Point", "coordinates": [ 132.746991100000059, 33.8212951 ] } },
{ "type": "Feature", "properties": { "内容": "デイサービス余土のてんこう【通所介護】愛媛県松山市余戸中2丁目12番17号", "url": "https://www.kaigokensaku.mhlw.go.jp/38/index.php?action_kouhyou_detail_004_kani=true&JigyosyoCd=3870112624-00&ServiceCd=150&Type=search", "url2": null }, "geometry": { "type": "Point", "coordinates": [ 132.728924099999972, 33.8144354 ] } },
{ "type": "Feature", "properties": { "内容": "デイサービスこころ【通所介護】愛媛県松山市松前町3丁目2-2ﾊﾟｲﾝｳﾞｨﾚｯｼﾞ松前1階南側", "url": "https://www.kaigokensaku.mhlw.go.jp/38/index.php?action_kouhyou_detail_004_kani=true&JigyosyoCd=3870113267-00&ServiceCd=150&Type=search", "url2": null }, "geometry": { "type": "Point", "coordinates": [ 132.7574931, 33.8455496 ] } },
{ "type": "Feature", "properties": { "内容": "デイサービスきたえるーむ松山古三津【通所介護】愛媛県松山市古三津2丁目14-20", "url": "https://www.kaigokensaku.mhlw.go.jp/38/index.php?action_kouhyou_detail_004_kani=true&JigyosyoCd=3870114018-00&ServiceCd=150&Type=search", "url2": "https://www.ehime-yuucare.com/" }, "geometry": { "type": "Point", "coordinates": [ 132.727926200000013, 33.8592984 ] } },
{ "type": "Feature", "properties": { "内容": "指定通所介護事業所　幸富久荘【通所介護】愛媛県松山市富久町412-1", "url": "https://www.kaigokensaku.mhlw.go.jp/38/index.php?action_kouhyou_detail_004_kani=true&JigyosyoCd=3870101601-00&ServiceCd=150&Type=search", "url2": "https://dousinkai.jp/" }, "geometry": { "type": "Point", "coordinates": [ 132.725067800000033, 33.8197919 ] } },
{ "type": "Feature", "properties": { "内容": "デイサービス寿楽会生石【通所介護】愛媛県松山市高岡町830番地1寿楽会生石", "url": "https://www.kaigokensaku.mhlw.go.jp/38/index.php?action_kouhyou_detail_004_kani=true&JigyosyoCd=3870114109-00&ServiceCd=150&Type=search", "url2": "http://jurakukai.jp" }, "geometry": { "type": "Point", "coordinates": [ 132.7147606, 33.8318158 ] } },
{ "type": "Feature", "properties": { "内容": "デイサービスセンター星岡【通所介護】星岡2丁目8番24号高齢者総合福祉施設白寿荘", "url": "https://www.kaigokensaku.mhlw.go.jp/38/index.php?action_kouhyou_detail_004_kani=true&JigyosyoCd=3870114059-00&ServiceCd=150&Type=search", "url2": "http://www.atomgroup.jp/fukushi/list.html#a04" }, "geometry": { "type": "Point", "coordinates": [ 132.7825135, 33.8193295 ] } },
{ "type": "Feature", "properties": { "内容": "デイサービスセンター　珠の実【通所介護】愛媛県松山市余戸西三丁目9番29号", "url": "https://www.kaigokensaku.mhlw.go.jp/38/index.php?action_kouhyou_detail_004_kani=true&JigyosyoCd=3870110743-00&ServiceCd=150&Type=search", "url2": "https://tamanomi.jp/" }, "geometry": { "type": "Point", "coordinates": [ 132.719916331562331, 33.813666628428123 ] } },
{ "type": "Feature", "properties": { "内容": "ほうゆう【通所介護】愛媛県松山市来住町102番地障害者多機能型事業所ここいろ", "url": "https://www.kaigokensaku.mhlw.go.jp/38/index.php?action_kouhyou_detail_004_kani=true&JigyosyoCd=3870114042-00&ServiceCd=150&Type=search", "url2": "http://kirarinomori.net/" }, "geometry": { "type": "Point", "coordinates": [ 132.8058634, 33.804311 ] } },
{ "type": "Feature", "properties": { "内容": "デイサービスフレンズ【通所介護】愛媛県今治市立花町4丁目5番26号", "url": "https://www.kaigokensaku.mhlw.go.jp/38/index.php?action_kouhyou_detail_004_kani=true&JigyosyoCd=3870202698-00&ServiceCd=150&Type=search", "url2": "https://www.shimanamifukushikai.com/day-friends.html" }, "geometry": { "type": "Point", "coordinates": [ 132.9996353, 34.0477317 ] } },
{ "type": "Feature", "properties": { "内容": "ＪＡおちいまばりデイサービスセンター元気伯方【通所介護】愛媛県今治市伯方町叶浦甲１６６６番地４", "url": "https://www.kaigokensaku.mhlw.go.jp/38/index.php?action_kouhyou_detail_004_kani=true&JigyosyoCd=3873200749-00&ServiceCd=150&Type=search", "url2": "http://www.ja-ochiima.or.jp/fukushi/" }, "geometry": { "type": "Point", "coordinates": [ 133.073720099999946, 34.2069393 ] } },
{ "type": "Feature", "properties": { "内容": "ケアセンターいきいき【通所介護】愛媛県今治市北宝来町3-2-12", "url": "https://www.kaigokensaku.mhlw.go.jp/38/index.php?action_kouhyou_detail_004_kani=true&JigyosyoCd=3870201351-00&ServiceCd=150&Type=search", "url2": "https://www.ikirukai.or.jp" }, "geometry": { "type": "Point", "coordinates": [ 132.993782900000042, 34.066553 ] } },
{ "type": "Feature", "properties": { "内容": "デイサービスひまわり【通所介護】愛媛県今治市郷本町3丁目5番37号", "url": "https://www.kaigokensaku.mhlw.go.jp/38/index.php?action_kouhyou_detail_004_kani=true&JigyosyoCd=3870200197-00&ServiceCd=150&Type=search", "url2": "https://care-net.biz/38/himawari/" }, "geometry": { "type": "Point", "coordinates": [ 132.992960976057475, 34.044917006226711 ] } },
{ "type": "Feature", "properties": { "内容": "指定通所介護事業所デイサービスセンター吹揚【通所介護】愛媛県今治市黄金町3丁目2番地6", "url": "https://www.kaigokensaku.mhlw.go.jp/38/index.php?action_kouhyou_detail_004_kani=true&JigyosyoCd=3870200296-00&ServiceCd=150&Type=search", "url2": "http://www.yuyukaifukiage.com/" }, "geometry": { "type": "Point", "coordinates": [ 133.004784, 34.0629988 ] } },
{ "type": "Feature", "properties": { "内容": "デイサービスセンター唐子荘【通所介護】愛媛県今治市旦甲479番地1", "url": "https://www.kaigokensaku.mhlw.go.jp/38/index.php?action_kouhyou_detail_004_kani=true&JigyosyoCd=3870200304-00&ServiceCd=150&Type=search", "url2": "http://imabari-shisetsukyo.or.jp" }, "geometry": { "type": "Point", "coordinates": [ 133.030173277415429, 34.016265534414643 ] } },
{ "type": "Feature", "properties": { "内容": "ＪＡおちいまばりデイサービスセンター元気【通所介護】愛媛県今治市鐘場町１丁目２番９号", "url": "https://www.kaigokensaku.mhlw.go.jp/38/index.php?action_kouhyou_detail_004_kani=true&JigyosyoCd=3870200601-00&ServiceCd=150&Type=search", "url2": "http://www.ja-ochiima.or.jp/fukushi/" }, "geometry": { "type": "Point", "coordinates": [ 132.990388100000018, 34.084415200000016 ] } },
{ "type": "Feature", "properties": { "内容": "ＪＡおちいまばりデイサービスセンター元気桜井【通所介護】愛媛県今治市桜井４丁目１３番７号", "url": "https://www.kaigokensaku.mhlw.go.jp/38/index.php?action_kouhyou_detail_004_kani=true&JigyosyoCd=3870200924-00&ServiceCd=150&Type=search", "url2": "http://www.ja-ochiima.or.jp/fukushi/" }, "geometry": { "type": "Point", "coordinates": [ 133.038438300000053, 34.0198831 ] } },
{ "type": "Feature", "properties": { "内容": "今治市社協介護サービスセンター【通所介護】愛媛県今治市南宝来町1-9-8", "url": "https://www.kaigokensaku.mhlw.go.jp/38/index.php?action_kouhyou_detail_004_kani=true&JigyosyoCd=3870200981-00&ServiceCd=150&Type=search", "url2": "http://www.imabari-shakyo.jp" }, "geometry": { "type": "Point", "coordinates": [ 132.998018199999933, 34.0601487 ] } },
{ "type": "Feature", "properties": { "内容": "今治市社協デイサービスセンター朝倉【通所介護】愛媛県今治市朝倉下乙１１２－２", "url": "https://www.kaigokensaku.mhlw.go.jp/38/index.php?action_kouhyou_detail_004_kani=true&JigyosyoCd=3870201013-00&ServiceCd=150&Type=search", "url2": "http//www.imabari-shakyo.jp" }, "geometry": { "type": "Point", "coordinates": [ 133.005521899999962, 34.0000703 ] } },
{ "type": "Feature", "properties": { "内容": "今治市社協デイサービスセンター波方【通所介護】愛媛県今治市波方町樋口甲264番地1", "url": "https://www.kaigokensaku.mhlw.go.jp/38/index.php?action_kouhyou_detail_004_kani=true&JigyosyoCd=3870201039-00&ServiceCd=150&Type=search", "url2": "http://www.imabari-syakyo.jp/" }, "geometry": { "type": "Point", "coordinates": [ 132.952175400205533, 34.097267907925819 ] } },
{ "type": "Feature", "properties": { "内容": "今治市社協介護サービスセンター大島【通所介護】愛媛県今治市宮窪町宮窪3544番地の2今治市宮窪福祉センター", "url": "https://www.kaigokensaku.mhlw.go.jp/38/index.php?action_kouhyou_detail_004_kani=true&JigyosyoCd=3870201054-00&ServiceCd=150&Type=search", "url2": "http://www.imabari-shakyo.jp" }, "geometry": { "type": "Point", "coordinates": [ 133.072138900000027, 34.1616813 ] } },
{ "type": "Feature", "properties": { "内容": "今治市社協デイサービスセンター伯方【通所介護】愛媛県今治市伯方町木浦甲3930番地1今治市伯方福祉センター内", "url": "https://www.kaigokensaku.mhlw.go.jp/38/index.php?action_kouhyou_detail_004_kani=true&JigyosyoCd=3870201070-00&ServiceCd=150&Type=search", "url2": "http://www.imabari-shakyo.jp/" }, "geometry": { "type": "Point", "coordinates": [ 133.113461320098878, 34.211638436132965 ] } },
{ "type": "Feature", "properties": { "内容": "今治市社協デイサービスセンター上浦【通所介護】愛媛県今治市上浦町甘崎3878-1", "url": "https://www.kaigokensaku.mhlw.go.jp/38/index.php?action_kouhyou_detail_004_kani=true&JigyosyoCd=3870201096-00&ServiceCd=150&Type=search", "url2": "http://www.imabari-shakyo.jp/" }, "geometry": { "type": "Point", "coordinates": [ 133.052370900000028, 34.2359732 ] } },
{ "type": "Feature", "properties": { "内容": "今治市社協デイサービスセンター大三島【通所介護】愛媛県今治市大三島町野々江2435番地2今治市大三島福祉センター内", "url": "https://www.kaigokensaku.mhlw.go.jp/38/index.php?action_kouhyou_detail_004_kani=true&JigyosyoCd=3870201104-00&ServiceCd=150&Type=search", "url2": "http://www.imabari-shakyo.jp/" }, "geometry": { "type": "Point", "coordinates": [ 132.9901056, 34.2207241 ] } },
{ "type": "Feature", "properties": { "内容": "デイサービスセンターラ・ファミーユ【通所介護】愛媛県今治市菊間町浜1453番地1", "url": "https://www.kaigokensaku.mhlw.go.jp/38/index.php?action_kouhyou_detail_004_kani=true&JigyosyoCd=3870201278-00&ServiceCd=150&Type=search", "url2": "http://www.nissinkai.jp/" }, "geometry": { "type": "Point", "coordinates": [ 132.84742940000001, 34.0430979 ] } },
{ "type": "Feature", "properties": { "内容": "デイサービスセンター　はとり【通所介護】愛媛県今治市南宝来町3丁目4番地1", "url": "https://www.kaigokensaku.mhlw.go.jp/38/index.php?action_kouhyou_detail_004_kani=true&JigyosyoCd=3870201393-00&ServiceCd=150&Type=search", "url2": null }, "geometry": { "type": "Point", "coordinates": [ 133.0023926, 34.0585186 ] } },
{ "type": "Feature", "properties": { "内容": "デイサービスウィルケアひろせ【通所介護】愛媛県今治市喜田村6丁目4-20", "url": "https://www.kaigokensaku.mhlw.go.jp/38/index.php?action_kouhyou_detail_004_kani=true&JigyosyoCd=3870201575-00&ServiceCd=150&Type=search", "url2": "http://www.hirose-youseikai.org/" }, "geometry": { "type": "Point", "coordinates": [ 133.023339699999951, 34.0434492 ] } },
{ "type": "Feature", "properties": { "内容": "ＪＡおちいまばりデイサービスセンター元気玉川【通所介護】愛媛県今治市玉川町中村甲４９６番地１", "url": "https://www.kaigokensaku.mhlw.go.jp/38/index.php?action_kouhyou_detail_004_kani=true&JigyosyoCd=3870201682-00&ServiceCd=150&Type=search", "url2": "http://www.ja-ochiima.or.jp/fukushi/" }, "geometry": { "type": "Point", "coordinates": [ 132.955484699999943, 34.0229133 ] } },
{ "type": "Feature", "properties": { "内容": "デイサービス　天然温泉くろがねの湯【通所介護】愛媛県今治市大西町紺原甲290番地1", "url": "https://www.kaigokensaku.mhlw.go.jp/38/index.php?action_kouhyou_detail_004_kani=true&JigyosyoCd=3870201716-00&ServiceCd=150&Type=search", "url2": "http://kouhukai.com" }, "geometry": { "type": "Point", "coordinates": [ 132.937963500000023, 34.0678222 ] } },
{ "type": "Feature", "properties": { "内容": "ケアフィットしまなみ【通所介護】今治市近見町１丁目３番４号", "url": "https://www.kaigokensaku.mhlw.go.jp/38/index.php?action_kouhyou_detail_004_kani=true&JigyosyoCd=3870201765-00&ServiceCd=150&Type=search", "url2": "http://www.best-care.jp/" }, "geometry": { "type": "Point", "coordinates": [ 132.987571600000024, 34.0873622 ] } },
{ "type": "Feature", "properties": { "内容": "トレーニングデイ110【通所介護】蒼社町２丁目2番60号", "url": "https://www.kaigokensaku.mhlw.go.jp/38/index.php?action_kouhyou_detail_004_kani=true&JigyosyoCd=3870201773-00&ServiceCd=150&Type=search", "url2": "kiki-ito@orion.ocn.ne.jp" }, "geometry": { "type": "Point", "coordinates": [ 132.994715632540874, 34.054154821513869 ] } },
{ "type": "Feature", "properties": { "内容": "リハビリデイサービスセンター晃誠【通所介護】愛媛県今治市延喜甲31番地1", "url": "https://www.kaigokensaku.mhlw.go.jp/38/index.php?action_kouhyou_detail_004_kani=true&JigyosyoCd=3870201849-00&ServiceCd=150&Type=search", "url2": "http://activevision.co.jp/" }, "geometry": { "type": "Point", "coordinates": [ 132.960568199999983, 34.073308300000015 ] } },
{ "type": "Feature", "properties": { "内容": "デイサービス　カインドハウス北浜【通所介護】愛媛県今治市北浜町３番１０号", "url": "https://www.kaigokensaku.mhlw.go.jp/38/index.php?action_kouhyou_detail_004_kani=true&JigyosyoCd=3870202102-00&ServiceCd=150&Type=search", "url2": "http://www.kindhouse.jp/" }, "geometry": { "type": "Point", "coordinates": [ 132.997223495626258, 34.078311253266023 ] } },
{ "type": "Feature", "properties": { "内容": "デイサービスすずらん【通所介護】愛媛県今治市宮下町一丁目1番62号", "url": "https://www.kaigokensaku.mhlw.go.jp/38/index.php?action_kouhyou_detail_004_kani=true&JigyosyoCd=3870202508-00&ServiceCd=150&Type=search", "url2": "http://www.shimanamifukushikai.com" }, "geometry": { "type": "Point", "coordinates": [ 132.98986960000002, 34.067958 ] } },
{ "type": "Feature", "properties": { "内容": "ケアプラスデイサービスセンター今治【通所介護】愛媛県今治市北鳥生町1丁目3番55号", "url": "https://www.kaigokensaku.mhlw.go.jp/38/index.php?action_kouhyou_detail_004_kani=true&JigyosyoCd=3870202557-00&ServiceCd=150&Type=search", "url2": "http://carep.jp" }, "geometry": { "type": "Point", "coordinates": [ 133.013720199999966, 34.0567318 ] } },
{ "type": "Feature", "properties": { "内容": "指定通所介護事業所デイサービスセンター菊仙荘【通所介護】愛媛県今治市菊間町種3560番地5", "url": "https://www.kaigokensaku.mhlw.go.jp/38/index.php?action_kouhyou_detail_004_kani=true&JigyosyoCd=3873200384-00&ServiceCd=150&Type=search", "url2": "http://www.kazahaya-k.org/" }, "geometry": { "type": "Point", "coordinates": [ 132.865896900000052, 34.0485478 ] } },
{ "type": "Feature", "properties": { "内容": "指定通所介護事業所阿育苑【通所介護】愛媛県今治市吉海町仁江262番地1", "url": "https://www.kaigokensaku.mhlw.go.jp/38/index.php?action_kouhyou_detail_004_kani=true&JigyosyoCd=3873200517-00&ServiceCd=150&Type=search", "url2": "http://asyokaen.jp/" }, "geometry": { "type": "Point", "coordinates": [ 133.053910299999984, 34.1511437 ] } },
{ "type": "Feature", "properties": { "内容": "今治市社協デイサービスセンター菊間【通所介護】愛媛県今治市菊間町池原34番地", "url": "https://www.kaigokensaku.mhlw.go.jp/38/index.php?action_kouhyou_detail_004_kani=true&JigyosyoCd=3870201047-00&ServiceCd=150&Type=search", "url2": "http://www.imabari-shakyo.jp./" }, "geometry": { "type": "Point", "coordinates": [ 132.856970700000034, 34.0256135 ] } },
{ "type": "Feature", "properties": { "内容": "ベストケア・デイサービスセンターしまなみ【通所介護】愛媛県今治市近見町１丁目３番３号", "url": "https://www.kaigokensaku.mhlw.go.jp/38/index.php?action_kouhyou_detail_004_kani=true&JigyosyoCd=3870201542-00&ServiceCd=150&Type=search", "url2": "http://www.best-care.jp/" }, "geometry": { "type": "Point", "coordinates": [ 132.987366, 34.0875566 ] } },
{ "type": "Feature", "properties": { "内容": "デイサービスなないろ今治阿方【通所介護】愛媛県今治阿方甲407-1", "url": "https://www.kaigokensaku.mhlw.go.jp/38/index.php?action_kouhyou_detail_004_kani=true&JigyosyoCd=3870202680-00&ServiceCd=150&Type=search", "url2": null }, "geometry": { "type": "Point", "coordinates": [ 132.964852461060076, 34.062801085722874 ] } },
{ "type": "Feature", "properties": { "内容": "デイサービスたちばな【通所介護】愛媛県今治市北高下町3丁目3番18号", "url": "https://www.kaigokensaku.mhlw.go.jp/38/index.php?action_kouhyou_detail_004_kani=true&JigyosyoCd=3870201146-00&ServiceCd=150&Type=search", "url2": "http://nttbj.itp.ne.jp/0898348862/index.html" }, "geometry": { "type": "Point", "coordinates": [ 133.0111607, 34.0499785 ] } },
{ "type": "Feature", "properties": { "内容": "デイサ－ビストリトン【通所介護】愛媛県今治市吉海町名4680番地", "url": "https://www.kaigokensaku.mhlw.go.jp/38/index.php?action_kouhyou_detail_004_kani=true&JigyosyoCd=3870202664-00&ServiceCd=150&Type=search", "url2": "http://www.katagihosp.com/" }, "geometry": { "type": "Point", "coordinates": [ 133.0253506, 34.1273204 ] } },
{ "type": "Feature", "properties": { "内容": "リハビリデイサービスセンター華蓮【通所介護】愛媛県今治市国分2丁目12番62号", "url": "https://www.kaigokensaku.mhlw.go.jp/38/index.php?action_kouhyou_detail_004_kani=true&JigyosyoCd=3870202037-00&ServiceCd=150&Type=search", "url2": "http://activevision.co.jp" }, "geometry": { "type": "Point", "coordinates": [ 133.018731900000034, 34.0295533 ] } },
{ "type": "Feature", "properties": { "内容": "デイサービス紙ひこうき【通所介護】愛媛県宇和島市三間町戸雁６０４番２", "url": "https://www.kaigokensaku.mhlw.go.jp/38/index.php?action_kouhyou_detail_004_kani=true&JigyosyoCd=3870301748-00&ServiceCd=150&Type=search", "url2": "https://angelhouse.co.jp" }, "geometry": { "type": "Point", "coordinates": [ 132.600763262426767, 33.293299527172415 ] } },
{ "type": "Feature", "properties": { "内容": "ラポールデイサービス【通所介護】愛媛県宇和島市恵美須町1-3-10ラポール恵美須", "url": "https://www.kaigokensaku.mhlw.go.jp/38/index.php?action_kouhyou_detail_004_kani=true&JigyosyoCd=3870300872-00&ServiceCd=150&Type=search", "url2": "http://www.apotry.net/" }, "geometry": { "type": "Point", "coordinates": [ 132.564818139504496, 33.223488635365563 ] } },
{ "type": "Feature", "properties": { "内容": "指定通所介護事業所デイサービスセンターいこい【通所介護】愛媛県宇和島市和霊元町1丁目5-27", "url": "https://www.kaigokensaku.mhlw.go.jp/38/index.php?action_kouhyou_detail_004_kani=true&JigyosyoCd=3870300161-00&ServiceCd=150&Type=search", "url2": "http://www.siminkyousaikai.jp/" }, "geometry": { "type": "Point", "coordinates": [ 132.567143, 33.2277983 ] } },
{ "type": "Feature", "properties": { "内容": "ニチイケアセンターうわじま【通所介護】愛媛県宇和島市川内甲978番地1", "url": "https://www.kaigokensaku.mhlw.go.jp/38/index.php?action_kouhyou_detail_004_kani=true&JigyosyoCd=3870300211-00&ServiceCd=150&Type=search", "url2": "http://www.nichiigakkan.co.jp" }, "geometry": { "type": "Point", "coordinates": [ 132.551022200000034, 33.204994599999985 ] } },
{ "type": "Feature", "properties": { "内容": "デイサービスセンターきくぞの【通所介護】愛媛県宇和島市和霊元町四丁目1番12号", "url": "https://www.kaigokensaku.mhlw.go.jp/38/index.php?action_kouhyou_detail_004_kani=true&JigyosyoCd=3870300591-00&ServiceCd=150&Type=search", "url2": "www.kikuzono.co.jp" }, "geometry": { "type": "Point", "coordinates": [ 132.566673600000058, 33.2287343 ] } },
{ "type": "Feature", "properties": { "内容": "デイサービス　なごみ荘【通所介護】愛媛県宇和島市高串1-424", "url": "https://www.kaigokensaku.mhlw.go.jp/38/index.php?action_kouhyou_detail_004_kani=true&JigyosyoCd=3870300658-00&ServiceCd=150&Type=search", "url2": "http://www.nagomisou.com/" }, "geometry": { "type": "Point", "coordinates": [ 132.573600700000043, 33.2449188 ] } },
{ "type": "Feature", "properties": { "内容": "ゆずりはデイサービス【通所介護】愛媛県宇和島市祝森甲3081番地47", "url": "https://www.kaigokensaku.mhlw.go.jp/38/index.php?action_kouhyou_detail_004_kani=true&JigyosyoCd=3870300732-00&ServiceCd=150&Type=search", "url2": "https://caresupport-yuzuriha.jp" }, "geometry": { "type": "Point", "coordinates": [ 132.553672900000038, 33.1712764 ] } },
{ "type": "Feature", "properties": { "内容": "宇和島市社会福祉協議会　宇和島介護保険事業所【通所介護】愛媛県宇和島市住吉町一丁目6番16号宇和島市総合福祉センター", "url": "https://www.kaigokensaku.mhlw.go.jp/38/index.php?action_kouhyou_detail_004_kani=true&JigyosyoCd=3870300815-00&ServiceCd=150&Type=search", "url2": "http://www.uwajima-shakyo.or.jp/" }, "geometry": { "type": "Point", "coordinates": [ 132.558088199999929, 33.2259179 ] } },
{ "type": "Feature", "properties": { "内容": "宇和島市社会福祉協議会　三間介護保険事業所【通所介護】愛媛県宇和島市三間町迫目126番地", "url": "https://www.kaigokensaku.mhlw.go.jp/38/index.php?action_kouhyou_detail_004_kani=true&JigyosyoCd=3870300831-00&ServiceCd=150&Type=search", "url2": "http://www.uwajima-shakyo.or.jp/" }, "geometry": { "type": "Point", "coordinates": [ 132.60601870000005, 33.2877845 ] } },
{ "type": "Feature", "properties": { "内容": "時の実【通所介護】愛媛県宇和島市御幸町二丁目５番7号", "url": "https://www.kaigokensaku.mhlw.go.jp/38/index.php?action_kouhyou_detail_004_kani=true&JigyosyoCd=3870301177-00&ServiceCd=150&Type=search", "url2": "ｓｏｕｄａｎ＠ｔｏｋｉｎｏｍｉ．ｃｏ．ｊｐ" }, "geometry": { "type": "Point", "coordinates": [ 132.563382199999978, 33.2267428 ] } },
{ "type": "Feature", "properties": { "内容": "デイサービスセンターほで【通所介護】宇和島市保手2丁目5番31号", "url": "https://www.kaigokensaku.mhlw.go.jp/38/index.php?action_kouhyou_detail_004_kani=true&JigyosyoCd=3870301219-00&ServiceCd=150&Type=search", "url2": "https://www.hidamari6200.com" }, "geometry": { "type": "Point", "coordinates": [ 132.551149900000041, 33.2118301 ] } },
{ "type": "Feature", "properties": { "内容": "デイサービスセンターそよ風【通所介護】愛媛県宇和島市吉田町立間尻甲729番地4", "url": "https://www.kaigokensaku.mhlw.go.jp/38/index.php?action_kouhyou_detail_004_kani=true&JigyosyoCd=3870301227-00&ServiceCd=150&Type=search", "url2": null }, "geometry": { "type": "Point", "coordinates": [ 132.537761899999964, 33.2830749 ] } },
{ "type": "Feature", "properties": { "内容": "ケアプラスデイサービスセンター宇和島【通所介護】愛媛県宇和島市宮下甲1535番地25", "url": "https://www.kaigokensaku.mhlw.go.jp/38/index.php?action_kouhyou_detail_004_kani=true&JigyosyoCd=3870301300-00&ServiceCd=150&Type=search", "url2": "http://www.carep.jp/" }, "geometry": { "type": "Point", "coordinates": [ 132.542122899999981, 33.2098106 ] } },
{ "type": "Feature", "properties": { "内容": "デイサービスセンター　未来　よしだ【通所介護】愛媛県宇和島市吉田町東小路57番", "url": "https://www.kaigokensaku.mhlw.go.jp/38/index.php?action_kouhyou_detail_004_kani=true&JigyosyoCd=3870301508-00&ServiceCd=150&Type=search", "url2": "http://care-net.biz/38/yoshimaru1930/b15.php#service02" }, "geometry": { "type": "Point", "coordinates": [ 132.541777639286806, 33.280360976502791 ] } },
{ "type": "Feature", "properties": { "内容": "デイサービス夢の国ゆずりは【通所介護】愛媛県宇和島市祝森甲１１３６番地５", "url": "https://www.kaigokensaku.mhlw.go.jp/38/index.php?action_kouhyou_detail_004_kani=true&JigyosyoCd=3870301649-00&ServiceCd=150&Type=search", "url2": "https://caresupport-yuzuriha.jp/" }, "geometry": { "type": "Point", "coordinates": [ 132.551381600000013, 33.1741106 ] } },
{ "type": "Feature", "properties": { "内容": "7つの扉【通所介護】愛媛県宇和島市別当1丁目6-30", "url": "https://www.kaigokensaku.mhlw.go.jp/38/index.php?action_kouhyou_detail_004_kani=true&JigyosyoCd=3870301722-00&ServiceCd=150&Type=search", "url2": "http://www.nanatsunotobira.jp/" }, "geometry": { "type": "Point", "coordinates": [ 132.548900099999969, 33.2094913 ] } },
{ "type": "Feature", "properties": { "内容": "デイサービスこころ【通所介護】愛媛県宇和島市三間町迫目1052番地", "url": "https://www.kaigokensaku.mhlw.go.jp/38/index.php?action_kouhyou_detail_004_kani=true&JigyosyoCd=3870301797-00&ServiceCd=150&Type=search", "url2": null }, "geometry": { "type": "Point", "coordinates": [ 132.604519234853427, 33.282073507404057 ] } },
{ "type": "Feature", "properties": { "内容": "デイサービス希望の里ゆずりは【通所介護】愛媛県宇和島市高串3番耕地434-1デイサービス希望の里ゆずりは", "url": "https://www.kaigokensaku.mhlw.go.jp/38/index.php?action_kouhyou_detail_004_kani=true&JigyosyoCd=3870301839-00&ServiceCd=150&Type=search", "url2": "https://caresupport-yuzuri" }, "geometry": { "type": "Point", "coordinates": [ 132.5708899, 33.2447521 ] } },
{ "type": "Feature", "properties": { "内容": "デイサービスセンター祝の森【通所介護】愛媛県宇和島市祝森甲2407番地特別養護老人ホーム祝の郷", "url": "https://www.kaigokensaku.mhlw.go.jp/38/index.php?action_kouhyou_detail_004_kani=true&JigyosyoCd=3870301854-00&ServiceCd=150&Type=search", "url2": "http://iwainosato2605.wix.com/iwainosato" }, "geometry": { "type": "Point", "coordinates": [ 132.557336335656743, 33.173802786331578 ] } },
{ "type": "Feature", "properties": { "内容": "ケアプラスデイサービスセンター北宇和島【通所介護】愛媛県宇和島市伊吹町甲1226-1", "url": "https://www.kaigokensaku.mhlw.go.jp/38/index.php?action_kouhyou_detail_004_kani=true&JigyosyoCd=3870301938-00&ServiceCd=150&Type=search", "url2": "http://www.carep.jp/" }, "geometry": { "type": "Point", "coordinates": [ 132.570881500000041, 33.2391777 ] } },
{ "type": "Feature", "properties": { "内容": "デイサービスひより【通所介護】愛媛県宇和島市川内甲2530番地1", "url": "https://www.kaigokensaku.mhlw.go.jp/38/index.php?action_kouhyou_detail_004_kani=true&JigyosyoCd=3870301961-00&ServiceCd=150&Type=search", "url2": null }, "geometry": { "type": "Point", "coordinates": [ 132.569735560110558, 33.194828105219443 ] } },
{ "type": "Feature", "properties": { "内容": "ラポールえびすデイサービス【通所介護】愛媛県宇和島市恵美須町1-3-10ラポール恵美須　５階", "url": "https://www.kaigokensaku.mhlw.go.jp/38/index.php?action_kouhyou_detail_004_kani=true&JigyosyoCd=3870302019-00&ServiceCd=150&Type=search", "url2": "http://www.apotry.net/" }, "geometry": { "type": "Point", "coordinates": [ 132.564509899999962, 33.2235376 ] } },
{ "type": "Feature", "properties": { "内容": "デイサービス　すぎなの里【通所介護】愛媛県宇和島市寄松甲1244番地1", "url": "https://www.kaigokensaku.mhlw.go.jp/38/index.php?action_kouhyou_detail_004_kani=true&JigyosyoCd=3870302035-00&ServiceCd=150&Type=search", "url2": null }, "geometry": { "type": "Point", "coordinates": [ 132.532660299999947, 33.1928954 ] } },
{ "type": "Feature", "properties": { "内容": "デイサービスセンター　笑歩会　丸之内【通所介護】愛媛県宇和島市丸之内五丁目５番１５号", "url": "https://www.kaigokensaku.mhlw.go.jp/38/index.php?action_kouhyou_detail_004_kani=true&JigyosyoCd=3870302068-00&ServiceCd=150&Type=search", "url2": "http://shouhokai.jp/" }, "geometry": { "type": "Point", "coordinates": [ 132.564192600000069, 33.222049 ] } },
{ "type": "Feature", "properties": { "内容": "デイスパ駒鳥【通所介護】愛媛県宇和島市寄松甲３６８-１", "url": "https://www.kaigokensaku.mhlw.go.jp/38/index.php?action_kouhyou_detail_004_kani=true&JigyosyoCd=3870302100-00&ServiceCd=150&Type=search", "url2": null }, "geometry": { "type": "Point", "coordinates": [ 132.547967, 33.1995895 ] } },
{ "type": "Feature", "properties": { "内容": "愛ほっとリハビリステーションうわじま【通所介護】愛媛県宇和島市新町1丁目1番14号アクティブモア本社ビル", "url": "https://www.kaigokensaku.mhlw.go.jp/38/index.php?action_kouhyou_detail_004_kani=true&JigyosyoCd=3870302175-00&ServiceCd=150&Type=search", "url2": "http://ai-hot.jp/" }, "geometry": { "type": "Point", "coordinates": [ 132.567723500000056, 33.2233904 ] } },
{ "type": "Feature", "properties": { "内容": "デイサービス　愛ウェルネス丸穂【通所介護】愛媛県宇和島市丸穂町1丁目9番10号", "url": "https://www.kaigokensaku.mhlw.go.jp/38/index.php?action_kouhyou_detail_004_kani=true&JigyosyoCd=3870302183-00&ServiceCd=150&Type=search", "url2": "http://www.ai-wellness.co.jp/" }, "geometry": { "type": "Point", "coordinates": [ 132.578973380068106, 33.22435005984849 ] } },
{ "type": "Feature", "properties": { "内容": "デイサービスセンターまごころ庵御殿内【通所介護】--愛媛県宇和島市吉田町立間尻甲2083-1", "url": "https://www.kaigokensaku.mhlw.go.jp/38/index.php?action_kouhyou_detail_004_kani=true&JigyosyoCd=3870302274-00&ServiceCd=150&Type=search", "url2": "https://yell-care.com/" }, "geometry": { "type": "Point", "coordinates": [ 132.5485088, 33.2786383 ] } },
{ "type": "Feature", "properties": { "内容": "デイサービスセンター白浦茜荘【通所介護】愛媛県宇和島市吉田町白浦3番地2", "url": "https://www.kaigokensaku.mhlw.go.jp/38/index.php?action_kouhyou_detail_004_kani=true&JigyosyoCd=3873900314-00&ServiceCd=150&Type=search", "url2": "http://wwwa.pikara.ne.jp/akanesou/" }, "geometry": { "type": "Point", "coordinates": [ 132.527081400000043, 33.3126467 ] } },
{ "type": "Feature", "properties": { "内容": "デイサービス蓮家【通所介護】愛媛県宇和島市津島町高田丙70番", "url": "https://www.kaigokensaku.mhlw.go.jp/38/index.php?action_kouhyou_detail_004_kani=true&JigyosyoCd=3873900587-00&ServiceCd=150&Type=search", "url2": "https://www.npo-hanazono.com/" }, "geometry": { "type": "Point", "coordinates": [ 132.519314440896636, 33.121305700781122 ] } },
{ "type": "Feature", "properties": { "内容": "デイサービス心音【通所介護】愛媛県宇和島市栄町港2丁目4-16", "url": "https://www.kaigokensaku.mhlw.go.jp/38/index.php?action_kouhyou_detail_004_kani=true&JigyosyoCd=3870301920-00&ServiceCd=150&Type=search", "url2": null }, "geometry": { "type": "Point", "coordinates": [ 132.5611907, 33.2221599 ] } },
{ "type": "Feature", "properties": { "内容": "デイサービス愛顔宇和島【通所介護】愛媛県宇和島市野川甲1179", "url": "https://www.kaigokensaku.mhlw.go.jp/38/index.php?action_kouhyou_detail_004_kani=true&JigyosyoCd=3870302191-00&ServiceCd=150&Type=search", "url2": "http://kibou-e.jp" }, "geometry": { "type": "Point", "coordinates": [ 132.575188650176983, 33.21630691130143 ] } },
{ "type": "Feature", "properties": { "内容": "デイサービスみるく【通所介護】宇和島市住吉町６２１－１", "url": "https://www.kaigokensaku.mhlw.go.jp/38/index.php?action_kouhyou_detail_004_kani=true&JigyosyoCd=3870301235-00&ServiceCd=150&Type=search", "url2": "https://www.ehime-miruku.com" }, "geometry": { "type": "Point", "coordinates": [ 132.557566642991674, 33.228703074166162 ] } },
{ "type": "Feature", "properties": { "内容": "デイサービスあん【通所介護】愛媛県宇和島市中沢町一丁目2-32", "url": "https://www.kaigokensaku.mhlw.go.jp/38/index.php?action_kouhyou_detail_004_kani=true&JigyosyoCd=3870301334-00&ServiceCd=150&Type=search", "url2": null }, "geometry": { "type": "Point", "coordinates": [ 132.557321600000051, 33.209116600000023 ] } },
{ "type": "Feature", "properties": { "内容": "デイサービス　未来【通所介護】愛媛県宇和島市吉田町東小路甲14番地5有料老人ホーム　未来", "url": "https://www.kaigokensaku.mhlw.go.jp/38/index.php?action_kouhyou_detail_004_kani=true&JigyosyoCd=3870302225-00&ServiceCd=150&Type=search", "url2": "http://care-net.biz/38/yoshimaru1930/" }, "geometry": { "type": "Point", "coordinates": [ 132.54162310000001, 33.2803878 ] } },
{ "type": "Feature", "properties": { "内容": "デイサービスセンターことぶき荘【通所介護】愛媛県八幡浜市向灘229番地18", "url": "https://www.kaigokensaku.mhlw.go.jp/38/index.php?action_kouhyou_detail_004_kani=true&JigyosyoCd=3870400193-00&ServiceCd=150&Type=search", "url2": "http://tokuyou-kotobuki.or.jp/" }, "geometry": { "type": "Point", "coordinates": [ 132.424597100000028, 33.4663947 ] } },
{ "type": "Feature", "properties": { "内容": "おるｄｅ新町デイサービスセンター【通所介護】愛媛県八幡浜市天神通一丁目1420番地", "url": "https://www.kaigokensaku.mhlw.go.jp/38/index.php?action_kouhyou_detail_004_kani=true&JigyosyoCd=3870400557-00&ServiceCd=150&Type=search", "url2": "http://www.orude.jp/" }, "geometry": { "type": "Point", "coordinates": [ 132.4245123, 33.4585437 ] } },
{ "type": "Feature", "properties": { "内容": "デイサービスきずな湯島【通所介護】愛媛県八幡浜市五反田１番耕地５０６番地１", "url": "https://www.kaigokensaku.mhlw.go.jp/38/index.php?action_kouhyou_detail_004_kani=true&JigyosyoCd=3870400953-00&ServiceCd=150&Type=search", "url2": null }, "geometry": { "type": "Point", "coordinates": [ 132.439910296325678, 33.447471129815185 ] } },
{ "type": "Feature", "properties": { "内容": "デイサービス子馬【通所介護】愛媛県新居浜市高田二丁目5-63", "url": "https://www.kaigokensaku.mhlw.go.jp/38/index.php?action_kouhyou_detail_004_kani=true&JigyosyoCd=3870502568-00&ServiceCd=150&Type=search", "url2": "http://www.koumainfo/" }, "geometry": { "type": "Point", "coordinates": [ 133.3097431, 33.9710025 ] } },
{ "type": "Feature", "properties": { "内容": "さわやか新居浜館ﾃﾞｲｻｰﾋﾞｽｾﾝﾀｰ【通所介護】愛媛県新居浜市東田3丁目乙11-77さわやか新居浜館", "url": "https://www.kaigokensaku.mhlw.go.jp/38/index.php?action_kouhyou_detail_004_kani=true&JigyosyoCd=3870502667-00&ServiceCd=150&Type=search", "url2": "http://niihamakan.sawayakaclub.jp/" }, "geometry": { "type": "Point", "coordinates": [ 133.319155099999989, 33.9451417 ] } },
{ "type": "Feature", "properties": { "内容": "デイサービスセンターおくじま【通所介護】愛媛県新居浜市北新町12番52号", "url": "https://www.kaigokensaku.mhlw.go.jp/38/index.php?action_kouhyou_detail_004_kani=true&JigyosyoCd=3870501420-00&ServiceCd=150&Type=search", "url2": "http://www.houko.jp" }, "geometry": { "type": "Point", "coordinates": [ 133.270104700000047, 33.9586061 ] } },
{ "type": "Feature", "properties": { "内容": "豊園荘【通所介護】愛媛県新居浜市船木甲2216番地の29", "url": "https://www.kaigokensaku.mhlw.go.jp/38/index.php?action_kouhyou_detail_004_kani=true&JigyosyoCd=3870500083-00&ServiceCd=150&Type=search", "url2": "http://www.hapinesu.com/" }, "geometry": { "type": "Point", "coordinates": [ 133.340379266223181, 33.940836592996071 ] } },
{ "type": "Feature", "properties": { "内容": "デイサービスセンター　さくらんぼ【通所介護】愛媛県新居浜市東雲町1丁目4番33号", "url": "https://www.kaigokensaku.mhlw.go.jp/38/index.php?action_kouhyou_detail_004_kani=true&JigyosyoCd=3870500463-00&ServiceCd=150&Type=search", "url2": "http://www.sakura@nii-coop.shikoku.ne.jp" }, "geometry": { "type": "Point", "coordinates": [ 133.295903, 33.9692916 ] } },
{ "type": "Feature", "properties": { "内容": "通所介護事業所きぼうの苑【通所介護】愛媛県新居浜市西の土居町二丁目8番12号", "url": "https://www.kaigokensaku.mhlw.go.jp/38/index.php?action_kouhyou_detail_004_kani=true&JigyosyoCd=3870500521-00&ServiceCd=150&Type=search", "url2": "http://www.sankeikai.or.jp" }, "geometry": { "type": "Point", "coordinates": [ 133.27488470000003, 33.949421 ] } },
{ "type": "Feature", "properties": { "内容": "指定通所介護事業所　アソカ園【通所介護】愛媛県新居浜市郷三丁目16番58号", "url": "https://www.kaigokensaku.mhlw.go.jp/38/index.php?action_kouhyou_detail_004_kani=true&JigyosyoCd=3870500539-00&ServiceCd=150&Type=search", "url2": null }, "geometry": { "type": "Point", "coordinates": [ 133.309537299999988, 33.9617785 ] } },
{ "type": "Feature", "properties": { "内容": "通所介護事業所ハートランド三恵【通所介護】愛媛県新居浜市萩生17", "url": "https://www.kaigokensaku.mhlw.go.jp/38/index.php?action_kouhyou_detail_004_kani=true&JigyosyoCd=3870500547-00&ServiceCd=150&Type=search", "url2": "http://www.heartland.sankeikai.com/" }, "geometry": { "type": "Point", "coordinates": [ 133.259788, 33.9304507 ] } },
{ "type": "Feature", "properties": { "内容": "ニチイケアセンターたきはま【通所介護】愛媛県新居浜市阿島1丁目7番24号", "url": "https://www.kaigokensaku.mhlw.go.jp/38/index.php?action_kouhyou_detail_004_kani=true&JigyosyoCd=3870500554-00&ServiceCd=150&Type=search", "url2": "http://www.nichiigakkan.co.jp" }, "geometry": { "type": "Point", "coordinates": [ 133.352251900000027, 33.9789541 ] } },
{ "type": "Feature", "properties": { "内容": "シニアセンター　ｖｉｖｉｄ【通所介護】愛媛県新居浜市徳常町５番８号", "url": "https://www.kaigokensaku.mhlw.go.jp/38/index.php?action_kouhyou_detail_004_kani=true&JigyosyoCd=3870500828-00&ServiceCd=150&Type=search", "url2": "http://www.hapinesu.com/" }, "geometry": { "type": "Point", "coordinates": [ 133.279612600000064, 33.9629197 ] } },
{ "type": "Feature", "properties": { "内容": "デイサービスセンター風のうた【通所介護】愛媛県新居浜市萩生1061番地", "url": "https://www.kaigokensaku.mhlw.go.jp/38/index.php?action_kouhyou_detail_004_kani=true&JigyosyoCd=3870500836-00&ServiceCd=150&Type=search", "url2": "http://niihama-mcoop.or.jp/" }, "geometry": { "type": "Point", "coordinates": [ 133.266737599999942, 33.9257734 ] } },
{ "type": "Feature", "properties": { "内容": "デイサービスセンター　おくらの里【通所介護】愛媛県新居浜市御蔵町11番23号", "url": "https://www.kaigokensaku.mhlw.go.jp/38/index.php?action_kouhyou_detail_004_kani=true&JigyosyoCd=3870500869-00&ServiceCd=150&Type=search", "url2": "http://www.okuranosato.com/" }, "geometry": { "type": "Point", "coordinates": [ 133.285511400000019, 33.9165802 ] } },
{ "type": "Feature", "properties": { "内容": "ケアサポート・ライカ【通所介護】愛媛県新居浜市新須賀町１丁目８番６３号", "url": "https://www.kaigokensaku.mhlw.go.jp/38/index.php?action_kouhyou_detail_004_kani=true&JigyosyoCd=3870500901-00&ServiceCd=150&Type=search", "url2": null }, "geometry": { "type": "Point", "coordinates": [ 133.283741742327976, 33.96549387516783 ] } },
{ "type": "Feature", "properties": { "内容": "デイサービスでんでんむし【通所介護】愛媛県新居浜市中西町3番20号", "url": "https://www.kaigokensaku.mhlw.go.jp/38/index.php?action_kouhyou_detail_004_kani=true&JigyosyoCd=3870500935-00&ServiceCd=150&Type=search", "url2": null }, "geometry": { "type": "Point", "coordinates": [ 133.303466812763986, 33.926964209643835 ] } },
{ "type": "Feature", "properties": { "内容": "デイサービスセンターわっはっは【通所介護】愛媛県新居浜市岸の上町1丁目10-40", "url": "https://www.kaigokensaku.mhlw.go.jp/38/index.php?action_kouhyou_detail_004_kani=true&JigyosyoCd=3870500950-00&ServiceCd=150&Type=search", "url2": "http://www.yuyusya.co.jp/" }, "geometry": { "type": "Point", "coordinates": [ 133.308456400000068, 33.9449026 ] } },
{ "type": "Feature", "properties": { "内容": "有限会社デイサービスセンターふれんど【通所介護】愛媛県新居浜市萩生2896番地2", "url": "https://www.kaigokensaku.mhlw.go.jp/38/index.php?action_kouhyou_detail_004_kani=true&JigyosyoCd=3870501016-00&ServiceCd=150&Type=search", "url2": "https://dsc-friends.com/" }, "geometry": { "type": "Point", "coordinates": [ 133.276231400000029, 33.9141664 ] } },
{ "type": "Feature", "properties": { "内容": "デイサービスわいわいクラブ【通所介護】愛媛県新居浜市高津町3番20号", "url": "https://www.kaigokensaku.mhlw.go.jp/38/index.php?action_kouhyou_detail_004_kani=true&JigyosyoCd=3870501164-00&ServiceCd=150&Type=search", "url2": "http://www.shikoku.ne.jp/nii-coop/" }, "geometry": { "type": "Point", "coordinates": [ 133.300430300000016, 33.9709331 ] } },
{ "type": "Feature", "properties": { "内容": "ライフケア【通所介護】愛媛県新居浜市喜光地町1丁目7番17号", "url": "https://www.kaigokensaku.mhlw.go.jp/38/index.php?action_kouhyou_detail_004_kani=true&JigyosyoCd=3870501388-00&ServiceCd=150&Type=search", "url2": "https://www.lifecare-n.jp" }, "geometry": { "type": "Point", "coordinates": [ 133.300298, 33.9359625 ] } },
{ "type": "Feature", "properties": { "内容": "通所介護事業所プラチナガーデン【通所介護】愛媛県新居浜市一宮町二丁目6番72号", "url": "https://www.kaigokensaku.mhlw.go.jp/38/index.php?action_kouhyou_detail_004_kani=true&JigyosyoCd=3870501461-00&ServiceCd=150&Type=search", "url2": "http://www.hapinesu.com/" }, "geometry": { "type": "Point", "coordinates": [ 133.2780348, 33.9583118 ] } },
{ "type": "Feature", "properties": { "内容": "通所介護事業所おいでんや【通所介護】愛媛県新居浜市多喜浜一丁目2番16号", "url": "https://www.kaigokensaku.mhlw.go.jp/38/index.php?action_kouhyou_detail_004_kani=true&JigyosyoCd=3870501743-00&ServiceCd=150&Type=search", "url2": "http://www.commu-sankei.sankeikai.com/" }, "geometry": { "type": "Point", "coordinates": [ 133.330568299999982, 33.9735661 ] } },
{ "type": "Feature", "properties": { "内容": "ベストケア・デイサービスセンターいずみ【通所介護】愛媛県新居浜市星原町12番46号", "url": "https://www.kaigokensaku.mhlw.go.jp/38/index.php?action_kouhyou_detail_004_kani=true&JigyosyoCd=3870501800-00&ServiceCd=150&Type=search", "url2": "http://www.best-care.jp" }, "geometry": { "type": "Point", "coordinates": [ 133.305628699999943, 33.9372255 ] } },
{ "type": "Feature", "properties": { "内容": "デイサービスみんなの家【通所介護】愛媛県新居浜市船木４６２０番地２", "url": "https://www.kaigokensaku.mhlw.go.jp/38/index.php?action_kouhyou_detail_004_kani=true&JigyosyoCd=3870501842-00&ServiceCd=150&Type=search", "url2": "http://www.shikoku.ne.jp/nii-coop/" }, "geometry": { "type": "Point", "coordinates": [ 133.323093299999982, 33.9394563 ] } },
{ "type": "Feature", "properties": { "内容": "ケアプラザ「サン愛」久保田事業所【通所介護】久保田町1-8-10", "url": "https://www.kaigokensaku.mhlw.go.jp/38/index.php?action_kouhyou_detail_004_kani=true&JigyosyoCd=3870501917-00&ServiceCd=150&Type=search", "url2": "http://www.sun-i.biz/" }, "geometry": { "type": "Point", "coordinates": [ 133.284031599999906, 33.9562427 ] } },
{ "type": "Feature", "properties": { "内容": "ベストケア・デイサービスセンターひうち【通所介護】愛媛県新居浜市泉池町１１番１１号", "url": "https://www.kaigokensaku.mhlw.go.jp/38/index.php?action_kouhyou_detail_004_kani=true&JigyosyoCd=3870502048-00&ServiceCd=150&Type=search", "url2": "http://www.best-care.jp" }, "geometry": { "type": "Point", "coordinates": [ 133.274015800000029, 33.966422 ] } },
{ "type": "Feature", "properties": { "内容": "デイサービスセンターふたばの森【通所介護】愛媛県新居浜市船木3101番地1", "url": "https://www.kaigokensaku.mhlw.go.jp/38/index.php?action_kouhyou_detail_004_kani=true&JigyosyoCd=3870502154-00&ServiceCd=150&Type=search", "url2": "http://ww9.tiki.ne.jp/~futaba/" }, "geometry": { "type": "Point", "coordinates": [ 133.333547899999985, 33.9335847 ] } },
{ "type": "Feature", "properties": { "内容": "デイサービスセンター　すみの【通所介護】愛媛県新居浜市中筋町二丁目１番５号", "url": "https://www.kaigokensaku.mhlw.go.jp/38/index.php?action_kouhyou_detail_004_kani=true&JigyosyoCd=3870502287-00&ServiceCd=150&Type=search", "url2": null }, "geometry": { "type": "Point", "coordinates": [ 133.302193, 33.922846345758487 ] } },
{ "type": "Feature", "properties": { "内容": "ケアプラザ「サン愛」坂井事業所【通所介護】愛媛県新居浜市坂井町1丁目8番20号", "url": "https://www.kaigokensaku.mhlw.go.jp/38/index.php?action_kouhyou_detail_004_kani=true&JigyosyoCd=3870502493-00&ServiceCd=150&Type=search", "url2": "http://www.sun-i.biz/" }, "geometry": { "type": "Point", "coordinates": [ 133.29187509999997, 33.9464715 ] } },
{ "type": "Feature", "properties": { "内容": "デイサービス　風花【通所介護】愛媛県新居浜市萩生1061番地", "url": "https://www.kaigokensaku.mhlw.go.jp/38/index.php?action_kouhyou_detail_004_kani=true&JigyosyoCd=3870502535-00&ServiceCd=150&Type=search", "url2": "http://niihama-mcoop.or.jp/?page_id=214" }, "geometry": { "type": "Point", "coordinates": [ 133.2667348, 33.9257734 ] } },
{ "type": "Feature", "properties": { "内容": "デイサービスセンター　ゆうらり【通所介護】愛媛県新居浜市庄内町５丁目１１番３２号ゆうらり昭和館内", "url": "https://www.kaigokensaku.mhlw.go.jp/38/index.php?action_kouhyou_detail_004_kani=true&JigyosyoCd=3870502592-00&ServiceCd=150&Type=search", "url2": "http://yuurari.co.jp/" }, "geometry": { "type": "Point", "coordinates": [ 133.292862522188102, 33.950562309516684 ] } },
{ "type": "Feature", "properties": { "内容": "介護プラザサン【通所介護】愛媛県新居浜市久保田町一丁目８番１２号", "url": "https://www.kaigokensaku.mhlw.go.jp/38/index.php?action_kouhyou_detail_004_kani=true&JigyosyoCd=3870502626-00&ServiceCd=150&Type=search", "url2": "http://www.sun-i.biz/" }, "geometry": { "type": "Point", "coordinates": [ 133.283995399999981, 33.9561177 ] } },
{ "type": "Feature", "properties": { "内容": "デイサービスあさひの里【通所介護】愛媛県新居浜市中村二丁目４番２５号", "url": "https://www.kaigokensaku.mhlw.go.jp/38/index.php?action_kouhyou_detail_004_kani=true&JigyosyoCd=3870502634-00&ServiceCd=150&Type=search", "url2": null }, "geometry": { "type": "Point", "coordinates": [ 133.288660722615077, 33.930205097072843 ] } },
{ "type": "Feature", "properties": { "内容": "ケアプラスデイサービスセンター新居浜【通所介護】愛媛県新居浜市坂井町一丁目6番12号", "url": "https://www.kaigokensaku.mhlw.go.jp/38/index.php?action_kouhyou_detail_004_kani=true&JigyosyoCd=3870502840-00&ServiceCd=150&Type=search", "url2": "http://carep.jp" }, "geometry": { "type": "Point", "coordinates": [ 133.290068200000036, 33.946701800000014 ] } },
{ "type": "Feature", "properties": { "内容": "デイサービス笑顔新居浜【通所介護】愛媛県新居浜市東田1丁甲1243－1", "url": "https://www.kaigokensaku.mhlw.go.jp/38/index.php?action_kouhyou_detail_004_kani=true&JigyosyoCd=3870502873-00&ServiceCd=150&Type=search", "url2": "http://kibou-e.jp" }, "geometry": { "type": "Point", "coordinates": [ 133.314966389330976, 33.945477446866839 ] } },
{ "type": "Feature", "properties": { "内容": "デイサービスセンター　ピッパラ【通所介護】愛媛県新居浜市高田1-1-3", "url": "https://www.kaigokensaku.mhlw.go.jp/38/index.php?action_kouhyou_detail_004_kani=true&JigyosyoCd=3870501651-00&ServiceCd=150&Type=search", "url2": "https://dgwell.wixsite.com/pippala2022" }, "geometry": { "type": "Point", "coordinates": [ 133.3083292, 33.9667113 ] } },
{ "type": "Feature", "properties": { "内容": "デイサービス友【通所介護】愛媛県新居浜市本郷三丁目４番３７号", "url": "https://www.kaigokensaku.mhlw.go.jp/38/index.php?action_kouhyou_detail_004_kani=true&JigyosyoCd=3870501909-00&ServiceCd=150&Type=search", "url2": null }, "geometry": { "type": "Point", "coordinates": [ 133.283503200000041, 33.9323506 ] } },
{ "type": "Feature", "properties": { "内容": "デイサービスひだまりの里【通所介護】愛媛県新居浜市新田町一丁目9番9号", "url": "https://www.kaigokensaku.mhlw.go.jp/38/index.php?action_kouhyou_detail_004_kani=true&JigyosyoCd=3870502964-00&ServiceCd=150&Type=search", "url2": "https://niihama-mcoop.or.jp/" }, "geometry": { "type": "Point", "coordinates": [ 133.2621954, 33.9571112 ] } },
{ "type": "Feature", "properties": { "内容": "デイサービスセンター亀天荘【通所介護】愛媛県西条市大野１９０番地１", "url": "https://www.kaigokensaku.mhlw.go.jp/38/index.php?action_kouhyou_detail_004_kani=true&JigyosyoCd=3871200089-00&ServiceCd=150&Type=search", "url2": "http://kitenkai.or.jp/" }, "geometry": { "type": "Point", "coordinates": [ 133.049846500000058, 33.9463514 ] } },
{ "type": "Feature", "properties": { "内容": "生活介護事業所　きずな【通所介護】愛媛県西条市明屋敷363-1", "url": "https://www.kaigokensaku.mhlw.go.jp/38/index.php?action_kouhyou_detail_004_kani=true&JigyosyoCd=3870601782-00&ServiceCd=150&Type=search", "url2": null }, "geometry": { "type": "Point", "coordinates": [ 133.175709500000011, 33.9203936 ] } },
{ "type": "Feature", "properties": { "内容": "デイサービスセンターあさひ【通所介護】愛媛県西条市神拝乙35-5", "url": "https://www.kaigokensaku.mhlw.go.jp/38/index.php?action_kouhyou_detail_004_kani=true&JigyosyoCd=3870501545-00&ServiceCd=150&Type=search", "url2": null }, "geometry": { "type": "Point", "coordinates": [ 133.179633700000068, 33.9244573 ] } },
{ "type": "Feature", "properties": { "内容": "指定通所介護事業所　デイサービスセンター福武荘【通所介護】愛媛県西条市飯岡3406番地", "url": "https://www.kaigokensaku.mhlw.go.jp/38/index.php?action_kouhyou_detail_004_kani=true&JigyosyoCd=3870600289-00&ServiceCd=150&Type=search", "url2": "http://www.saijo-kaiseikai.jp/" }, "geometry": { "type": "Point", "coordinates": [ 133.210575262860146, 33.911641227566577 ] } },
{ "type": "Feature", "properties": { "内容": "デイサービス　川辺の家【通所介護】愛媛県西条市船屋甲584番地2号", "url": "https://www.kaigokensaku.mhlw.go.jp/38/index.php?action_kouhyou_detail_004_kani=true&JigyosyoCd=3870600388-00&ServiceCd=150&Type=search", "url2": "https://niihama-mcoop.or.jp/" }, "geometry": { "type": "Point", "coordinates": [ 133.205292800000052, 33.9350071 ] } },
{ "type": "Feature", "properties": { "内容": "西条市社協デイサービスセンターひまわり【通所介護】愛媛県西条市周布６０６番地１西条市西部総合福祉センター", "url": "https://www.kaigokensaku.mhlw.go.jp/38/index.php?action_kouhyou_detail_004_kani=true&JigyosyoCd=3870600669-00&ServiceCd=150&Type=search", "url2": "http://www.saijoshakyo.or.jp/" }, "geometry": { "type": "Point", "coordinates": [ 133.0818984, 33.9256518 ] } },
{ "type": "Feature", "properties": { "内容": "西条市社協デイサービスセンターさくら【通所介護】愛媛県西条市丹原町来見乙26番地2西条市丹原高齢者生活福祉センター", "url": "https://www.kaigokensaku.mhlw.go.jp/38/index.php?action_kouhyou_detail_004_kani=true&JigyosyoCd=3870600677-00&ServiceCd=150&Type=search", "url2": "http://www.saijoshakyo.or.jp" }, "geometry": { "type": "Point", "coordinates": [ 133.009835527647368, 33.857179743135326 ] } },
{ "type": "Feature", "properties": { "内容": "西条市社協デイサービスセンターつばき【通所介護】愛媛県西条市小松町新屋敷乙４８番地１", "url": "https://www.kaigokensaku.mhlw.go.jp/38/index.php?action_kouhyou_detail_004_kani=true&JigyosyoCd=3870600685-00&ServiceCd=150&Type=search", "url2": "http://www.saijoshakyo.or.jp" }, "geometry": { "type": "Point", "coordinates": [ 133.115958500000033, 33.8961839 ] } },
{ "type": "Feature", "properties": { "内容": "デイサービスいしづちの湯【通所介護】愛媛県西条市西田甲421番地5", "url": "https://www.kaigokensaku.mhlw.go.jp/38/index.php?action_kouhyou_detail_004_kani=true&JigyosyoCd=3870600701-00&ServiceCd=150&Type=search", "url2": "http://jcomm-care.co.jp/" }, "geometry": { "type": "Point", "coordinates": [ 133.157913, 33.895062299999985 ] } },
{ "type": "Feature", "properties": { "内容": "デイサービスセンターひうち【通所介護】愛媛県西条市下島山甲1384番地", "url": "https://www.kaigokensaku.mhlw.go.jp/38/index.php?action_kouhyou_detail_004_kani=true&JigyosyoCd=3870600792-00&ServiceCd=150&Type=search", "url2": null }, "geometry": { "type": "Point", "coordinates": [ 133.210915099999966, 33.9229147 ] } },
{ "type": "Feature", "properties": { "内容": "デイサービスセンター　ル・ソレイユ【通所介護】愛媛県西条市丹原町今井457番地1", "url": "https://www.kaigokensaku.mhlw.go.jp/38/index.php?action_kouhyou_detail_004_kani=true&JigyosyoCd=3870600859-00&ServiceCd=150&Type=search", "url2": "http://www.le-soleil.or.jp/" }, "geometry": { "type": "Point", "coordinates": [ 133.060478, 33.9014734 ] } },
{ "type": "Feature", "properties": { "内容": "デイサービスセンター丹原【通所介護】愛媛県西条市丹原町池田1651-1", "url": "https://www.kaigokensaku.mhlw.go.jp/38/index.php?action_kouhyou_detail_004_kani=true&JigyosyoCd=3870600891-00&ServiceCd=150&Type=search", "url2": "http://campus.mond.jp" }, "geometry": { "type": "Point", "coordinates": [ 133.06938839999998, 33.9105393 ] } },
{ "type": "Feature", "properties": { "内容": "デイサービスセンター東予【通所介護】愛媛県西条市円海寺247-7", "url": "https://www.kaigokensaku.mhlw.go.jp/38/index.php?action_kouhyou_detail_004_kani=true&JigyosyoCd=3870600917-00&ServiceCd=150&Type=search", "url2": "https://www.rainbowflower-saijo.com/touyo" }, "geometry": { "type": "Point", "coordinates": [ 133.07434939999996, 33.9339644 ] } },
{ "type": "Feature", "properties": { "内容": "デイサービスセンター飯岡【通所介護】愛媛県西条市飯岡3796-2", "url": "https://www.kaigokensaku.mhlw.go.jp/38/index.php?action_kouhyou_detail_004_kani=true&JigyosyoCd=3870600933-00&ServiceCd=150&Type=search", "url2": "http://campus.mond.jp" }, "geometry": { "type": "Point", "coordinates": [ 133.216858399999978, 33.9158064 ] } },
{ "type": "Feature", "properties": { "内容": "アシストジャパンデイサービスセンター６号館【通所介護】愛媛県西条市大町字御舟川539-1", "url": "https://www.kaigokensaku.mhlw.go.jp/38/index.php?action_kouhyou_detail_004_kani=true&JigyosyoCd=3870600966-00&ServiceCd=150&Type=search", "url2": "http://www.assistjapan.com/company/" }, "geometry": { "type": "Point", "coordinates": [ 133.1841445, 33.9172219 ] } },
{ "type": "Feature", "properties": { "内容": "ケアコンシェルジュ今井【通所介護】丹原町今井155－1", "url": "https://www.kaigokensaku.mhlw.go.jp/38/index.php?action_kouhyou_detail_004_kani=true&JigyosyoCd=3870601048-00&ServiceCd=150&Type=search", "url2": "htt://care.imai-clinic/net" }, "geometry": { "type": "Point", "coordinates": [ 133.055325700000026, 33.9008678 ] } },
{ "type": "Feature", "properties": { "内容": "ケアプラザ「サン愛」大町事業所【通所介護】愛媛県西条市大町字柳ヶ内７７６－２２", "url": "https://www.kaigokensaku.mhlw.go.jp/38/index.php?action_kouhyou_detail_004_kani=true&JigyosyoCd=3870601105-00&ServiceCd=150&Type=search", "url2": "http://www.sun-i.biz/" }, "geometry": { "type": "Point", "coordinates": [ 133.18954318207841, 33.914108538083305 ] } },
{ "type": "Feature", "properties": { "内容": "デイサービス　こもれび【通所介護】愛媛県西条市小松町大頭甲118番地2", "url": "https://www.kaigokensaku.mhlw.go.jp/38/index.php?action_kouhyou_detail_004_kani=true&JigyosyoCd=3870601428-00&ServiceCd=150&Type=search", "url2": "http://www.komorebi-saijo.com" }, "geometry": { "type": "Point", "coordinates": [ 133.0750243, 33.8811507 ] } },
{ "type": "Feature", "properties": { "内容": "済生会西条デイサービス事業所【通所介護】愛媛県西条市新田109番地1", "url": "https://www.kaigokensaku.mhlw.go.jp/38/index.php?action_kouhyou_detail_004_kani=true&JigyosyoCd=3870601469-00&ServiceCd=150&Type=search", "url2": "http://www.saiseikaisaijo.jp/" }, "geometry": { "type": "Point", "coordinates": [ 133.192684151126059, 33.928677483065023 ] } },
{ "type": "Feature", "properties": { "内容": "デイサービスセンター　セトウチ【通所介護】愛媛県西条市壬生川675番地1", "url": "https://www.kaigokensaku.mhlw.go.jp/38/index.php?action_kouhyou_detail_004_kani=true&JigyosyoCd=3870601493-00&ServiceCd=150&Type=search", "url2": "http://www.rainbowflower-saijo.com/" }, "geometry": { "type": "Point", "coordinates": [ 133.082481899999948, 33.9397641 ] } },
{ "type": "Feature", "properties": { "内容": "デイサービスセンター　笑歩会　西条神拝【通所介護】愛媛県西条市神拝甲561番地1", "url": "https://www.kaigokensaku.mhlw.go.jp/38/index.php?action_kouhyou_detail_004_kani=true&JigyosyoCd=3870601568-00&ServiceCd=150&Type=search", "url2": "http://shouhokai.jp/" }, "geometry": { "type": "Point", "coordinates": [ 133.17838370000004, 33.9165968 ] } },
{ "type": "Feature", "properties": { "内容": "レッツ倶楽部　西条古川【通所介護】愛媛県西条市古川甲417-3", "url": "https://www.kaigokensaku.mhlw.go.jp/38/index.php?action_kouhyou_detail_004_kani=true&JigyosyoCd=3870601659-00&ServiceCd=150&Type=search", "url2": "https://www.lets-club.jp/shop/saijofurukawa/" }, "geometry": { "type": "Point", "coordinates": [ 133.164381300000059, 33.9153755 ] } },
{ "type": "Feature", "properties": { "内容": "スポーツデイたんばら【通所介護】愛媛県西条市丹原町願連寺196－6", "url": "https://www.kaigokensaku.mhlw.go.jp/38/index.php?action_kouhyou_detail_004_kani=true&JigyosyoCd=3870601717-00&ServiceCd=150&Type=search", "url2": "https://campus.mond.jp/" }, "geometry": { "type": "Point", "coordinates": [ 133.0698882, 33.9100066 ] } },
{ "type": "Feature", "properties": { "内容": "デイサービスなないろ西条南【通所介護】愛媛県西条市大町1176-1", "url": "https://www.kaigokensaku.mhlw.go.jp/38/index.php?action_kouhyou_detail_004_kani=true&JigyosyoCd=3870601741-00&ServiceCd=150&Type=search", "url2": null }, "geometry": { "type": "Point", "coordinates": [ 133.1859531, 33.9044489 ] } },
{ "type": "Feature", "properties": { "内容": "デイサービスセンターなごみ【通所介護】愛媛県西条市周布326番地", "url": "https://www.kaigokensaku.mhlw.go.jp/38/index.php?action_kouhyou_detail_004_kani=true&JigyosyoCd=3871200212-00&ServiceCd=150&Type=search", "url2": "www.nagomi2012.com" }, "geometry": { "type": "Point", "coordinates": [ 133.088164399999982, 33.9259575 ] } },
{ "type": "Feature", "properties": { "内容": "通所介護センターまほろば【通所介護】愛媛県西条市三津屋南10番20", "url": "https://www.kaigokensaku.mhlw.go.jp/38/index.php?action_kouhyou_detail_004_kani=true&JigyosyoCd=3871200220-00&ServiceCd=150&Type=search", "url2": "http://www.koujin.net" }, "geometry": { "type": "Point", "coordinates": [ 133.088831, 33.9311819 ] } },
{ "type": "Feature", "properties": { "内容": "指定通所介護事業所デイサービスセンター光風館【通所介護】愛媛県西条市氷見字上寺丙１９５番地", "url": "https://www.kaigokensaku.mhlw.go.jp/38/index.php?action_kouhyou_detail_004_kani=true&JigyosyoCd=3870600164-00&ServiceCd=150&Type=search", "url2": "http://saijo-seifuukai.or.jp" }, "geometry": { "type": "Point", "coordinates": [ 133.181169700000027, 33.9195105 ] } },
{ "type": "Feature", "properties": { "内容": "ケアプラスデイサービスセンター西条【通所介護】朔日市257-1", "url": "https://www.kaigokensaku.mhlw.go.jp/38/index.php?action_kouhyou_detail_004_kani=true&JigyosyoCd=3870601824-00&ServiceCd=150&Type=search", "url2": "http://carep.jp" }, "geometry": { "type": "Point", "coordinates": [ 133.191142139425637, 33.926766170025765 ] } },
{ "type": "Feature", "properties": { "内容": "デイサービスあゆみ【通所介護】愛媛県西条市河原津甲492番地3", "url": "https://www.kaigokensaku.mhlw.go.jp/38/index.php?action_kouhyou_detail_004_kani=true&JigyosyoCd=3870601519-00&ServiceCd=150&Type=search", "url2": null }, "geometry": { "type": "Point", "coordinates": [ 133.06079020636821, 33.964526289869148 ] } },
{ "type": "Feature", "properties": { "内容": "ＪＡえひめ未来デイサービスセンターいずみの里【通所介護】愛媛県西条市大町980番地4", "url": "https://www.kaigokensaku.mhlw.go.jp/38/index.php?action_kouhyou_detail_004_kani=true&JigyosyoCd=3870600347-00&ServiceCd=150&Type=search", "url2": "http://www.ja-ehimemirai.or.jp" }, "geometry": { "type": "Point", "coordinates": [ 133.190661195492567, 33.908956542268285 ] } },
{ "type": "Feature", "properties": { "内容": "デイサービスセンター春賀【通所介護】愛媛県大洲市春賀甲1655番地", "url": "https://www.kaigokensaku.mhlw.go.jp/38/index.php?action_kouhyou_detail_004_kani=true&JigyosyoCd=3870700105-00&ServiceCd=150&Type=search", "url2": "http://www.ecomnet.or.jp/~ohzuhome" }, "geometry": { "type": "Point", "coordinates": [ 132.554047770808864, 33.563818261717422 ] } },
{ "type": "Feature", "properties": { "内容": "デイサービスセンター東大洲【通所介護】愛媛県大洲市東大洲270番地1", "url": "https://www.kaigokensaku.mhlw.go.jp/38/index.php?action_kouhyou_detail_004_kani=true&JigyosyoCd=3870700428-00&ServiceCd=150&Type=search", "url2": "http://www.ozushakyou.jp" }, "geometry": { "type": "Point", "coordinates": [ 132.555221399999937, 33.5211115 ] } },
{ "type": "Feature", "properties": { "内容": "大洲市老人デイサービスセンター肱流苑【通所介護】愛媛県大洲市肱川町宇和川６５番地１", "url": "https://www.kaigokensaku.mhlw.go.jp/38/index.php?action_kouhyou_detail_004_kani=true&JigyosyoCd=3870700626-00&ServiceCd=150&Type=search", "url2": "www.ozu-johukai.jp" }, "geometry": { "type": "Point", "coordinates": [ 132.655894499999931, 33.4830768 ] } },
{ "type": "Feature", "properties": { "内容": "ケアプラスデイサービスセンター大洲【通所介護】愛媛県大洲市中村649-1", "url": "https://www.kaigokensaku.mhlw.go.jp/38/index.php?action_kouhyou_detail_004_kani=true&JigyosyoCd=3870700691-00&ServiceCd=150&Type=search", "url2": "http://www.carep.jp" }, "geometry": { "type": "Point", "coordinates": [ 132.546188900000061, 33.512951200000018 ] } },
{ "type": "Feature", "properties": { "内容": "デイサービスセンター　ゆうゆう大洲【通所介護】愛媛県大洲市田口甲１８９５番地2", "url": "https://www.kaigokensaku.mhlw.go.jp/38/index.php?action_kouhyou_detail_004_kani=true&JigyosyoCd=3870700907-00&ServiceCd=150&Type=search", "url2": "http://www.yuyusya.co.jp/" }, "geometry": { "type": "Point", "coordinates": [ 132.5634708, 33.5176038 ] } },
{ "type": "Feature", "properties": { "内容": "デイサービスセンター翠星【通所介護】愛媛県大洲市新谷甲43番地", "url": "https://www.kaigokensaku.mhlw.go.jp/38/index.php?action_kouhyou_detail_004_kani=true&JigyosyoCd=3870700931-00&ServiceCd=150&Type=search", "url2": "http://www.shinpukai.co.jp/" }, "geometry": { "type": "Point", "coordinates": [ 132.6134013, 33.5351583 ] } },
{ "type": "Feature", "properties": { "内容": "指定通所介護事業所デイサービス施設とみす寮【通所介護】愛媛県大洲市大洲810番地1", "url": "https://www.kaigokensaku.mhlw.go.jp/38/index.php?action_kouhyou_detail_004_kani=true&JigyosyoCd=3870700154-00&ServiceCd=150&Type=search", "url2": "https://tomisuryou.com/" }, "geometry": { "type": "Point", "coordinates": [ 132.538768484130827, 33.510399377861297 ] } },
{ "type": "Feature", "properties": { "内容": "デイサービス　笑歩会　大洲【通所介護】愛媛県大洲市徳森字小鳥越2632番地3笑歩会　大洲", "url": "https://www.kaigokensaku.mhlw.go.jp/38/index.php?action_kouhyou_detail_004_kani=true&JigyosyoCd=3870700972-00&ServiceCd=150&Type=search", "url2": "http://shouhokai.jp/" }, "geometry": { "type": "Point", "coordinates": [ 132.579081058502197, 33.521889217028495 ] } },
{ "type": "Feature", "properties": { "内容": "複合型介護施設キネマ　デイサービス【通所介護】愛媛県大洲市新谷乙537-1", "url": "https://www.kaigokensaku.mhlw.go.jp/38/index.php?action_kouhyou_detail_004_kani=true&JigyosyoCd=3870700832-00&ServiceCd=150&Type=search", "url2": null }, "geometry": { "type": "Point", "coordinates": [ 132.592042600000013, 33.5346086 ] } },
{ "type": "Feature", "properties": { "内容": "デイサービスセンター　伊予あいじゅ【通所介護】愛媛県伊予市下吾川字北西原1781番地1", "url": "https://www.kaigokensaku.mhlw.go.jp/38/index.php?action_kouhyou_detail_004_kani=true&JigyosyoCd=3871000141-00&ServiceCd=150&Type=search", "url2": "http://www.aijukai-group.com/" }, "geometry": { "type": "Point", "coordinates": [ 132.705166600000013, 33.767281400000016 ] } },
{ "type": "Feature", "properties": { "内容": "デイサービスセンター　もものさと【通所介護】愛媛県伊予市上野580", "url": "https://www.kaigokensaku.mhlw.go.jp/38/index.php?action_kouhyou_detail_004_kani=true&JigyosyoCd=3871000158-00&ServiceCd=150&Type=search", "url2": "http://www.ja-e-chuo.or.jp/public_html/seikatsu/hukusi/fukushi.html" }, "geometry": { "type": "Point", "coordinates": [ 132.741569499999969, 33.7728919 ] } },
{ "type": "Feature", "properties": { "内容": "デイサービスセンター森の園【通所介護】愛媛県伊予市森甲440-1", "url": "https://www.kaigokensaku.mhlw.go.jp/38/index.php?action_kouhyou_detail_004_kani=true&JigyosyoCd=3871000240-00&ServiceCd=150&Type=search", "url2": "http://morinosono.sakura.ne.jp/" }, "geometry": { "type": "Point", "coordinates": [ 132.688376184960134, 33.739082221110635 ] } },
{ "type": "Feature", "properties": { "内容": "デイサービスセンター　ケアフル伊予【通所介護】愛媛県伊予市市場甲1021-3", "url": "https://www.kaigokensaku.mhlw.go.jp/38/index.php?action_kouhyou_detail_004_kani=true&JigyosyoCd=3871000455-00&ServiceCd=150&Type=search", "url2": "http://yamakikai.com" }, "geometry": { "type": "Point", "coordinates": [ 132.7037292, 33.7574293 ] } },
{ "type": "Feature", "properties": { "内容": "医療法人財団尚温会　デイサービスセンターあがわ【通所介護】愛媛県伊予市下吾川１１９－１", "url": "https://www.kaigokensaku.mhlw.go.jp/38/index.php?action_kouhyou_detail_004_kani=true&JigyosyoCd=3871000570-00&ServiceCd=150&Type=search", "url2": "http://www.iyohp.jp" }, "geometry": { "type": "Point", "coordinates": [ 132.714008700000022, 33.7619346 ] } },
{ "type": "Feature", "properties": { "内容": "デイサービスセンターたちばな【通所介護】愛媛県伊予市灘町136番地2", "url": "https://www.kaigokensaku.mhlw.go.jp/38/index.php?action_kouhyou_detail_004_kani=true&JigyosyoCd=3871000745-00&ServiceCd=150&Type=search", "url2": null }, "geometry": { "type": "Point", "coordinates": [ 132.701080299999973, 33.758984200000015 ] } },
{ "type": "Feature", "properties": { "内容": "指定通所介護事業所　なかやま幸梅園【通所介護】愛媛県伊予市中山町中山寅381番地", "url": "https://www.kaigokensaku.mhlw.go.jp/38/index.php?action_kouhyou_detail_004_kani=true&JigyosyoCd=3873500312-00&ServiceCd=150&Type=search", "url2": "http://www.koubaien-b.jp/" }, "geometry": { "type": "Point", "coordinates": [ 132.706624599999941, 33.6386598 ] } },
{ "type": "Feature", "properties": { "内容": "指定通所介護事業所デイサービスセンター双海夕なぎ荘【通所介護】愛媛県伊予市双海町上灘甲5269番地1", "url": "https://www.kaigokensaku.mhlw.go.jp/38/index.php?action_kouhyou_detail_004_kani=true&JigyosyoCd=3873500320-00&ServiceCd=150&Type=search", "url2": "http://www2.odn.ne.jp/~aav34770/" }, "geometry": { "type": "Point", "coordinates": [ 132.649496964370769, 33.685623072783415 ] } },
{ "type": "Feature", "properties": { "内容": "共楽園【通所介護】愛媛県四国中央市寒川町1792番地2", "url": "https://www.kaigokensaku.mhlw.go.jp/38/index.php?action_kouhyou_detail_004_kani=true&JigyosyoCd=3870900051-00&ServiceCd=150&Type=search", "url2": "http://iyo-fsk.com/" }, "geometry": { "type": "Point", "coordinates": [ 133.5166911, 33.963609200000015 ] } },
{ "type": "Feature", "properties": { "内容": "デイサービスセンターやすらぎ【通所介護】愛媛県四国中央市金生町下分969番地の1", "url": "https://www.kaigokensaku.mhlw.go.jp/38/index.php?action_kouhyou_detail_004_kani=true&JigyosyoCd=3871300244-00&ServiceCd=150&Type=search", "url2": null }, "geometry": { "type": "Point", "coordinates": [ 133.576772600000027, 33.9997189 ] } },
{ "type": "Feature", "properties": { "内容": "生協宇摩リハビリデイサービス【通所介護】愛媛県四国中央市寒川町2912-1", "url": "https://www.kaigokensaku.mhlw.go.jp/38/index.php?action_kouhyou_detail_004_kani=true&JigyosyoCd=3810910178-00&ServiceCd=150&Type=search", "url2": "https://www.ehime-med.or.jp/index.php" }, "geometry": { "type": "Point", "coordinates": [ 133.5076316, 33.9672817 ] } },
{ "type": "Feature", "properties": { "内容": "かわのえ【通所介護】愛媛県四国中央市川之江町長須７１3番地", "url": "https://www.kaigokensaku.mhlw.go.jp/38/index.php?action_kouhyou_detail_004_kani=true&JigyosyoCd=3870800103-00&ServiceCd=150&Type=search", "url2": "https://www.care-net.biz/38/kawanoesou/company.php" }, "geometry": { "type": "Point", "coordinates": [ 133.586721300000022, 34.030553200000014 ] } },
{ "type": "Feature", "properties": { "内容": "樋谷荘【通所介護】愛媛県四国中央市上分町乙8番地2", "url": "https://www.kaigokensaku.mhlw.go.jp/38/index.php?action_kouhyou_detail_004_kani=true&JigyosyoCd=3870800178-00&ServiceCd=150&Type=search", "url2": "https://www.aibikai.jp/" }, "geometry": { "type": "Point", "coordinates": [ 133.587130300000013, 33.9803829 ] } },
{ "type": "Feature", "properties": { "内容": "JAうまデイサービスセンターあったか荘川之江【通所介護】愛媛県四国中央市妻鳥町1525", "url": "https://www.kaigokensaku.mhlw.go.jp/38/index.php?action_kouhyou_detail_004_kani=true&JigyosyoCd=3870800251-00&ServiceCd=150&Type=search", "url2": null }, "geometry": { "type": "Point", "coordinates": [ 133.571734500000048, 33.9908868 ] } },
{ "type": "Feature", "properties": { "内容": "デイサービスセンターしあわせの家【通所介護】愛媛県四国中央市豊岡町大町字東原2786番地2", "url": "https://www.kaigokensaku.mhlw.go.jp/38/index.php?action_kouhyou_detail_004_kani=true&JigyosyoCd=3870900309-00&ServiceCd=150&Type=search", "url2": "http://shiawasenoie.jp/" }, "geometry": { "type": "Point", "coordinates": [ 133.490057200000024, 33.9577345 ] } },
{ "type": "Feature", "properties": { "内容": "ＪＡうまデイサービスセンターあったか荘土居【通所介護】愛媛県四国中央市土居町土居885-1", "url": "https://www.kaigokensaku.mhlw.go.jp/38/index.php?action_kouhyou_detail_004_kani=true&JigyosyoCd=3871300129-00&ServiceCd=150&Type=search", "url2": null }, "geometry": { "type": "Point", "coordinates": [ 133.420991800000024, 33.9570437 ] } },
{ "type": "Feature", "properties": { "内容": "デイサービスひかり【通所介護】愛媛県四国中央市三島金子1丁目4番31号", "url": "https://www.kaigokensaku.mhlw.go.jp/38/index.php?action_kouhyou_detail_004_kani=true&JigyosyoCd=3871300145-00&ServiceCd=150&Type=search", "url2": null }, "geometry": { "type": "Point", "coordinates": [ 133.5379845, 33.9816129 ] } },
{ "type": "Feature", "properties": { "内容": "デイサービス菜の花【通所介護】愛媛県四国中央市中之庄町59番1", "url": "https://www.kaigokensaku.mhlw.go.jp/38/index.php?action_kouhyou_detail_004_kani=true&JigyosyoCd=3871300277-00&ServiceCd=150&Type=search", "url2": "http://care-net.biz/38/nanohana/" }, "geometry": { "type": "Point", "coordinates": [ 133.529037799999969, 33.975027400000023 ] } },
{ "type": "Feature", "properties": { "内容": "デイサービスセンター・スマイル【通所介護】愛媛県四国中央市土居町土居1105-1", "url": "https://www.kaigokensaku.mhlw.go.jp/38/index.php?action_kouhyou_detail_004_kani=true&JigyosyoCd=3871300442-00&ServiceCd=150&Type=search", "url2": "https://yuyusya.co.jp/" }, "geometry": { "type": "Point", "coordinates": [ 133.415570537434434, 33.952207498445738 ] } },
{ "type": "Feature", "properties": { "内容": "JAうまデイサービスセンターあったか荘三島【通所介護】中之庄町1684-4", "url": "https://www.kaigokensaku.mhlw.go.jp/38/index.php?action_kouhyou_detail_004_kani=true&JigyosyoCd=3871300517-00&ServiceCd=150&Type=search", "url2": null }, "geometry": { "type": "Point", "coordinates": [ 133.531786357810915, 33.98007119729747 ] } },
{ "type": "Feature", "properties": { "内容": "通所介護事業所くりのみ土居【通所介護】愛媛県四国中央市土居町津根3008-1", "url": "https://www.kaigokensaku.mhlw.go.jp/38/index.php?action_kouhyou_detail_004_kani=true&JigyosyoCd=3871300574-00&ServiceCd=150&Type=search", "url2": null }, "geometry": { "type": "Point", "coordinates": [ 133.45356860000004, 33.9663965 ] } },
{ "type": "Feature", "properties": { "内容": "デイサービス　きずな【通所介護】愛媛県四国中央市中之庄町462番地１のんびりライフタウンかがやき１F", "url": "https://www.kaigokensaku.mhlw.go.jp/38/index.php?action_kouhyou_detail_004_kani=true&JigyosyoCd=3871300699-00&ServiceCd=150&Type=search", "url2": "http://kagayaki2012.com" }, "geometry": { "type": "Point", "coordinates": [ 133.53395365886081, 33.977654599757791 ] } },
{ "type": "Feature", "properties": { "内容": "デイサービスセンターなないろ【通所介護】中曽根町1051番地", "url": "https://www.kaigokensaku.mhlw.go.jp/38/index.php?action_kouhyou_detail_004_kani=true&JigyosyoCd=3871300855-00&ServiceCd=150&Type=search", "url2": "http://www.hiro-homepage4.com/" }, "geometry": { "type": "Point", "coordinates": [ 133.556286199999931, 33.9710232 ] } },
{ "type": "Feature", "properties": { "内容": "デイサービス　かがやき【通所介護】愛媛県四国中央市寒川町７５８番地１のんびりライフかがやき", "url": "https://www.kaigokensaku.mhlw.go.jp/38/index.php?action_kouhyou_detail_004_kani=true&JigyosyoCd=3871300889-00&ServiceCd=150&Type=search", "url2": "http://kagayaki2012.com" }, "geometry": { "type": "Point", "coordinates": [ 133.519527299999936, 33.9705584 ] } },
{ "type": "Feature", "properties": { "内容": "ケアプラザ「サン愛」三島事業所【通所介護】愛媛県四国中央市中之庄町621-1", "url": "https://www.kaigokensaku.mhlw.go.jp/38/index.php?action_kouhyou_detail_004_kani=true&JigyosyoCd=3871300947-00&ServiceCd=150&Type=search", "url2": "http://www.sun-i.biz/" }, "geometry": { "type": "Point", "coordinates": [ 133.536148499999967, 33.974636 ] } },
{ "type": "Feature", "properties": { "内容": "通所介護事業所　ひうち荘【通所介護】愛媛県四国中央市土居町津根2639", "url": "https://www.kaigokensaku.mhlw.go.jp/38/index.php?action_kouhyou_detail_004_kani=true&JigyosyoCd=3871301036-00&ServiceCd=150&Type=search", "url2": "https://www.aibikai.jp/" }, "geometry": { "type": "Point", "coordinates": [ 133.45856651786039, 33.966877954266394 ] } },
{ "type": "Feature", "properties": { "内容": "デイサービスセンターさくらスマイル【通所介護】土居町畑野713-7", "url": "https://www.kaigokensaku.mhlw.go.jp/38/index.php?action_kouhyou_detail_004_kani=true&JigyosyoCd=3871301150-00&ServiceCd=150&Type=search", "url2": "http://www.yuyusya.co.jp/" }, "geometry": { "type": "Point", "coordinates": [ 133.4098126, 33.9484278 ] } },
{ "type": "Feature", "properties": { "内容": "指定通所介護事業所　みどり荘【通所介護】愛媛県四国中央市中之庄町542", "url": "https://www.kaigokensaku.mhlw.go.jp/38/index.php?action_kouhyou_detail_004_kani=true&JigyosyoCd=3871301218-00&ServiceCd=150&Type=search", "url2": "https://www.aibikai.jp" }, "geometry": { "type": "Point", "coordinates": [ 133.534854099999961, 33.9768912 ] } },
{ "type": "Feature", "properties": { "内容": "デイサービスいきいき【通所介護】愛媛県四国中央市金生町下分１３４８番地１", "url": "https://www.kaigokensaku.mhlw.go.jp/38/index.php?action_kouhyou_detail_004_kani=true&JigyosyoCd=3871301267-00&ServiceCd=150&Type=search", "url2": "http://meisei-hasegawa.com" }, "geometry": { "type": "Point", "coordinates": [ 133.5809, 33.9985663 ] } },
{ "type": "Feature", "properties": { "内容": "デイサービスセンターなないろ豊岡【通所介護】愛媛県四国中央市豊岡町長田1655番地1", "url": "https://www.kaigokensaku.mhlw.go.jp/38/index.php?action_kouhyou_detail_004_kani=true&JigyosyoCd=3871301291-00&ServiceCd=150&Type=search", "url2": "https://nanairo-toyooka.webnode.jp/" }, "geometry": { "type": "Point", "coordinates": [ 133.476517199999989, 33.9657735 ] } },
{ "type": "Feature", "properties": { "内容": "デイサービスセンター　三島の杜【通所介護】愛媛県四国中央市上柏町２０２番地１地域密着型介護老人福祉施設三島の杜", "url": "https://www.kaigokensaku.mhlw.go.jp/38/index.php?action_kouhyou_detail_004_kani=true&JigyosyoCd=3871301481-00&ServiceCd=150&Type=search", "url2": "http://www.aibikai.jp/" }, "geometry": { "type": "Point", "coordinates": [ 133.5611937, 33.9800974 ] } },
{ "type": "Feature", "properties": { "内容": "デイサービスセンターしあわせの家寒川【通所介護】愛媛県四国中央市寒川町3677", "url": "https://www.kaigokensaku.mhlw.go.jp/38/index.php?action_kouhyou_detail_004_kani=true&JigyosyoCd=3871301556-00&ServiceCd=150&Type=search", "url2": "http://shiawasenoie.jp/" }, "geometry": { "type": "Point", "coordinates": [ 133.505469299999987, 33.9665576 ] } },
{ "type": "Feature", "properties": { "内容": "デイサービス「ふれあい」【通所介護】愛媛県四国中央市金生町下分1243番地の1", "url": "https://www.kaigokensaku.mhlw.go.jp/38/index.php?action_kouhyou_detail_004_kani=true&JigyosyoCd=3870800236-00&ServiceCd=150&Type=search", "url2": "http://meisei-hasegawa.com/" }, "geometry": { "type": "Point", "coordinates": [ 133.580270463865787, 33.997553446821662 ] } },
{ "type": "Feature", "properties": { "内容": "デイサービス　ほのぼの【通所介護】愛媛県四国中央市金生町下分１３３０番地", "url": "https://www.kaigokensaku.mhlw.go.jp/38/index.php?action_kouhyou_detail_004_kani=true&JigyosyoCd=3871301259-00&ServiceCd=150&Type=search", "url2": "http://meisei-hasegawa.com/publics/index/23/" }, "geometry": { "type": "Point", "coordinates": [ 133.580305599999946, 33.9996883 ] } },
{ "type": "Feature", "properties": { "内容": "リハビリデイサービスたんぽぽ【通所介護】愛媛県四国中央市金生町下分1330番地ハートケアタウン陽だまり1階", "url": "https://www.kaigokensaku.mhlw.go.jp/38/index.php?action_kouhyou_detail_004_kani=true&JigyosyoCd=3871301366-00&ServiceCd=150&Type=search", "url2": "http://meisei-hasegawa.com" }, "geometry": { "type": "Point", "coordinates": [ 133.580357648409972, 33.999368995347837 ] } },
{ "type": "Feature", "properties": { "内容": "医療法人明生会デイサービス花みかん【通所介護】愛媛県四国中央市妻鳥町2501ｰ1ハートケアガーデンほほえみ１階", "url": "https://www.kaigokensaku.mhlw.go.jp/38/index.php?action_kouhyou_detail_004_kani=true&JigyosyoCd=3871301564-00&ServiceCd=150&Type=search", "url2": "https://meisei-hasegawa.com/pages/235/" }, "geometry": { "type": "Point", "coordinates": [ 133.5698964, 33.9938068 ] } },
{ "type": "Feature", "properties": { "内容": "デイサービスセンターまほろば【通所介護】愛媛県西予市三瓶町朝立2-1-7", "url": "https://www.kaigokensaku.mhlw.go.jp/38/index.php?action_kouhyou_detail_004_kani=true&JigyosyoCd=3873700375-00&ServiceCd=150&Type=search", "url2": null }, "geometry": { "type": "Point", "coordinates": [ 132.42526010000006, 33.3846535 ] } },
{ "type": "Feature", "properties": { "内容": "デイサービスセンター蒼月【通所介護】愛媛県西予市宇和町岡山545番地", "url": "https://www.kaigokensaku.mhlw.go.jp/38/index.php?action_kouhyou_detail_004_kani=true&JigyosyoCd=3871400283-00&ServiceCd=150&Type=search", "url2": "http://www5.ocn.ne.jp/~shinpu/" }, "geometry": { "type": "Point", "coordinates": [ 132.505575099999987, 33.4232874 ] } },
{ "type": "Feature", "properties": { "内容": "デイサービス　ねぶの花【通所介護】愛媛県西予市宇和町卯之町五丁目1番地4", "url": "https://www.kaigokensaku.mhlw.go.jp/38/index.php?action_kouhyou_detail_004_kani=true&JigyosyoCd=3871400606-00&ServiceCd=150&Type=search", "url2": null }, "geometry": { "type": "Point", "coordinates": [ 132.528440899999964, 33.3618651 ] } },
{ "type": "Feature", "properties": { "内容": "デイサービスセンター　めぐみの里【通所介護】愛媛県西予市明浜町俵津4番耕地44番地", "url": "https://www.kaigokensaku.mhlw.go.jp/38/index.php?action_kouhyou_detail_004_kani=true&JigyosyoCd=3871400671-00&ServiceCd=150&Type=search", "url2": "http://care-net.biz/38/hyakushouikki/" }, "geometry": { "type": "Point", "coordinates": [ 132.490962, 33.326099 ] } },
{ "type": "Feature", "properties": { "内容": "デイサービスセンター寿楽苑【通所介護】愛媛県西予市城川町魚成7026番地1", "url": "https://www.kaigokensaku.mhlw.go.jp/38/index.php?action_kouhyou_detail_004_kani=true&JigyosyoCd=3871400705-00&ServiceCd=150&Type=search", "url2": "http://noshiro-f.jp/" }, "geometry": { "type": "Point", "coordinates": [ 132.731020599999965, 33.379989 ] } },
{ "type": "Feature", "properties": { "内容": "デイサービスセンター　海里【通所介護】愛媛県西予市明浜町俵津4-69-1", "url": "https://www.kaigokensaku.mhlw.go.jp/38/index.php?action_kouhyou_detail_004_kani=true&JigyosyoCd=3871400754-00&ServiceCd=150&Type=search", "url2": "http://care-net.biz/38/hyakushouikki/b33.php" }, "geometry": { "type": "Point", "coordinates": [ 132.486361378295925, 33.328057785626051 ] } },
{ "type": "Feature", "properties": { "内容": "福祉の里デイサービスセンター【通所介護】愛媛県西予市宇和町久枝甲1442番地1", "url": "https://www.kaigokensaku.mhlw.go.jp/38/index.php?action_kouhyou_detail_004_kani=true&JigyosyoCd=3873800191-00&ServiceCd=150&Type=search", "url2": "http//www.seiyofukusi.com/" }, "geometry": { "type": "Point", "coordinates": [ 132.49583, 33.3618557 ] } },
{ "type": "Feature", "properties": { "内容": "デイサービスセンター・バンブー【通所介護】愛媛県西予市野村町野村11-110", "url": "https://www.kaigokensaku.mhlw.go.jp/38/index.php?action_kouhyou_detail_004_kani=true&JigyosyoCd=3871400192-00&ServiceCd=150&Type=search", "url2": "http://iseki-mc.wixsite.com/iseki-mc" }, "geometry": { "type": "Point", "coordinates": [ 132.643929599999979, 33.3722375 ] } },
{ "type": "Feature", "properties": { "内容": "デイサービス　さくら【通所介護】愛媛県西予市宇和町山田１５５８番地", "url": "https://www.kaigokensaku.mhlw.go.jp/38/index.php?action_kouhyou_detail_004_kani=true&JigyosyoCd=3871400523-00&ServiceCd=150&Type=search", "url2": null }, "geometry": { "type": "Point", "coordinates": [ 132.476934, 33.3753173 ] } },
{ "type": "Feature", "properties": { "内容": "リハビリ専門デイサービス歩【通所介護】愛媛県西予市宇和町卯之町3-486", "url": "https://www.kaigokensaku.mhlw.go.jp/38/index.php?action_kouhyou_detail_004_kani=true&JigyosyoCd=3871400838-00&ServiceCd=150&Type=search", "url2": "http://www.seiyofukushi.com/" }, "geometry": { "type": "Point", "coordinates": [ 132.512953912689255, 33.361222412640309 ] } },
{ "type": "Feature", "properties": { "内容": "デイサービスセンターふれあい【通所介護】愛媛県西予市野村町野村13号288番地", "url": "https://www.kaigokensaku.mhlw.go.jp/38/index.php?action_kouhyou_detail_004_kani=true&JigyosyoCd=3873800217-00&ServiceCd=150&Type=search", "url2": "http://noshiro-f.jp/" }, "geometry": { "type": "Point", "coordinates": [ 132.639541656756649, 33.377551257834163 ] } },
{ "type": "Feature", "properties": { "内容": "デイサービスはなみずき【通所介護】愛媛県西予市宇和町坂戸437番地", "url": "https://www.kaigokensaku.mhlw.go.jp/38/index.php?action_kouhyou_detail_004_kani=true&JigyosyoCd=3871400739-00&ServiceCd=150&Type=search", "url2": "http://www.hanamizuki-seiyo.com" }, "geometry": { "type": "Point", "coordinates": [ 132.505792165112354, 33.389912201654006 ] } },
{ "type": "Feature", "properties": { "内容": "つながるデイサービス【通所介護】愛媛県東温市南野田３３番２", "url": "https://www.kaigokensaku.mhlw.go.jp/38/index.php?action_kouhyou_detail_004_kani=true&JigyosyoCd=3871500249-00&ServiceCd=150&Type=search", "url2": "https://www.tsunagaru-genki.com/" }, "geometry": { "type": "Point", "coordinates": [ 132.843611158356083, 33.789364300927659 ] } },
{ "type": "Feature", "properties": { "内容": "デイサービスセンターあ・ベンチ【通所介護】愛媛県東温市下林別府甲1939-3", "url": "https://www.kaigokensaku.mhlw.go.jp/38/index.php?action_kouhyou_detail_004_kani=true&JigyosyoCd=3871500280-00&ServiceCd=150&Type=search", "url2": "http://abench.sakura.ne.jp" }, "geometry": { "type": "Point", "coordinates": [ 132.870365799999973, 33.7774836 ] } },
{ "type": "Feature", "properties": { "内容": "デイサービスだん【通所介護】愛媛県東温市南方222", "url": "https://www.kaigokensaku.mhlw.go.jp/38/index.php?action_kouhyou_detail_004_kani=true&JigyosyoCd=3871500363-00&ServiceCd=150&Type=search", "url2": "https://day-dan.jimdofree.com/" }, "geometry": { "type": "Point", "coordinates": [ 132.915633299999968, 33.7995814 ] } },
{ "type": "Feature", "properties": { "内容": "デイサービス　ガリラヤ荘【通所介護】愛媛県東温市南方1766番地1", "url": "https://www.kaigokensaku.mhlw.go.jp/38/index.php?action_kouhyou_detail_004_kani=true&JigyosyoCd=3873300127-00&ServiceCd=150&Type=search", "url2": "https://www.ailinen.jp/" }, "geometry": { "type": "Point", "coordinates": [ 132.897862120237733, 33.797638215262488 ] } },
{ "type": "Feature", "properties": { "内容": "デイサービスセンターウェルケア重信【通所介護】愛媛県東温市北野田５３３番１", "url": "https://www.kaigokensaku.mhlw.go.jp/38/index.php?action_kouhyou_detail_004_kani=true&JigyosyoCd=3873300218-00&ServiceCd=150&Type=search", "url2": "http://kikuju.or.jp/" }, "geometry": { "type": "Point", "coordinates": [ 132.832910800000036, 33.7934473 ] } },
{ "type": "Feature", "properties": { "内容": "指定通所介護事業所デイサービスセンターあいくる【通所介護】愛媛県東温市志津川甲83番地1", "url": "https://www.kaigokensaku.mhlw.go.jp/38/index.php?action_kouhyou_detail_004_kani=true&JigyosyoCd=3873300226-00&ServiceCd=150&Type=search", "url2": "http:/www.kikuju.ftw.jp/" }, "geometry": { "type": "Point", "coordinates": [ 132.8728489, 33.796737 ] } },
{ "type": "Feature", "properties": { "内容": "デイサービスセンターplum【通所介護】愛媛県東温市野田3丁目1-13", "url": "https://www.kaigokensaku.mhlw.go.jp/38/index.php?action_kouhyou_detail_004_kani=true&JigyosyoCd=3871500371-00&ServiceCd=150&Type=search", "url2": "https://umemoto.clinic/" }, "geometry": { "type": "Point", "coordinates": [ 132.835558158676321, 33.795720358109634 ] } },
{ "type": "Feature", "properties": { "内容": "美川デイサービスセンター【通所介護】愛媛県上浮穴郡久万高原町上黒岩2920番地１", "url": "https://www.kaigokensaku.mhlw.go.jp/38/index.php?action_kouhyou_detail_004_kani=true&JigyosyoCd=3873400406-00&ServiceCd=150&Type=search", "url2": "http://www.kumakougen-shakyo.or.jp/" }, "geometry": { "type": "Point", "coordinates": [ 132.976153, 33.6144269 ] } },
{ "type": "Feature", "properties": { "内容": "指定通所介護事業所デイサービスセンター久万の里【通所介護】愛媛県上浮穴郡久万高原町菅生3番耕地580番地24", "url": "https://www.kaigokensaku.mhlw.go.jp/38/index.php?action_kouhyou_detail_004_kani=true&JigyosyoCd=3873400109-00&ServiceCd=150&Type=search", "url2": "http://kikuju.or.jp/" }, "geometry": { "type": "Point", "coordinates": [ 132.911164800000051, 33.6481232 ] } },
{ "type": "Feature", "properties": { "内容": "デイサービスセンター直瀬【通所介護】愛媛県上浮穴郡久万高原町直瀬甲3974番地6", "url": "https://www.kaigokensaku.mhlw.go.jp/38/index.php?action_kouhyou_detail_004_kani=true&JigyosyoCd=3873400281-00&ServiceCd=150&Type=search", "url2": null }, "geometry": { "type": "Point", "coordinates": [ 132.959636400000022, 33.704731 ] } },
{ "type": "Feature", "properties": { "内容": "こころ【通所介護】愛媛県伊予郡松前町大間225", "url": "https://www.kaigokensaku.mhlw.go.jp/38/index.php?action_kouhyou_detail_004_kani=true&JigyosyoCd=3873500619-00&ServiceCd=150&Type=search", "url2": null }, "geometry": { "type": "Point", "coordinates": [ 132.738278199999968, 33.7984253 ] } },
{ "type": "Feature", "properties": { "内容": "通所介護事業所スイムアンドデイ【通所介護】愛媛県伊予郡松前町南黒田428番地1", "url": "https://www.kaigokensaku.mhlw.go.jp/38/index.php?action_kouhyou_detail_004_kani=true&JigyosyoCd=3873500825-00&ServiceCd=150&Type=search", "url2": null }, "geometry": { "type": "Point", "coordinates": [ 132.708786799999984, 33.7770215 ] } },
{ "type": "Feature", "properties": { "内容": "セルフ-クリエイト　くるみ【通所介護】愛媛県伊予郡松前町北黒田679-1", "url": "https://www.kaigokensaku.mhlw.go.jp/38/index.php?action_kouhyou_detail_004_kani=true&JigyosyoCd=3873501062-00&ServiceCd=150&Type=search", "url2": "https://qualia-kurumi.com/" }, "geometry": { "type": "Point", "coordinates": [ 132.704461222090089, 33.779559905940921 ] } },
{ "type": "Feature", "properties": { "内容": "指定通所介護事業所　鶴寿荘【通所介護】愛媛県伊予郡松前町大字鶴吉635番地1", "url": "https://www.kaigokensaku.mhlw.go.jp/38/index.php?action_kouhyou_detail_004_kani=true&JigyosyoCd=3873500239-00&ServiceCd=150&Type=search", "url2": "http://kakuju.or.jp/" }, "geometry": { "type": "Point", "coordinates": [ 132.735822900000016, 33.782838 ] } },
{ "type": "Feature", "properties": { "内容": "デイサービスセンター玉泉【通所介護】愛媛県伊予郡松前町大字北川原33番地1", "url": "https://www.kaigokensaku.mhlw.go.jp/38/index.php?action_kouhyou_detail_004_kani=true&JigyosyoCd=3873500494-00&ServiceCd=150&Type=search", "url2": "http://www.angel-welfare.jp/" }, "geometry": { "type": "Point", "coordinates": [ 132.713016399999987, 33.7993023 ] } },
{ "type": "Feature", "properties": { "内容": "デイサ－ビスセンターのどか【通所介護】愛媛県伊予郡松前町大字北黒田173番地1", "url": "https://www.kaigokensaku.mhlw.go.jp/38/index.php?action_kouhyou_detail_004_kani=true&JigyosyoCd=3873500684-00&ServiceCd=150&Type=search", "url2": null }, "geometry": { "type": "Point", "coordinates": [ 132.713389, 33.781785 ] } },
{ "type": "Feature", "properties": { "内容": "ベストケア・デイサービスセンター松前【通所介護】愛媛県伊予郡松前町北黒田242-5", "url": "https://www.kaigokensaku.mhlw.go.jp/38/index.php?action_kouhyou_detail_004_kani=true&JigyosyoCd=3873500718-00&ServiceCd=150&Type=search", "url2": "http://www.best-care.jp/" }, "geometry": { "type": "Point", "coordinates": [ 132.710945980890841, 33.780759906397513 ] } },
{ "type": "Feature", "properties": { "内容": "医療法人財団尚温会デイサービスセンターたかやなぎ【通所介護】愛媛県伊予郡松前町西高柳258番地", "url": "https://www.kaigokensaku.mhlw.go.jp/38/index.php?action_kouhyou_detail_004_kani=true&JigyosyoCd=3873500791-00&ServiceCd=150&Type=search", "url2": "http://www.iyohp.jp" }, "geometry": { "type": "Point", "coordinates": [ 132.715621599999963, 33.8036796 ] } },
{ "type": "Feature", "properties": { "内容": "ケアフィット松前【通所介護】愛媛県伊予郡松前町北黒田２４２番地１", "url": "https://www.kaigokensaku.mhlw.go.jp/38/index.php?action_kouhyou_detail_004_kani=true&JigyosyoCd=3873500858-00&ServiceCd=150&Type=search", "url2": "http://www.best-care.jp/" }, "geometry": { "type": "Point", "coordinates": [ 132.710594899999933, 33.780701700000016 ] } },
{ "type": "Feature", "properties": { "内容": "デイサービスセンターエンゼルなかがわら【通所介護】愛媛県伊予郡松前町大字中川原168番地1", "url": "https://www.kaigokensaku.mhlw.go.jp/38/index.php?action_kouhyou_detail_004_kani=true&JigyosyoCd=3873500965-00&ServiceCd=150&Type=search", "url2": "http://www.angel-welfare.jp/" }, "geometry": { "type": "Point", "coordinates": [ 132.754615899999976, 33.7971953 ] } },
{ "type": "Feature", "properties": { "内容": "デイサービス　未来まさき【通所介護】愛媛県伊予郡松前町東古泉１番地９", "url": "https://www.kaigokensaku.mhlw.go.jp/38/index.php?action_kouhyou_detail_004_kani=true&JigyosyoCd=3873501211-00&ServiceCd=150&Type=search", "url2": null }, "geometry": { "type": "Point", "coordinates": [ 132.71380025530982, 33.783525904861193 ] } },
{ "type": "Feature", "properties": { "内容": "デイサービスセンターれもん【通所介護】愛媛県伊予郡松前町恵久美８０４番１", "url": "https://www.kaigokensaku.mhlw.go.jp/38/index.php?action_kouhyou_detail_004_kani=true&JigyosyoCd=3873501278-00&ServiceCd=150&Type=search", "url2": "https://mikankai.com/" }, "geometry": { "type": "Point", "coordinates": [ 132.7276587, 33.7988598 ] } },
{ "type": "Feature", "properties": { "内容": "松前社協デイサービスセンターみどり【通所介護】愛媛県伊予郡松前町大字筒井710番地1松前町総合福祉センター内1階", "url": "https://www.kaigokensaku.mhlw.go.jp/38/index.php?action_kouhyou_detail_004_kani=true&JigyosyoCd=3873500395-00&ServiceCd=150&Type=search", "url2": "http://www.ecomnet.or.jp/~masaki-shakyou" }, "geometry": { "type": "Point", "coordinates": [ 132.712575099999981, 33.787101 ] } },
{ "type": "Feature", "properties": { "内容": "デイサービスセンター福家【通所介護】愛媛県伊予郡松前町北黒田680番地", "url": "https://www.kaigokensaku.mhlw.go.jp/38/index.php?action_kouhyou_detail_004_kani=true&JigyosyoCd=3873501021-00&ServiceCd=150&Type=search", "url2": null }, "geometry": { "type": "Point", "coordinates": [ 132.704704338623088, 33.779521872512483 ] } },
{ "type": "Feature", "properties": { "内容": "砥部町デイサービスセンター【通所介護】愛媛県伊予郡砥部町総津３９８番地", "url": "https://www.kaigokensaku.mhlw.go.jp/38/index.php?action_kouhyou_detail_004_kani=true&JigyosyoCd=3873500742-00&ServiceCd=150&Type=search", "url2": "https://koujyukai-hirota.com" }, "geometry": { "type": "Point", "coordinates": [ 132.798693500000013, 33.6304188 ] } },
{ "type": "Feature", "properties": { "内容": "デイサービスセンターあったか【通所介護】愛媛県伊予郡砥部町高尾田1171-2", "url": "https://www.kaigokensaku.mhlw.go.jp/38/index.php?action_kouhyou_detail_004_kani=true&JigyosyoCd=3873501070-00&ServiceCd=150&Type=search", "url2": "https://tobe-k.com" }, "geometry": { "type": "Point", "coordinates": [ 132.796186400000011, 33.7771483 ] } },
{ "type": "Feature", "properties": { "内容": "デイサービスセンターTo-be【通所介護】伊予郡砥部町麻生38-1", "url": "https://www.kaigokensaku.mhlw.go.jp/38/index.php?action_kouhyou_detail_004_kani=true&JigyosyoCd=3873501138-00&ServiceCd=150&Type=search", "url2": "to-be.daysurvice@tobebyouin.com" }, "geometry": { "type": "Point", "coordinates": [ 132.789928530190991, 33.781326788192985 ] } },
{ "type": "Feature", "properties": { "内容": "デイフィットＡＳＲＥ和とべ【通所介護】愛媛県伊予郡砥部町重光181－４", "url": "https://www.kaigokensaku.mhlw.go.jp/38/index.php?action_kouhyou_detail_004_kani=true&JigyosyoCd=3873501187-00&ServiceCd=150&Type=search", "url2": "http://asreyamato.co.jp/" }, "geometry": { "type": "Point", "coordinates": [ 132.7828432, 33.7855583 ] } },
{ "type": "Feature", "properties": { "内容": "デイサービス　ほわいと・とべ【通所介護】愛媛県伊予郡砥部町大南457", "url": "https://www.kaigokensaku.mhlw.go.jp/38/index.php?action_kouhyou_detail_004_kani=true&JigyosyoCd=3873501252-00&ServiceCd=150&Type=search", "url2": "https://www.kaigohowaito.jp" }, "geometry": { "type": "Point", "coordinates": [ 132.793516100000033, 33.738935300000044 ] } },
{ "type": "Feature", "properties": { "内容": "ユーミーケア内子デイサービス【通所介護】愛媛県喜多郡内子町内子251番1", "url": "https://www.kaigokensaku.mhlw.go.jp/38/index.php?action_kouhyou_detail_004_kani=true&JigyosyoCd=3873600534-00&ServiceCd=150&Type=search", "url2": "http://www.you-me-care.co.jp" }, "geometry": { "type": "Point", "coordinates": [ 132.647525520237707, 33.549306095343645 ] } },
{ "type": "Feature", "properties": { "内容": "デイサービス内子さくら【通所介護】愛媛県喜多郡内子町内子4271－15", "url": "https://www.kaigokensaku.mhlw.go.jp/38/index.php?action_kouhyou_detail_004_kani=true&JigyosyoCd=3873600559-00&ServiceCd=150&Type=search", "url2": null }, "geometry": { "type": "Point", "coordinates": [ 132.643628441850296, 33.555804808169995 ] } },
{ "type": "Feature", "properties": { "内容": "デイサービスセンターやすらぎ【通所介護】愛媛県喜多郡内子町内子716番地", "url": "https://www.kaigokensaku.mhlw.go.jp/38/index.php?action_kouhyou_detail_004_kani=true&JigyosyoCd=3873600583-00&ServiceCd=150&Type=search", "url2": "https://pupu-forcecorp.ssl-lolipop.jp/yasuragi/" }, "geometry": { "type": "Point", "coordinates": [ 132.64789, 33.5446974 ] } },
{ "type": "Feature", "properties": { "内容": "瀬戸デイサービスセンター【通所介護】愛媛県西宇和郡伊方町三机乙1087番地1", "url": "https://www.kaigokensaku.mhlw.go.jp/38/index.php?action_kouhyou_detail_004_kani=true&JigyosyoCd=3873700516-00&ServiceCd=150&Type=search", "url2": "http://www.shakyo.or.jp/hp/1487/" }, "geometry": { "type": "Point", "coordinates": [ 132.244409099999984, 33.4566436 ] } },
{ "type": "Feature", "properties": { "内容": "伊方老人デイサービスセンター【通所介護】愛媛県西宇和郡伊方町湊浦871番地2", "url": "https://www.kaigokensaku.mhlw.go.jp/38/index.php?action_kouhyou_detail_004_kani=true&JigyosyoCd=3873700532-00&ServiceCd=150&Type=search", "url2": null }, "geometry": { "type": "Point", "coordinates": [ 132.355625599999939, 33.4898238 ] } },
{ "type": "Feature", "properties": { "内容": "三崎デイサービスセンター【通所介護】愛媛県西宇和郡伊方町三崎1700番地16　三崎保健福祉センター", "url": "https://www.kaigokensaku.mhlw.go.jp/38/index.php?action_kouhyou_detail_004_kani=true&JigyosyoCd=3873700540-00&ServiceCd=150&Type=search", "url2": null }, "geometry": { "type": "Point", "coordinates": [ 132.11652, 33.391376 ] } },
{ "type": "Feature", "properties": { "内容": "ディサービスセンター瀬戸あいじゅ【通所介護】愛媛県西宇和郡伊方町川之浜５９４", "url": "https://www.kaigokensaku.mhlw.go.jp/38/index.php?action_kouhyou_detail_004_kani=true&JigyosyoCd=3873700359-00&ServiceCd=150&Type=search", "url2": "http://aijukai-group.com" }, "geometry": { "type": "Point", "coordinates": [ 132.229136299999936, 33.4264078 ] } },
{ "type": "Feature", "properties": { "内容": "デイサービスセンター　なごみ【通所介護】愛媛県北宇和郡松野町大字豊岡3063", "url": "https://www.kaigokensaku.mhlw.go.jp/38/index.php?action_kouhyou_detail_004_kani=true&JigyosyoCd=3873900512-00&ServiceCd=150&Type=search", "url2": "http://www.nagomisou.com/" }, "geometry": { "type": "Point", "coordinates": [ 132.703896399999962, 33.2303193 ] } },
{ "type": "Feature", "properties": { "内容": "デイサービス虹【通所介護】愛媛県北宇和郡松野町大字豊岡3011番地1", "url": "https://www.kaigokensaku.mhlw.go.jp/38/index.php?action_kouhyou_detail_004_kani=true&JigyosyoCd=3873900876-00&ServiceCd=150&Type=search", "url2": null }, "geometry": { "type": "Point", "coordinates": [ 132.702782599999978, 33.2315164 ] } },
{ "type": "Feature", "properties": { "内容": "通所介護事業所あおぞら【通所介護】愛媛県北宇和郡鬼北町大字興野々1251番地", "url": "https://www.kaigokensaku.mhlw.go.jp/38/index.php?action_kouhyou_detail_004_kani=true&JigyosyoCd=3873900793-00&ServiceCd=150&Type=search", "url2": "http://careplazaaozora.community.officelive.com/aboutus.aspx" }, "geometry": { "type": "Point", "coordinates": [ 132.7154842, 33.2503478 ] } },
{ "type": "Feature", "properties": { "内容": "デイサービス施設勝山荘【通所介護】愛媛県北宇和郡鬼北町大字上大野322番地", "url": "https://www.kaigokensaku.mhlw.go.jp/38/index.php?action_kouhyou_detail_004_kani=true&JigyosyoCd=3873900249-00&ServiceCd=150&Type=search", "url2": "http://www.nanpu.or.jp/" }, "geometry": { "type": "Point", "coordinates": [ 132.796038599999946, 33.3258185 ] } },
{ "type": "Feature", "properties": { "内容": "社会福祉法人　鬼北町社会福祉協議会【通所介護】愛媛県北宇和郡鬼北町大字近永782番地", "url": "https://www.kaigokensaku.mhlw.go.jp/38/index.php?action_kouhyou_detail_004_kani=true&JigyosyoCd=3873900629-00&ServiceCd=150&Type=search", "url2": "http://kihoku-syakyo.or.jp/" }, "geometry": { "type": "Point", "coordinates": [ 132.6843814, 33.2573933 ] } },
{ "type": "Feature", "properties": { "内容": "デイサービスゆう【通所介護】愛媛県北宇和郡鬼北町大字永野市76", "url": "https://www.kaigokensaku.mhlw.go.jp/38/index.php?action_kouhyou_detail_004_kani=true&JigyosyoCd=3873900827-00&ServiceCd=150&Type=search", "url2": null }, "geometry": { "type": "Point", "coordinates": [ 132.6856646, 33.2547686 ] } },
{ "type": "Feature", "properties": { "内容": "通所介護事業所桜桃【通所介護】愛媛県北宇和郡鬼北町大字内深田1066番地3", "url": "https://www.kaigokensaku.mhlw.go.jp/38/index.php?action_kouhyou_detail_004_kani=true&JigyosyoCd=3873900934-00&ServiceCd=150&Type=search", "url2": null }, "geometry": { "type": "Point", "coordinates": [ 132.664522402546709, 33.261643208767744 ] } },
{ "type": "Feature", "properties": { "内容": "愛ほっとデイサ－ビスきほく【通所介護】愛媛県北宇和郡鬼北町大字中野川528番地", "url": "https://www.kaigokensaku.mhlw.go.jp/38/index.php?action_kouhyou_detail_004_kani=true&JigyosyoCd=3873900975-00&ServiceCd=150&Type=search", "url2": "http://ai-hot.jp" }, "geometry": { "type": "Point", "coordinates": [ 132.674379499999986, 33.2471275 ] } },
{ "type": "Feature", "properties": { "内容": "デイサービスセンター自在【通所介護】愛媛県南宇和郡愛南町満倉2301番地1", "url": "https://www.kaigokensaku.mhlw.go.jp/38/index.php?action_kouhyou_detail_004_kani=true&JigyosyoCd=3874000213-00&ServiceCd=150&Type=search", "url2": "https://m-fukushi.or.jp/" }, "geometry": { "type": "Point", "coordinates": [ 132.603098322529917, 32.953231153595439 ] } }
]
}
