{
"type": "FeatureCollection",
"name": "geo_38_訪問介護",
"crs": { "type": "name", "properties": { "name": "urn:ogc:def:crs:OGC:1.3:CRS84" } },
"features": [
{ "type": "Feature", "properties": { "内容": "ヘルププラザ　ももたろう【訪問介護】松山市高浜町乙60番地150", "url": "https://www.kaigokensaku.mhlw.go.jp/38/index.php?action_kouhyou_detail_004_kani=true&JigyosyoCd=3870104704-00&ServiceCd=110&Type=search", "url2": "momotarou@eagle.ne.jp" }, "geometry": { "type": "Point", "coordinates": [ 132.699247, 33.8781093 ] } },
{ "type": "Feature", "properties": { "内容": "訪問介護サービス　すげさわの里【訪問介護】愛媛県松山市菅沢町959-1", "url": "https://www.kaigokensaku.mhlw.go.jp/38/index.php?action_kouhyou_detail_004_kani=true&JigyosyoCd=3870112095-00&ServiceCd=110&Type=search", "url2": "https://amebio.jp/kaigo-momofamily/" }, "geometry": { "type": "Point", "coordinates": [ 132.806642900000043, 33.9014872 ] } },
{ "type": "Feature", "properties": { "内容": "株式会社　夢の木【訪問介護】愛媛県松山市桑原２丁目２－２９", "url": "https://www.kaigokensaku.mhlw.go.jp/38/index.php?action_kouhyou_detail_004_kani=true&JigyosyoCd=3870107111-00&ServiceCd=110&Type=search", "url2": "http://www.yumenoki2300.co.jp/" }, "geometry": { "type": "Point", "coordinates": [ 132.791858899999966, 33.8346115 ] } },
{ "type": "Feature", "properties": { "内容": "株式会社te-to-teヘルパーステーションいろり【訪問介護】愛媛県松山市中村4丁目8番14号エキサイトビル", "url": "https://www.kaigokensaku.mhlw.go.jp/38/index.php?action_kouhyou_detail_004_kani=true&JigyosyoCd=3870112582-00&ServiceCd=110&Type=search", "url2": "https://te-to-te-kaigo.jp/" }, "geometry": { "type": "Point", "coordinates": [ 132.776106900000059, 33.8298993 ] } },
{ "type": "Feature", "properties": { "内容": "ヘルパーステーションサライ【訪問介護】愛媛県松山市萱町2丁目4-7サライ萱町", "url": "https://www.kaigokensaku.mhlw.go.jp/38/index.php?action_kouhyou_detail_004_kani=true&JigyosyoCd=3870107558-00&ServiceCd=110&Type=search", "url2": "http://www.allumeuse.jp" }, "geometry": { "type": "Point", "coordinates": [ 132.757156500000065, 33.844051 ] } },
{ "type": "Feature", "properties": { "内容": "訪問介護　せせらぎ【訪問介護】吉藤４丁目４－３６メゾン田房202", "url": "https://www.kaigokensaku.mhlw.go.jp/38/index.php?action_kouhyou_detail_004_kani=true&JigyosyoCd=3870107798-00&ServiceCd=110&Type=search", "url2": null }, "geometry": { "type": "Point", "coordinates": [ 132.755265099999974, 33.873842400000022 ] } },
{ "type": "Feature", "properties": { "内容": "訪問介護ステーション　アップル【訪問介護】古三津四丁目625番地", "url": "https://www.kaigokensaku.mhlw.go.jp/38/index.php?action_kouhyou_detail_004_kani=true&JigyosyoCd=3860191398-00&ServiceCd=110&Type=search", "url2": "http://www.mitsuseikei.jp/apple/" }, "geometry": { "type": "Point", "coordinates": [ 132.73045060000004, 33.8554322 ] } },
{ "type": "Feature", "properties": { "内容": "ヘルパーステーションいまづ【訪問介護】愛媛県松山市西垣生町1184番地6", "url": "https://www.kaigokensaku.mhlw.go.jp/38/index.php?action_kouhyou_detail_004_kani=true&JigyosyoCd=3870105651-00&ServiceCd=110&Type=search", "url2": "http://familycare.co.jp/" }, "geometry": { "type": "Point", "coordinates": [ 132.703417766801039, 33.814967425631295 ] } },
{ "type": "Feature", "properties": { "内容": "訪問介護ステーションこころ【訪問介護】愛媛県松山市針田町16－3", "url": "https://www.kaigokensaku.mhlw.go.jp/38/index.php?action_kouhyou_detail_004_kani=true&JigyosyoCd=3870111212-00&ServiceCd=110&Type=search", "url2": null }, "geometry": { "type": "Point", "coordinates": [ 132.737116049415846, 33.823381548597759 ] } },
{ "type": "Feature", "properties": { "内容": "ホームケア土屋松山【訪問介護】愛媛県松山市石手5丁目7番15号SAKURAHOUSE403号", "url": "https://www.kaigokensaku.mhlw.go.jp/38/index.php?action_kouhyou_detail_004_kani=true&JigyosyoCd=3870113002-00&ServiceCd=110&Type=search", "url2": "https://homecare-tsuchiya.com/" }, "geometry": { "type": "Point", "coordinates": [ 132.7914202, 33.8478085 ] } },
{ "type": "Feature", "properties": { "内容": "ヘルパーステーション　ほくよう【訪問介護】愛媛県松山市衣山五丁目８０１番地５", "url": "https://www.kaigokensaku.mhlw.go.jp/38/index.php?action_kouhyou_detail_004_kani=true&JigyosyoCd=3870113564-00&ServiceCd=110&Type=search", "url2": null }, "geometry": { "type": "Point", "coordinates": [ 132.737552099999988, 33.8494357 ] } },
{ "type": "Feature", "properties": { "内容": "若葉訪問介護事業所【訪問介護】愛媛県松山市内宮町581番1ハッピー薬局テナント", "url": "https://www.kaigokensaku.mhlw.go.jp/38/index.php?action_kouhyou_detail_004_kani=true&JigyosyoCd=3870102708-00&ServiceCd=110&Type=search", "url2": "http://wakaba-kaigo.com/" }, "geometry": { "type": "Point", "coordinates": [ 132.74862373068845, 33.894067436795325 ] } },
{ "type": "Feature", "properties": { "内容": "訪問介護事業所じゅらく【訪問介護】愛媛県松山市美沢1丁目7－29", "url": "https://www.kaigokensaku.mhlw.go.jp/38/index.php?action_kouhyou_detail_004_kani=true&JigyosyoCd=3870105552-00&ServiceCd=110&Type=search", "url2": null }, "geometry": { "type": "Point", "coordinates": [ 132.748501799999985, 33.8495807 ] } },
{ "type": "Feature", "properties": { "内容": "訪問介護あかり【訪問介護】愛媛県松山市水泥町333－42", "url": "https://www.kaigokensaku.mhlw.go.jp/38/index.php?action_kouhyou_detail_004_kani=true&JigyosyoCd=3870108572-00&ServiceCd=110&Type=search", "url2": null }, "geometry": { "type": "Point", "coordinates": [ 132.819716225439493, 33.800975779889839 ] } },
{ "type": "Feature", "properties": { "内容": "訪問介護　ふるかわ【訪問介護】松山市西石井５丁目9-5", "url": "https://www.kaigokensaku.mhlw.go.jp/38/index.php?action_kouhyou_detail_004_kani=true&JigyosyoCd=3870108937-00&ServiceCd=110&Type=search", "url2": null }, "geometry": { "type": "Point", "coordinates": [ 132.772104724398986, 33.813755542282081 ] } },
{ "type": "Feature", "properties": { "内容": "訪問介護事業所　花椿【訪問介護】愛媛県松山市居相2丁目1-12", "url": "https://www.kaigokensaku.mhlw.go.jp/38/index.php?action_kouhyou_detail_004_kani=true&JigyosyoCd=3870110305-00&ServiceCd=110&Type=search", "url2": null }, "geometry": { "type": "Point", "coordinates": [ 132.772155600000019, 33.8096917 ] } },
{ "type": "Feature", "properties": { "内容": "訪問介護事業所さわかぜ【訪問介護】愛媛県松山市北久米町１１４５番地", "url": "https://www.kaigokensaku.mhlw.go.jp/38/index.php?action_kouhyou_detail_004_kani=true&JigyosyoCd=3870110602-00&ServiceCd=110&Type=search", "url2": "http://www.yunagi.co.jp" }, "geometry": { "type": "Point", "coordinates": [ 132.792242200000061, 33.810889142313577 ] } },
{ "type": "Feature", "properties": { "内容": "訪問介護事業所きなり【訪問介護】愛媛県松山市萱町５丁目8番地11", "url": "https://www.kaigokensaku.mhlw.go.jp/38/index.php?action_kouhyou_detail_004_kani=true&JigyosyoCd=3870111972-00&ServiceCd=110&Type=search", "url2": "http://kinari5123.blog.fc2.com/" }, "geometry": { "type": "Point", "coordinates": [ 132.757134363090472, 33.850541635911966 ] } },
{ "type": "Feature", "properties": { "内容": "ヘルパーステーション優【訪問介護】愛媛県松山市衣山１丁目２３６番地5久保マンション２０１号", "url": "https://www.kaigokensaku.mhlw.go.jp/38/index.php?action_kouhyou_detail_004_kani=true&JigyosyoCd=3870112707-00&ServiceCd=110&Type=search", "url2": null }, "geometry": { "type": "Point", "coordinates": [ 132.7445262, 33.8529989 ] } },
{ "type": "Feature", "properties": { "内容": "訪問介護ステーション　リリー【訪問介護】愛媛県松山市桑原２丁目１３番１８号クラルテメゾンリリー１０２号", "url": "https://www.kaigokensaku.mhlw.go.jp/38/index.php?action_kouhyou_detail_004_kani=true&JigyosyoCd=3870112715-00&ServiceCd=110&Type=search", "url2": "https://carenetwork.co.jp/" }, "geometry": { "type": "Point", "coordinates": [ 132.790450946032706, 33.837184741907649 ] } },
{ "type": "Feature", "properties": { "内容": "訪問介護ステーションかいわ【訪問介護】愛媛県松山市拓川町1番37号", "url": "https://www.kaigokensaku.mhlw.go.jp/38/index.php?action_kouhyou_detail_004_kani=true&JigyosyoCd=3870111964-00&ServiceCd=110&Type=search", "url2": "kaigo-kaiwa.com" }, "geometry": { "type": "Point", "coordinates": [ 132.767086400000039, 33.825398 ] } },
{ "type": "Feature", "properties": { "内容": "ヘルパーステーションかがやき松山【訪問介護】松山市西石井6丁目12番27号Sグラン松山", "url": "https://www.kaigokensaku.mhlw.go.jp/38/index.php?action_kouhyou_detail_004_kani=true&JigyosyoCd=3870112566-00&ServiceCd=110&Type=search", "url2": null }, "geometry": { "type": "Point", "coordinates": [ 132.774670581614714, 33.814837443024985 ] } },
{ "type": "Feature", "properties": { "内容": "株式会社成松【訪問介護】愛媛県松山市堀江町816－5", "url": "https://www.kaigokensaku.mhlw.go.jp/38/index.php?action_kouhyou_detail_004_kani=true&JigyosyoCd=3870113689-00&ServiceCd=110&Type=search", "url2": null }, "geometry": { "type": "Point", "coordinates": [ 132.7476513, 33.9033533 ] } },
{ "type": "Feature", "properties": { "内容": "ヘルパーステーションいろり【訪問介護】愛媛県松山市立花一丁目12番27号", "url": "https://www.kaigokensaku.mhlw.go.jp/38/index.php?action_kouhyou_detail_004_kani=true&JigyosyoCd=3870113853-00&ServiceCd=110&Type=search", "url2": "https://te-to-te-kaigo.jp/" }, "geometry": { "type": "Point", "coordinates": [ 132.7727442, 33.83145840000001 ] } },
{ "type": "Feature", "properties": { "内容": "芽育すまいる【訪問介護】愛媛県松山市日の出町10番74号", "url": "https://www.kaigokensaku.mhlw.go.jp/38/index.php?action_kouhyou_detail_004_kani=true&JigyosyoCd=3870113887-00&ServiceCd=110&Type=search", "url2": null }, "geometry": { "type": "Point", "coordinates": [ 132.78323420000001, 33.8375769 ] } },
{ "type": "Feature", "properties": { "内容": "ヘルパーステーションそえる【訪問介護】愛媛県松山市辰巳町７番２１号", "url": "https://www.kaigokensaku.mhlw.go.jp/38/index.php?action_kouhyou_detail_004_kani=true&JigyosyoCd=3870113895-00&ServiceCd=110&Type=search", "url2": "https://www.kaisei-iyo.com/" }, "geometry": { "type": "Point", "coordinates": [ 132.7178913, 33.8678447 ] } },
{ "type": "Feature", "properties": { "内容": "訪問介護事業所松山南【訪問介護】北土居1丁目15番24号", "url": "https://www.kaigokensaku.mhlw.go.jp/38/index.php?action_kouhyou_detail_004_kani=true&JigyosyoCd=3870113929-00&ServiceCd=110&Type=search", "url2": null }, "geometry": { "type": "Point", "coordinates": [ 132.78848450000001, 33.8075406 ] } },
{ "type": "Feature", "properties": { "内容": "ヘルパーステーションあいりん【訪問介護】正円寺1丁目１－２０", "url": "https://www.kaigokensaku.mhlw.go.jp/38/index.php?action_kouhyou_detail_004_kani=true&JigyosyoCd=3870113879-00&ServiceCd=110&Type=search", "url2": "https://xnstym63bk43b6b.wordpress.com/sitemap.xml" }, "geometry": { "type": "Point", "coordinates": [ 132.7985311, 33.8404199 ] } },
{ "type": "Feature", "properties": { "内容": "ケアサービスすずらん【訪問介護】愛媛県松山市桑原5丁目2-5サンピア桑原307", "url": "https://www.kaigokensaku.mhlw.go.jp/38/index.php?action_kouhyou_detail_004_kani=true&JigyosyoCd=3870113622-00&ServiceCd=110&Type=search", "url2": "https://suzuran.decico.net/" }, "geometry": { "type": "Point", "coordinates": [ 132.791773854631003, 33.83015539212861 ] } },
{ "type": "Feature", "properties": { "内容": "ベストケア石井訪問介護事業所【訪問介護】愛媛県松山市東石井六丁目２番１５号Ｒ・Ⅰビラ２０１号室", "url": "https://www.kaigokensaku.mhlw.go.jp/38/index.php?action_kouhyou_detail_004_kani=true&JigyosyoCd=3870113663-00&ServiceCd=110&Type=search", "url2": "http://www.best-care.jp/" }, "geometry": { "type": "Point", "coordinates": [ 132.772796, 33.8121053 ] } },
{ "type": "Feature", "properties": { "内容": "ヘルパーステーションいまづ【訪問介護】愛媛県松山市西垣生町1184番地6", "url": "https://www.kaigokensaku.mhlw.go.jp/38/index.php?action_kouhyou_detail_004_kani=true&JigyosyoCd=3870113796-00&ServiceCd=110&Type=search", "url2": "http://familycare.co.jp/" }, "geometry": { "type": "Point", "coordinates": [ 132.703420449073803, 33.815003586067554 ] } },
{ "type": "Feature", "properties": { "内容": "千舟町クリニック訪問介護【訪問介護】愛媛県松山市平井町甲1104番地１", "url": "https://www.kaigokensaku.mhlw.go.jp/38/index.php?action_kouhyou_detail_004_kani=true&JigyosyoCd=3810110597-00&ServiceCd=110&Type=search", "url2": "http://www.touzaikai.jp/" }, "geometry": { "type": "Point", "coordinates": [ 132.834243417944322, 33.81137650295814 ] } },
{ "type": "Feature", "properties": { "内容": "済生会松山老人保健施設にぎたつ苑【訪問介護】愛媛県松山市山西町997番地1松山在宅生活復帰支援センターハートフル済生会5階", "url": "https://www.kaigokensaku.mhlw.go.jp/38/index.php?action_kouhyou_detail_004_kani=true&JigyosyoCd=3857780138-00&ServiceCd=110&Type=search", "url2": "http://nigitatsu.saiseikai.or.jp" }, "geometry": { "type": "Point", "coordinates": [ 132.720212864942965, 33.85162160862204 ] } },
{ "type": "Feature", "properties": { "内容": "ケアサポートまつやま【訪問介護】愛媛県松山市来住町1057-1", "url": "https://www.kaigokensaku.mhlw.go.jp/38/index.php?action_kouhyou_detail_004_kani=true&JigyosyoCd=3870100041-00&ServiceCd=110&Type=search", "url2": "https://cross-service.co.jp/welfare/care-matsuyama.html" }, "geometry": { "type": "Point", "coordinates": [ 132.798191699999961, 33.8037957 ] } },
{ "type": "Feature", "properties": { "内容": "アユーラステーション松山【訪問介護】愛媛県松山市日の出町10-80", "url": "https://www.kaigokensaku.mhlw.go.jp/38/index.php?action_kouhyou_detail_004_kani=true&JigyosyoCd=3870100595-00&ServiceCd=110&Type=search", "url2": "http://www.ayurastation-matsuyama.jp/top4.html" }, "geometry": { "type": "Point", "coordinates": [ 132.783754471216156, 33.837786855835134 ] } },
{ "type": "Feature", "properties": { "内容": "指定訪問介護事業所第二権現荘【訪問介護】愛媛県松山市権現町甲639番地1", "url": "https://www.kaigokensaku.mhlw.go.jp/38/index.php?action_kouhyou_detail_004_kani=true&JigyosyoCd=3870100611-00&ServiceCd=110&Type=search", "url2": "Dai2-gongen-zai@herb.ocn.ne.jp" }, "geometry": { "type": "Point", "coordinates": [ 132.765589099999943, 33.8993842 ] } },
{ "type": "Feature", "properties": { "内容": "ヘルパーステーションベテル【訪問介護】愛媛県松山市祝谷6丁目1229番地", "url": "https://www.kaigokensaku.mhlw.go.jp/38/index.php?action_kouhyou_detail_004_kani=true&JigyosyoCd=3870100652-00&ServiceCd=110&Type=search", "url2": "http://www.bethel.or.jp" }, "geometry": { "type": "Point", "coordinates": [ 132.7728773, 33.8635992 ] } },
{ "type": "Feature", "properties": { "内容": "ベストケア株式会社訪問介護事業所【訪問介護】愛媛県松山市山越五丁目９番６号", "url": "https://www.kaigokensaku.mhlw.go.jp/38/index.php?action_kouhyou_detail_004_kani=true&JigyosyoCd=3870100710-00&ServiceCd=110&Type=search", "url2": "http://www.best-care.jp/" }, "geometry": { "type": "Point", "coordinates": [ 132.7505655, 33.859749 ] } },
{ "type": "Feature", "properties": { "内容": "済生会介護支援センター姫原【訪問介護】愛媛県松山市姫原1丁目1656番地", "url": "https://www.kaigokensaku.mhlw.go.jp/38/index.php?action_kouhyou_detail_004_kani=true&JigyosyoCd=3870100769-00&ServiceCd=110&Type=search", "url2": "http://www.himebara-saiseikai.jp/" }, "geometry": { "type": "Point", "coordinates": [ 132.764669700000013, 33.8677123 ] } },
{ "type": "Feature", "properties": { "内容": "ヘルパーステーションれんげ【訪問介護】愛媛県松山市東石井1丁目11番30号", "url": "https://www.kaigokensaku.mhlw.go.jp/38/index.php?action_kouhyou_detail_004_kani=true&JigyosyoCd=3870100850-00&ServiceCd=110&Type=search", "url2": "http://www.atomgroup.jp/" }, "geometry": { "type": "Point", "coordinates": [ 132.781476699999985, 33.8197686 ] } },
{ "type": "Feature", "properties": { "内容": "ホームヘルパーステーション安寿荘【訪問介護】愛媛県松山市安城寺町1427番地1", "url": "https://www.kaigokensaku.mhlw.go.jp/38/index.php?action_kouhyou_detail_004_kani=true&JigyosyoCd=3870100868-00&ServiceCd=110&Type=search", "url2": "http://anju-kai.jp" }, "geometry": { "type": "Point", "coordinates": [ 132.736886099999964, 33.886348600000055 ] } },
{ "type": "Feature", "properties": { "内容": "石井訪問介護センターおあしす【訪問介護】愛媛県松山市北久米町1004番地7", "url": "https://www.kaigokensaku.mhlw.go.jp/38/index.php?action_kouhyou_detail_004_kani=true&JigyosyoCd=3870100900-00&ServiceCd=110&Type=search", "url2": "www.oasisu-care.jp" }, "geometry": { "type": "Point", "coordinates": [ 132.791192300000034, 33.8149222 ] } },
{ "type": "Feature", "properties": { "内容": "ホームヘルパーステーション『さだもと』【訪問介護】愛媛県松山市竹原町1丁目4番地2", "url": "https://www.kaigokensaku.mhlw.go.jp/38/index.php?action_kouhyou_detail_004_kani=true&JigyosyoCd=3870100926-00&ServiceCd=110&Type=search", "url2": "sadamoto-hsp.jp" }, "geometry": { "type": "Point", "coordinates": [ 132.754842899999971, 33.833355 ] } },
{ "type": "Feature", "properties": { "内容": "指定訪問介護事業所　幸富久荘【訪問介護】愛媛県松山市富久町412番地1", "url": "https://www.kaigokensaku.mhlw.go.jp/38/index.php?action_kouhyou_detail_004_kani=true&JigyosyoCd=3870100934-00&ServiceCd=110&Type=search", "url2": "https://dousinkai.jp/" }, "geometry": { "type": "Point", "coordinates": [ 132.725067800000033, 33.8197919 ] } },
{ "type": "Feature", "properties": { "内容": "東松山訪問介護事業所【訪問介護】愛媛県松山市南土居町70番地4", "url": "https://www.kaigokensaku.mhlw.go.jp/38/index.php?action_kouhyou_detail_004_kani=true&JigyosyoCd=3870100942-00&ServiceCd=110&Type=search", "url2": "http://www.jikyoukai.or.jp/care.html" }, "geometry": { "type": "Point", "coordinates": [ 132.806429077632174, 33.799864525574577 ] } },
{ "type": "Feature", "properties": { "内容": "有限会社　山起会ライフサプライ【訪問介護】松山市朝生田町1丁目12-2サービス付き高齢者向け住宅朝生田あるる館", "url": "https://www.kaigokensaku.mhlw.go.jp/38/index.php?action_kouhyou_detail_004_kani=true&JigyosyoCd=3870101031-00&ServiceCd=110&Type=search", "url2": "yamakikai.com" }, "geometry": { "type": "Point", "coordinates": [ 132.772410900000068, 33.823204 ] } },
{ "type": "Feature", "properties": { "内容": "南高井ホームヘルパーステーション【訪問介護】愛媛県松山市南高井町320番地1", "url": "https://www.kaigokensaku.mhlw.go.jp/38/index.php?action_kouhyou_detail_004_kani=true&JigyosyoCd=3870101049-00&ServiceCd=110&Type=search", "url2": "http://www.tensinkai.or.jp" }, "geometry": { "type": "Point", "coordinates": [ 132.824575500000037, 33.7880282 ] } },
{ "type": "Feature", "properties": { "内容": "訪問介護事業所りつりん【訪問介護】愛媛県松山市畑寺町丙12-10", "url": "https://www.kaigokensaku.mhlw.go.jp/38/index.php?action_kouhyou_detail_004_kani=true&JigyosyoCd=3870101056-00&ServiceCd=110&Type=search", "url2": "http://yuhokai.net/ritsurin/" }, "geometry": { "type": "Point", "coordinates": [ 132.803043699999989, 33.8339091 ] } },
{ "type": "Feature", "properties": { "内容": "有限会社ひばり園【訪問介護】愛媛県松山市来住町233-1サンハイツ11", "url": "https://www.kaigokensaku.mhlw.go.jp/38/index.php?action_kouhyou_detail_004_kani=true&JigyosyoCd=3870101072-00&ServiceCd=110&Type=search", "url2": null }, "geometry": { "type": "Point", "coordinates": [ 132.80602, 33.8085611 ] } },
{ "type": "Feature", "properties": { "内容": "松山城東病院訪問介護事業所【訪問介護】松山市松末2丁目19番36号", "url": "https://www.kaigokensaku.mhlw.go.jp/38/index.php?action_kouhyou_detail_004_kani=true&JigyosyoCd=3870101197-00&ServiceCd=110&Type=search", "url2": "https://joto-hospital.jp" }, "geometry": { "type": "Point", "coordinates": [ 132.788223199999948, 33.8270373 ] } },
{ "type": "Feature", "properties": { "内容": "ヘルパーステーションあい【訪問介護】愛媛県松山市六軒家町4－16Ｔ・Ｓビル３Ｆ", "url": "https://www.kaigokensaku.mhlw.go.jp/38/index.php?action_kouhyou_detail_004_kani=true&JigyosyoCd=3870101239-00&ServiceCd=110&Type=search", "url2": "http://dojinkai.jp/" }, "geometry": { "type": "Point", "coordinates": [ 132.752631931877204, 33.851508390183774 ] } },
{ "type": "Feature", "properties": { "内容": "訪問介護事業　梅本の里【訪問介護】愛媛県松山市水泥町961番地", "url": "https://www.kaigokensaku.mhlw.go.jp/38/index.php?action_kouhyou_detail_004_kani=true&JigyosyoCd=3870101247-00&ServiceCd=110&Type=search", "url2": "http://www.umemotonosato.com/" }, "geometry": { "type": "Point", "coordinates": [ 132.832594100000051, 33.806143 ] } },
{ "type": "Feature", "properties": { "内容": "在宅ケアステーションたんぽぽ【訪問介護】愛媛県松山市来住町1091-1", "url": "https://www.kaigokensaku.mhlw.go.jp/38/index.php?action_kouhyou_detail_004_kani=true&JigyosyoCd=3870101304-00&ServiceCd=110&Type=search", "url2": "http://www.ehime-med.or.jp" }, "geometry": { "type": "Point", "coordinates": [ 132.798375, 33.8086813 ] } },
{ "type": "Feature", "properties": { "内容": "コープえひめ訪問介護事業所松山【訪問介護】愛媛県松山市朝生田町三丁目1番18号", "url": "https://www.kaigokensaku.mhlw.go.jp/38/index.php?action_kouhyou_detail_004_kani=true&JigyosyoCd=3870101312-00&ServiceCd=110&Type=search", "url2": "http://www.coopehime.or.jp/" }, "geometry": { "type": "Point", "coordinates": [ 132.767784442685752, 33.822144662266737 ] } },
{ "type": "Feature", "properties": { "内容": "訪問介護たちばな事業所（ヘルパーステーションぬくもり）【訪問介護】愛媛県松山市立花五丁目1番53号", "url": "https://www.kaigokensaku.mhlw.go.jp/38/index.php?action_kouhyou_detail_004_kani=true&JigyosyoCd=3870101320-00&ServiceCd=110&Type=search", "url2": "http://www.mhca.jp/" }, "geometry": { "type": "Point", "coordinates": [ 132.772019199999932, 33.8274896 ] } },
{ "type": "Feature", "properties": { "内容": "ヘルパーステーションハッピー愛媛【訪問介護】愛媛県松山市中央1丁目17番35号", "url": "https://www.kaigokensaku.mhlw.go.jp/38/index.php?action_kouhyou_detail_004_kani=true&JigyosyoCd=3870101841-00&ServiceCd=110&Type=search", "url2": "http://www.carejapan.co.jp/" }, "geometry": { "type": "Point", "coordinates": [ 132.748771199999965, 33.8547273 ] } },
{ "type": "Feature", "properties": { "内容": "ヘルパーステーション松山市医師会【訪問介護】愛媛県松山市柳井町2丁目85", "url": "https://www.kaigokensaku.mhlw.go.jp/38/index.php?action_kouhyou_detail_004_kani=true&JigyosyoCd=3870101890-00&ServiceCd=110&Type=search", "url2": "https://www.matsuyama.ehime.med.or.jp/services/helper_d.html" }, "geometry": { "type": "Point", "coordinates": [ 132.768846595770242, 33.83256683065931 ] } },
{ "type": "Feature", "properties": { "内容": "JAえひめ中央ホームヘルプサービス事業所【訪問介護】愛媛県松山市千舟町八丁目128番地1", "url": "https://www.kaigokensaku.mhlw.go.jp/38/index.php?action_kouhyou_detail_004_kani=true&JigyosyoCd=3870101924-00&ServiceCd=110&Type=search", "url2": "http://www.ja-e-chuo.or.jp" }, "geometry": { "type": "Point", "coordinates": [ 132.752051400000028, 33.8363213 ] } },
{ "type": "Feature", "properties": { "内容": "ニチイケアセンターやまごえ【訪問介護】愛媛県松山市山越6丁目7-20", "url": "https://www.kaigokensaku.mhlw.go.jp/38/index.php?action_kouhyou_detail_004_kani=true&JigyosyoCd=3870101973-00&ServiceCd=110&Type=search", "url2": "http://www.nichiigakkan.co.jp/" }, "geometry": { "type": "Point", "coordinates": [ 132.751570899999933, 33.8573298 ] } },
{ "type": "Feature", "properties": { "内容": "ホームヘルパーステーションシルバー【訪問介護】愛媛県松山市宮西1丁目7番12号", "url": "https://www.kaigokensaku.mhlw.go.jp/38/index.php?action_kouhyou_detail_004_kani=true&JigyosyoCd=3870102146-00&ServiceCd=110&Type=search", "url2": "http://m-silver.sakura.ne.jp" }, "geometry": { "type": "Point", "coordinates": [ 132.753533399999981, 33.84673930000001 ] } },
{ "type": "Feature", "properties": { "内容": "指定居宅サービス事業所　安信【訪問介護】愛媛県松山市桑原3丁目1-47", "url": "https://www.kaigokensaku.mhlw.go.jp/38/index.php?action_kouhyou_detail_004_kani=true&JigyosyoCd=3870102237-00&ServiceCd=110&Type=search", "url2": "http://m-anshin.com/" }, "geometry": { "type": "Point", "coordinates": [ 132.79762489999996, 33.8321814 ] } },
{ "type": "Feature", "properties": { "内容": "指定訪問介護事業ライフサポートまごころ【訪問介護】愛媛県松山市朝生田町6丁目2番27号２F", "url": "https://www.kaigokensaku.mhlw.go.jp/38/index.php?action_kouhyou_detail_004_kani=true&JigyosyoCd=3870102328-00&ServiceCd=110&Type=search", "url2": null }, "geometry": { "type": "Point", "coordinates": [ 132.766779789228536, 33.821384672289575 ] } },
{ "type": "Feature", "properties": { "内容": "ホームヘルパーステーション和光苑【訪問介護】愛媛県松山市井門町1099番地", "url": "https://www.kaigokensaku.mhlw.go.jp/38/index.php?action_kouhyou_detail_004_kani=true&JigyosyoCd=3870102450-00&ServiceCd=110&Type=search", "url2": "http://wakouen.okoshi-yasu.com/" }, "geometry": { "type": "Point", "coordinates": [ 132.777135600000065, 33.796821 ] } },
{ "type": "Feature", "properties": { "内容": "ヘルパーステーション垣生あいじゅ【訪問介護】愛媛県松山市東垣生町277番地", "url": "https://www.kaigokensaku.mhlw.go.jp/38/index.php?action_kouhyou_detail_004_kani=true&JigyosyoCd=3870102641-00&ServiceCd=110&Type=search", "url2": "http://www.aijukai-group.com/" }, "geometry": { "type": "Point", "coordinates": [ 132.70954729999994, 33.8108676 ] } },
{ "type": "Feature", "properties": { "内容": "あゆみ介護【訪問介護】松山市北斎院町４０２－４", "url": "https://www.kaigokensaku.mhlw.go.jp/38/index.php?action_kouhyou_detail_004_kani=true&JigyosyoCd=3870102658-00&ServiceCd=110&Type=search", "url2": "http://www.hofuri-h.com" }, "geometry": { "type": "Point", "coordinates": [ 132.7295729, 33.8381565 ] } },
{ "type": "Feature", "properties": { "内容": "すみれ野介護サービスセンター【訪問介護】愛媛県松山市松ノ木２丁目696番7創夢会　松ノ木の郷　２階", "url": "https://www.kaigokensaku.mhlw.go.jp/38/index.php?action_kouhyou_detail_004_kani=true&JigyosyoCd=3870103383-00&ServiceCd=110&Type=search", "url2": null }, "geometry": { "type": "Point", "coordinates": [ 132.720743199999987, 33.8717022 ] } },
{ "type": "Feature", "properties": { "内容": "ひめヘルプ事業部【訪問介護】愛媛県松山市高砂町2丁目3-3-101", "url": "https://www.kaigokensaku.mhlw.go.jp/38/index.php?action_kouhyou_detail_004_kani=true&JigyosyoCd=3870103391-00&ServiceCd=110&Type=search", "url2": "http://home.e-catv.ne.jp/himehelp" }, "geometry": { "type": "Point", "coordinates": [ 132.761184, 33.8504698 ] } },
{ "type": "Feature", "properties": { "内容": "日之出ケア21【訪問介護】愛媛県松山市天山3丁目7-20", "url": "https://www.kaigokensaku.mhlw.go.jp/38/index.php?action_kouhyou_detail_004_kani=true&JigyosyoCd=3870104175-00&ServiceCd=110&Type=search", "url2": null }, "geometry": { "type": "Point", "coordinates": [ 132.7733859, 33.8203294 ] } },
{ "type": "Feature", "properties": { "内容": "有限会社エーゼル【訪問介護】愛媛県松山市清水町1丁目8-14得松マンション103号", "url": "https://www.kaigokensaku.mhlw.go.jp/38/index.php?action_kouhyou_detail_004_kani=true&JigyosyoCd=3870104233-00&ServiceCd=110&Type=search", "url2": null }, "geometry": { "type": "Point", "coordinates": [ 132.763561500000037, 33.8505393 ] } },
{ "type": "Feature", "properties": { "内容": "ゆうのそよ風【訪問介護】愛媛県松山市雄郡2丁目9-21第二石原ビル111号", "url": "https://www.kaigokensaku.mhlw.go.jp/38/index.php?action_kouhyou_detail_004_kani=true&JigyosyoCd=3870104407-00&ServiceCd=110&Type=search", "url2": null }, "geometry": { "type": "Point", "coordinates": [ 132.753868099999977, 33.8303442 ] } },
{ "type": "Feature", "properties": { "内容": "有限会社ヘルパーステーションひびき【訪問介護】愛媛県松山市石手2丁目2番2号", "url": "https://www.kaigokensaku.mhlw.go.jp/38/index.php?action_kouhyou_detail_004_kani=true&JigyosyoCd=3870104464-00&ServiceCd=110&Type=search", "url2": null }, "geometry": { "type": "Point", "coordinates": [ 132.797427699999957, 33.8450549 ] } },
{ "type": "Feature", "properties": { "内容": "アシストジャパンヘルパーステーション松山【訪問介護】愛媛県松山市南高井町1817番地1", "url": "https://www.kaigokensaku.mhlw.go.jp/38/index.php?action_kouhyou_detail_004_kani=true&JigyosyoCd=3870104563-00&ServiceCd=110&Type=search", "url2": "http://www.assistjapan.com/" }, "geometry": { "type": "Point", "coordinates": [ 132.806285399999979, 33.790386 ] } },
{ "type": "Feature", "properties": { "内容": "パル・サポート　ヘルパーステーション【訪問介護】愛媛県松山市越智三丁目3番29号アイリス大英越智　１F　A号", "url": "https://www.kaigokensaku.mhlw.go.jp/38/index.php?action_kouhyou_detail_004_kani=true&JigyosyoCd=3870104571-00&ServiceCd=110&Type=search", "url2": null }, "geometry": { "type": "Point", "coordinates": [ 132.7812712, 33.8087727 ] } },
{ "type": "Feature", "properties": { "内容": "ヘルパーステーションアトム【訪問介護】愛媛県松山市朝生田町4丁目5-12アトムマンション朝生田Ｉ103号", "url": "https://www.kaigokensaku.mhlw.go.jp/38/index.php?action_kouhyou_detail_004_kani=true&JigyosyoCd=3870104605-00&ServiceCd=110&Type=search", "url2": "http://www.atomgroup.net/" }, "geometry": { "type": "Point", "coordinates": [ 132.762278599999945, 33.8223399 ] } },
{ "type": "Feature", "properties": { "内容": "ＭＭＣドリームサービス【訪問介護】松山市大手町二丁目７番地７", "url": "https://www.kaigokensaku.mhlw.go.jp/38/index.php?action_kouhyou_detail_004_kani=true&JigyosyoCd=3870104662-00&ServiceCd=110&Type=search", "url2": "https://mmcdreamservice.jimdo.com/" }, "geometry": { "type": "Point", "coordinates": [ 132.754834499999987, 33.839682 ] } },
{ "type": "Feature", "properties": { "内容": "ヘルパーステーションあおいほし【訪問介護】愛媛県松山市古川北一丁目２２番２２号", "url": "https://www.kaigokensaku.mhlw.go.jp/38/index.php?action_kouhyou_detail_004_kani=true&JigyosyoCd=3870104787-00&ServiceCd=110&Type=search", "url2": null }, "geometry": { "type": "Point", "coordinates": [ 132.762648200000058, 33.8150797 ] } },
{ "type": "Feature", "properties": { "内容": "ヘルパーステーション明日香【訪問介護】愛媛県松山市市坪北1丁目7-17", "url": "https://www.kaigokensaku.mhlw.go.jp/38/index.php?action_kouhyou_detail_004_kani=true&JigyosyoCd=3870105206-00&ServiceCd=110&Type=search", "url2": "https://asuka-care.info/" }, "geometry": { "type": "Point", "coordinates": [ 132.777018699999985, 33.8285174 ] } },
{ "type": "Feature", "properties": { "内容": "ヘルパーステーション　ハーモニー【訪問介護】愛媛県松山市道後町二丁目1-6烏谷ビル1階", "url": "https://www.kaigokensaku.mhlw.go.jp/38/index.php?action_kouhyou_detail_004_kani=true&JigyosyoCd=3870105230-00&ServiceCd=110&Type=search", "url2": null }, "geometry": { "type": "Point", "coordinates": [ 132.782331122090113, 33.847814360430469 ] } },
{ "type": "Feature", "properties": { "内容": "訪問介護事業所マリン【訪問介護】愛媛県松山市勝岡町２４３番地ネイバリータウンI番館３号", "url": "https://www.kaigokensaku.mhlw.go.jp/38/index.php?action_kouhyou_detail_004_kani=true&JigyosyoCd=3870105362-00&ServiceCd=110&Type=search", "url2": null }, "geometry": { "type": "Point", "coordinates": [ 132.72494387198148, 33.900558135491728 ] } },
{ "type": "Feature", "properties": { "内容": "訪問介護事業所コスモス【訪問介護】愛媛県松山市別府町365-1", "url": "https://www.kaigokensaku.mhlw.go.jp/38/index.php?action_kouhyou_detail_004_kani=true&JigyosyoCd=3870105602-00&ServiceCd=110&Type=search", "url2": "http://tampopo-clinic.com" }, "geometry": { "type": "Point", "coordinates": [ 132.72372340000004, 33.843925 ] } },
{ "type": "Feature", "properties": { "内容": "ヘルパーステーションミネルワ【訪問介護】愛媛県松山市高岡町301番地1", "url": "https://www.kaigokensaku.mhlw.go.jp/38/index.php?action_kouhyou_detail_004_kani=true&JigyosyoCd=3870105941-00&ServiceCd=110&Type=search", "url2": "http://www.mineruwa.jp/index.htm" }, "geometry": { "type": "Point", "coordinates": [ 132.7226346, 33.8266076 ] } },
{ "type": "Feature", "properties": { "内容": "訪問介護事業所　花ぐみ【訪問介護】愛媛県松山市保免西二丁目３番１０号プレアール保免西", "url": "https://www.kaigokensaku.mhlw.go.jp/38/index.php?action_kouhyou_detail_004_kani=true&JigyosyoCd=3870105990-00&ServiceCd=110&Type=search", "url2": null }, "geometry": { "type": "Point", "coordinates": [ 132.742038800000046, 33.8157984 ] } },
{ "type": "Feature", "properties": { "内容": "ケアサポート南町【訪問介護】愛媛県松山市日の出町1番28号", "url": "https://www.kaigokensaku.mhlw.go.jp/38/index.php?action_kouhyou_detail_004_kani=true&JigyosyoCd=3870106030-00&ServiceCd=110&Type=search", "url2": "http://www" }, "geometry": { "type": "Point", "coordinates": [ 132.784564937806635, 33.837911575144631 ] } },
{ "type": "Feature", "properties": { "内容": "NPO法人　倫理生活指導センター【訪問介護】愛媛県松山市住吉1丁目5番2号", "url": "https://www.kaigokensaku.mhlw.go.jp/38/index.php?action_kouhyou_detail_004_kani=true&JigyosyoCd=3870106170-00&ServiceCd=110&Type=search", "url2": "https://www.rinkun.com" }, "geometry": { "type": "Point", "coordinates": [ 132.718704814511312, 33.863943258978978 ] } },
{ "type": "Feature", "properties": { "内容": "訪問介護　縁【訪問介護】愛媛県松山市福音寺町４４－１第１８みのりハイツ４１０第１８みのりハイツ福音寺４１０", "url": "https://www.kaigokensaku.mhlw.go.jp/38/index.php?action_kouhyou_detail_004_kani=true&JigyosyoCd=3870106204-00&ServiceCd=110&Type=search", "url2": "http://www" }, "geometry": { "type": "Point", "coordinates": [ 132.79580569999996, 33.8205494 ] } },
{ "type": "Feature", "properties": { "内容": "社会福祉法人恩賜財団済生会　松山特別養護老人ホーム　在宅介護サービス【訪問介護】松山市久万ノ台１７１７番地", "url": "https://www.kaigokensaku.mhlw.go.jp/38/index.php?action_kouhyou_detail_004_kani=true&JigyosyoCd=3870106378-00&ServiceCd=110&Type=search", "url2": "http://www.m-tokuro.com" }, "geometry": { "type": "Point", "coordinates": [ 132.7354252, 33.861626 ] } },
{ "type": "Feature", "properties": { "内容": "ヘルパーステーション桃実【訪問介護】愛媛県松山市古川北一丁目２２番７号", "url": "https://www.kaigokensaku.mhlw.go.jp/38/index.php?action_kouhyou_detail_004_kani=true&JigyosyoCd=3870106568-00&ServiceCd=110&Type=search", "url2": null }, "geometry": { "type": "Point", "coordinates": [ 132.7624677, 33.8148658 ] } },
{ "type": "Feature", "properties": { "内容": "福角会ホームヘルプサービス事業所【訪問介護】愛媛県松山市内宮町2007番地5", "url": "https://www.kaigokensaku.mhlw.go.jp/38/index.php?action_kouhyou_detail_004_kani=true&JigyosyoCd=3870106592-00&ServiceCd=110&Type=search", "url2": "http://www.hukuzumikai.com" }, "geometry": { "type": "Point", "coordinates": [ 132.746939700719423, 33.894341521014844 ] } },
{ "type": "Feature", "properties": { "内容": "訪問介護事業所　ほわいと【訪問介護】愛媛県松山市中村３丁目１番９号", "url": "https://www.kaigokensaku.mhlw.go.jp/38/index.php?action_kouhyou_detail_004_kani=true&JigyosyoCd=3870106618-00&ServiceCd=110&Type=search", "url2": "http://www.kaigohowaito.jp" }, "geometry": { "type": "Point", "coordinates": [ 132.778699800978188, 33.830106604142159 ] } },
{ "type": "Feature", "properties": { "内容": "指定訪問介護事業所一歩【訪問介護】愛媛県松山市平和通一丁目3番11サンハイツ平和通り1Ｆ", "url": "https://www.kaigokensaku.mhlw.go.jp/38/index.php?action_kouhyou_detail_004_kani=true&JigyosyoCd=3870107061-00&ServiceCd=110&Type=search", "url2": "http://npo-shiinomi.com/" }, "geometry": { "type": "Point", "coordinates": [ 132.772096899999951, 33.8472233 ] } },
{ "type": "Feature", "properties": { "内容": "株式会社　愛あい【訪問介護】松ノ木1丁目1-14", "url": "https://www.kaigokensaku.mhlw.go.jp/38/index.php?action_kouhyou_detail_004_kani=true&JigyosyoCd=3870107491-00&ServiceCd=110&Type=search", "url2": null }, "geometry": { "type": "Point", "coordinates": [ 132.721968100000026, 33.8706524 ] } },
{ "type": "Feature", "properties": { "内容": "ヘルパーステーションみかん【訪問介護】松山市東長戸3丁目4番27号", "url": "https://www.kaigokensaku.mhlw.go.jp/38/index.php?action_kouhyou_detail_004_kani=true&JigyosyoCd=3870107517-00&ServiceCd=110&Type=search", "url2": "http://www.rihasta-mikan.com/" }, "geometry": { "type": "Point", "coordinates": [ 132.748271199999976, 33.8691033 ] } },
{ "type": "Feature", "properties": { "内容": "訪問介護事業所　気楽【訪問介護】愛媛県松山市畑寺町833番地1", "url": "https://www.kaigokensaku.mhlw.go.jp/38/index.php?action_kouhyou_detail_004_kani=true&JigyosyoCd=3870107855-00&ServiceCd=110&Type=search", "url2": "https://care-net.biz/38kiraku/" }, "geometry": { "type": "Point", "coordinates": [ 132.8061434077012, 33.839724003414702 ] } },
{ "type": "Feature", "properties": { "内容": "訪問介護事業所　まごの手【訪問介護】愛媛県松山市中村３丁目１番４８号", "url": "https://www.kaigokensaku.mhlw.go.jp/38/index.php?action_kouhyou_detail_004_kani=true&JigyosyoCd=3870107921-00&ServiceCd=110&Type=search", "url2": null }, "geometry": { "type": "Point", "coordinates": [ 132.779271677185051, 33.831127109571291 ] } },
{ "type": "Feature", "properties": { "内容": "ヘルパーステーションなでしこ【訪問介護】愛媛県松山市高井町６４７番6", "url": "https://www.kaigokensaku.mhlw.go.jp/38/index.php?action_kouhyou_detail_004_kani=true&JigyosyoCd=3870107954-00&ServiceCd=110&Type=search", "url2": "htt://www.ehime-medix.jp" }, "geometry": { "type": "Point", "coordinates": [ 132.815280819695602, 33.798656734121778 ] } },
{ "type": "Feature", "properties": { "内容": "ジェネシス訪問介護事業所【訪問介護】松山市山越４丁目５番３５号河上ビル１階", "url": "https://www.kaigokensaku.mhlw.go.jp/38/index.php?action_kouhyou_detail_004_kani=true&JigyosyoCd=3870108028-00&ServiceCd=110&Type=search", "url2": "http://genesis21.sakura.ne.jp/kaigogenesis/index.html" }, "geometry": { "type": "Point", "coordinates": [ 132.758870668922413, 33.86353151200742 ] } },
{ "type": "Feature", "properties": { "内容": "介護サービス生実【訪問介護】愛媛県松山市安城寺町1550-1", "url": "https://www.kaigokensaku.mhlw.go.jp/38/index.php?action_kouhyou_detail_004_kani=true&JigyosyoCd=3870108069-00&ServiceCd=110&Type=search", "url2": "https://seijitu-matsuyama.com/service" }, "geometry": { "type": "Point", "coordinates": [ 132.741095116671772, 33.886085019104243 ] } },
{ "type": "Feature", "properties": { "内容": "訪問介護　和田【訪問介護】松山市和田甲378番地68", "url": "https://www.kaigokensaku.mhlw.go.jp/38/index.php?action_kouhyou_detail_004_kani=true&JigyosyoCd=3870108341-00&ServiceCd=110&Type=search", "url2": null }, "geometry": { "type": "Point", "coordinates": [ 132.762941899197358, 33.934615412681303 ] } },
{ "type": "Feature", "properties": { "内容": "ハニーデイサービスセンター【訪問介護】愛媛県松山市西石井１丁目１番２５号クリエイションビル１階", "url": "https://www.kaigokensaku.mhlw.go.jp/38/index.php?action_kouhyou_detail_004_kani=true&JigyosyoCd=3870108366-00&ServiceCd=110&Type=search", "url2": null }, "geometry": { "type": "Point", "coordinates": [ 132.774102500000026, 33.8164021 ] } },
{ "type": "Feature", "properties": { "内容": "セントケア松山【訪問介護】愛媛県松山市古三津2丁目20-1", "url": "https://www.kaigokensaku.mhlw.go.jp/38/index.php?action_kouhyou_detail_004_kani=true&JigyosyoCd=3870108408-00&ServiceCd=110&Type=search", "url2": null }, "geometry": { "type": "Point", "coordinates": [ 132.72793187883758, 33.860948910448144 ] } },
{ "type": "Feature", "properties": { "内容": "訪問介護事業所そよかぜ【訪問介護】愛媛県松山市立花3丁目3番ハーモニーガーデン", "url": "https://www.kaigokensaku.mhlw.go.jp/38/index.php?action_kouhyou_detail_004_kani=true&JigyosyoCd=3870108796-00&ServiceCd=110&Type=search", "url2": "http://greenhealth.jp" }, "geometry": { "type": "Point", "coordinates": [ 132.774005200000033, 33.8255426 ] } },
{ "type": "Feature", "properties": { "内容": "あなぶきケアサービス松山【訪問介護】松山市久万ノ台１２１７番地アルファリビング松山久万の台", "url": "https://www.kaigokensaku.mhlw.go.jp/38/index.php?action_kouhyou_detail_004_kani=true&JigyosyoCd=3870108945-00&ServiceCd=110&Type=search", "url2": "http://www.anabuki-medical.jp/" }, "geometry": { "type": "Point", "coordinates": [ 132.7440731, 33.856855200000034 ] } },
{ "type": "Feature", "properties": { "内容": "訪問介護事業所ほほえみ【訪問介護】愛媛県松山市立花一丁目９番１７号グレース石手川２０６号", "url": "https://www.kaigokensaku.mhlw.go.jp/38/index.php?action_kouhyou_detail_004_kani=true&JigyosyoCd=3870108986-00&ServiceCd=110&Type=search", "url2": "hohoemi@tuba.ocn.ne.jp" }, "geometry": { "type": "Point", "coordinates": [ 132.771658099999968, 33.8324306 ] } },
{ "type": "Feature", "properties": { "内容": "ヘルパーステーション愛音【訪問介護】愛媛県松山市永木町2丁目1番地25号シティらいふ石手川3階", "url": "https://www.kaigokensaku.mhlw.go.jp/38/index.php?action_kouhyou_detail_004_kani=true&JigyosyoCd=3870109323-00&ServiceCd=110&Type=search", "url2": "http://sou-corporation.sakura.ne.jp/" }, "geometry": { "type": "Point", "coordinates": [ 132.774966100000029, 33.8354776 ] } },
{ "type": "Feature", "properties": { "内容": "ヘルパーステーションみかん・はなみずき【訪問介護】愛媛県松山市古川北2丁目7-19", "url": "https://www.kaigokensaku.mhlw.go.jp/38/index.php?action_kouhyou_detail_004_kani=true&JigyosyoCd=3870109455-00&ServiceCd=110&Type=search", "url2": "http://rihasta-mikan.com/" }, "geometry": { "type": "Point", "coordinates": [ 132.765795199999957, 33.812455100000015 ] } },
{ "type": "Feature", "properties": { "内容": "エプロン訪問介護【訪問介護】勝岡町2536-21", "url": "https://www.kaigokensaku.mhlw.go.jp/38/index.php?action_kouhyou_detail_004_kani=true&JigyosyoCd=3870109620-00&ServiceCd=110&Type=search", "url2": null }, "geometry": { "type": "Point", "coordinates": [ 132.72932528670529, 33.895135238261723 ] } },
{ "type": "Feature", "properties": { "内容": "訪問介護事業所あずみ【訪問介護】愛媛県松山市山越２丁目8-22西原マンション１階西", "url": "https://www.kaigokensaku.mhlw.go.jp/38/index.php?action_kouhyou_detail_004_kani=true&JigyosyoCd=3870109992-00&ServiceCd=110&Type=search", "url2": null }, "geometry": { "type": "Point", "coordinates": [ 132.75474840000004, 33.8610184 ] } },
{ "type": "Feature", "properties": { "内容": "訪問介護事業所　こはる【訪問介護】愛媛県松山市藤原町６６４番地1有料老人ホーム藤原の里", "url": "https://www.kaigokensaku.mhlw.go.jp/38/index.php?action_kouhyou_detail_004_kani=true&JigyosyoCd=3870110107-00&ServiceCd=110&Type=search", "url2": null }, "geometry": { "type": "Point", "coordinates": [ 132.758524598764126, 33.833590081965617 ] } },
{ "type": "Feature", "properties": { "内容": "訪問介護事業所なない【訪問介護】愛媛県松山市福音寺町307-2", "url": "https://www.kaigokensaku.mhlw.go.jp/38/index.php?action_kouhyou_detail_004_kani=true&JigyosyoCd=3870110149-00&ServiceCd=110&Type=search", "url2": null }, "geometry": { "type": "Point", "coordinates": [ 132.791992099999987, 33.821202699999986 ] } },
{ "type": "Feature", "properties": { "内容": "ヘルパーステーション　ひがし野【訪問介護】愛媛県松山市石手２丁目５番地11号", "url": "https://www.kaigokensaku.mhlw.go.jp/38/index.php?action_kouhyou_detail_004_kani=true&JigyosyoCd=3870110271-00&ServiceCd=110&Type=search", "url2": "http://www.higashino-group.com/" }, "geometry": { "type": "Point", "coordinates": [ 132.797149748117619, 33.845939537359072 ] } },
{ "type": "Feature", "properties": { "内容": "ワーク春【訪問介護】愛媛県松山市味酒町三丁目１番地４２階", "url": "https://www.kaigokensaku.mhlw.go.jp/38/index.php?action_kouhyou_detail_004_kani=true&JigyosyoCd=3870110347-00&ServiceCd=110&Type=search", "url2": "http://www.yukoukai.JP" }, "geometry": { "type": "Point", "coordinates": [ 132.756335796765597, 33.845545293082886 ] } },
{ "type": "Feature", "properties": { "内容": "ヘルパーステーション　かのう【訪問介護】愛媛県松山市久米窪田町１１４７", "url": "https://www.kaigokensaku.mhlw.go.jp/38/index.php?action_kouhyou_detail_004_kani=true&JigyosyoCd=3870110883-00&ServiceCd=110&Type=search", "url2": null }, "geometry": { "type": "Point", "coordinates": [ 132.808654330688427, 33.80837641462395 ] } },
{ "type": "Feature", "properties": { "内容": "ヘルパーステーション　サンシティ北条【訪問介護】愛媛県松山市下難波甲1377番2", "url": "https://www.kaigokensaku.mhlw.go.jp/38/index.php?action_kouhyou_detail_004_kani=true&JigyosyoCd=3870110909-00&ServiceCd=110&Type=search", "url2": "http://suncity-hojo.jp" }, "geometry": { "type": "Point", "coordinates": [ 132.775476961146552, 33.988893214899285 ] } },
{ "type": "Feature", "properties": { "内容": "ユーミーケアヘルパーステーションたかのこ【訪問介護】愛媛県松山市鷹子町403-1", "url": "https://www.kaigokensaku.mhlw.go.jp/38/index.php?action_kouhyou_detail_004_kani=true&JigyosyoCd=3870110941-00&ServiceCd=110&Type=search", "url2": "http://www.you-me-care.co.jp/" }, "geometry": { "type": "Point", "coordinates": [ 132.819115240475412, 33.812270041494941 ] } },
{ "type": "Feature", "properties": { "内容": "ヘルパーステーション　軽井沢【訪問介護】愛媛県松山市和泉北３丁目５番１７号サービス付き住宅軽井沢ファインビレッジ", "url": "https://www.kaigokensaku.mhlw.go.jp/38/index.php?action_kouhyou_detail_004_kani=true&JigyosyoCd=3870111006-00&ServiceCd=110&Type=search", "url2": "https://ls-sakuraso.com/" }, "geometry": { "type": "Point", "coordinates": [ 132.756713129908576, 33.81940796316669 ] } },
{ "type": "Feature", "properties": { "内容": "ヘルパーステーションももふく【訪問介護】愛媛県松山市空港通四丁目7番1号", "url": "https://www.kaigokensaku.mhlw.go.jp/38/index.php?action_kouhyou_detail_004_kani=true&JigyosyoCd=3870111055-00&ServiceCd=110&Type=search", "url2": "http://www.mitsuwat.co.jp/fukunokami/" }, "geometry": { "type": "Point", "coordinates": [ 132.734947499999947, 33.8288216 ] } },
{ "type": "Feature", "properties": { "内容": "訪問介護ステーション愛光【訪問介護】愛媛県松山市愛光町６番３号", "url": "https://www.kaigokensaku.mhlw.go.jp/38/index.php?action_kouhyou_detail_004_kani=true&JigyosyoCd=3870111154-00&ServiceCd=110&Type=search", "url2": "http://satoyama-donguri.com/" }, "geometry": { "type": "Point", "coordinates": [ 132.749607200000014, 33.8461672 ] } },
{ "type": "Feature", "properties": { "内容": "訪問介護事業所　シェア【訪問介護】愛媛県松山市福音寺町705番地6", "url": "https://www.kaigokensaku.mhlw.go.jp/38/index.php?action_kouhyou_detail_004_kani=true&JigyosyoCd=3870111204-00&ServiceCd=110&Type=search", "url2": null }, "geometry": { "type": "Point", "coordinates": [ 132.782734900000037, 33.82176 ] } },
{ "type": "Feature", "properties": { "内容": "株式会社　悠遊社　南江戸訪問事業所【訪問介護】愛媛県松山市南江戸三丁目７番２３号", "url": "https://www.kaigokensaku.mhlw.go.jp/38/index.php?action_kouhyou_detail_004_kani=true&JigyosyoCd=3870111246-00&ServiceCd=110&Type=search", "url2": "http://www.yuyusya.co.jp/" }, "geometry": { "type": "Point", "coordinates": [ 132.745302, 33.8385374 ] } },
{ "type": "Feature", "properties": { "内容": "ヘルパーステーションみやび【訪問介護】愛媛県松山市春美町2番19号", "url": "https://www.kaigokensaku.mhlw.go.jp/38/index.php?action_kouhyou_detail_004_kani=true&JigyosyoCd=3870111386-00&ServiceCd=110&Type=search", "url2": "http://www.miyabi-corporation.com/jp/" }, "geometry": { "type": "Point", "coordinates": [ 132.7232457, 33.869641399999978 ] } },
{ "type": "Feature", "properties": { "内容": "ヘルパーステーション　うみ【訪問介護】愛媛県松山市平和通３丁目２－３", "url": "https://www.kaigokensaku.mhlw.go.jp/38/index.php?action_kouhyou_detail_004_kani=true&JigyosyoCd=3870111394-00&ServiceCd=110&Type=search", "url2": null }, "geometry": { "type": "Point", "coordinates": [ 132.766603660115351, 33.847781996733509 ] } },
{ "type": "Feature", "properties": { "内容": "訪問介護ステーション　えん【訪問介護】愛媛県松山市井門町764-1", "url": "https://www.kaigokensaku.mhlw.go.jp/38/index.php?action_kouhyou_detail_004_kani=true&JigyosyoCd=3870111501-00&ServiceCd=110&Type=search", "url2": null }, "geometry": { "type": "Point", "coordinates": [ 132.779030455025577, 33.79937613943779 ] } },
{ "type": "Feature", "properties": { "内容": "訪問介護ケアステーション樽味【訪問介護】愛媛県松山市樽味四丁目１２番１８号", "url": "https://www.kaigokensaku.mhlw.go.jp/38/index.php?action_kouhyou_detail_004_kani=true&JigyosyoCd=3870111600-00&ServiceCd=110&Type=search", "url2": null }, "geometry": { "type": "Point", "coordinates": [ 132.788084300000037, 33.839269200000011 ] } },
{ "type": "Feature", "properties": { "内容": "ヘルパーステーションひより【訪問介護】愛媛県松山市北井門4丁目12番2号", "url": "https://www.kaigokensaku.mhlw.go.jp/38/index.php?action_kouhyou_detail_004_kani=true&JigyosyoCd=3870111659-00&ServiceCd=110&Type=search", "url2": "https://hiyori-7.jimdosite.com/" }, "geometry": { "type": "Point", "coordinates": [ 132.7757719, 33.8029454 ] } },
{ "type": "Feature", "properties": { "内容": "介護パートナーゆめ【訪問介護】愛媛県松山市松江町１番１０号パークサイド上田２０２号", "url": "https://www.kaigokensaku.mhlw.go.jp/38/index.php?action_kouhyou_detail_004_kani=true&JigyosyoCd=3870111683-00&ServiceCd=110&Type=search", "url2": null }, "geometry": { "type": "Point", "coordinates": [ 132.71489680000002, 33.8552345 ] } },
{ "type": "Feature", "properties": { "内容": "ダイヤサービス【訪問介護】愛媛県松山市松山市中村二丁目7番23号住宅型有料老人ホームダイヤ", "url": "https://www.kaigokensaku.mhlw.go.jp/38/index.php?action_kouhyou_detail_004_kani=true&JigyosyoCd=3870111691-00&ServiceCd=110&Type=search", "url2": "https://daiyaservice.co.jp/" }, "geometry": { "type": "Point", "coordinates": [ 132.777557004594627, 33.833378851115775 ] } },
{ "type": "Feature", "properties": { "内容": "訪問介護事業所　日和【訪問介護】愛媛県松山市西石井五丁目13番17号", "url": "https://www.kaigokensaku.mhlw.go.jp/38/index.php?action_kouhyou_detail_004_kani=true&JigyosyoCd=3870111899-00&ServiceCd=110&Type=search", "url2": null }, "geometry": { "type": "Point", "coordinates": [ 132.770270240475497, 33.815594856573952 ] } },
{ "type": "Feature", "properties": { "内容": "指定訪問介護ステーションみらい【訪問介護】愛媛県松山市木屋町二丁目1番地13吉村ビル1階", "url": "https://www.kaigokensaku.mhlw.go.jp/38/index.php?action_kouhyou_detail_004_kani=true&JigyosyoCd=3870111915-00&ServiceCd=110&Type=search", "url2": null }, "geometry": { "type": "Point", "coordinates": [ 132.760711384621118, 33.849944748561569 ] } },
{ "type": "Feature", "properties": { "内容": "株式会社　悠遊社東石井　訪問事業所【訪問介護】愛媛県松山市越智三丁目10番28号", "url": "https://www.kaigokensaku.mhlw.go.jp/38/index.php?action_kouhyou_detail_004_kani=true&JigyosyoCd=3870111949-00&ServiceCd=110&Type=search", "url2": "http://www.yuyusya.co.jp/" }, "geometry": { "type": "Point", "coordinates": [ 132.780879599999906, 33.8103502 ] } },
{ "type": "Feature", "properties": { "内容": "花はなヘルパーステーション【訪問介護】愛媛県松山市余戸南４丁目15-3よこて内科クリニック１階", "url": "https://www.kaigokensaku.mhlw.go.jp/38/index.php?action_kouhyou_detail_004_kani=true&JigyosyoCd=3870112004-00&ServiceCd=110&Type=search", "url2": null }, "geometry": { "type": "Point", "coordinates": [ 132.728215200000022, 33.8107614 ] } },
{ "type": "Feature", "properties": { "内容": "訪問介護事業所　天成縁【訪問介護】愛媛県松山市居相4丁目9番16号", "url": "https://www.kaigokensaku.mhlw.go.jp/38/index.php?action_kouhyou_detail_004_kani=true&JigyosyoCd=3870112277-00&ServiceCd=110&Type=search", "url2": "https://tenseien-e.com/" }, "geometry": { "type": "Point", "coordinates": [ 132.768616400000013, 33.8067975 ] } },
{ "type": "Feature", "properties": { "内容": "すまいる訪問介護【訪問介護】愛媛県松山市空港通２丁目１３ー８サービス付き高齢者向け住宅リブウェル空港通", "url": "https://www.kaigokensaku.mhlw.go.jp/38/index.php?action_kouhyou_detail_004_kani=true&JigyosyoCd=3870112376-00&ServiceCd=110&Type=search", "url2": "https://bda-partners.jp" }, "geometry": { "type": "Point", "coordinates": [ 132.740958384655784, 33.829228824549062 ] } },
{ "type": "Feature", "properties": { "内容": "ベストケア北条訪問介護事業所【訪問介護】愛媛県松山市北条辻６１０番地１５", "url": "https://www.kaigokensaku.mhlw.go.jp/38/index.php?action_kouhyou_detail_004_kani=true&JigyosyoCd=3870112392-00&ServiceCd=110&Type=search", "url2": "http://www.best-care.jp/company/about.html" }, "geometry": { "type": "Point", "coordinates": [ 132.773117, 33.966806200000015 ] } },
{ "type": "Feature", "properties": { "内容": "訪問介護事業所　いちにち【訪問介護】愛媛県松山市西垣生町238-19", "url": "https://www.kaigokensaku.mhlw.go.jp/38/index.php?action_kouhyou_detail_004_kani=true&JigyosyoCd=3870112459-00&ServiceCd=110&Type=search", "url2": null }, "geometry": { "type": "Point", "coordinates": [ 132.7017899, 33.8071141 ] } },
{ "type": "Feature", "properties": { "内容": "ヘルパーステーションあいえ【訪問介護】愛媛県松山市松末1丁目4-8", "url": "https://www.kaigokensaku.mhlw.go.jp/38/index.php?action_kouhyou_detail_004_kani=true&JigyosyoCd=3870112475-00&ServiceCd=110&Type=search", "url2": null }, "geometry": { "type": "Point", "coordinates": [ 132.78941020000002, 33.8265042 ] } },
{ "type": "Feature", "properties": { "内容": "ヘルパーステーションつむぎ【訪問介護】愛媛県松山市森松町725番7ジュエルミサワ・11", "url": "https://www.kaigokensaku.mhlw.go.jp/38/index.php?action_kouhyou_detail_004_kani=true&JigyosyoCd=3870112483-00&ServiceCd=110&Type=search", "url2": null }, "geometry": { "type": "Point", "coordinates": [ 132.788027, 33.7923732 ] } },
{ "type": "Feature", "properties": { "内容": "ぐっどらいふ【訪問介護】愛媛県松山市山西町901番地1林ビル102", "url": "https://www.kaigokensaku.mhlw.go.jp/38/index.php?action_kouhyou_detail_004_kani=true&JigyosyoCd=3870112491-00&ServiceCd=110&Type=search", "url2": "https://goodlife0715.sakura.ne.jp" }, "geometry": { "type": "Point", "coordinates": [ 132.7220624, 33.852714 ] } },
{ "type": "Feature", "properties": { "内容": "ヘルパーステーション　クオーレ本町【訪問介護】愛媛県松山市松前町3丁目2-2ハインビレッジ松前１階", "url": "https://www.kaigokensaku.mhlw.go.jp/38/index.php?action_kouhyou_detail_004_kani=true&JigyosyoCd=3870112608-00&ServiceCd=110&Type=search", "url2": null }, "geometry": { "type": "Point", "coordinates": [ 132.758014246907521, 33.845512657474941 ] } },
{ "type": "Feature", "properties": { "内容": "ヘルパーステーション　せと【訪問介護】愛媛県松山市保免上1丁目11番16号", "url": "https://www.kaigokensaku.mhlw.go.jp/38/index.php?action_kouhyou_detail_004_kani=true&JigyosyoCd=3870112871-00&ServiceCd=110&Type=search", "url2": "https://yuima-ruseto.com" }, "geometry": { "type": "Point", "coordinates": [ 132.751659600000011, 33.8187763 ] } },
{ "type": "Feature", "properties": { "内容": "ヘルパーステーション　華桔梗【訪問介護】愛媛県松山市南高井町１３７８番地５", "url": "https://www.kaigokensaku.mhlw.go.jp/38/index.php?action_kouhyou_detail_004_kani=true&JigyosyoCd=3870112939-00&ServiceCd=110&Type=search", "url2": "http://hanakikyo.co.jp" }, "geometry": { "type": "Point", "coordinates": [ 132.8074492, 33.7918051 ] } },
{ "type": "Feature", "properties": { "内容": "すまいる訪問介護星岡【訪問介護】愛媛県松山市星岡5丁目６-２６リブウェル星岡", "url": "https://www.kaigokensaku.mhlw.go.jp/38/index.php?action_kouhyou_detail_004_kani=true&JigyosyoCd=3870112947-00&ServiceCd=110&Type=search", "url2": "https://bda-partners.jp/" }, "geometry": { "type": "Point", "coordinates": [ 132.7863303, 33.8110493 ] } },
{ "type": "Feature", "properties": { "内容": "ヘルパーステーション翠【訪問介護】愛媛県松山市今在家2丁目10番46-6号", "url": "https://www.kaigokensaku.mhlw.go.jp/38/index.php?action_kouhyou_detail_004_kani=true&JigyosyoCd=3870113168-00&ServiceCd=110&Type=search", "url2": null }, "geometry": { "type": "Point", "coordinates": [ 132.792316100000022, 33.8073101 ] } },
{ "type": "Feature", "properties": { "内容": "訪問介護おたっしゃ・ケア松山【訪問介護】愛媛県松山市鷹子町403番地1", "url": "https://www.kaigokensaku.mhlw.go.jp/38/index.php?action_kouhyou_detail_004_kani=true&JigyosyoCd=3870113259-00&ServiceCd=110&Type=search", "url2": null }, "geometry": { "type": "Point", "coordinates": [ 132.8191899, 33.8120399 ] } },
{ "type": "Feature", "properties": { "内容": "ヘルパーステーション北条【訪問介護】愛媛県松山市河野中須賀145番地20", "url": "https://www.kaigokensaku.mhlw.go.jp/38/index.php?action_kouhyou_detail_004_kani=true&JigyosyoCd=3870113325-00&ServiceCd=110&Type=search", "url2": "https://yuyusya.co.jp/" }, "geometry": { "type": "Point", "coordinates": [ 132.770237400000013, 33.9461774 ] } },
{ "type": "Feature", "properties": { "内容": "ヘルパーステーションあさなぎ【訪問介護】愛媛県松山市南吉田町1730番地2", "url": "https://www.kaigokensaku.mhlw.go.jp/38/index.php?action_kouhyou_detail_004_kani=true&JigyosyoCd=3870113341-00&ServiceCd=110&Type=search", "url2": null }, "geometry": { "type": "Point", "coordinates": [ 132.713682, 33.8286824 ] } },
{ "type": "Feature", "properties": { "内容": "訪問介護事業所ハピネス椿【訪問介護】愛媛県松山市今在家3丁目9番29号", "url": "https://www.kaigokensaku.mhlw.go.jp/38/index.php?action_kouhyou_detail_004_kani=true&JigyosyoCd=3870113366-00&ServiceCd=110&Type=search", "url2": "https://www.kawahara-cln.jp/" }, "geometry": { "type": "Point", "coordinates": [ 132.793824300000011, 33.8049256 ] } },
{ "type": "Feature", "properties": { "内容": "訪問介護ステーション　花結【訪問介護】愛媛県松山市天山2丁目8番11号", "url": "https://www.kaigokensaku.mhlw.go.jp/38/index.php?action_kouhyou_detail_004_kani=true&JigyosyoCd=3870113390-00&ServiceCd=110&Type=search", "url2": null }, "geometry": { "type": "Point", "coordinates": [ 132.778238499999986, 33.8202428 ] } },
{ "type": "Feature", "properties": { "内容": "訪問介護事業所おおか【訪問介護】愛媛県松山市余戸西６丁目１番５号メゾンド武市２０５号室", "url": "https://www.kaigokensaku.mhlw.go.jp/38/index.php?action_kouhyou_detail_004_kani=true&JigyosyoCd=3870113408-00&ServiceCd=110&Type=search", "url2": null }, "geometry": { "type": "Point", "coordinates": [ 132.7254637, 33.8157543 ] } },
{ "type": "Feature", "properties": { "内容": "ヘルパーステーション華音【訪問介護】愛媛県松山市堀江町甲955-1", "url": "https://www.kaigokensaku.mhlw.go.jp/38/index.php?action_kouhyou_detail_004_kani=true&JigyosyoCd=3870113440-00&ServiceCd=110&Type=search", "url2": "https://www.aine-kaigo.com/" }, "geometry": { "type": "Point", "coordinates": [ 132.74517896728409, 33.90274738332073 ] } },
{ "type": "Feature", "properties": { "内容": "ヘルパーステーションあ・ベンチ【訪問介護】愛媛県松山市水泥町947-1　K525　405サービス付き高齢者向け住宅あ・ベンチのすまい", "url": "https://www.kaigokensaku.mhlw.go.jp/38/index.php?action_kouhyou_detail_004_kani=true&JigyosyoCd=3870113473-00&ServiceCd=110&Type=search", "url2": "http://abenchi.sakura.ne.jp" }, "geometry": { "type": "Point", "coordinates": [ 132.8379306, 33.8149871 ] } },
{ "type": "Feature", "properties": { "内容": "伊予訪問介護サービス【訪問介護】愛媛県松山市保免西２丁目１－２", "url": "https://www.kaigokensaku.mhlw.go.jp/38/index.php?action_kouhyou_detail_004_kani=true&JigyosyoCd=3871000109-00&ServiceCd=110&Type=search", "url2": "http://www.iyohp.jp" }, "geometry": { "type": "Point", "coordinates": [ 132.741456779098485, 33.81495213922468 ] } },
{ "type": "Feature", "properties": { "内容": "丸忠スカイコート株式会社【訪問介護】愛媛県松山市下難波甲６７－３", "url": "https://www.kaigokensaku.mhlw.go.jp/38/index.php?action_kouhyou_detail_004_kani=true&JigyosyoCd=3871100206-00&ServiceCd=110&Type=search", "url2": null }, "geometry": { "type": "Point", "coordinates": [ 132.780469893227746, 33.984426864493358 ] } },
{ "type": "Feature", "properties": { "内容": "ライフネット訪問介護事業所【訪問介護】愛媛県松山市北条辻773-8", "url": "https://www.kaigokensaku.mhlw.go.jp/38/index.php?action_kouhyou_detail_004_kani=true&JigyosyoCd=3871100305-00&ServiceCd=110&Type=search", "url2": "www.lnt.jp" }, "geometry": { "type": "Point", "coordinates": [ 132.776427900000044, 33.9668928 ] } },
{ "type": "Feature", "properties": { "内容": "松山シルバー北条指定訪問介護事業所【訪問介護】愛媛県松山市河野別府937番地1", "url": "https://www.kaigokensaku.mhlw.go.jp/38/index.php?action_kouhyou_detail_004_kani=true&JigyosyoCd=3871100446-00&ServiceCd=110&Type=search", "url2": "http://m-silver.sakura.ne.jp/" }, "geometry": { "type": "Point", "coordinates": [ 132.781438799999933, 33.9581383 ] } },
{ "type": "Feature", "properties": { "内容": "ヘルパーステーションハピネス中島【訪問介護】愛媛県松山市小浜甲1482-1", "url": "https://www.kaigokensaku.mhlw.go.jp/38/index.php?action_kouhyou_detail_004_kani=true&JigyosyoCd=3873300374-00&ServiceCd=110&Type=search", "url2": "http://happiness.ecnet.jp" }, "geometry": { "type": "Point", "coordinates": [ 132.628763700000036, 33.9710274 ] } },
{ "type": "Feature", "properties": { "内容": "松山シルバー中島指定訪問介護事業所【訪問介護】愛媛県松山市中島大浦1626番地", "url": "https://www.kaigokensaku.mhlw.go.jp/38/index.php?action_kouhyou_detail_004_kani=true&JigyosyoCd=3873300390-00&ServiceCd=110&Type=search", "url2": "http://m-silver.sakura.ne.jp/" }, "geometry": { "type": "Point", "coordinates": [ 132.6296774, 33.9752577 ] } },
{ "type": "Feature", "properties": { "内容": "訪問介護事業所ていれぎ荘【訪問介護】愛媛県松山市水泥町405番地1", "url": "https://www.kaigokensaku.mhlw.go.jp/38/index.php?action_kouhyou_detail_004_kani=true&JigyosyoCd=3870100991-00&ServiceCd=110&Type=search", "url2": "httrs://www.jikoukai-ehime.or.jp/teiregisou" }, "geometry": { "type": "Point", "coordinates": [ 132.8221062, 33.8009655 ] } },
{ "type": "Feature", "properties": { "内容": "さんわ訪問介護事業所【訪問介護】愛媛県松山市松ノ木1丁目5-35", "url": "https://www.kaigokensaku.mhlw.go.jp/38/index.php?action_kouhyou_detail_004_kani=true&JigyosyoCd=3870102005-00&ServiceCd=110&Type=search", "url2": "http://www.sanwa-kaigo.com" }, "geometry": { "type": "Point", "coordinates": [ 132.719576800000027, 33.8693746 ] } },
{ "type": "Feature", "properties": { "内容": "パーソナルアシスタント青空【訪問介護】古川北三丁目4番32号", "url": "https://www.kaigokensaku.mhlw.go.jp/38/index.php?action_kouhyou_detail_004_kani=true&JigyosyoCd=3870104324-00&ServiceCd=110&Type=search", "url2": "info@pa-aozora.com" }, "geometry": { "type": "Point", "coordinates": [ 132.495856300000014, 34.3896578 ] } },
{ "type": "Feature", "properties": { "内容": "訪問介護事業所アロハ居相【訪問介護】愛媛県松山市居相三丁目14-20", "url": "https://www.kaigokensaku.mhlw.go.jp/38/index.php?action_kouhyou_detail_004_kani=true&JigyosyoCd=3870105438-00&ServiceCd=110&Type=search", "url2": null }, "geometry": { "type": "Point", "coordinates": [ 132.769611400000031, 33.8113164 ] } },
{ "type": "Feature", "properties": { "内容": "ヘルパーステーション　フォーライフミネルワ【訪問介護】愛媛県松山市東垣生町903番地1", "url": "https://www.kaigokensaku.mhlw.go.jp/38/index.php?action_kouhyou_detail_004_kani=true&JigyosyoCd=3870107913-00&ServiceCd=110&Type=search", "url2": "http://www.m-m-corp.jp/forlife-mineruwa/" }, "geometry": { "type": "Point", "coordinates": [ 132.718549715652443, 33.81768194528604 ] } },
{ "type": "Feature", "properties": { "内容": "訪問介護ステーション(株）スィンク【訪問介護】愛媛県松山市古三津2丁目７－１７パルメゾン古三津102号", "url": "https://www.kaigokensaku.mhlw.go.jp/38/index.php?action_kouhyou_detail_004_kani=true&JigyosyoCd=3870108754-00&ServiceCd=110&Type=search", "url2": null }, "geometry": { "type": "Point", "coordinates": [ 132.728045299999962, 33.8585068 ] } },
{ "type": "Feature", "properties": { "内容": "ヘルパーステーション　笑歩会【訪問介護】愛媛県松山市朝生田町六丁目2番5号", "url": "https://www.kaigokensaku.mhlw.go.jp/38/index.php?action_kouhyou_detail_004_kani=true&JigyosyoCd=3870109661-00&ServiceCd=110&Type=search", "url2": "http://shouhokai.jp/" }, "geometry": { "type": "Point", "coordinates": [ 132.768310861113491, 33.821235746974544 ] } },
{ "type": "Feature", "properties": { "内容": "ヘルパーステーションべーす【訪問介護】愛媛県松山市美沢1丁目2-14", "url": "https://www.kaigokensaku.mhlw.go.jp/38/index.php?action_kouhyou_detail_004_kani=true&JigyosyoCd=3870110396-00&ServiceCd=110&Type=search", "url2": null }, "geometry": { "type": "Point", "coordinates": [ 132.748909361434471, 33.848647824768186 ] } },
{ "type": "Feature", "properties": { "内容": "訪問介護事業所ブリーゼ【訪問介護】愛媛県松山市安城寺町94－１久枝ハイツ301", "url": "https://www.kaigokensaku.mhlw.go.jp/38/index.php?action_kouhyou_detail_004_kani=true&JigyosyoCd=3870110677-00&ServiceCd=110&Type=search", "url2": null }, "geometry": { "type": "Point", "coordinates": [ 132.753318, 33.8672315 ] } },
{ "type": "Feature", "properties": { "内容": "ヘルパーステーションあいはぶ【訪問介護】愛媛県松山市木屋町4丁目2-83F", "url": "https://www.kaigokensaku.mhlw.go.jp/38/index.php?action_kouhyou_detail_004_kani=true&JigyosyoCd=3870112152-00&ServiceCd=110&Type=search", "url2": "http://www.ihavematsuyama.com" }, "geometry": { "type": "Point", "coordinates": [ 132.7605011, 33.8551837 ] } },
{ "type": "Feature", "properties": { "内容": "ケアサービスHONU【訪問介護】愛媛県松山市天山2丁目2番30号門田荘3号", "url": "https://www.kaigokensaku.mhlw.go.jp/38/index.php?action_kouhyou_detail_004_kani=true&JigyosyoCd=3870112335-00&ServiceCd=110&Type=search", "url2": null }, "geometry": { "type": "Point", "coordinates": [ 132.779562, 33.8209568 ] } },
{ "type": "Feature", "properties": { "内容": "指定訪問介護事業所　光風【訪問介護】愛媛県松山市山越2丁目5-26サービス付き高齢者向け住宅光風　１・２F", "url": "https://www.kaigokensaku.mhlw.go.jp/38/index.php?action_kouhyou_detail_004_kani=true&JigyosyoCd=3870112517-00&ServiceCd=110&Type=search", "url2": null }, "geometry": { "type": "Point", "coordinates": [ 132.756253444180288, 33.860894464057594 ] } },
{ "type": "Feature", "properties": { "内容": "ヘルパーステーション未来たかのこ【訪問介護】愛媛県松山市鷹子町1061番地1", "url": "https://www.kaigokensaku.mhlw.go.jp/38/index.php?action_kouhyou_detail_004_kani=true&JigyosyoCd=3870112996-00&ServiceCd=110&Type=search", "url2": "http://care-net.biz/38/yoshimaru1930/b33.php" }, "geometry": { "type": "Point", "coordinates": [ 132.8125942, 33.817321 ] } },
{ "type": "Feature", "properties": { "内容": "ヘルパーステーションcorazon【訪問介護】法人と同じ法人と同じ", "url": "https://www.kaigokensaku.mhlw.go.jp/38/index.php?action_kouhyou_detail_004_kani=true&JigyosyoCd=3870113150-00&ServiceCd=110&Type=search", "url2": "https://www.m-nittan.jp/" }, "geometry": { "type": "Point", "coordinates": [ 132.77022, 33.840157 ] } },
{ "type": "Feature", "properties": { "内容": "ヘルパーステーションLei【訪問介護】愛媛県松山市新浜町14-7港山マンション308号", "url": "https://www.kaigokensaku.mhlw.go.jp/38/index.php?action_kouhyou_detail_004_kani=true&JigyosyoCd=3870113283-00&ServiceCd=110&Type=search", "url2": "https://www.ichigo15.or.jp" }, "geometry": { "type": "Point", "coordinates": [ 132.7135279, 33.870241900000025 ] } },
{ "type": "Feature", "properties": { "内容": "ホームヘルパーサービスゆう【訪問介護】愛媛県松山市宮西1丁目5－27宮西K'sビル３０２", "url": "https://www.kaigokensaku.mhlw.go.jp/38/index.php?action_kouhyou_detail_004_kani=true&JigyosyoCd=3870113374-00&ServiceCd=110&Type=search", "url2": "https://hp.kaipoke.biz/dwy/info.html" }, "geometry": { "type": "Point", "coordinates": [ 132.7524497, 33.8462612 ] } },
{ "type": "Feature", "properties": { "内容": "ヘルパーステーションNHふくのかみ【訪問介護】愛媛県松山市南吉田町１７８８－１ナーシングホームふくのかみ", "url": "https://www.kaigokensaku.mhlw.go.jp/38/index.php?action_kouhyou_detail_004_kani=true&JigyosyoCd=3870113754-00&ServiceCd=110&Type=search", "url2": "https://www.mitsuwat.co.jp/fukunokami/" }, "geometry": { "type": "Point", "coordinates": [ 132.715877299999988, 33.8300242 ] } },
{ "type": "Feature", "properties": { "内容": "余土訪問介護【訪問介護】愛媛県松山市余戸中１丁目４番６号コーポ払川１０１", "url": "https://www.kaigokensaku.mhlw.go.jp/38/index.php?action_kouhyou_detail_004_kani=true&JigyosyoCd=3870113838-00&ServiceCd=110&Type=search", "url2": "https://houmonkaigo.net/" }, "geometry": { "type": "Point", "coordinates": [ 132.73122140000001, 33.8142707 ] } },
{ "type": "Feature", "properties": { "内容": "訪問介護事業所　はづき【訪問介護】愛媛県松山市高岡町728-38", "url": "https://www.kaigokensaku.mhlw.go.jp/38/index.php?action_kouhyou_detail_004_kani=true&JigyosyoCd=3870113861-00&ServiceCd=110&Type=search", "url2": "https://hazuki-jp.com" }, "geometry": { "type": "Point", "coordinates": [ 132.719992, 33.8355266 ] } },
{ "type": "Feature", "properties": { "内容": "ヘルパーステーション愛星【訪問介護】愛媛県松山市磯河内甲252番地1渡部ビル205号室", "url": "https://www.kaigokensaku.mhlw.go.jp/38/index.php?action_kouhyou_detail_004_kani=true&JigyosyoCd=3870113465-00&ServiceCd=110&Type=search", "url2": null }, "geometry": { "type": "Point", "coordinates": [ 132.7625442, 33.9311097 ] } },
{ "type": "Feature", "properties": { "内容": "ケアステーションまほろば松山【訪問介護】愛媛県松山市東長戸4丁目2番28号cotoneJYOHOKU203号室", "url": "https://www.kaigokensaku.mhlw.go.jp/38/index.php?action_kouhyou_detail_004_kani=true&JigyosyoCd=3870113499-00&ServiceCd=110&Type=search", "url2": "https://www.mahoroba.llc/" }, "geometry": { "type": "Point", "coordinates": [ 132.7540718, 33.8698091 ] } },
{ "type": "Feature", "properties": { "内容": "訪問介護ステーション　アップル【訪問介護】愛媛県松山市古三津四丁目625番地", "url": "https://www.kaigokensaku.mhlw.go.jp/38/index.php?action_kouhyou_detail_004_kani=true&JigyosyoCd=3870113697-00&ServiceCd=110&Type=search", "url2": "http://www.mitsuseikei.jp/apple/" }, "geometry": { "type": "Point", "coordinates": [ 132.7304696, 33.8554335 ] } },
{ "type": "Feature", "properties": { "内容": "おひさまヘルパーステーション【訪問介護】愛媛県松山市小栗6丁目1番22号第2白石ビル2階西", "url": "https://www.kaigokensaku.mhlw.go.jp/38/index.php?action_kouhyou_detail_004_kani=true&JigyosyoCd=3870113739-00&ServiceCd=110&Type=search", "url2": "https://fm-canvas.com/" }, "geometry": { "type": "Point", "coordinates": [ 132.7561239, 33.8259913 ] } },
{ "type": "Feature", "properties": { "内容": "オリオンケアサービス【訪問介護】愛媛県松山市和気町１丁目４３１－１", "url": "https://www.kaigokensaku.mhlw.go.jp/38/index.php?action_kouhyou_detail_004_kani=true&JigyosyoCd=3870102740-00&ServiceCd=110&Type=search", "url2": "https://www.big-advance.site/s/169/1236" }, "geometry": { "type": "Point", "coordinates": [ 132.7386473, 33.89423860000003 ] } },
{ "type": "Feature", "properties": { "内容": "特定非営利活動法人自立生活センター松山【訪問介護】松山市萱町2－8－2山田ビル1F", "url": "https://www.kaigokensaku.mhlw.go.jp/38/index.php?action_kouhyou_detail_004_kani=true&JigyosyoCd=3870107178-00&ServiceCd=110&Type=search", "url2": "http://www.cil-m.net/" }, "geometry": { "type": "Point", "coordinates": [ 132.757188955819714, 33.845091858265675 ] } },
{ "type": "Feature", "properties": { "内容": "ケアサポートまつやま　和気事業所【訪問介護】和気町１丁目２７番地", "url": "https://www.kaigokensaku.mhlw.go.jp/38/index.php?action_kouhyou_detail_004_kani=true&JigyosyoCd=3870108200-00&ServiceCd=110&Type=search", "url2": "http://www.cross-service.co.jp" }, "geometry": { "type": "Point", "coordinates": [ 132.736405600000012, 33.8917259 ] } },
{ "type": "Feature", "properties": { "内容": "ヘルパーステーション　太陽がいっぱい。【訪問介護】愛媛県松山市針田町112-1", "url": "https://www.kaigokensaku.mhlw.go.jp/38/index.php?action_kouhyou_detail_004_kani=true&JigyosyoCd=3870109869-00&ServiceCd=110&Type=search", "url2": "http://taiyou-ippai.jp/" }, "geometry": { "type": "Point", "coordinates": [ 132.736716900000033, 33.8241528 ] } },
{ "type": "Feature", "properties": { "内容": "学研ココファン松山大手町ヘルパーセンター【訪問介護】愛媛県松山市大手町1-4-1", "url": "https://www.kaigokensaku.mhlw.go.jp/38/index.php?action_kouhyou_detail_004_kani=true&JigyosyoCd=3870110511-00&ServiceCd=110&Type=search", "url2": "http://www.cocofump.co.jp/facilities/detail/matsuyama-otemachi/" }, "geometry": { "type": "Point", "coordinates": [ 132.756487200000038, 33.8393099 ] } },
{ "type": "Feature", "properties": { "内容": "ツクイ・サンフォレスト松山　介護【訪問介護】愛媛県松山市若草町4-1", "url": "https://www.kaigokensaku.mhlw.go.jp/38/index.php?action_kouhyou_detail_004_kani=true&JigyosyoCd=3870112848-00&ServiceCd=110&Type=search", "url2": "https://www.tsukui.net/" }, "geometry": { "type": "Point", "coordinates": [ 132.760365189024327, 33.846223721358285 ] } },
{ "type": "Feature", "properties": { "内容": "訪問介護ステーション愛【訪問介護】愛媛県松山市余戸中三丁目10番35号レジデンス余戸402号室", "url": "https://www.kaigokensaku.mhlw.go.jp/38/index.php?action_kouhyou_detail_004_kani=true&JigyosyoCd=3870113416-00&ServiceCd=110&Type=search", "url2": "https://www.home-care-ai.com/" }, "geometry": { "type": "Point", "coordinates": [ 132.727884, 33.8154062 ] } },
{ "type": "Feature", "properties": { "内容": "株式会社悠遊社【訪問介護】愛媛県松山市南斉院町935番地1ゆうゆう南斉院", "url": "https://www.kaigokensaku.mhlw.go.jp/38/index.php?action_kouhyou_detail_004_kani=true&JigyosyoCd=3870101106-00&ServiceCd=110&Type=search", "url2": "http://www.yuyusya.co.jp/" }, "geometry": { "type": "Point", "coordinates": [ 132.732009279870567, 33.832898527405497 ] } },
{ "type": "Feature", "properties": { "内容": "ヘルパーステーション　わが家【訪問介護】愛媛県松山市六軒家町3-19", "url": "https://www.kaigokensaku.mhlw.go.jp/38/index.php?action_kouhyou_detail_004_kani=true&JigyosyoCd=3870103110-00&ServiceCd=110&Type=search", "url2": "http://kawadanoushinkeigeka.jp/wagaya_index.html" }, "geometry": { "type": "Point", "coordinates": [ 132.7502488, 33.8518443 ] } },
{ "type": "Feature", "properties": { "内容": "ヘルパーステーション花【訪問介護】愛媛県松山市西長戸258番3", "url": "https://www.kaigokensaku.mhlw.go.jp/38/index.php?action_kouhyou_detail_004_kani=true&JigyosyoCd=3870104761-00&ServiceCd=110&Type=search", "url2": null }, "geometry": { "type": "Point", "coordinates": [ 132.75620379999998, 33.8690702 ] } },
{ "type": "Feature", "properties": { "内容": "ヘルパーステーションイーケア【訪問介護】愛媛県松山市空港通七丁目17番36号201", "url": "https://www.kaigokensaku.mhlw.go.jp/38/index.php?action_kouhyou_detail_004_kani=true&JigyosyoCd=3870110800-00&ServiceCd=110&Type=search", "url2": "http://ecare-jp.com/" }, "geometry": { "type": "Point", "coordinates": [ 132.727139599999987, 33.8297716 ] } },
{ "type": "Feature", "properties": { "内容": "株式会社TOMORROW【訪問介護】愛媛県松山市南梅本町甲1082番地19", "url": "https://www.kaigokensaku.mhlw.go.jp/38/index.php?action_kouhyou_detail_004_kani=true&JigyosyoCd=3870112541-00&ServiceCd=110&Type=search", "url2": null }, "geometry": { "type": "Point", "coordinates": [ 132.832596800000033, 33.8003998 ] } },
{ "type": "Feature", "properties": { "内容": "ヘルパーステーション来住【訪問介護】愛媛県松山市来住町36番地", "url": "https://www.kaigokensaku.mhlw.go.jp/38/index.php?action_kouhyou_detail_004_kani=true&JigyosyoCd=3870113705-00&ServiceCd=110&Type=search", "url2": "http://jurakukai.jp/facility-info/kishi" }, "geometry": { "type": "Point", "coordinates": [ 132.8067632, 33.802516900000015 ] } },
{ "type": "Feature", "properties": { "内容": "指定訪問介護支援事業所おもや【訪問介護】愛媛県松山市大橋町335番地", "url": "https://www.kaigokensaku.mhlw.go.jp/38/index.php?action_kouhyou_detail_004_kani=true&JigyosyoCd=3870103540-00&ServiceCd=110&Type=search", "url2": "http://www.ely-omoya.jp/" }, "geometry": { "type": "Point", "coordinates": [ 132.80994069999997, 33.7820009 ] } },
{ "type": "Feature", "properties": { "内容": "訪問介護事業所　花椿【訪問介護】愛媛県松山市居相2丁目1-12", "url": "https://www.kaigokensaku.mhlw.go.jp/38/index.php?action_kouhyou_detail_004_kani=true&JigyosyoCd=3870113994-00&ServiceCd=110&Type=search", "url2": null }, "geometry": { "type": "Point", "coordinates": [ 132.7720754, 33.809767 ] } },
{ "type": "Feature", "properties": { "内容": "ゆうケアヘルパーステーション【訪問介護】愛媛県松山市空港通３－９－３", "url": "https://www.kaigokensaku.mhlw.go.jp/38/index.php?action_kouhyou_detail_004_kani=true&JigyosyoCd=3870114075-00&ServiceCd=110&Type=search", "url2": "https://www.ehime-yuucare.com/" }, "geometry": { "type": "Point", "coordinates": [ 132.7377957, 33.8287263 ] } },
{ "type": "Feature", "properties": { "内容": "訪問介護ステーション　けんしん【訪問介護】愛媛県松山市小坂３丁目4-22　スペース小倉", "url": "https://www.kaigokensaku.mhlw.go.jp/38/index.php?action_kouhyou_detail_004_kani=true&JigyosyoCd=3870114067-00&ServiceCd=110&Type=search", "url2": "https://www.kaigo-kenshin.com" }, "geometry": { "type": "Point", "coordinates": [ 132.7799492, 33.8313898 ] } },
{ "type": "Feature", "properties": { "内容": "医心館訪問介護ステーション松山【訪問介護】愛媛県松山市中央二丁目157番地１", "url": "https://www.kaigokensaku.mhlw.go.jp/38/index.php?action_kouhyou_detail_004_kani=true&JigyosyoCd=3870114091-00&ServiceCd=110&Type=search", "url2": null }, "geometry": { "type": "Point", "coordinates": [ 132.746394, 33.8556428 ] } },
{ "type": "Feature", "properties": { "内容": "訪問介護ステーション　シャルー【訪問介護】桑原2丁目13-18クラルテメゾンリリー102号", "url": "https://www.kaigokensaku.mhlw.go.jp/38/index.php?action_kouhyou_detail_004_kani=true&JigyosyoCd=3870114133-00&ServiceCd=110&Type=search", "url2": null }, "geometry": { "type": "Point", "coordinates": [ 132.790329899999989, 33.8372202 ] } },
{ "type": "Feature", "properties": { "内容": "ネコロボマン訪問介護松山東石井店【訪問介護】愛媛県松山市東石井７丁目７－１５アドバンスカーサB１０３号", "url": "https://www.kaigokensaku.mhlw.go.jp/38/index.php?action_kouhyou_detail_004_kani=true&JigyosyoCd=3870114141-00&ServiceCd=110&Type=search", "url2": null }, "geometry": { "type": "Point", "coordinates": [ 132.776679600000023, 33.8084484 ] } },
{ "type": "Feature", "properties": { "内容": "ヘルパーステーションかめ【訪問介護】愛媛県松山市勝山町2丁目155番地1メゾンドール勝山205号", "url": "https://www.kaigokensaku.mhlw.go.jp/38/index.php?action_kouhyou_detail_004_kani=true&JigyosyoCd=3870108648-00&ServiceCd=110&Type=search", "url2": "http://kame2012.com" }, "geometry": { "type": "Point", "coordinates": [ 132.775904800000035, 33.8460264 ] } },
{ "type": "Feature", "properties": { "内容": "訪問介護事業所　珠の実【訪問介護】松山市余戸西三丁目9番29号", "url": "https://www.kaigokensaku.mhlw.go.jp/38/index.php?action_kouhyou_detail_004_kani=true&JigyosyoCd=3870108978-00&ServiceCd=110&Type=search", "url2": "https://tamanomi.jp/" }, "geometry": { "type": "Point", "coordinates": [ 132.719960861411778, 33.813676378933046 ] } },
{ "type": "Feature", "properties": { "内容": "訪問介護ステーションぴーす【訪問介護】柳井町２丁目１９番地１２コーポ柳井３０２号", "url": "https://www.kaigokensaku.mhlw.go.jp/38/index.php?action_kouhyou_detail_004_kani=true&JigyosyoCd=3870114083-00&ServiceCd=110&Type=search", "url2": "https://p-piece.com" }, "geometry": { "type": "Point", "coordinates": [ 132.768349499999971, 33.8346741 ] } },
{ "type": "Feature", "properties": { "内容": "ホームケアメルシー【訪問介護】愛媛県松山市枝松6丁目12番11号今井マンション202", "url": "https://www.kaigokensaku.mhlw.go.jp/38/index.php?action_kouhyou_detail_004_kani=true&JigyosyoCd=3870113119-00&ServiceCd=110&Type=search", "url2": "https://homecaremerci.jp/" }, "geometry": { "type": "Point", "coordinates": [ 132.7838639, 33.8265048 ] } },
{ "type": "Feature", "properties": { "内容": "訪問介護ステーション　うさぎの里【訪問介護】愛媛県松山市祇園町１３番６号", "url": "https://www.kaigokensaku.mhlw.go.jp/38/index.php?action_kouhyou_detail_004_kani=true&JigyosyoCd=3870111295-00&ServiceCd=110&Type=search", "url2": "https://usaginosato.com" }, "geometry": { "type": "Point", "coordinates": [ 132.777302100000043, 33.8255789 ] } },
{ "type": "Feature", "properties": { "内容": "ヘルパーステーション愛・家族【訪問介護】愛媛県松山市港山町4番１７号", "url": "https://www.kaigokensaku.mhlw.go.jp/38/index.php?action_kouhyou_detail_004_kani=true&JigyosyoCd=3870111139-00&ServiceCd=110&Type=search", "url2": "http://aikazoku.com/" }, "geometry": { "type": "Point", "coordinates": [ 132.71318704812083, 33.868340183313819 ] } },
{ "type": "Feature", "properties": { "内容": "カド建株式会社　逢訪問介護事業所【訪問介護】愛媛県松山市余戸中2丁目2-4", "url": "https://www.kaigokensaku.mhlw.go.jp/38/index.php?action_kouhyou_detail_004_kani=true&JigyosyoCd=3870114158-00&ServiceCd=110&Type=search", "url2": null }, "geometry": { "type": "Point", "coordinates": [ 132.7295167, 33.8118513 ] } },
{ "type": "Feature", "properties": { "内容": "ヘルパーステーションLUCENTE【訪問介護】愛媛県松山市祝谷６丁目１２１８番地１サンビレッジ祝谷A２０１号", "url": "https://www.kaigokensaku.mhlw.go.jp/38/index.php?action_kouhyou_detail_004_kani=true&JigyosyoCd=3870114117-00&ServiceCd=110&Type=search", "url2": null }, "geometry": { "type": "Point", "coordinates": [ 132.7748392, 33.862618 ] } },
{ "type": "Feature", "properties": { "内容": "ヘルパーステイション廣寿苑【訪問介護】愛媛県今治市南大門町三丁目五番地33", "url": "https://www.kaigokensaku.mhlw.go.jp/38/index.php?action_kouhyou_detail_004_kani=true&JigyosyoCd=3870200643-00&ServiceCd=110&Type=search", "url2": null }, "geometry": { "type": "Point", "coordinates": [ 132.993177400000036, 34.0678722 ] } },
{ "type": "Feature", "properties": { "内容": "訪問介護スマイル【訪問介護】愛媛県今治市大西町宮脇甲1579", "url": "https://www.kaigokensaku.mhlw.go.jp/38/index.php?action_kouhyou_detail_004_kani=true&JigyosyoCd=3870202755-00&ServiceCd=110&Type=search", "url2": null }, "geometry": { "type": "Point", "coordinates": [ 132.9295323, 34.0541789 ] } },
{ "type": "Feature", "properties": { "内容": "ヘルパーステーションなごみ【訪問介護】愛媛県今治市別名251番地", "url": "https://www.kaigokensaku.mhlw.go.jp/38/index.php?action_kouhyou_detail_004_kani=true&JigyosyoCd=3870200692-00&ServiceCd=110&Type=search", "url2": "http://www.nagomino-kai.jp/" }, "geometry": { "type": "Point", "coordinates": [ 132.975458600000024, 34.0419588 ] } },
{ "type": "Feature", "properties": { "内容": "指定訪問介護事業所　きぼう【訪問介護】愛媛県今治市別宮町６丁目4番22号", "url": "https://www.kaigokensaku.mhlw.go.jp/38/index.php?action_kouhyou_detail_004_kani=true&JigyosyoCd=3870201807-00&ServiceCd=110&Type=search", "url2": null }, "geometry": { "type": "Point", "coordinates": [ 132.99236350000001, 34.0737077 ] } },
{ "type": "Feature", "properties": { "内容": "ニチイケアセンター今治西【訪問介護】愛媛県今治市野間甲1208", "url": "https://www.kaigokensaku.mhlw.go.jp/38/index.php?action_kouhyou_detail_004_kani=true&JigyosyoCd=3870202581-00&ServiceCd=110&Type=search", "url2": "https://www.nichiigakkan.co.jp/" }, "geometry": { "type": "Point", "coordinates": [ 132.950955600000043, 34.0674249 ] } },
{ "type": "Feature", "properties": { "内容": "ときわホームヘルプサービス【訪問介護】愛媛県今治市常盤町５丁目３番３７号", "url": "https://www.kaigokensaku.mhlw.go.jp/38/index.php?action_kouhyou_detail_004_kani=true&JigyosyoCd=3870200577-00&ServiceCd=110&Type=search", "url2": "http://sanseikai.com" }, "geometry": { "type": "Point", "coordinates": [ 132.993771870500183, 34.060057298785367 ] } },
{ "type": "Feature", "properties": { "内容": "訪問介護おひさまの里【訪問介護】愛媛県今治市高橋甲290番地6", "url": "https://www.kaigokensaku.mhlw.go.jp/38/index.php?action_kouhyou_detail_004_kani=true&JigyosyoCd=3870202433-00&ServiceCd=110&Type=search", "url2": null }, "geometry": { "type": "Point", "coordinates": [ 132.970232600000031, 34.0374376 ] } },
{ "type": "Feature", "properties": { "内容": "済生会今治訪問介護事業所さいせい【訪問介護】愛媛県今治市北日吉町1丁目7番43号", "url": "https://www.kaigokensaku.mhlw.go.jp/38/index.php?action_kouhyou_detail_004_kani=true&JigyosyoCd=3870200155-00&ServiceCd=110&Type=search", "url2": "http://www.imabari.saiseikai.or.jp/imabari2/" }, "geometry": { "type": "Point", "coordinates": [ 132.988566799999944, 34.0635947 ] } },
{ "type": "Feature", "properties": { "内容": "ＪＡおちいまばり【訪問介護】愛媛県今治市鐘場町１丁目２番９号", "url": "https://www.kaigokensaku.mhlw.go.jp/38/index.php?action_kouhyou_detail_004_kani=true&JigyosyoCd=3870200163-00&ServiceCd=110&Type=search", "url2": "http://www.ja-ochiima.or.jp/fukushi/" }, "geometry": { "type": "Point", "coordinates": [ 132.990388100000018, 34.084415200000016 ] } },
{ "type": "Feature", "properties": { "内容": "ホームヘルパーステーションヒロセ【訪問介護】愛媛県今治市喜田村6丁目4-20シルバーハウス　ウィルケアひろせ", "url": "https://www.kaigokensaku.mhlw.go.jp/38/index.php?action_kouhyou_detail_004_kani=true&JigyosyoCd=3870200171-00&ServiceCd=110&Type=search", "url2": "http://www.hirose-youseikai.org/" }, "geometry": { "type": "Point", "coordinates": [ 133.023339699999951, 34.0434492 ] } },
{ "type": "Feature", "properties": { "内容": "訪問介護センターひうち【訪問介護】愛媛県今治市黄金町2丁目2番地5", "url": "https://www.kaigokensaku.mhlw.go.jp/38/index.php?action_kouhyou_detail_004_kani=true&JigyosyoCd=3870200189-00&ServiceCd=110&Type=search", "url2": "http://www.yoshino-hospital.or.jp/" }, "geometry": { "type": "Point", "coordinates": [ 133.00290294760751, 34.064845821258274 ] } },
{ "type": "Feature", "properties": { "内容": "ニチイケアセンター今治【訪問介護】愛媛県今治市黄金町4丁目1-18塩見ビル1F", "url": "https://www.kaigokensaku.mhlw.go.jp/38/index.php?action_kouhyou_detail_004_kani=true&JigyosyoCd=3870200221-00&ServiceCd=110&Type=search", "url2": "http://www.nichiigakkan.co.jp" }, "geometry": { "type": "Point", "coordinates": [ 133.00660229999994, 34.0615705 ] } },
{ "type": "Feature", "properties": { "内容": "ウェル【訪問介護】愛媛県今治市恵美須町2-2-1", "url": "https://www.kaigokensaku.mhlw.go.jp/38/index.php?action_kouhyou_detail_004_kani=true&JigyosyoCd=3870200387-00&ServiceCd=110&Type=search", "url2": "http://www.welcare.ne.jp/" }, "geometry": { "type": "Point", "coordinates": [ 133.005347799999981, 34.0662929 ] } },
{ "type": "Feature", "properties": { "内容": "有限会社ケアサービスみどり【訪問介護】愛媛県今治市八町西2丁目6番21号", "url": "https://www.kaigokensaku.mhlw.go.jp/38/index.php?action_kouhyou_detail_004_kani=true&JigyosyoCd=3870200452-00&ServiceCd=110&Type=search", "url2": null }, "geometry": { "type": "Point", "coordinates": [ 132.988177400000041, 34.0451253 ] } },
{ "type": "Feature", "properties": { "内容": "ときわケアーサービス【訪問介護】愛媛県今治市常盤町5丁目5-29", "url": "https://www.kaigokensaku.mhlw.go.jp/38/index.php?action_kouhyou_detail_004_kani=true&JigyosyoCd=3870200486-00&ServiceCd=110&Type=search", "url2": null }, "geometry": { "type": "Point", "coordinates": [ 132.993341099999952, 34.0596401 ] } },
{ "type": "Feature", "properties": { "内容": "特定非営利活動法人わをん【訪問介護】愛媛県今治市南日吉町2丁目2番38号", "url": "https://www.kaigokensaku.mhlw.go.jp/38/index.php?action_kouhyou_detail_004_kani=true&JigyosyoCd=3870200510-00&ServiceCd=110&Type=search", "url2": "http://wawon-imabari.jp" }, "geometry": { "type": "Point", "coordinates": [ 132.9924661, 34.0573264 ] } },
{ "type": "Feature", "properties": { "内容": "いよ路サービス【訪問介護】愛媛県今治市鯉池町1-1-22", "url": "https://www.kaigokensaku.mhlw.go.jp/38/index.php?action_kouhyou_detail_004_kani=true&JigyosyoCd=3870200536-00&ServiceCd=110&Type=search", "url2": "http://care-net.biz/38/iyoji/" }, "geometry": { "type": "Point", "coordinates": [ 132.988755399999945, 34.0532268 ] } },
{ "type": "Feature", "properties": { "内容": "第一えんぎケアサービス【訪問介護】愛媛県今治市高橋甲88番地8", "url": "https://www.kaigokensaku.mhlw.go.jp/38/index.php?action_kouhyou_detail_004_kani=true&JigyosyoCd=3870200544-00&ServiceCd=110&Type=search", "url2": null }, "geometry": { "type": "Point", "coordinates": [ 132.9669867, 34.0341484 ] } },
{ "type": "Feature", "properties": { "内容": "ケアサポートはな【訪問介護】愛媛県今治市国分3丁目1-53", "url": "https://www.kaigokensaku.mhlw.go.jp/38/index.php?action_kouhyou_detail_004_kani=true&JigyosyoCd=3870200585-00&ServiceCd=110&Type=search", "url2": "http://www.hana-care.jp" }, "geometry": { "type": "Point", "coordinates": [ 133.019279709275793, 34.028950524874965 ] } },
{ "type": "Feature", "properties": { "内容": "有限会社　唐子浜介護センター【訪問介護】愛媛県今治市衣干町2丁目1-28", "url": "https://www.kaigokensaku.mhlw.go.jp/38/index.php?action_kouhyou_detail_004_kani=true&JigyosyoCd=3870200619-00&ServiceCd=110&Type=search", "url2": null }, "geometry": { "type": "Point", "coordinates": [ 133.016412800000012, 34.04899 ] } },
{ "type": "Feature", "properties": { "内容": "さわやか【訪問介護】愛媛県今治市天保山町5丁目1-29", "url": "https://www.kaigokensaku.mhlw.go.jp/38/index.php?action_kouhyou_detail_004_kani=true&JigyosyoCd=3870200635-00&ServiceCd=110&Type=search", "url2": "sawayakataxi.com" }, "geometry": { "type": "Point", "coordinates": [ 133.013927100000046, 34.0641438 ] } },
{ "type": "Feature", "properties": { "内容": "武吉ホームヘルプサービス今治【訪問介護】愛媛県今治市郷新屋敷町2-2-5", "url": "https://www.kaigokensaku.mhlw.go.jp/38/index.php?action_kouhyou_detail_004_kani=true&JigyosyoCd=3870200700-00&ServiceCd=110&Type=search", "url2": null }, "geometry": { "type": "Point", "coordinates": [ 133.004592462637703, 34.043448514935328 ] } },
{ "type": "Feature", "properties": { "内容": "今治介護【訪問介護】今治市延喜甲240番地4キングタクシー株式会社", "url": "https://www.kaigokensaku.mhlw.go.jp/38/index.php?action_kouhyou_detail_004_kani=true&JigyosyoCd=3870200726-00&ServiceCd=110&Type=search", "url2": null }, "geometry": { "type": "Point", "coordinates": [ 132.958906800000022, 34.0642174 ] } },
{ "type": "Feature", "properties": { "内容": "株式会社悠遊社今治事業所【訪問介護】愛媛県今治市美須賀町4丁目１－２２", "url": "https://www.kaigokensaku.mhlw.go.jp/38/index.php?action_kouhyou_detail_004_kani=true&JigyosyoCd=3870200791-00&ServiceCd=110&Type=search", "url2": "http://www.yuyusya.co.jp/" }, "geometry": { "type": "Point", "coordinates": [ 133.011935532540861, 34.059615285999669 ] } },
{ "type": "Feature", "properties": { "内容": "ほっと介護センター　さざんか【訪問介護】愛媛県今治市阿方甲424番地1", "url": "https://www.kaigokensaku.mhlw.go.jp/38/index.php?action_kouhyou_detail_004_kani=true&JigyosyoCd=3870200841-00&ServiceCd=110&Type=search", "url2": null }, "geometry": { "type": "Point", "coordinates": [ 132.962453900000014, 34.066681 ] } },
{ "type": "Feature", "properties": { "内容": "指定訪問介護事業所らくらく【訪問介護】愛媛県今治市旭町１丁目３番地６", "url": "https://www.kaigokensaku.mhlw.go.jp/38/index.php?action_kouhyou_detail_004_kani=true&JigyosyoCd=3870200916-00&ServiceCd=110&Type=search", "url2": "https://rak2kaigo.com/" }, "geometry": { "type": "Point", "coordinates": [ 132.999130449312503, 34.063818429035166 ] } },
{ "type": "Feature", "properties": { "内容": "有限会社舞花【訪問介護】愛媛県今治市蒼社町2丁目2番43号", "url": "https://www.kaigokensaku.mhlw.go.jp/38/index.php?action_kouhyou_detail_004_kani=true&JigyosyoCd=3870200932-00&ServiceCd=110&Type=search", "url2": null }, "geometry": { "type": "Point", "coordinates": [ 132.993140899999958, 34.0532437 ] } },
{ "type": "Feature", "properties": { "内容": "今治市社協介護サービスセンター玉川【訪問介護】愛媛県今治市玉川町大野甲86番地1", "url": "https://www.kaigokensaku.mhlw.go.jp/38/index.php?action_kouhyou_detail_004_kani=true&JigyosyoCd=3870201021-00&ServiceCd=110&Type=search", "url2": "http://www.imabari-shakyo.jp" }, "geometry": { "type": "Point", "coordinates": [ 132.941416299999986, 34.021691 ] } },
{ "type": "Feature", "properties": { "内容": "今治市社協介護サービスセンター大島【訪問介護】愛媛県今治市宮窪町宮窪3544番地2今治市宮窪福祉センター", "url": "https://www.kaigokensaku.mhlw.go.jp/38/index.php?action_kouhyou_detail_004_kani=true&JigyosyoCd=3870201054-00&ServiceCd=110&Type=search", "url2": "http://www.imabari-shakyo.jp" }, "geometry": { "type": "Point", "coordinates": [ 133.072138900000027, 34.1616813 ] } },
{ "type": "Feature", "properties": { "内容": "訪問介護　ラ・ファミーユ【訪問介護】菊間町浜1453番地1", "url": "https://www.kaigokensaku.mhlw.go.jp/38/index.php?action_kouhyou_detail_004_kani=true&JigyosyoCd=3870201260-00&ServiceCd=110&Type=search", "url2": "http://www.nissinkai.jp" }, "geometry": { "type": "Point", "coordinates": [ 132.84742940000001, 34.0430979 ] } },
{ "type": "Feature", "properties": { "内容": "指定訪問介護事業所やすらぎ【訪問介護】愛媛県今治市北鳥生町4丁目3-501-1", "url": "https://www.kaigokensaku.mhlw.go.jp/38/index.php?action_kouhyou_detail_004_kani=true&JigyosyoCd=3870201419-00&ServiceCd=110&Type=search", "url2": null }, "geometry": { "type": "Point", "coordinates": [ 133.005553100000043, 34.0514947 ] } },
{ "type": "Feature", "properties": { "内容": "ほのぼの指定介護サービス【訪問介護】愛媛県今治市蔵敷町二丁目13番地", "url": "https://www.kaigokensaku.mhlw.go.jp/38/index.php?action_kouhyou_detail_004_kani=true&JigyosyoCd=3870201559-00&ServiceCd=110&Type=search", "url2": null }, "geometry": { "type": "Point", "coordinates": [ 133.001442699999984, 34.0572326 ] } },
{ "type": "Feature", "properties": { "内容": "訪問介護事業所　おあしす中央【訪問介護】愛媛県今治市八町西3丁目３番３５号", "url": "https://www.kaigokensaku.mhlw.go.jp/38/index.php?action_kouhyou_detail_004_kani=true&JigyosyoCd=3870201732-00&ServiceCd=110&Type=search", "url2": "http://www.oasis-care.jp" }, "geometry": { "type": "Point", "coordinates": [ 132.990862643208288, 34.044328165249084 ] } },
{ "type": "Feature", "properties": { "内容": "高部ケアサービス【訪問介護】愛媛県波止浜１５８－２３", "url": "https://www.kaigokensaku.mhlw.go.jp/38/index.php?action_kouhyou_detail_004_kani=true&JigyosyoCd=3870201823-00&ServiceCd=110&Type=search", "url2": null }, "geometry": { "type": "Point", "coordinates": [ 132.9682692, 34.0999393 ] } },
{ "type": "Feature", "properties": { "内容": "ニチイケアセンターしまなみ【訪問介護】波止浜町11-28ハッピープラザ波止浜203号", "url": "https://www.kaigokensaku.mhlw.go.jp/38/index.php?action_kouhyou_detail_004_kani=true&JigyosyoCd=3870201880-00&ServiceCd=110&Type=search", "url2": "www.nichiigakkan.co.jp" }, "geometry": { "type": "Point", "coordinates": [ 132.96790139999996, 34.1081804 ] } },
{ "type": "Feature", "properties": { "内容": "富士ライフサポート　訪問介護事業所【訪問介護】愛媛県今治市美須賀町１丁目１－１１プリマヴェーラー３０２号室", "url": "https://www.kaigokensaku.mhlw.go.jp/38/index.php?action_kouhyou_detail_004_kani=true&JigyosyoCd=3870201948-00&ServiceCd=110&Type=search", "url2": null }, "geometry": { "type": "Point", "coordinates": [ 133.008200118446354, 34.064924486737866 ] } },
{ "type": "Feature", "properties": { "内容": "ヘルパーステーションくぼ【訪問介護】愛媛県今治市内堀一丁目１－２", "url": "https://www.kaigokensaku.mhlw.go.jp/38/index.php?action_kouhyou_detail_004_kani=true&JigyosyoCd=3870202045-00&ServiceCd=110&Type=search", "url2": "http://care-kubo-jp" }, "geometry": { "type": "Point", "coordinates": [ 132.967832397622686, 34.103543125500345 ] } },
{ "type": "Feature", "properties": { "内容": "訪問介護ひおうぎ【訪問介護】愛媛県今治市近見町３丁目１番１４号ホットハウス（共同住宅内）に事業所があり。", "url": "https://www.kaigokensaku.mhlw.go.jp/38/index.php?action_kouhyou_detail_004_kani=true&JigyosyoCd=3870202235-00&ServiceCd=110&Type=search", "url2": null }, "geometry": { "type": "Point", "coordinates": [ 132.983632700000044, 34.0909759 ] } },
{ "type": "Feature", "properties": { "内容": "指定訪問介護事業所いっぽ【訪問介護】愛媛県今治市郷桜井四丁目4番17号", "url": "https://www.kaigokensaku.mhlw.go.jp/38/index.php?action_kouhyou_detail_004_kani=true&JigyosyoCd=3870202458-00&ServiceCd=110&Type=search", "url2": "https://www.ippo-0804.com/" }, "geometry": { "type": "Point", "coordinates": [ 133.042861350075384, 34.015733744490241 ] } },
{ "type": "Feature", "properties": { "内容": "ニチイケアセンター古国分【訪問介護】愛媛県今治市古国分3丁目2番3号SOHO6furukokubu201号室", "url": "https://www.kaigokensaku.mhlw.go.jp/38/index.php?action_kouhyou_detail_004_kani=true&JigyosyoCd=3870202565-00&ServiceCd=110&Type=search", "url2": "http://www.nichiigakkan.co.jp" }, "geometry": { "type": "Point", "coordinates": [ 133.03708, 34.0281536 ] } },
{ "type": "Feature", "properties": { "内容": "ヘルパーステーション福ろう【訪問介護】愛媛県今治市朝倉上甲1155番地１事務所", "url": "https://www.kaigokensaku.mhlw.go.jp/38/index.php?action_kouhyou_detail_004_kani=true&JigyosyoCd=3870202573-00&ServiceCd=110&Type=search", "url2": null }, "geometry": { "type": "Point", "coordinates": [ 133.014994600000023, 33.9837427 ] } },
{ "type": "Feature", "properties": { "内容": "訪問介護ステーションさくら【訪問介護】愛媛県今治市桜井4丁目6番52号ハートウォーミングライフ志々満内", "url": "https://www.kaigokensaku.mhlw.go.jp/38/index.php?action_kouhyou_detail_004_kani=true&JigyosyoCd=3870202722-00&ServiceCd=110&Type=search", "url2": "https://heartwarming.jp" }, "geometry": { "type": "Point", "coordinates": [ 133.040284899999989, 34.0166764 ] } },
{ "type": "Feature", "properties": { "内容": "ヘルパーステーション愛【訪問介護】愛媛県今治市東鳥生町1丁目6－7", "url": "https://www.kaigokensaku.mhlw.go.jp/38/index.php?action_kouhyou_detail_004_kani=true&JigyosyoCd=3870202748-00&ServiceCd=110&Type=search", "url2": null }, "geometry": { "type": "Point", "coordinates": [ 133.017865699999987, 34.058025 ] } },
{ "type": "Feature", "properties": { "内容": "楽生苑まんまる訪問介護事業所【訪問介護】愛媛県今治市大三島町宮浦5714番地15-2", "url": "https://www.kaigokensaku.mhlw.go.jp/38/index.php?action_kouhyou_detail_004_kani=true&JigyosyoCd=3870202763-00&ServiceCd=110&Type=search", "url2": "https://www.rakusei.or.jp" }, "geometry": { "type": "Point", "coordinates": [ 132.9961031, 34.2481191 ] } },
{ "type": "Feature", "properties": { "内容": "長生きのお誘い訪問介護ながおさ【訪問介護】愛媛県今治市八町西２丁目６番３２号", "url": "https://www.kaigokensaku.mhlw.go.jp/38/index.php?action_kouhyou_detail_004_kani=true&JigyosyoCd=3870202789-00&ServiceCd=110&Type=search", "url2": null }, "geometry": { "type": "Point", "coordinates": [ 132.9891165, 34.045496 ] } },
{ "type": "Feature", "properties": { "内容": "ケアステーション　かいんど【訪問介護】愛媛県今治市本町7丁目3番33号", "url": "https://www.kaigokensaku.mhlw.go.jp/38/index.php?action_kouhyou_detail_004_kani=true&JigyosyoCd=3870202797-00&ServiceCd=110&Type=search", "url2": "http://www.kindhouse.jp/" }, "geometry": { "type": "Point", "coordinates": [ 132.996271400000012, 34.0781563 ] } },
{ "type": "Feature", "properties": { "内容": "株式会社ほほえみ【訪問介護】愛媛県今治市石井町1丁目8番47号", "url": "https://www.kaigokensaku.mhlw.go.jp/38/index.php?action_kouhyou_detail_004_kani=true&JigyosyoCd=3870201781-00&ServiceCd=110&Type=search", "url2": null }, "geometry": { "type": "Point", "coordinates": [ 132.9875999, 34.0777267 ] } },
{ "type": "Feature", "properties": { "内容": "みやび介護サービス【訪問介護】登畑甲195番地8", "url": "https://www.kaigokensaku.mhlw.go.jp/38/index.php?action_kouhyou_detail_004_kani=true&JigyosyoCd=3870201864-00&ServiceCd=110&Type=search", "url2": "miyabi@ia8.itkeeper.ne.jp" }, "geometry": { "type": "Point", "coordinates": [ 133.01716250000004, 34.0199211 ] } },
{ "type": "Feature", "properties": { "内容": "訪問介護　カインドハウス【訪問介護】愛媛県今治市南鳥生町２丁目３番４３号", "url": "https://www.kaigokensaku.mhlw.go.jp/38/index.php?action_kouhyou_detail_004_kani=true&JigyosyoCd=3870202110-00&ServiceCd=110&Type=search", "url2": "http://www.kindhouse.jp/" }, "geometry": { "type": "Point", "coordinates": [ 133.010993903108329, 34.052877796793545 ] } },
{ "type": "Feature", "properties": { "内容": "訪問介護事業所ののか【訪問介護】愛媛県今治市四村３１６番地の２", "url": "https://www.kaigokensaku.mhlw.go.jp/38/index.php?action_kouhyou_detail_004_kani=true&JigyosyoCd=3870202730-00&ServiceCd=110&Type=search", "url2": null }, "geometry": { "type": "Point", "coordinates": [ 132.9790045, 34.0371179 ] } },
{ "type": "Feature", "properties": { "内容": "YOUサポートセルクル【訪問介護】愛媛県今治市鯉池町１丁目１－３３", "url": "https://www.kaigokensaku.mhlw.go.jp/38/index.php?action_kouhyou_detail_004_kani=true&JigyosyoCd=3870202813-00&ServiceCd=110&Type=search", "url2": null }, "geometry": { "type": "Point", "coordinates": [ 132.98791, 34.0538 ] } },
{ "type": "Feature", "properties": { "内容": "ニチイケアセンターうわじま【訪問介護】愛媛県宇和島市川内甲978番地1", "url": "https://www.kaigokensaku.mhlw.go.jp/38/index.php?action_kouhyou_detail_004_kani=true&JigyosyoCd=3870300211-00&ServiceCd=110&Type=search", "url2": "http://www.nichiigakkan.co.jp" }, "geometry": { "type": "Point", "coordinates": [ 132.551022200000034, 33.2049946 ] } },
{ "type": "Feature", "properties": { "内容": "有限会社別当　ヘルパーこでまり【訪問介護】愛媛県宇和島市別当5丁目3番2号", "url": "https://www.kaigokensaku.mhlw.go.jp/38/index.php?action_kouhyou_detail_004_kani=true&JigyosyoCd=3870300435-00&ServiceCd=110&Type=search", "url2": null }, "geometry": { "type": "Point", "coordinates": [ 132.545331, 33.2111911 ] } },
{ "type": "Feature", "properties": { "内容": "宇和島市社会福祉協議会　吉田介護保険事業所【訪問介護】愛媛県宇和島市吉田町東小路甲58番地5", "url": "https://www.kaigokensaku.mhlw.go.jp/38/index.php?action_kouhyou_detail_004_kani=true&JigyosyoCd=3870300823-00&ServiceCd=110&Type=search", "url2": "http://www.uwajima-shakyo.or.jp/" }, "geometry": { "type": "Point", "coordinates": [ 132.540774411139893, 33.279129259559554 ] } },
{ "type": "Feature", "properties": { "内容": "訪問介護ひより【訪問介護】愛媛県宇和島市川内甲2530番地1", "url": "https://www.kaigokensaku.mhlw.go.jp/38/index.php?action_kouhyou_detail_004_kani=true&JigyosyoCd=3870301979-00&ServiceCd=110&Type=search", "url2": null }, "geometry": { "type": "Point", "coordinates": [ 132.569757017782678, 33.194859528344864 ] } },
{ "type": "Feature", "properties": { "内容": "宇和島地区広域事務組合登録ヘルパー派遣事業所光来園【訪問介護】愛媛県宇和島市保田甲806番地", "url": "https://www.kaigokensaku.mhlw.go.jp/38/index.php?action_kouhyou_detail_004_kani=true&JigyosyoCd=3870300195-00&ServiceCd=110&Type=search", "url2": "https://www.nanpu.or.jp" }, "geometry": { "type": "Point", "coordinates": [ 132.545923, 33.1908461 ] } },
{ "type": "Feature", "properties": { "内容": "サンランド訪問介護事業所【訪問介護】愛媛県宇和島市吉田町立間尻甲727番地1", "url": "https://www.kaigokensaku.mhlw.go.jp/38/index.php?action_kouhyou_detail_004_kani=true&JigyosyoCd=3873900710-00&ServiceCd=110&Type=search", "url2": "http//www.sanland.or.jp" }, "geometry": { "type": "Point", "coordinates": [ 132.545760247282374, 33.272647838280299 ] } },
{ "type": "Feature", "properties": { "内容": "株式会社　介護センター・スマイル【訪問介護】愛媛県宇和島市長堀３丁目１０番地１７－３号二宮アパート　３号室", "url": "https://www.kaigokensaku.mhlw.go.jp/38/index.php?action_kouhyou_detail_004_kani=true&JigyosyoCd=3870301268-00&ServiceCd=110&Type=search", "url2": null }, "geometry": { "type": "Point", "coordinates": [ 132.550997199999983, 33.2068639 ] } },
{ "type": "Feature", "properties": { "内容": "介護訪問介護ステーションここいろ【訪問介護】愛媛県宇和島市丸之内３丁目６番1号", "url": "https://www.kaigokensaku.mhlw.go.jp/38/index.php?action_kouhyou_detail_004_kani=true&JigyosyoCd=3870302332-00&ServiceCd=110&Type=search", "url2": null }, "geometry": { "type": "Point", "coordinates": [ 132.564126977909893, 33.218471244162991 ] } },
{ "type": "Feature", "properties": { "内容": "ヘルパーステーション　あいか【訪問介護】愛媛県宇和島市三間町黒井地1594－23", "url": "https://www.kaigokensaku.mhlw.go.jp/38/index.php?action_kouhyou_detail_004_kani=true&JigyosyoCd=3870301680-00&ServiceCd=110&Type=search", "url2": null }, "geometry": { "type": "Point", "coordinates": [ 132.599532400000044, 33.3066266 ] } },
{ "type": "Feature", "properties": { "内容": "きくぞのケアパーク訪問介護事業所【訪問介護】愛媛県宇和島市和霊元町四丁目1番12号", "url": "https://www.kaigokensaku.mhlw.go.jp/38/index.php?action_kouhyou_detail_004_kani=true&JigyosyoCd=3870300112-00&ServiceCd=110&Type=search", "url2": "www.kikuzono.co.jp" }, "geometry": { "type": "Point", "coordinates": [ 132.566673600000058, 33.2287343 ] } },
{ "type": "Feature", "properties": { "内容": "ケアセンター宇和島【訪問介護】愛媛県宇和島市丸之内2丁目1番7号", "url": "https://www.kaigokensaku.mhlw.go.jp/38/index.php?action_kouhyou_detail_004_kani=true&JigyosyoCd=3870300153-00&ServiceCd=110&Type=search", "url2": "http://cc-uwajima.jp" }, "geometry": { "type": "Point", "coordinates": [ 132.5650919, 33.216973099999983 ] } },
{ "type": "Feature", "properties": { "内容": "有限会社ケアーサポートゆずりは【訪問介護】愛媛県宇和島市祝森甲3081番地1", "url": "https://www.kaigokensaku.mhlw.go.jp/38/index.php?action_kouhyou_detail_004_kani=true&JigyosyoCd=3870300351-00&ServiceCd=110&Type=search", "url2": "yuzuriha@ec1.technowave.jp" }, "geometry": { "type": "Point", "coordinates": [ 132.553156299999955, 33.1709348 ] } },
{ "type": "Feature", "properties": { "内容": "訪問介護のどか【訪問介護】愛媛県宇和島市大超寺奥乙90番地11", "url": "https://www.kaigokensaku.mhlw.go.jp/38/index.php?action_kouhyou_detail_004_kani=true&JigyosyoCd=3870300476-00&ServiceCd=110&Type=search", "url2": null }, "geometry": { "type": "Point", "coordinates": [ 132.5756811, 33.2118279 ] } },
{ "type": "Feature", "properties": { "内容": "ケアステーション悠友【訪問介護】愛媛県宇和島市明倫町2丁目2番6号", "url": "https://www.kaigokensaku.mhlw.go.jp/38/index.php?action_kouhyou_detail_004_kani=true&JigyosyoCd=3870300559-00&ServiceCd=110&Type=search", "url2": "http://www.yuyu-rinto.co.jp/" }, "geometry": { "type": "Point", "coordinates": [ 132.557721600000036, 33.2193879 ] } },
{ "type": "Feature", "properties": { "内容": "ニチイケアセンターうわじま【訪問介護】愛媛県宇和島市川内甲978番地1", "url": "https://www.kaigokensaku.mhlw.go.jp/38/index.php?action_kouhyou_detail_004_kani=true&JigyosyoCd=3870300716-00&ServiceCd=110&Type=search", "url2": "http://www.nichiigakkan.co.jp/top/index.html" }, "geometry": { "type": "Point", "coordinates": [ 132.551022754058323, 33.204950094206531 ] } },
{ "type": "Feature", "properties": { "内容": "宇和島市社会福祉協議会　宇和島介護保険事業所【訪問介護】愛媛県宇和島市住吉町一丁目6番16号宇和島市総合福祉センター", "url": "https://www.kaigokensaku.mhlw.go.jp/38/index.php?action_kouhyou_detail_004_kani=true&JigyosyoCd=3870300815-00&ServiceCd=110&Type=search", "url2": "http://www.uwajima-shakyo.or.jp/" }, "geometry": { "type": "Point", "coordinates": [ 132.558088199999929, 33.2259179 ] } },
{ "type": "Feature", "properties": { "内容": "宇和島市社会福祉協議会　津島介護保険事業所【訪問介護】愛媛県宇和島市津島町岩松甲471番地津島保健センター", "url": "https://www.kaigokensaku.mhlw.go.jp/38/index.php?action_kouhyou_detail_004_kani=true&JigyosyoCd=3870300849-00&ServiceCd=110&Type=search", "url2": "http://www.uwajima-shakyo.or.jp/" }, "geometry": { "type": "Point", "coordinates": [ 132.5212133, 33.1259584 ] } },
{ "type": "Feature", "properties": { "内容": "サクラ明倫【訪問介護】愛媛県宇和島市中沢町1-1-51", "url": "https://www.kaigokensaku.mhlw.go.jp/38/index.php?action_kouhyou_detail_004_kani=true&JigyosyoCd=3870301052-00&ServiceCd=110&Type=search", "url2": null }, "geometry": { "type": "Point", "coordinates": [ 132.557763300000033, 33.2109609 ] } },
{ "type": "Feature", "properties": { "内容": "ヘルパーあさがお【訪問介護】愛媛県宇和島市明倫町5丁目5-12明倫ビル西1階", "url": "https://www.kaigokensaku.mhlw.go.jp/38/index.php?action_kouhyou_detail_004_kani=true&JigyosyoCd=3870301169-00&ServiceCd=110&Type=search", "url2": null }, "geometry": { "type": "Point", "coordinates": [ 132.556570963808923, 33.217790394217062 ] } },
{ "type": "Feature", "properties": { "内容": "セントケア宇和島【訪問介護】愛媛県宇和島市伊吹町甲1083－1", "url": "https://www.kaigokensaku.mhlw.go.jp/38/index.php?action_kouhyou_detail_004_kani=true&JigyosyoCd=3870301482-00&ServiceCd=110&Type=search", "url2": "http://ｗｗｗ.saint-care.com/scuwajima" }, "geometry": { "type": "Point", "coordinates": [ 132.5599353, 33.2144412 ] } },
{ "type": "Feature", "properties": { "内容": "ケアサポートあかり【訪問介護】愛媛県宇和島市祝森甲867", "url": "https://www.kaigokensaku.mhlw.go.jp/38/index.php?action_kouhyou_detail_004_kani=true&JigyosyoCd=3870301532-00&ServiceCd=110&Type=search", "url2": null }, "geometry": { "type": "Point", "coordinates": [ 132.547688546968431, 33.181648441477023 ] } },
{ "type": "Feature", "properties": { "内容": "ヘルパーステーションみずき【訪問介護】宇和島市川内甲957-4番地", "url": "https://www.kaigokensaku.mhlw.go.jp/38/index.php?action_kouhyou_detail_004_kani=true&JigyosyoCd=3870301664-00&ServiceCd=110&Type=search", "url2": "mizuki@ia9.itkeeper.ne.jp" }, "geometry": { "type": "Point", "coordinates": [ 132.551047199999971, 33.2051029 ] } },
{ "type": "Feature", "properties": { "内容": "株式会社　サポート多恵【訪問介護】御殿町９番３２号", "url": "https://www.kaigokensaku.mhlw.go.jp/38/index.php?action_kouhyou_detail_004_kani=true&JigyosyoCd=3870301805-00&ServiceCd=110&Type=search", "url2": null }, "geometry": { "type": "Point", "coordinates": [ 132.5631128, 33.2156439 ] } },
{ "type": "Feature", "properties": { "内容": "ヘルパーステーションきずな【訪問介護】愛媛県宇和島市宮下甲１５３５番地６０", "url": "https://www.kaigokensaku.mhlw.go.jp/38/index.php?action_kouhyou_detail_004_kani=true&JigyosyoCd=3870302092-00&ServiceCd=110&Type=search", "url2": "http://www.effort.co.jp" }, "geometry": { "type": "Point", "coordinates": [ 132.54139090000001, 33.2111038 ] } },
{ "type": "Feature", "properties": { "内容": "ニチイケアセンターうわじま中央【訪問介護】愛媛県宇和島市恵美須町2丁目7番3号", "url": "https://www.kaigokensaku.mhlw.go.jp/38/index.php?action_kouhyou_detail_004_kani=true&JigyosyoCd=3870302217-00&ServiceCd=110&Type=search", "url2": "https://www.nichiigakkan.co.jp/" }, "geometry": { "type": "Point", "coordinates": [ 132.564163399999984, 33.2254097 ] } },
{ "type": "Feature", "properties": { "内容": "ヘルパーステーション　笑歩会　保田【訪問介護】愛媛県宇和島市保田甲981番地1", "url": "https://www.kaigokensaku.mhlw.go.jp/38/index.php?action_kouhyou_detail_004_kani=true&JigyosyoCd=3870302241-00&ServiceCd=110&Type=search", "url2": "http://shouhokai.jp/" }, "geometry": { "type": "Point", "coordinates": [ 132.547009, 33.19196 ] } },
{ "type": "Feature", "properties": { "内容": "ヘルパーステーションまごころ【訪問介護】愛媛県宇和島市吉田町立間尻甲2083-1住宅型有料老人ホーム　真心庵御殿内", "url": "https://www.kaigokensaku.mhlw.go.jp/38/index.php?action_kouhyou_detail_004_kani=true&JigyosyoCd=3870302274-00&ServiceCd=110&Type=search", "url2": "https://yell-care.com/" }, "geometry": { "type": "Point", "coordinates": [ 132.5485088, 33.2786383 ] } },
{ "type": "Feature", "properties": { "内容": "ケアサービスみかん【訪問介護】愛媛県宇和島市和霊町1864番地2グリーンハイツⅡ103号室", "url": "https://www.kaigokensaku.mhlw.go.jp/38/index.php?action_kouhyou_detail_004_kani=true&JigyosyoCd=3870302316-00&ServiceCd=110&Type=search", "url2": null }, "geometry": { "type": "Point", "coordinates": [ 132.566279, 33.232618 ] } },
{ "type": "Feature", "properties": { "内容": "ヘルパーステーション　未来【訪問介護】愛媛県宇和島市吉田町東小路甲14番地5", "url": "https://www.kaigokensaku.mhlw.go.jp/38/index.php?action_kouhyou_detail_004_kani=true&JigyosyoCd=3870302126-00&ServiceCd=110&Type=search", "url2": null }, "geometry": { "type": "Point", "coordinates": [ 132.5410062, 33.2790531 ] } },
{ "type": "Feature", "properties": { "内容": "ｹｱｻﾎﾟｰﾄｾﾝﾀｰ　あいび～【訪問介護】愛媛県宇和島市津島町近家甲984番地", "url": "https://www.kaigokensaku.mhlw.go.jp/38/index.php?action_kouhyou_detail_004_kani=true&JigyosyoCd=3870302308-00&ServiceCd=110&Type=search", "url2": "https://noah-ivy0710.com/" }, "geometry": { "type": "Point", "coordinates": [ 132.5068172, 33.1372906 ] } },
{ "type": "Feature", "properties": { "内容": "ヘルパーステーションあん【訪問介護】愛媛県宇和島市中沢町一丁目2-10", "url": "https://www.kaigokensaku.mhlw.go.jp/38/index.php?action_kouhyou_detail_004_kani=true&JigyosyoCd=3870301367-00&ServiceCd=110&Type=search", "url2": null }, "geometry": { "type": "Point", "coordinates": [ 132.557740024606346, 33.208869743915379 ] } },
{ "type": "Feature", "properties": { "内容": "株式会社カンナ介護ステーション【訪問介護】愛媛県宇和島市寿町2丁目3番21号堀川ビル1階3号室", "url": "https://www.kaigokensaku.mhlw.go.jp/38/index.php?action_kouhyou_detail_004_kani=true&JigyosyoCd=3870302209-00&ServiceCd=110&Type=search", "url2": null }, "geometry": { "type": "Point", "coordinates": [ 132.559822479840307, 33.223992882412595 ] } },
{ "type": "Feature", "properties": { "内容": "訪問介護　すみれ【訪問介護】愛媛県宇和島市伊吹町甲３６７番地１サービス付き高齢者向け住宅　すみれ", "url": "https://www.kaigokensaku.mhlw.go.jp/38/index.php?action_kouhyou_detail_004_kani=true&JigyosyoCd=3870301896-00&ServiceCd=110&Type=search", "url2": null }, "geometry": { "type": "Point", "coordinates": [ 132.578451841339103, 33.235290519783966 ] } },
{ "type": "Feature", "properties": { "内容": "訪問介護ライフサポートつむぎ【訪問介護】愛媛県宇和島市宇和津町１丁目１－９", "url": "https://www.kaigokensaku.mhlw.go.jp/38/index.php?action_kouhyou_detail_004_kani=true&JigyosyoCd=3870302340-00&ServiceCd=110&Type=search", "url2": null }, "geometry": { "type": "Point", "coordinates": [ 132.5768176, 33.215983 ] } },
{ "type": "Feature", "properties": { "内容": "合資会社明希訪問介護センター【訪問介護】愛媛県八幡浜市松柏折口丁388番6", "url": "https://www.kaigokensaku.mhlw.go.jp/38/index.php?action_kouhyou_detail_004_kani=true&JigyosyoCd=3870400342-00&ServiceCd=110&Type=search", "url2": null }, "geometry": { "type": "Point", "coordinates": [ 132.454791699999987, 33.465417800000012 ] } },
{ "type": "Feature", "properties": { "内容": "有限会社タカハシ指定訪問介護ステーションももたろう【訪問介護】愛媛県八幡浜市天神通1510-53", "url": "https://www.kaigokensaku.mhlw.go.jp/38/index.php?action_kouhyou_detail_004_kani=true&JigyosyoCd=3870400599-00&ServiceCd=110&Type=search", "url2": null }, "geometry": { "type": "Point", "coordinates": [ 132.419993935030561, 33.459220379620959 ] } },
{ "type": "Feature", "properties": { "内容": "社協ヘルパーステーション八幡浜【訪問介護】愛媛県八幡浜市保内町宮内1-124-1", "url": "https://www.kaigokensaku.mhlw.go.jp/38/index.php?action_kouhyou_detail_004_kani=true&JigyosyoCd=3870400466-00&ServiceCd=110&Type=search", "url2": "http://www.yawatahamashi-syakyo.jp/" }, "geometry": { "type": "Point", "coordinates": [ 132.401328399999983, 33.4832597 ] } },
{ "type": "Feature", "properties": { "内容": "おるｄｅ新町ヘルパーステーション【訪問介護】愛媛県八幡浜市天神通一丁目1420番地", "url": "https://www.kaigokensaku.mhlw.go.jp/38/index.php?action_kouhyou_detail_004_kani=true&JigyosyoCd=3870400649-00&ServiceCd=110&Type=search", "url2": "http://www.orude.jp/" }, "geometry": { "type": "Point", "coordinates": [ 132.4238669, 33.4591289 ] } },
{ "type": "Feature", "properties": { "内容": "ニチイケアセンター八幡浜【訪問介護】愛媛県八幡浜市産業通4-18", "url": "https://www.kaigokensaku.mhlw.go.jp/38/index.php?action_kouhyou_detail_004_kani=true&JigyosyoCd=3870400748-00&ServiceCd=110&Type=search", "url2": "http://www.nichiigakkan.co.jp" }, "geometry": { "type": "Point", "coordinates": [ 132.433241100000032, 33.4560766 ] } },
{ "type": "Feature", "properties": { "内容": "セントケア八幡浜【訪問介護】愛媛県八幡浜市江戸岡1-8-5マルマビル１階", "url": "https://www.kaigokensaku.mhlw.go.jp/38/index.php?action_kouhyou_detail_004_kani=true&JigyosyoCd=3870400789-00&ServiceCd=110&Type=search", "url2": null }, "geometry": { "type": "Point", "coordinates": [ 132.434068700000012, 33.4581875 ] } },
{ "type": "Feature", "properties": { "内容": "訪問介護きずな湯島【訪問介護】愛媛県八幡浜市五反田１番耕地５０６番地１", "url": "https://www.kaigokensaku.mhlw.go.jp/38/index.php?action_kouhyou_detail_004_kani=true&JigyosyoCd=3870400946-00&ServiceCd=110&Type=search", "url2": null }, "geometry": { "type": "Point", "coordinates": [ 132.440081957702631, 33.447739690884362 ] } },
{ "type": "Feature", "properties": { "内容": "ヘルパーステーションくじら【訪問介護】愛媛県八幡浜市五反田1番耕地1042番地医療法人　青峰会　ヘルパーステーションくじら", "url": "https://www.kaigokensaku.mhlw.go.jp/38/index.php?action_kouhyou_detail_004_kani=true&JigyosyoCd=3870401001-00&ServiceCd=110&Type=search", "url2": null }, "geometry": { "type": "Point", "coordinates": [ 132.438836266200923, 33.45029512703853 ] } },
{ "type": "Feature", "properties": { "内容": "ﾍﾙﾊﾟｰｽﾃｰｼｮﾝ　西安【訪問介護】愛媛県八幡浜市大平1番耕地870番地5ｱﾄﾑﾏﾝｼｮﾝ大平105号", "url": "https://www.kaigokensaku.mhlw.go.jp/38/index.php?action_kouhyou_detail_004_kani=true&JigyosyoCd=3870401027-00&ServiceCd=110&Type=search", "url2": "http://www.atomgroup.jp" }, "geometry": { "type": "Point", "coordinates": [ 132.427000600000014, 33.467205300000018 ] } },
{ "type": "Feature", "properties": { "内容": "(株)コモダ　ジェネシス南予訪問介護事業所【訪問介護】愛媛県八幡浜市江戸岡1-2-39八幡浜ビル本棟　1階　事務室", "url": "https://www.kaigokensaku.mhlw.go.jp/38/index.php?action_kouhyou_detail_004_kani=true&JigyosyoCd=3870401043-00&ServiceCd=110&Type=search", "url2": null }, "geometry": { "type": "Point", "coordinates": [ 132.4317835, 33.4570614 ] } },
{ "type": "Feature", "properties": { "内容": "合同会社マツシタ【訪問介護】愛媛県八幡浜市保内町宮内1番耕地491番地1グランハイツ105号", "url": "https://www.kaigokensaku.mhlw.go.jp/38/index.php?action_kouhyou_detail_004_kani=true&JigyosyoCd=3870401084-00&ServiceCd=110&Type=search", "url2": null }, "geometry": { "type": "Point", "coordinates": [ 132.399796857603377, 33.486999047238484 ] } },
{ "type": "Feature", "properties": { "内容": "ヘルパーステーションあさひ【訪問介護】愛媛県新居浜市新須賀町四丁目11番8号", "url": "https://www.kaigokensaku.mhlw.go.jp/38/index.php?action_kouhyou_detail_004_kani=true&JigyosyoCd=3870502766-00&ServiceCd=110&Type=search", "url2": null }, "geometry": { "type": "Point", "coordinates": [ 133.2876804, 33.9712536 ] } },
{ "type": "Feature", "properties": { "内容": "アシストジャパンヘルパーステーション東予【訪問介護】愛媛県新居浜市久保田町3-1-12", "url": "https://www.kaigokensaku.mhlw.go.jp/38/index.php?action_kouhyou_detail_004_kani=true&JigyosyoCd=3870501107-00&ServiceCd=110&Type=search", "url2": "www.assistjapan.com" }, "geometry": { "type": "Point", "coordinates": [ 133.28660919999993, 33.9554345 ] } },
{ "type": "Feature", "properties": { "内容": "あおぞらヘルパーステーション【訪問介護】愛媛県新居浜市泉池町7-12-201", "url": "https://www.kaigokensaku.mhlw.go.jp/38/index.php?action_kouhyou_detail_004_kani=true&JigyosyoCd=3870502865-00&ServiceCd=110&Type=search", "url2": null }, "geometry": { "type": "Point", "coordinates": [ 133.2754749, 33.9655298 ] } },
{ "type": "Feature", "properties": { "内容": "ヘルパーステーション　芳光【訪問介護】愛媛県新居浜市北新町12-52", "url": "https://www.kaigokensaku.mhlw.go.jp/38/index.php?action_kouhyou_detail_004_kani=true&JigyosyoCd=3870501719-00&ServiceCd=110&Type=search", "url2": "http://www.houko.jp" }, "geometry": { "type": "Point", "coordinates": [ 133.270104700000047, 33.9586061 ] } },
{ "type": "Feature", "properties": { "内容": "ヘルパーステーショントラスト【訪問介護】愛媛県新居浜市西の土居町2丁目13-43新楽ビル1階", "url": "https://www.kaigokensaku.mhlw.go.jp/38/index.php?action_kouhyou_detail_004_kani=true&JigyosyoCd=3870502899-00&ServiceCd=110&Type=search", "url2": "https://solamore.net/" }, "geometry": { "type": "Point", "coordinates": [ 133.2800063, 33.9512516 ] } },
{ "type": "Feature", "properties": { "内容": "ヘルパーステーション若草【訪問介護】愛媛県新居浜市本郷2丁目3番21号", "url": "https://www.kaigokensaku.mhlw.go.jp/38/index.php?action_kouhyou_detail_004_kani=true&JigyosyoCd=3870502063-00&ServiceCd=110&Type=search", "url2": null }, "geometry": { "type": "Point", "coordinates": [ 133.27901739999993, 33.9356919 ] } },
{ "type": "Feature", "properties": { "内容": "有限会社東予ケア・サービス【訪問介護】愛媛県新居浜市垣生一丁目6-25", "url": "https://www.kaigokensaku.mhlw.go.jp/38/index.php?action_kouhyou_detail_004_kani=true&JigyosyoCd=3870500034-00&ServiceCd=110&Type=search", "url2": "http:/care-net.biz/38/toyo/" }, "geometry": { "type": "Point", "coordinates": [ 133.318883599999936, 33.9817818 ] } },
{ "type": "Feature", "properties": { "内容": "ニチイケアセンターたきはま【訪問介護】愛媛県新居浜市阿島1丁目7番24号", "url": "https://www.kaigokensaku.mhlw.go.jp/38/index.php?action_kouhyou_detail_004_kani=true&JigyosyoCd=3870500166-00&ServiceCd=110&Type=search", "url2": "www.nichiigakkan.co.jp" }, "geometry": { "type": "Point", "coordinates": [ 133.352251900000027, 33.9789541 ] } },
{ "type": "Feature", "properties": { "内容": "社会福祉法人　新居浜市社会福祉協議会　指定訪問介護事業所【訪問介護】愛媛県新居浜市庄内町六丁目11番46号社会福祉協議会　介護事業所", "url": "https://www.kaigokensaku.mhlw.go.jp/38/index.php?action_kouhyou_detail_004_kani=true&JigyosyoCd=3870500265-00&ServiceCd=110&Type=search", "url2": "http://www.n-syakyo.jp/" }, "geometry": { "type": "Point", "coordinates": [ 133.29795230000002, 33.9518211 ] } },
{ "type": "Feature", "properties": { "内容": "訪問介護事業所きぼうの苑【訪問介護】愛媛県新居浜市西の土居町二丁目8番12号", "url": "https://www.kaigokensaku.mhlw.go.jp/38/index.php?action_kouhyou_detail_004_kani=true&JigyosyoCd=3870500315-00&ServiceCd=110&Type=search", "url2": "http://www.sankeikai.or.jp" }, "geometry": { "type": "Point", "coordinates": [ 133.27488470000003, 33.949421 ] } },
{ "type": "Feature", "properties": { "内容": "ヘルパーステーション医師会【訪問介護】愛媛県新居浜市庄内町4-7-54", "url": "https://www.kaigokensaku.mhlw.go.jp/38/index.php?action_kouhyou_detail_004_kani=true&JigyosyoCd=3870500331-00&ServiceCd=110&Type=search", "url2": "http://www.niihama-med.or.jp/" }, "geometry": { "type": "Point", "coordinates": [ 133.290211499999941, 33.9506516 ] } },
{ "type": "Feature", "properties": { "内容": "ヘルパーステーションひと【訪問介護】愛媛県新居浜市中西町3番20号", "url": "https://www.kaigokensaku.mhlw.go.jp/38/index.php?action_kouhyou_detail_004_kani=true&JigyosyoCd=3870500620-00&ServiceCd=110&Type=search", "url2": null }, "geometry": { "type": "Point", "coordinates": [ 133.303491465528822, 33.92698487187134 ] } },
{ "type": "Feature", "properties": { "内容": "ケア・ステーション青い鳥【訪問介護】愛媛県新居浜市久保田町3-9-27", "url": "https://www.kaigokensaku.mhlw.go.jp/38/index.php?action_kouhyou_detail_004_kani=true&JigyosyoCd=3870500661-00&ServiceCd=110&Type=search", "url2": null }, "geometry": { "type": "Point", "coordinates": [ 133.285106400000018, 33.9544457 ] } },
{ "type": "Feature", "properties": { "内容": "株式会社　悠遊社新居浜事業所【訪問介護】愛媛県新居浜市瀬戸町1番15号", "url": "https://www.kaigokensaku.mhlw.go.jp/38/index.php?action_kouhyou_detail_004_kani=true&JigyosyoCd=3870500687-00&ServiceCd=110&Type=search", "url2": "http://www3.ocn.ne.jp/~yuyu-m/" }, "geometry": { "type": "Point", "coordinates": [ 133.296502063415574, 33.946531058471464 ] } },
{ "type": "Feature", "properties": { "内容": "指定訪問介護事業所　アソカ園【訪問介護】愛媛県新居浜市清住町1-36", "url": "https://www.kaigokensaku.mhlw.go.jp/38/index.php?action_kouhyou_detail_004_kani=true&JigyosyoCd=3870500695-00&ServiceCd=110&Type=search", "url2": "https://www.suiyoukai.jp" }, "geometry": { "type": "Point", "coordinates": [ 133.310934300000014, 33.9607426 ] } },
{ "type": "Feature", "properties": { "内容": "若水在宅ケアステーション【訪問介護】愛媛県新居浜市若水町１丁目7番45号", "url": "https://www.kaigokensaku.mhlw.go.jp/38/index.php?action_kouhyou_detail_004_kani=true&JigyosyoCd=3870500703-00&ServiceCd=110&Type=search", "url2": "http://www.ehime-med.or.jp" }, "geometry": { "type": "Point", "coordinates": [ 133.279056629499792, 33.966432357042514 ] } },
{ "type": "Feature", "properties": { "内容": "オレンジケアステーション【訪問介護】愛媛県新居浜市篠場町１０番２５号", "url": "https://www.kaigokensaku.mhlw.go.jp/38/index.php?action_kouhyou_detail_004_kani=true&JigyosyoCd=3870500729-00&ServiceCd=110&Type=search", "url2": null }, "geometry": { "type": "Point", "coordinates": [ 133.292996899999906, 33.9215464 ] } },
{ "type": "Feature", "properties": { "内容": "光介護サービス【訪問介護】愛媛県新居浜市喜光地町1丁目6-35", "url": "https://www.kaigokensaku.mhlw.go.jp/38/index.php?action_kouhyou_detail_004_kani=true&JigyosyoCd=3870500745-00&ServiceCd=110&Type=search", "url2": "http://hikari-taxi.net/" }, "geometry": { "type": "Point", "coordinates": [ 133.298599, 33.9337785 ] } },
{ "type": "Feature", "properties": { "内容": "カミングケアステーション【訪問介護】新居浜市政枝町2丁目3番32号", "url": "https://www.kaigokensaku.mhlw.go.jp/38/index.php?action_kouhyou_detail_004_kani=true&JigyosyoCd=3870500752-00&ServiceCd=110&Type=search", "url2": null }, "geometry": { "type": "Point", "coordinates": [ 133.268343, 33.9327894 ] } },
{ "type": "Feature", "properties": { "内容": "ヘルパーステーション若水館【訪問介護】新居浜市若水町一丁目９番１８号", "url": "https://www.kaigokensaku.mhlw.go.jp/38/index.php?action_kouhyou_detail_004_kani=true&JigyosyoCd=3870500984-00&ServiceCd=110&Type=search", "url2": "http://www.hapinesu.com/" }, "geometry": { "type": "Point", "coordinates": [ 133.277213537959256, 33.966145152256765 ] } },
{ "type": "Feature", "properties": { "内容": "コープえひめ訪問介護事業所新居浜西条【訪問介護】新居浜市新田町１丁目６番５１号", "url": "https://www.kaigokensaku.mhlw.go.jp/38/index.php?action_kouhyou_detail_004_kani=true&JigyosyoCd=3870501263-00&ServiceCd=110&Type=search", "url2": null }, "geometry": { "type": "Point", "coordinates": [ 133.2651850163993, 33.95746106200243 ] } },
{ "type": "Feature", "properties": { "内容": "ライフケア【訪問介護】愛媛県新居浜市喜光地町1丁目7番17号", "url": "https://www.kaigokensaku.mhlw.go.jp/38/index.php?action_kouhyou_detail_004_kani=true&JigyosyoCd=3870501388-00&ServiceCd=110&Type=search", "url2": "https://www.lifecare-n.jp" }, "geometry": { "type": "Point", "coordinates": [ 133.300181008034372, 33.935936191504474 ] } },
{ "type": "Feature", "properties": { "内容": "ヘルパーステーション　きらら【訪問介護】愛媛県新居浜市垣生３丁目１３－８㈲　東予通信工業", "url": "https://www.kaigokensaku.mhlw.go.jp/38/index.php?action_kouhyou_detail_004_kani=true&JigyosyoCd=3870501644-00&ServiceCd=110&Type=search", "url2": "http://care-net.biz/38/h.s.kirara/" }, "geometry": { "type": "Point", "coordinates": [ 133.328618600000027, 33.986845 ] } },
{ "type": "Feature", "properties": { "内容": "ヘルパーステーションお茶屋の里【訪問介護】愛媛県新居浜市西の土居町2-8-21", "url": "https://www.kaigokensaku.mhlw.go.jp/38/index.php?action_kouhyou_detail_004_kani=true&JigyosyoCd=3870501669-00&ServiceCd=110&Type=search", "url2": "http://ochayanosato.jp/" }, "geometry": { "type": "Point", "coordinates": [ 133.274867973155239, 33.949755653564878 ] } },
{ "type": "Feature", "properties": { "内容": "ひろ【訪問介護】愛媛県新居浜市土橋1丁目4番40号", "url": "https://www.kaigokensaku.mhlw.go.jp/38/index.php?action_kouhyou_detail_004_kani=true&JigyosyoCd=3870501701-00&ServiceCd=110&Type=search", "url2": null }, "geometry": { "type": "Point", "coordinates": [ 133.288267341139203, 33.935948605375359 ] } },
{ "type": "Feature", "properties": { "内容": "ヘルパーステーション野の花【訪問介護】南小松原町5-4", "url": "https://www.kaigokensaku.mhlw.go.jp/38/index.php?action_kouhyou_detail_004_kani=true&JigyosyoCd=3870501974-00&ServiceCd=110&Type=search", "url2": "https://x.gd/RgH7U" }, "geometry": { "type": "Point", "coordinates": [ 133.29533369965651, 33.970665237883765 ] } },
{ "type": "Feature", "properties": { "内容": "訪問介護ステーション　すみの【訪問介護】愛媛県新居浜市中筋町二丁目１番５号", "url": "https://www.kaigokensaku.mhlw.go.jp/38/index.php?action_kouhyou_detail_004_kani=true&JigyosyoCd=3870502089-00&ServiceCd=110&Type=search", "url2": null }, "geometry": { "type": "Point", "coordinates": [ 133.302193, 33.922864151182509 ] } },
{ "type": "Feature", "properties": { "内容": "セントケアにいはま【訪問介護】愛媛県新居浜市星原町15-47", "url": "https://www.kaigokensaku.mhlw.go.jp/38/index.php?action_kouhyou_detail_004_kani=true&JigyosyoCd=3870502238-00&ServiceCd=110&Type=search", "url2": null }, "geometry": { "type": "Point", "coordinates": [ 133.302138091775504, 33.937119699850129 ] } },
{ "type": "Feature", "properties": { "内容": "ファイトえひめ【訪問介護】愛媛県新居浜市西の土居町１－３－２８", "url": "https://www.kaigokensaku.mhlw.go.jp/38/index.php?action_kouhyou_detail_004_kani=true&JigyosyoCd=3870502360-00&ServiceCd=110&Type=search", "url2": "http://tn-ehime.co.jp" }, "geometry": { "type": "Point", "coordinates": [ 133.280931600000031, 33.9509348 ] } },
{ "type": "Feature", "properties": { "内容": "ヘルパーステーション桃花【訪問介護】愛媛県新居浜市久保田町一丁目３番５０号金子フレンズショップ", "url": "https://www.kaigokensaku.mhlw.go.jp/38/index.php?action_kouhyou_detail_004_kani=true&JigyosyoCd=3870502410-00&ServiceCd=110&Type=search", "url2": "h.momoka.com" }, "geometry": { "type": "Point", "coordinates": [ 133.280356799999936, 33.9568703 ] } },
{ "type": "Feature", "properties": { "内容": "ニカサ新居浜店【訪問介護】愛媛県新居浜市久保田町2丁目10番12号", "url": "https://www.kaigokensaku.mhlw.go.jp/38/index.php?action_kouhyou_detail_004_kani=true&JigyosyoCd=3870502576-00&ServiceCd=110&Type=search", "url2": null }, "geometry": { "type": "Point", "coordinates": [ 133.277400994442843, 33.953631008749255 ] } },
{ "type": "Feature", "properties": { "内容": "ヘルパーステーション　ゆうらり【訪問介護】愛媛県新居浜市庄内町５丁目１１番３２号ゆうらり昭和館内", "url": "https://www.kaigokensaku.mhlw.go.jp/38/index.php?action_kouhyou_detail_004_kani=true&JigyosyoCd=3870502600-00&ServiceCd=110&Type=search", "url2": "https://yuurarisyouwakan.jimdosite.com/" }, "geometry": { "type": "Point", "coordinates": [ 133.292909729083107, 33.950505350849113 ] } },
{ "type": "Feature", "properties": { "内容": "ヘルパーステーション　オリーブ【訪問介護】愛媛県新居浜市田の上3-5-49", "url": "https://www.kaigokensaku.mhlw.go.jp/38/index.php?action_kouhyou_detail_004_kani=true&JigyosyoCd=3870502691-00&ServiceCd=110&Type=search", "url2": null }, "geometry": { "type": "Point", "coordinates": [ 133.320930500000031, 33.9760078 ] } },
{ "type": "Feature", "properties": { "内容": "高齢者福祉実践センター【訪問介護】愛媛県新居浜市多喜浜2丁目7番地６４", "url": "https://www.kaigokensaku.mhlw.go.jp/38/index.php?action_kouhyou_detail_004_kani=true&JigyosyoCd=3870502725-00&ServiceCd=110&Type=search", "url2": null }, "geometry": { "type": "Point", "coordinates": [ 133.328579499999989, 33.9770663 ] } },
{ "type": "Feature", "properties": { "内容": "ニチイケアセンターにいはま【訪問介護】愛媛県新居浜市西の土居町1丁目4番32号", "url": "https://www.kaigokensaku.mhlw.go.jp/38/index.php?action_kouhyou_detail_004_kani=true&JigyosyoCd=3870502758-00&ServiceCd=110&Type=search", "url2": "https://www.nichiigakkan.co.jp/" }, "geometry": { "type": "Point", "coordinates": [ 133.2812146, 33.9508308 ] } },
{ "type": "Feature", "properties": { "内容": "訪問介護事業所　ひつじが丘【訪問介護】愛媛県新居浜市北内町４丁目9-6", "url": "https://www.kaigokensaku.mhlw.go.jp/38/index.php?action_kouhyou_detail_004_kani=true&JigyosyoCd=3870502352-00&ServiceCd=110&Type=search", "url2": "http://hp.kaipoke.biz/54u" }, "geometry": { "type": "Point", "coordinates": [ 133.310265325903288, 33.92776764533933 ] } },
{ "type": "Feature", "properties": { "内容": "ヘルパーステーションあんず【訪問介護】愛媛県新居浜市郷１丁目１番３５号", "url": "https://www.kaigokensaku.mhlw.go.jp/38/index.php?action_kouhyou_detail_004_kani=true&JigyosyoCd=3870502832-00&ServiceCd=110&Type=search", "url2": null }, "geometry": { "type": "Point", "coordinates": [ 133.3038647, 33.9640191 ] } },
{ "type": "Feature", "properties": { "内容": "有限会社　介護サービス友【訪問介護】愛媛県新居浜市本郷三丁目2番21号", "url": "https://www.kaigokensaku.mhlw.go.jp/38/index.php?action_kouhyou_detail_004_kani=true&JigyosyoCd=3870501024-00&ServiceCd=110&Type=search", "url2": null }, "geometry": { "type": "Point", "coordinates": [ 133.282235457147152, 33.932822494390244 ] } },
{ "type": "Feature", "properties": { "内容": "あいハート【訪問介護】愛媛県新居浜市萩生272-52", "url": "https://www.kaigokensaku.mhlw.go.jp/38/index.php?action_kouhyou_detail_004_kani=true&JigyosyoCd=3870502824-00&ServiceCd=110&Type=search", "url2": null }, "geometry": { "type": "Point", "coordinates": [ 133.278108800000012, 33.9337931 ] } },
{ "type": "Feature", "properties": { "内容": "ヘルパーステーション　シャルマン【訪問介護】愛媛県新居浜市郷三丁目14番13号", "url": "https://www.kaigokensaku.mhlw.go.jp/38/index.php?action_kouhyou_detail_004_kani=true&JigyosyoCd=3870502857-00&ServiceCd=110&Type=search", "url2": null }, "geometry": { "type": "Point", "coordinates": [ 133.311408200000017, 33.9630799 ] } },
{ "type": "Feature", "properties": { "内容": "ヘルパーステーションここモア【訪問介護】愛媛県新居浜市西の土居町2丁目13-43新楽ビル2階", "url": "https://www.kaigokensaku.mhlw.go.jp/38/index.php?action_kouhyou_detail_004_kani=true&JigyosyoCd=3870502949-00&ServiceCd=110&Type=search", "url2": null }, "geometry": { "type": "Point", "coordinates": [ 133.279996899999986, 33.9512353 ] } },
{ "type": "Feature", "properties": { "内容": "訪問介護ステーションつくし【訪問介護】愛媛県新居浜市大生院３８９番地１", "url": "https://www.kaigokensaku.mhlw.go.jp/38/index.php?action_kouhyou_detail_004_kani=true&JigyosyoCd=3870502956-00&ServiceCd=110&Type=search", "url2": null }, "geometry": { "type": "Point", "coordinates": [ 133.257928, 33.9231843 ] } },
{ "type": "Feature", "properties": { "内容": "Get訪問介護　新居浜【訪問介護】愛媛県新居浜市中須賀町１丁目１２－３７エスティアム中須賀１－Ｃ", "url": "https://www.kaigokensaku.mhlw.go.jp/38/index.php?action_kouhyou_detail_004_kani=true&JigyosyoCd=3870502915-00&ServiceCd=110&Type=search", "url2": "https://www.getounohana.com/" }, "geometry": { "type": "Point", "coordinates": [ 133.273933654279716, 33.96178635820818 ] } },
{ "type": "Feature", "properties": { "内容": "ケアサポート　ウィズ【訪問介護】愛媛県新居浜市東雲町３丁目1-50", "url": "https://www.kaigokensaku.mhlw.go.jp/38/index.php?action_kouhyou_detail_004_kani=true&JigyosyoCd=3870502931-00&ServiceCd=110&Type=search", "url2": "https://www.with-em.com" }, "geometry": { "type": "Point", "coordinates": [ 133.299462602700061, 33.961386724388539 ] } },
{ "type": "Feature", "properties": { "内容": "ヘルパーステーションつむぎ【訪問介護】愛媛県新居浜市桜木町7番80号", "url": "https://www.kaigokensaku.mhlw.go.jp/38/index.php?action_kouhyou_detail_004_kani=true&JigyosyoCd=3870502881-00&ServiceCd=110&Type=search", "url2": "https://www.tsumugiai24.co.jp/" }, "geometry": { "type": "Point", "coordinates": [ 133.300843160188265, 33.966781545215511 ] } },
{ "type": "Feature", "properties": { "内容": "JAえひめ未来ヘルパーステーション新居浜【訪問介護】愛媛県新居浜市坂井町3-10-40", "url": "https://www.kaigokensaku.mhlw.go.jp/38/index.php?action_kouhyou_detail_004_kani=true&JigyosyoCd=3870502808-00&ServiceCd=110&Type=search", "url2": "https://ja-ehimemirai.or.jp" }, "geometry": { "type": "Point", "coordinates": [ 133.2938433, 33.9454797 ] } },
{ "type": "Feature", "properties": { "内容": "訪問介護ステーション　きらめき【訪問介護】愛媛県新居浜市萩生２３４８番地の４４", "url": "https://www.kaigokensaku.mhlw.go.jp/38/index.php?action_kouhyou_detail_004_kani=true&JigyosyoCd=3870501891-00&ServiceCd=110&Type=search", "url2": "https://care-net.biz/38/kirameki/" }, "geometry": { "type": "Point", "coordinates": [ 133.27279, 33.9194352 ] } },
{ "type": "Feature", "properties": { "内容": "東豫介護サービス【訪問介護】愛媛県西条市三津屋187番地6", "url": "https://www.kaigokensaku.mhlw.go.jp/38/index.php?action_kouhyou_detail_004_kani=true&JigyosyoCd=3871200287-00&ServiceCd=110&Type=search", "url2": null }, "geometry": { "type": "Point", "coordinates": [ 133.087567300000046, 33.9358313 ] } },
{ "type": "Feature", "properties": { "内容": "もも【訪問介護】西条市石延108番地1", "url": "https://www.kaigokensaku.mhlw.go.jp/38/index.php?action_kouhyou_detail_004_kani=true&JigyosyoCd=3870600982-00&ServiceCd=110&Type=search", "url2": null }, "geometry": { "type": "Point", "coordinates": [ 133.048052, 33.9321027 ] } },
{ "type": "Feature", "properties": { "内容": "指定訪問介護・ケアタクシー　マリン【訪問介護】愛媛県西条市大町1029番地1", "url": "https://www.kaigokensaku.mhlw.go.jp/38/index.php?action_kouhyou_detail_004_kani=true&JigyosyoCd=3870601774-00&ServiceCd=110&Type=search", "url2": "hp.kaipoke.biz/ztx" }, "geometry": { "type": "Point", "coordinates": [ 133.1906583, 33.9058054 ] } },
{ "type": "Feature", "properties": { "内容": "コープえひめ訪問介護事業所　西条【訪問介護】愛媛県西条市神拝甲454-2", "url": "https://www.kaigokensaku.mhlw.go.jp/38/index.php?action_kouhyou_detail_004_kani=true&JigyosyoCd=3870600560-00&ServiceCd=110&Type=search", "url2": null }, "geometry": { "type": "Point", "coordinates": [ 133.176533899999981, 33.9166634 ] } },
{ "type": "Feature", "properties": { "内容": "ケアサポートみらい【訪問介護】愛媛県西条市喜多川173番地1藤田ビル1Ｆ西", "url": "https://www.kaigokensaku.mhlw.go.jp/38/index.php?action_kouhyou_detail_004_kani=true&JigyosyoCd=3870601071-00&ServiceCd=110&Type=search", "url2": null }, "geometry": { "type": "Point", "coordinates": [ 133.176107870252963, 33.911769324524819 ] } },
{ "type": "Feature", "properties": { "内容": "訪問介護事業所Befirst【訪問介護】愛媛県西条市丹原町高松甲291番地１", "url": "https://www.kaigokensaku.mhlw.go.jp/38/index.php?action_kouhyou_detail_004_kani=true&JigyosyoCd=3870601816-00&ServiceCd=110&Type=search", "url2": null }, "geometry": { "type": "Point", "coordinates": [ 133.052509, 33.8941426 ] } },
{ "type": "Feature", "properties": { "内容": "老人保健施設ゆるぎ荘【訪問介護】愛媛県西条市福武字蔵ノ尾甲162-1", "url": "https://www.kaigokensaku.mhlw.go.jp/38/index.php?action_kouhyou_detail_004_kani=true&JigyosyoCd=3857780039-00&ServiceCd=110&Type=search", "url2": "yurugisou@trad.ocn.ne.jp" }, "geometry": { "type": "Point", "coordinates": [ 133.209500199999979, 33.9110979 ] } },
{ "type": "Feature", "properties": { "内容": "ホームヘルパーステーションいしづち苑【訪問介護】愛媛県西条市朔日市269番地1", "url": "https://www.kaigokensaku.mhlw.go.jp/38/index.php?action_kouhyou_detail_004_kani=true&JigyosyoCd=3870600156-00&ServiceCd=110&Type=search", "url2": "http://www.saiseikaisaijo.jp/isiduti-top/" }, "geometry": { "type": "Point", "coordinates": [ 133.191021800000044, 33.9287072 ] } },
{ "type": "Feature", "properties": { "内容": "ＪＡえひめ未来ヘルパーステーション西条【訪問介護】愛媛県西条市神拝甲478番地1", "url": "https://www.kaigokensaku.mhlw.go.jp/38/index.php?action_kouhyou_detail_004_kani=true&JigyosyoCd=3870600180-00&ServiceCd=110&Type=search", "url2": "https://ja-ehimemirai.or.jp/index.php" }, "geometry": { "type": "Point", "coordinates": [ 133.177397507476968, 33.91768772446391 ] } },
{ "type": "Feature", "properties": { "内容": "エンジェル・コール　ヘルパーステーション【訪問介護】愛媛県西条市喜多川792番地1", "url": "https://www.kaigokensaku.mhlw.go.jp/38/index.php?action_kouhyou_detail_004_kani=true&JigyosyoCd=3870600214-00&ServiceCd=110&Type=search", "url2": "https://angel-call.co.jp/" }, "geometry": { "type": "Point", "coordinates": [ 133.170246697006178, 33.924923755617357 ] } },
{ "type": "Feature", "properties": { "内容": "ヘルパーステーション水の里【訪問介護】愛媛県西条市大町776番地23", "url": "https://www.kaigokensaku.mhlw.go.jp/38/index.php?action_kouhyou_detail_004_kani=true&JigyosyoCd=3870600354-00&ServiceCd=110&Type=search", "url2": "komyokai-saijo.com" }, "geometry": { "type": "Point", "coordinates": [ 133.189447, 33.9143751 ] } },
{ "type": "Feature", "properties": { "内容": "ヘルパーステーション　福武荘【訪問介護】愛媛県西条市飯岡3381-2", "url": "https://www.kaigokensaku.mhlw.go.jp/38/index.php?action_kouhyou_detail_004_kani=true&JigyosyoCd=3870600438-00&ServiceCd=110&Type=search", "url2": null }, "geometry": { "type": "Point", "coordinates": [ 133.2100312, 33.9117593 ] } },
{ "type": "Feature", "properties": { "内容": "西条市社会福祉協議会ヘルパーセンター【訪問介護】愛媛県西条市周布606番地1東予総合福祉センター", "url": "https://www.kaigokensaku.mhlw.go.jp/38/index.php?action_kouhyou_detail_004_kani=true&JigyosyoCd=3870600610-00&ServiceCd=110&Type=search", "url2": "http://www.saijoshakyo.or.jp/" }, "geometry": { "type": "Point", "coordinates": [ 133.0818984, 33.9256518 ] } },
{ "type": "Feature", "properties": { "内容": "西条市社会福祉協議会ヘルパーセンター西条【訪問介護】愛媛県西条市神拝甲324番地2西条市総合福祉センター内", "url": "https://www.kaigokensaku.mhlw.go.jp/38/index.php?action_kouhyou_detail_004_kani=true&JigyosyoCd=3870600628-00&ServiceCd=110&Type=search", "url2": "http://www.saijoshakyo.or.jp/" }, "geometry": { "type": "Point", "coordinates": [ 133.181975200000011, 33.9149526 ] } },
{ "type": "Feature", "properties": { "内容": "西条市社会福祉協議会ヘルパーセンター小松【訪問介護】西条市小松町新屋敷乙48番地1", "url": "https://www.kaigokensaku.mhlw.go.jp/38/index.php?action_kouhyou_detail_004_kani=true&JigyosyoCd=3870600636-00&ServiceCd=110&Type=search", "url2": "http://www.saijoshakyo.or.jp" }, "geometry": { "type": "Point", "coordinates": [ 133.115958500000033, 33.8961839 ] } },
{ "type": "Feature", "properties": { "内容": "訪問介護ステーション今井【訪問介護】西条市丹原町今井155番地１", "url": "https://www.kaigokensaku.mhlw.go.jp/38/index.php?action_kouhyou_detail_004_kani=true&JigyosyoCd=3870601030-00&ServiceCd=110&Type=search", "url2": null }, "geometry": { "type": "Point", "coordinates": [ 133.055325700000026, 33.9008678 ] } },
{ "type": "Feature", "properties": { "内容": "福祉サポート広栄【訪問介護】西条市大町315-1", "url": "https://www.kaigokensaku.mhlw.go.jp/38/index.php?action_kouhyou_detail_004_kani=true&JigyosyoCd=3870601055-00&ServiceCd=110&Type=search", "url2": "http://kouei560105.com/" }, "geometry": { "type": "Point", "coordinates": [ 133.192218899999943, 33.9159667 ] } },
{ "type": "Feature", "properties": { "内容": "株式会社ほのか【訪問介護】愛媛県西条市丹原町池田1258-8番地", "url": "https://www.kaigokensaku.mhlw.go.jp/38/index.php?action_kouhyou_detail_004_kani=true&JigyosyoCd=3870601170-00&ServiceCd=110&Type=search", "url2": "honokakaigotax@yahoo.co.jp" }, "geometry": { "type": "Point", "coordinates": [ 133.054516737393556, 33.90518860437512 ] } },
{ "type": "Feature", "properties": { "内容": "なぎの樹介護サービス【訪問介護】大町1576番地2", "url": "https://www.kaigokensaku.mhlw.go.jp/38/index.php?action_kouhyou_detail_004_kani=true&JigyosyoCd=3870601246-00&ServiceCd=110&Type=search", "url2": null }, "geometry": { "type": "Point", "coordinates": [ 133.1837501, 33.9126529 ] } },
{ "type": "Feature", "properties": { "内容": "ニチイケアセンター登道【訪問介護】西条市大町1572番2-2", "url": "https://www.kaigokensaku.mhlw.go.jp/38/index.php?action_kouhyou_detail_004_kani=true&JigyosyoCd=3870601303-00&ServiceCd=110&Type=search", "url2": "http://www.nichiigakkan.co.jp" }, "geometry": { "type": "Point", "coordinates": [ 133.18323620000001, 33.9129473 ] } },
{ "type": "Feature", "properties": { "内容": "えひめ介護ヘルパーステーション【訪問介護】愛媛県西条市新田196番地1", "url": "https://www.kaigokensaku.mhlw.go.jp/38/index.php?action_kouhyou_detail_004_kani=true&JigyosyoCd=3870601725-00&ServiceCd=110&Type=search", "url2": null }, "geometry": { "type": "Point", "coordinates": [ 133.1840048, 33.926329 ] } },
{ "type": "Feature", "properties": { "内容": "ヘルパーサービスさや家【訪問介護】愛媛県西条市三津屋南10-5", "url": "https://www.kaigokensaku.mhlw.go.jp/38/index.php?action_kouhyou_detail_004_kani=true&JigyosyoCd=3870601766-00&ServiceCd=110&Type=search", "url2": null }, "geometry": { "type": "Point", "coordinates": [ 133.088180099999988, 33.9313857 ] } },
{ "type": "Feature", "properties": { "内容": "株式会社悠遊社東予事業所【訪問介護】愛媛県西条市新市575-4", "url": "https://www.kaigokensaku.mhlw.go.jp/38/index.php?action_kouhyou_detail_004_kani=true&JigyosyoCd=3871200121-00&ServiceCd=110&Type=search", "url2": "http://www.yuyusya.co.jp/" }, "geometry": { "type": "Point", "coordinates": [ 133.060544232818643, 33.934289223936595 ] } },
{ "type": "Feature", "properties": { "内容": "ヘルパーステーションたらちね【訪問介護】愛媛県西条市三津屋9番10", "url": "https://www.kaigokensaku.mhlw.go.jp/38/index.php?action_kouhyou_detail_004_kani=true&JigyosyoCd=3871200311-00&ServiceCd=110&Type=search", "url2": "http://www.koujin.net" }, "geometry": { "type": "Point", "coordinates": [ 133.089358700000048, 33.9319262 ] } },
{ "type": "Feature", "properties": { "内容": "えひめ介護ネットワーク本部指定訪問介護事業所【訪問介護】愛媛県西条市古川甲２６５番地の１", "url": "https://www.kaigokensaku.mhlw.go.jp/38/index.php?action_kouhyou_detail_004_kani=true&JigyosyoCd=3870600198-00&ServiceCd=110&Type=search", "url2": null }, "geometry": { "type": "Point", "coordinates": [ 133.164173500000061, 33.9139327 ] } },
{ "type": "Feature", "properties": { "内容": "ホームヘルプサービス椿の里【訪問介護】西条市壬生川４４番地", "url": "https://www.kaigokensaku.mhlw.go.jp/38/index.php?action_kouhyou_detail_004_kani=true&JigyosyoCd=3870601238-00&ServiceCd=110&Type=search", "url2": null }, "geometry": { "type": "Point", "coordinates": [ 133.085809224003555, 33.936753152919174 ] } },
{ "type": "Feature", "properties": { "内容": "ヘルパーステーション　媛達磨【訪問介護】愛媛県西条市北条1149", "url": "https://www.kaigokensaku.mhlw.go.jp/38/index.php?action_kouhyou_detail_004_kani=true&JigyosyoCd=3870601394-00&ServiceCd=110&Type=search", "url2": null }, "geometry": { "type": "Point", "coordinates": [ 133.094255106359924, 33.931683950304489 ] } },
{ "type": "Feature", "properties": { "内容": "マーカバの輪ヘルパーズ【訪問介護】愛媛県西条市下島山甲1223-1", "url": "https://www.kaigokensaku.mhlw.go.jp/38/index.php?action_kouhyou_detail_004_kani=true&JigyosyoCd=3870601626-00&ServiceCd=110&Type=search", "url2": null }, "geometry": { "type": "Point", "coordinates": [ 133.206346980987092, 33.926447251052608 ] } },
{ "type": "Feature", "properties": { "内容": "ホームヘルパーステーション山ぼうし【訪問介護】愛媛県西条市飯岡字原之段1288番地2", "url": "https://www.kaigokensaku.mhlw.go.jp/38/index.php?action_kouhyou_detail_004_kani=true&JigyosyoCd=3870601543-00&ServiceCd=110&Type=search", "url2": null }, "geometry": { "type": "Point", "coordinates": [ 133.234654532848026, 33.920825293206491 ] } },
{ "type": "Feature", "properties": { "内容": "ヘルパーステーション結さぽ【訪問介護】愛媛県西条市丹原町池田103‐1", "url": "https://www.kaigokensaku.mhlw.go.jp/38/index.php?action_kouhyou_detail_004_kani=true&JigyosyoCd=3870601865-00&ServiceCd=110&Type=search", "url2": null }, "geometry": { "type": "Point", "coordinates": [ 133.073400099999986, 33.9256243 ] } },
{ "type": "Feature", "properties": { "内容": "ヘルパー事業所コア【訪問介護】愛媛県西条市三津屋180－4藤ビル１階１号室", "url": "https://www.kaigokensaku.mhlw.go.jp/38/index.php?action_kouhyou_detail_004_kani=true&JigyosyoCd=3870601857-00&ServiceCd=110&Type=search", "url2": "https://rink-koa.hungry.jp" }, "geometry": { "type": "Point", "coordinates": [ 133.0864933, 33.9350476 ] } },
{ "type": "Feature", "properties": { "内容": "大洲市社会福祉協議会訪問介護事業所長浜【訪問介護】愛媛県大洲市長浜甲489番地の1大洲市長浜体育館", "url": "https://www.kaigokensaku.mhlw.go.jp/38/index.php?action_kouhyou_detail_004_kani=true&JigyosyoCd=3870700436-00&ServiceCd=110&Type=search", "url2": null }, "geometry": { "type": "Point", "coordinates": [ 132.481803300000024, 33.6134442 ] } },
{ "type": "Feature", "properties": { "内容": "ヘルパーステーションひまわり【訪問介護】愛媛県大洲市徳森1508番地1", "url": "https://www.kaigokensaku.mhlw.go.jp/38/index.php?action_kouhyou_detail_004_kani=true&JigyosyoCd=3870700113-00&ServiceCd=110&Type=search", "url2": "http://www.ozu-johukai.jp/himawari/hima05/" }, "geometry": { "type": "Point", "coordinates": [ 132.582899600000019, 33.5309362 ] } },
{ "type": "Feature", "properties": { "内容": "訪問ケアステーション春賀【訪問介護】愛媛県大洲市春賀甲１６８９番地４", "url": "https://www.kaigokensaku.mhlw.go.jp/38/index.php?action_kouhyou_detail_004_kani=true&JigyosyoCd=3870700220-00&ServiceCd=110&Type=search", "url2": "http://www.ecomnet.or.jp/~ohzuhome" }, "geometry": { "type": "Point", "coordinates": [ 132.553602845238004, 33.562828953044566 ] } },
{ "type": "Feature", "properties": { "内容": "株式会社悠遊社大洲事業所【訪問介護】愛媛県大洲市新谷185番地", "url": "https://www.kaigokensaku.mhlw.go.jp/38/index.php?action_kouhyou_detail_004_kani=true&JigyosyoCd=3870700238-00&ServiceCd=110&Type=search", "url2": "www.yuyusya.co.jp/" }, "geometry": { "type": "Point", "coordinates": [ 132.579607212628133, 33.532288022379923 ] } },
{ "type": "Feature", "properties": { "内容": "有限会社介護サービスひかり【訪問介護】愛媛県大洲市東大洲１３３９－７", "url": "https://www.kaigokensaku.mhlw.go.jp/38/index.php?action_kouhyou_detail_004_kani=true&JigyosyoCd=3870700337-00&ServiceCd=110&Type=search", "url2": null }, "geometry": { "type": "Point", "coordinates": [ 132.569978499999934, 33.5308275 ] } },
{ "type": "Feature", "properties": { "内容": "大洲市社会福祉協議会訪問介護事業所東大洲【訪問介護】愛媛県大洲市東大洲270番地1大洲市総合福祉センター", "url": "https://www.kaigokensaku.mhlw.go.jp/38/index.php?action_kouhyou_detail_004_kani=true&JigyosyoCd=3870700394-00&ServiceCd=110&Type=search", "url2": "http：//www.ozushakyo.jp/" }, "geometry": { "type": "Point", "coordinates": [ 132.555221399999937, 33.5211115 ] } },
{ "type": "Feature", "properties": { "内容": "大洲市社会福祉協議会　訪問介護事業所肱川【訪問介護】愛媛県大洲市肱川町山鳥坂73番地大洲市肱川地区複合公共施設　2階内", "url": "https://www.kaigokensaku.mhlw.go.jp/38/index.php?action_kouhyou_detail_004_kani=true&JigyosyoCd=3870700469-00&ServiceCd=110&Type=search", "url2": "http://www.ozushakyo.jp" }, "geometry": { "type": "Point", "coordinates": [ 132.683902461483939, 33.455828613445618 ] } },
{ "type": "Feature", "properties": { "内容": "倫理生活指導センター大洲【訪問介護】常磐町81番地1", "url": "https://www.kaigokensaku.mhlw.go.jp/38/index.php?action_kouhyou_detail_004_kani=true&JigyosyoCd=3870700733-00&ServiceCd=110&Type=search", "url2": null }, "geometry": { "type": "Point", "coordinates": [ 132.546286099999946, 33.5146871 ] } },
{ "type": "Feature", "properties": { "内容": "訪問介護事業所　Kuuma【訪問介護】愛媛県大洲市若宮４８３番地コスモポリタン中野NO.1.4F", "url": "https://www.kaigokensaku.mhlw.go.jp/38/index.php?action_kouhyou_detail_004_kani=true&JigyosyoCd=3870700964-00&ServiceCd=110&Type=search", "url2": null }, "geometry": { "type": "Point", "coordinates": [ 132.5463063, 33.5170016 ] } },
{ "type": "Feature", "properties": { "内容": "医療法人緑風会　訪問介護ステーション　サファイア【訪問介護】愛媛県大洲市新谷甲４３番サービス付き高齢者向け住宅　サファイア", "url": "https://www.kaigokensaku.mhlw.go.jp/38/index.php?action_kouhyou_detail_004_kani=true&JigyosyoCd=3870700808-00&ServiceCd=110&Type=search", "url2": "https://www.ozu-sapphire.jp/" }, "geometry": { "type": "Point", "coordinates": [ 132.613834799844398, 33.535190134619334 ] } },
{ "type": "Feature", "properties": { "内容": "伊予市社協訪問介護事業所【訪問介護】愛媛県伊予市米湊723番地1", "url": "https://www.kaigokensaku.mhlw.go.jp/38/index.php?action_kouhyou_detail_004_kani=true&JigyosyoCd=3871000422-00&ServiceCd=110&Type=search", "url2": "http://www.iyo-shakyo.jp" }, "geometry": { "type": "Point", "coordinates": [ 132.706612299999961, 33.7569461 ] } },
{ "type": "Feature", "properties": { "内容": "伊予市社協中山訪問介護事業所【訪問介護】愛媛県伊予市中山町出渕2番耕地138番地1", "url": "https://www.kaigokensaku.mhlw.go.jp/38/index.php?action_kouhyou_detail_004_kani=true&JigyosyoCd=3871000513-00&ServiceCd=110&Type=search", "url2": "http://www.iyo-shakyo.jp/" }, "geometry": { "type": "Point", "coordinates": [ 132.710186580950904, 33.642932697979553 ] } },
{ "type": "Feature", "properties": { "内容": "ヘルパーステーション森の園【訪問介護】愛媛県伊予市森甲440番地1", "url": "https://www.kaigokensaku.mhlw.go.jp/38/index.php?action_kouhyou_detail_004_kani=true&JigyosyoCd=3871000232-00&ServiceCd=110&Type=search", "url2": "http://morinosono.sakura.ne.jp/" }, "geometry": { "type": "Point", "coordinates": [ 132.688400324841268, 33.739084451568367 ] } },
{ "type": "Feature", "properties": { "内容": "ヘルパーステーションたちばな【訪問介護】愛媛県伊予市灘町136-2", "url": "https://www.kaigokensaku.mhlw.go.jp/38/index.php?action_kouhyou_detail_004_kani=true&JigyosyoCd=3871000406-00&ServiceCd=110&Type=search", "url2": "http://www.medicare-tachibana.com/" }, "geometry": { "type": "Point", "coordinates": [ 132.701090600000043, 33.7589568 ] } },
{ "type": "Feature", "properties": { "内容": "ヘルパーステーションごしき【訪問介護】愛媛県伊予市下吾川55番地1", "url": "https://www.kaigokensaku.mhlw.go.jp/38/index.php?action_kouhyou_detail_004_kani=true&JigyosyoCd=3871000463-00&ServiceCd=110&Type=search", "url2": "https://www.ehime-med.or.jp/cms/?guide=%e3%81%94%e3%81%97%e3%81%8d%e5%9c%a8%e5%ae%85%e3%82%b1%e3%82%a2%e3%82%bb%e3%83%b3%e3%82%bf%e3%83%bc" }, "geometry": { "type": "Point", "coordinates": [ 132.712414331271219, 33.759933568019285 ] } },
{ "type": "Feature", "properties": { "内容": "伊予市社協双海訪問介護事業所【訪問介護】愛媛県伊予市双海町上灘甲5821-6双海地域事務所　2階", "url": "https://www.kaigokensaku.mhlw.go.jp/38/index.php?action_kouhyou_detail_004_kani=true&JigyosyoCd=3871000521-00&ServiceCd=110&Type=search", "url2": null }, "geometry": { "type": "Point", "coordinates": [ 132.637675798689912, 33.687837595637426 ] } },
{ "type": "Feature", "properties": { "内容": "ヘルパーステーション　和み【訪問介護】愛媛県伊予市米湊687-1イズミビル208号", "url": "https://www.kaigokensaku.mhlw.go.jp/38/index.php?action_kouhyou_detail_004_kani=true&JigyosyoCd=3871000562-00&ServiceCd=110&Type=search", "url2": "http://npo-nagomi.net" }, "geometry": { "type": "Point", "coordinates": [ 132.705194431897525, 33.756244625702834 ] } },
{ "type": "Feature", "properties": { "内容": "指定訪問介護事業所なかやま幸梅園【訪問介護】愛媛県伊予市中山町中山寅381番地", "url": "https://www.kaigokensaku.mhlw.go.jp/38/index.php?action_kouhyou_detail_004_kani=true&JigyosyoCd=3871000778-00&ServiceCd=110&Type=search", "url2": "https://koubaien-b.jp/" }, "geometry": { "type": "Point", "coordinates": [ 132.706694199999987, 33.6389532 ] } },
{ "type": "Feature", "properties": { "内容": "リアン　訪問介護ステーション【訪問介護】愛媛県伊予市米湊208KOMINATO×BASE　1号", "url": "https://www.kaigokensaku.mhlw.go.jp/38/index.php?action_kouhyou_detail_004_kani=true&JigyosyoCd=3871000786-00&ServiceCd=110&Type=search", "url2": null }, "geometry": { "type": "Point", "coordinates": [ 132.7083347, 33.7539168 ] } },
{ "type": "Feature", "properties": { "内容": "ヘルパーステーション　あいらんど【訪問介護】愛媛県伊予市上野1267番地", "url": "https://www.kaigokensaku.mhlw.go.jp/38/index.php?action_kouhyou_detail_004_kani=true&JigyosyoCd=3873501161-00&ServiceCd=110&Type=search", "url2": null }, "geometry": { "type": "Point", "coordinates": [ 132.750916310443927, 33.77525067557292 ] } },
{ "type": "Feature", "properties": { "内容": "訪問介護事業所　いよコスモス【訪問介護】愛媛県伊予市尾崎９－６", "url": "https://www.kaigokensaku.mhlw.go.jp/38/index.php?action_kouhyou_detail_004_kani=true&JigyosyoCd=3871000604-00&ServiceCd=110&Type=search", "url2": "http://notoyunaya.on.omisenomikata.jp/" }, "geometry": { "type": "Point", "coordinates": [ 132.695859280950913, 33.751047906610701 ] } },
{ "type": "Feature", "properties": { "内容": "訪問介護ほほえみ【訪問介護】愛媛県四国中央市豊岡町大町937番地", "url": "https://www.kaigokensaku.mhlw.go.jp/38/index.php?action_kouhyou_detail_004_kani=true&JigyosyoCd=3871301374-00&ServiceCd=110&Type=search", "url2": "https://hohoemi-kaigo.amebaownd.com/" }, "geometry": { "type": "Point", "coordinates": [ 133.493382900000029, 33.9622346 ] } },
{ "type": "Feature", "properties": { "内容": "指定訪問介護事業所「ふれあい」【訪問介護】愛媛県四国中央市金生町下分1243番地の1長谷川病院ふれあい館４階", "url": "https://www.kaigokensaku.mhlw.go.jp/38/index.php?action_kouhyou_detail_004_kani=true&JigyosyoCd=3871301333-00&ServiceCd=110&Type=search", "url2": null }, "geometry": { "type": "Point", "coordinates": [ 133.580279099999984, 33.9975679 ] } },
{ "type": "Feature", "properties": { "内容": "訪問介護　花【訪問介護】愛媛県四国中央市中曽根町5013カーサレジオ103号室", "url": "https://www.kaigokensaku.mhlw.go.jp/38/index.php?action_kouhyou_detail_004_kani=true&JigyosyoCd=3871301127-00&ServiceCd=110&Type=search", "url2": null }, "geometry": { "type": "Point", "coordinates": [ 133.551232133525446, 33.978384724564343 ] } },
{ "type": "Feature", "properties": { "内容": "まごの手【訪問介護】愛媛県四国中央市金生町下分219-1", "url": "https://www.kaigokensaku.mhlw.go.jp/38/index.php?action_kouhyou_detail_004_kani=true&JigyosyoCd=3870800186-00&ServiceCd=110&Type=search", "url2": null }, "geometry": { "type": "Point", "coordinates": [ 133.566523400000051, 34.0209219 ] } },
{ "type": "Feature", "properties": { "内容": "アライアンス【訪問介護】愛媛県四国中央市川之江町473-1", "url": "https://www.kaigokensaku.mhlw.go.jp/38/index.php?action_kouhyou_detail_004_kani=true&JigyosyoCd=3870800293-00&ServiceCd=110&Type=search", "url2": null }, "geometry": { "type": "Point", "coordinates": [ 133.5657794, 34.0039627 ] } },
{ "type": "Feature", "properties": { "内容": "有限会社　わかばケアサービス【訪問介護】愛媛県四国中央市三島宮川1丁目6番10号", "url": "https://www.kaigokensaku.mhlw.go.jp/38/index.php?action_kouhyou_detail_004_kani=true&JigyosyoCd=3870900127-00&ServiceCd=110&Type=search", "url2": null }, "geometry": { "type": "Point", "coordinates": [ 133.545778499999983, 33.9862513 ] } },
{ "type": "Feature", "properties": { "内容": "三島介護サービス【訪問介護】愛媛県四国中央市三島朝日2-1-10", "url": "https://www.kaigokensaku.mhlw.go.jp/38/index.php?action_kouhyou_detail_004_kani=true&JigyosyoCd=3870900218-00&ServiceCd=110&Type=search", "url2": null }, "geometry": { "type": "Point", "coordinates": [ 133.555494599999946, 33.9887094 ] } },
{ "type": "Feature", "properties": { "内容": "ケアサービス菜の花【訪問介護】愛媛県四国中央市中之庄町61", "url": "https://www.kaigokensaku.mhlw.go.jp/38/index.php?action_kouhyou_detail_004_kani=true&JigyosyoCd=3870900234-00&ServiceCd=110&Type=search", "url2": "http://care-net.biz/38/nanohana/bll.php" }, "geometry": { "type": "Point", "coordinates": [ 133.529037799999969, 33.975027400000023 ] } },
{ "type": "Feature", "properties": { "内容": "四国中央市社会福祉協議会【訪問介護】愛媛県四国中央市三島宮川4丁目6番55号", "url": "https://www.kaigokensaku.mhlw.go.jp/38/index.php?action_kouhyou_detail_004_kani=true&JigyosyoCd=3871300038-00&ServiceCd=110&Type=search", "url2": "http://www.sikochu-syakyo.jp/" }, "geometry": { "type": "Point", "coordinates": [ 133.548620029361018, 33.98101574322272 ] } },
{ "type": "Feature", "properties": { "内容": "訪問介護事業所　シンシア【訪問介護】愛媛県四国中央市金生町山田井乙17-1ヴィラ・グリーンヒルズⅡ　１Ｆ", "url": "https://www.kaigokensaku.mhlw.go.jp/38/index.php?action_kouhyou_detail_004_kani=true&JigyosyoCd=3871300210-00&ServiceCd=110&Type=search", "url2": "https://shinsia.net/" }, "geometry": { "type": "Point", "coordinates": [ 133.589404400000035, 34.0069094 ] } },
{ "type": "Feature", "properties": { "内容": "JAうま訪問介護事業所【訪問介護】中之庄町１６８４－４", "url": "https://www.kaigokensaku.mhlw.go.jp/38/index.php?action_kouhyou_detail_004_kani=true&JigyosyoCd=3871300525-00&ServiceCd=110&Type=search", "url2": "http://www.ja.-uma.or.jp" }, "geometry": { "type": "Point", "coordinates": [ 133.530890499999941, 33.9796575 ] } },
{ "type": "Feature", "properties": { "内容": "訪問介護事業所　サンライフ【訪問介護】愛媛県四国中央市土居町小林1254", "url": "https://www.kaigokensaku.mhlw.go.jp/38/index.php?action_kouhyou_detail_004_kani=true&JigyosyoCd=3871300533-00&ServiceCd=110&Type=search", "url2": null }, "geometry": { "type": "Point", "coordinates": [ 133.437550702606245, 33.957406657483496 ] } },
{ "type": "Feature", "properties": { "内容": "ヘルパーステーションまんなか【訪問介護】愛媛県四国中央市上柏町7番地3", "url": "https://www.kaigokensaku.mhlw.go.jp/38/index.php?action_kouhyou_detail_004_kani=true&JigyosyoCd=3871300624-00&ServiceCd=110&Type=search", "url2": "https://suzuran-kaigo.net/" }, "geometry": { "type": "Point", "coordinates": [ 133.555939, 33.9832074 ] } },
{ "type": "Feature", "properties": { "内容": "訪問介護事業所　まごころ【訪問介護】愛媛県　四国中央市　土居町津根3800-1", "url": "https://www.kaigokensaku.mhlw.go.jp/38/index.php?action_kouhyou_detail_004_kani=true&JigyosyoCd=3871300665-00&ServiceCd=110&Type=search", "url2": null }, "geometry": { "type": "Point", "coordinates": [ 133.448704826319926, 33.97107673809866 ] } },
{ "type": "Feature", "properties": { "内容": "ヘルパー事業所　きずな【訪問介護】愛媛県　四国中央市　中之庄町462番地１のんびりライフタウンかがやき１F", "url": "https://www.kaigokensaku.mhlw.go.jp/38/index.php?action_kouhyou_detail_004_kani=true&JigyosyoCd=3871300681-00&ServiceCd=110&Type=search", "url2": "http://kagayaki2012.com" }, "geometry": { "type": "Point", "coordinates": [ 133.534018031877167, 33.97763235738654 ] } },
{ "type": "Feature", "properties": { "内容": "ヘルパーステーションいしかわ【訪問介護】愛媛県四国中央市上分町716番地2", "url": "https://www.kaigokensaku.mhlw.go.jp/38/index.php?action_kouhyou_detail_004_kani=true&JigyosyoCd=3871300764-00&ServiceCd=110&Type=search", "url2": "http://kenkou-kai.jp/cl.html" }, "geometry": { "type": "Point", "coordinates": [ -76.504731600000014, 44.238233600000015 ] } },
{ "type": "Feature", "properties": { "内容": "訪問介護事業所愛【訪問介護】愛媛県四国中央市土居町上野乙１５６－８", "url": "https://www.kaigokensaku.mhlw.go.jp/38/index.php?action_kouhyou_detail_004_kani=true&JigyosyoCd=3871300921-00&ServiceCd=110&Type=search", "url2": null }, "geometry": { "type": "Point", "coordinates": [ 133.386990299999979, 33.9435421 ] } },
{ "type": "Feature", "properties": { "内容": "サン訪問介護　三島事業所【訪問介護】愛媛県四国中央市中之庄町621-1", "url": "https://www.kaigokensaku.mhlw.go.jp/38/index.php?action_kouhyou_detail_004_kani=true&JigyosyoCd=3871300954-00&ServiceCd=110&Type=search", "url2": "http://www.sun-i.biz/" }, "geometry": { "type": "Point", "coordinates": [ 133.536148499999967, 33.974636 ] } },
{ "type": "Feature", "properties": { "内容": "ヘルパーステーション四つ葉【訪問介護】愛媛県四国中央市中之庄町568番地1ハイツグランデ205", "url": "https://www.kaigokensaku.mhlw.go.jp/38/index.php?action_kouhyou_detail_004_kani=true&JigyosyoCd=3871301085-00&ServiceCd=110&Type=search", "url2": "https://yotuba-soudan.jimdofree.com/" }, "geometry": { "type": "Point", "coordinates": [ 133.535816077246068, 33.97640959585511 ] } },
{ "type": "Feature", "properties": { "内容": "指定訪問介護事業所「ひまわり」【訪問介護】愛媛県四国中央市金生町下分1330番地", "url": "https://www.kaigokensaku.mhlw.go.jp/38/index.php?action_kouhyou_detail_004_kani=true&JigyosyoCd=3871301242-00&ServiceCd=110&Type=search", "url2": "http://meisei-hasegawa.com" }, "geometry": { "type": "Point", "coordinates": [ 133.580305599999946, 33.9996883 ] } },
{ "type": "Feature", "properties": { "内容": "株式会社　悠遊社　土居事業所【訪問介護】愛媛県四国中央市土居町畑野713-7", "url": "https://www.kaigokensaku.mhlw.go.jp/38/index.php?action_kouhyou_detail_004_kani=true&JigyosyoCd=3871301275-00&ServiceCd=110&Type=search", "url2": "http://www.yuyusya.co.jp" }, "geometry": { "type": "Point", "coordinates": [ 133.4098126, 33.9484278 ] } },
{ "type": "Feature", "properties": { "内容": "おむすび【訪問介護】愛媛県四国中央市上分町344-1", "url": "https://www.kaigokensaku.mhlw.go.jp/38/index.php?action_kouhyou_detail_004_kani=true&JigyosyoCd=3871301382-00&ServiceCd=110&Type=search", "url2": null }, "geometry": { "type": "Point", "coordinates": [ 133.581635122478019, 33.991450172677844 ] } },
{ "type": "Feature", "properties": { "内容": "ヘルパーステーションましろ【訪問介護】四国中央市土居町小林693", "url": "https://www.kaigokensaku.mhlw.go.jp/38/index.php?action_kouhyou_detail_004_kani=true&JigyosyoCd=3871301416-00&ServiceCd=110&Type=search", "url2": null }, "geometry": { "type": "Point", "coordinates": [ 133.436068299999988, 33.9606101 ] } },
{ "type": "Feature", "properties": { "内容": "宇田介護サービス事業所【訪問介護】愛媛県四国中央市三島中央4-2-21", "url": "https://www.kaigokensaku.mhlw.go.jp/38/index.php?action_kouhyou_detail_004_kani=true&JigyosyoCd=3871300137-00&ServiceCd=110&Type=search", "url2": "http://udataxi.sakura.ne.jp/" }, "geometry": { "type": "Point", "coordinates": [ 133.541562099999965, 33.9800049 ] } },
{ "type": "Feature", "properties": { "内容": "ヘルパーステーション　オリーブ【訪問介護】愛媛県四国中央市三島金子2丁目5番23号", "url": "https://www.kaigokensaku.mhlw.go.jp/38/index.php?action_kouhyou_detail_004_kani=true&JigyosyoCd=3871300160-00&ServiceCd=110&Type=search", "url2": null }, "geometry": { "type": "Point", "coordinates": [ 133.537926199999987, 33.9804519 ] } },
{ "type": "Feature", "properties": { "内容": "訪問介護事業所　のんびり家【訪問介護】愛媛県西予市宇和町野田45番地", "url": "https://www.kaigokensaku.mhlw.go.jp/38/index.php?action_kouhyou_detail_004_kani=true&JigyosyoCd=3871400846-00&ServiceCd=110&Type=search", "url2": null }, "geometry": { "type": "Point", "coordinates": [ 132.4883285, 33.3590045 ] } },
{ "type": "Feature", "properties": { "内容": "社会福祉法人西予市社会福祉協議会本所【訪問介護】愛媛県西予市野村町野村12号15番地野村保健福祉センター", "url": "https://www.kaigokensaku.mhlw.go.jp/38/index.php?action_kouhyou_detail_004_kani=true&JigyosyoCd=3871400093-00&ServiceCd=110&Type=search", "url2": "http://seiyo-syakyo.jp/" }, "geometry": { "type": "Point", "coordinates": [ 132.645184832540906, 33.378089367203906 ] } },
{ "type": "Feature", "properties": { "内容": "ヘルパーステーション　ハッピー西予【訪問介護】愛媛県西予市宇和町卯之町４丁目６５４番地スーパーフジ宇和店内", "url": "https://www.kaigokensaku.mhlw.go.jp/38/index.php?action_kouhyou_detail_004_kani=true&JigyosyoCd=3871400788-00&ServiceCd=110&Type=search", "url2": "http://www.carejapan.co.jp/" }, "geometry": { "type": "Point", "coordinates": [ 132.516052283328236, 33.359900632727843 ] } },
{ "type": "Feature", "properties": { "内容": "社会福祉法人西予市社会福祉協議会　宇和支所【訪問介護】愛媛県西予市宇和町卯之町四丁目746番地", "url": "https://www.kaigokensaku.mhlw.go.jp/38/index.php?action_kouhyou_detail_004_kani=true&JigyosyoCd=3871400069-00&ServiceCd=110&Type=search", "url2": "http://seiyo-syakyo.jp/" }, "geometry": { "type": "Point", "coordinates": [ 132.515189400000054, 33.3590457 ] } },
{ "type": "Feature", "properties": { "内容": "社会福祉法人　西予市社会福祉協議会　城川支所【訪問介護】愛媛県西予市城川町下相945番地西予市城川支所", "url": "https://www.kaigokensaku.mhlw.go.jp/38/index.php?action_kouhyou_detail_004_kani=true&JigyosyoCd=3871400101-00&ServiceCd=110&Type=search", "url2": "seiyo-syakyo.jp" }, "geometry": { "type": "Point", "coordinates": [ 132.750577600000042, 33.3797779 ] } },
{ "type": "Feature", "properties": { "内容": "訪問介護さくら【訪問介護】愛媛県西予市宇和町山田1558番地", "url": "https://www.kaigokensaku.mhlw.go.jp/38/index.php?action_kouhyou_detail_004_kani=true&JigyosyoCd=3871400531-00&ServiceCd=110&Type=search", "url2": null }, "geometry": { "type": "Point", "coordinates": [ 132.476934, 33.3753173 ] } },
{ "type": "Feature", "properties": { "内容": "セントケア宇和町【訪問介護】愛媛県西予市宇和町下松葉457ヒロハイツ102号", "url": "https://www.kaigokensaku.mhlw.go.jp/38/index.php?action_kouhyou_detail_004_kani=true&JigyosyoCd=3871400580-00&ServiceCd=110&Type=search", "url2": null }, "geometry": { "type": "Point", "coordinates": [ 132.505631499999936, 33.3735406 ] } },
{ "type": "Feature", "properties": { "内容": "JA東宇和ホームヘルプサービスセンター【訪問介護】愛媛県西予市野村町野村12-454", "url": "https://www.kaigokensaku.mhlw.go.jp/38/index.php?action_kouhyou_detail_004_kani=true&JigyosyoCd=3873800183-00&ServiceCd=110&Type=search", "url2": "http://ja-higashiuwa.or.jp/usefulinfo/welfare.html" }, "geometry": { "type": "Point", "coordinates": [ 132.644249, 33.3765841 ] } },
{ "type": "Feature", "properties": { "内容": "有限会社　田窪若草ヘルパー【訪問介護】愛媛県西予市明浜町狩浜2番耕地3番地1", "url": "https://www.kaigokensaku.mhlw.go.jp/38/index.php?action_kouhyou_detail_004_kani=true&JigyosyoCd=3873800407-00&ServiceCd=110&Type=search", "url2": null }, "geometry": { "type": "Point", "coordinates": [ 132.464617, 33.3205237 ] } },
{ "type": "Feature", "properties": { "内容": "訪問介護事業所　めぐみの里【訪問介護】愛媛県西予市明浜町俵津４番耕地４６番地１", "url": "https://www.kaigokensaku.mhlw.go.jp/38/index.php?action_kouhyou_detail_004_kani=true&JigyosyoCd=3871400812-00&ServiceCd=110&Type=search", "url2": "http://www.care-net.biz/38/hyakushouikki/" }, "geometry": { "type": "Point", "coordinates": [ 132.488008754630982, 33.328096704417966 ] } },
{ "type": "Feature", "properties": { "内容": "ヘルパーステーションまつば【訪問介護】愛媛県西予市宇和町卯之町一丁目246番地1", "url": "https://www.kaigokensaku.mhlw.go.jp/38/index.php?action_kouhyou_detail_004_kani=true&JigyosyoCd=3871400713-00&ServiceCd=110&Type=search", "url2": "http://www.seiyofukushi.com" }, "geometry": { "type": "Point", "coordinates": [ 132.510271143486165, 33.369153625093823 ] } },
{ "type": "Feature", "properties": { "内容": "ヘルパーステーション　月と太陽【訪問介護】愛媛県東温市横河原1316-19", "url": "https://www.kaigokensaku.mhlw.go.jp/38/index.php?action_kouhyou_detail_004_kani=true&JigyosyoCd=3871500215-00&ServiceCd=110&Type=search", "url2": null }, "geometry": { "type": "Point", "coordinates": [ 132.885564673480189, 33.803518932617791 ] } },
{ "type": "Feature", "properties": { "内容": "社会福祉法人　東温市社会福祉協議会【訪問介護】愛媛県東温市見奈良４９０番地１東温市総合保健福祉センター　2階", "url": "https://www.kaigokensaku.mhlw.go.jp/38/index.php?action_kouhyou_detail_004_kani=true&JigyosyoCd=3871500017-00&ServiceCd=110&Type=search", "url2": "http://toon-shakyo.or.jp/" }, "geometry": { "type": "Point", "coordinates": [ 132.870878250443155, 33.791142078701803 ] } },
{ "type": "Feature", "properties": { "内容": "社会福祉法人幸楽　訪問介護事業所【訪問介護】愛媛県東温市見奈良1153番地ケアハウス幸楽", "url": "https://www.kaigokensaku.mhlw.go.jp/38/index.php?action_kouhyou_detail_004_kani=true&JigyosyoCd=3871500041-00&ServiceCd=110&Type=search", "url2": null }, "geometry": { "type": "Point", "coordinates": [ 132.877784600000041, 33.7907878 ] } },
{ "type": "Feature", "properties": { "内容": "ヘルパーステーションコンフォール【訪問介護】愛媛県東温市志津川南5丁目1番地9コンフォール志津川", "url": "https://www.kaigokensaku.mhlw.go.jp/38/index.php?action_kouhyou_detail_004_kani=true&JigyosyoCd=3871500173-00&ServiceCd=110&Type=search", "url2": null }, "geometry": { "type": "Point", "coordinates": [ 132.876936305275592, 33.801265510918192 ] } },
{ "type": "Feature", "properties": { "内容": "ホームヘルプサービスガリラヤ荘【訪問介護】愛媛県東温市南方1766番地1", "url": "https://www.kaigokensaku.mhlw.go.jp/38/index.php?action_kouhyou_detail_004_kani=true&JigyosyoCd=3871500223-00&ServiceCd=110&Type=search", "url2": "https://www.ailinen.jp/" }, "geometry": { "type": "Point", "coordinates": [ 132.897808476057435, 33.797676960136485 ] } },
{ "type": "Feature", "properties": { "内容": "ヘルパーステーション　みゅげ【訪問介護】愛媛県東温市見奈良811番地1シニアライフセンターみゅげ", "url": "https://www.kaigokensaku.mhlw.go.jp/38/index.php?action_kouhyou_detail_004_kani=true&JigyosyoCd=3871500298-00&ServiceCd=110&Type=search", "url2": null }, "geometry": { "type": "Point", "coordinates": [ 132.876990914975977, 33.795261219653383 ] } },
{ "type": "Feature", "properties": { "内容": "ヘルパーステーション　ゆのく【訪問介護】愛媛県東温市見奈良1399-３", "url": "https://www.kaigokensaku.mhlw.go.jp/38/index.php?action_kouhyou_detail_004_kani=true&JigyosyoCd=3871500330-00&ServiceCd=110&Type=search", "url2": null }, "geometry": { "type": "Point", "coordinates": [ 132.87426549999995, 33.795042399999986 ] } },
{ "type": "Feature", "properties": { "内容": "ヘルパーステーション長安【訪問介護】愛媛県東温市志津川甲29番地1", "url": "https://www.kaigokensaku.mhlw.go.jp/38/index.php?action_kouhyou_detail_004_kani=true&JigyosyoCd=3873300093-00&ServiceCd=110&Type=search", "url2": "http://www.junpu.or.jp/choan.rohken/" }, "geometry": { "type": "Point", "coordinates": [ 132.8728489, 33.796737 ] } },
{ "type": "Feature", "properties": { "内容": "有限会社　まるいち訪問介護事業所【訪問介護】愛媛県東温市南方４７４番地の９", "url": "https://www.kaigokensaku.mhlw.go.jp/38/index.php?action_kouhyou_detail_004_kani=true&JigyosyoCd=3873300341-00&ServiceCd=110&Type=search", "url2": "http://www.maruichi-kaigo.jp" }, "geometry": { "type": "Point", "coordinates": [ 132.913875500000017, 33.7978213 ] } },
{ "type": "Feature", "properties": { "内容": "たんぽぽトーオンヘルパーサービス【訪問介護】愛媛県東温市志津川108-2オーパス1103号", "url": "https://www.kaigokensaku.mhlw.go.jp/38/index.php?action_kouhyou_detail_004_kani=true&JigyosyoCd=3873300135-00&ServiceCd=110&Type=search", "url2": "http://tampopo.ikegawa.jp/tampopo-wp/index.php/helper/" }, "geometry": { "type": "Point", "coordinates": [ 132.876789282754117, 33.805635575234938 ] } },
{ "type": "Feature", "properties": { "内容": "サン・スマ　介護サービス【訪問介護】愛媛県越智郡上島町生名508番地", "url": "https://www.kaigokensaku.mhlw.go.jp/38/index.php?action_kouhyou_detail_004_kani=true&JigyosyoCd=3873200764-00&ServiceCd=110&Type=search", "url2": "http://park19.wakwak.com/~sunsuma/" }, "geometry": { "type": "Point", "coordinates": [ 133.184455052184262, 34.26755064421836 ] } },
{ "type": "Feature", "properties": { "内容": "上島町社協訪問介護事業所【訪問介護】愛媛県越智郡上島町生名2133番地3上島町生名デイサービスセンター", "url": "https://www.kaigokensaku.mhlw.go.jp/38/index.php?action_kouhyou_detail_004_kani=true&JigyosyoCd=3873200897-00&ServiceCd=110&Type=search", "url2": "https://www.kamijima-shakyo.or.jp/" }, "geometry": { "type": "Point", "coordinates": [ 133.176452599999948, 34.2799004 ] } },
{ "type": "Feature", "properties": { "内容": "ヘルパーステーションみーる【訪問介護】愛媛県越智郡上島町弓削下弓削460", "url": "https://www.kaigokensaku.mhlw.go.jp/38/index.php?action_kouhyou_detail_004_kani=true&JigyosyoCd=3873201010-00&ServiceCd=110&Type=search", "url2": null }, "geometry": { "type": "Point", "coordinates": [ 133.2076442, 34.257578 ] } },
{ "type": "Feature", "properties": { "内容": "久万高原町社会福祉協議会指定訪問介護事業所【訪問介護】愛媛県上浮穴郡久万高原町上黒岩2920番地1", "url": "https://www.kaigokensaku.mhlw.go.jp/38/index.php?action_kouhyou_detail_004_kani=true&JigyosyoCd=3873400364-00&ServiceCd=110&Type=search", "url2": "http://www.kumakougen-shakyo.or.jp" }, "geometry": { "type": "Point", "coordinates": [ 132.976148006745916, 33.614428032611016 ] } },
{ "type": "Feature", "properties": { "内容": "ヘルパーセンターしろもと【訪問介護】愛媛県上浮穴郡久万高原町上野尻甲６２３－２", "url": "https://www.kaigokensaku.mhlw.go.jp/38/index.php?action_kouhyou_detail_004_kani=true&JigyosyoCd=3873400497-00&ServiceCd=110&Type=search", "url2": "http://care-net.biz/38/jesus" }, "geometry": { "type": "Point", "coordinates": [ 132.909237399999938, 33.643182 ] } },
{ "type": "Feature", "properties": { "内容": "松前社協ヘルパーステーションみどり【訪問介護】愛媛県伊予郡松前町大字筒井710番地1松前町総合福祉センター2階", "url": "https://www.kaigokensaku.mhlw.go.jp/38/index.php?action_kouhyou_detail_004_kani=true&JigyosyoCd=3873500403-00&ServiceCd=110&Type=search", "url2": "http://www.ecomnet.or.jp/~masaki-shakyou" }, "geometry": { "type": "Point", "coordinates": [ 132.712575099999981, 33.787101 ] } },
{ "type": "Feature", "properties": { "内容": "ヘルパーステーション玉泉【訪問介護】愛媛県伊予郡松前町大字北川原33番地1", "url": "https://www.kaigokensaku.mhlw.go.jp/38/index.php?action_kouhyou_detail_004_kani=true&JigyosyoCd=3873500502-00&ServiceCd=110&Type=search", "url2": "http://www.angel-welfare.jp/" }, "geometry": { "type": "Point", "coordinates": [ 132.713016399999987, 33.7993023 ] } },
{ "type": "Feature", "properties": { "内容": "ヘルパーステーションArmy【訪問介護】愛媛県伊予郡松前町大字出作524番地", "url": "https://www.kaigokensaku.mhlw.go.jp/38/index.php?action_kouhyou_detail_004_kani=true&JigyosyoCd=3873501260-00&ServiceCd=110&Type=search", "url2": "http://hp.kaipoke.biz/6fm/163477/base_0003.html" }, "geometry": { "type": "Point", "coordinates": [ 132.751764799999989, 33.7920538 ] } },
{ "type": "Feature", "properties": { "内容": "ケアサポート　とにかく笑えれば【訪問介護】愛媛県伊予郡松前町大字北黒田652番地3", "url": "https://www.kaigokensaku.mhlw.go.jp/38/index.php?action_kouhyou_detail_004_kani=true&JigyosyoCd=3871000703-00&ServiceCd=110&Type=search", "url2": "www.toniwara.com" }, "geometry": { "type": "Point", "coordinates": [ 132.703574459932923, 33.780907265326491 ] } },
{ "type": "Feature", "properties": { "内容": "ヘルパーステーション八倉【訪問介護】愛媛県伊予郡砥部町重光275-1", "url": "https://www.kaigokensaku.mhlw.go.jp/38/index.php?action_kouhyou_detail_004_kani=true&JigyosyoCd=3873500627-00&ServiceCd=110&Type=search", "url2": "http://www.atomgroup.net/jun/yak.htm" }, "geometry": { "type": "Point", "coordinates": [ 132.778552, 33.7863303 ] } },
{ "type": "Feature", "properties": { "内容": "砥部町社協【訪問介護】愛媛県伊予郡砥部町宮内1369番地中央公民館内", "url": "https://www.kaigokensaku.mhlw.go.jp/38/index.php?action_kouhyou_detail_004_kani=true&JigyosyoCd=3873500734-00&ServiceCd=110&Type=search", "url2": "http://www.tobe-shakyo.jp" }, "geometry": { "type": "Point", "coordinates": [ 132.79143222758762, 33.749996565548138 ] } },
{ "type": "Feature", "properties": { "内容": "訪問介護わらべ【訪問介護】愛媛県伊予郡砥部町宮内134番地", "url": "https://www.kaigokensaku.mhlw.go.jp/38/index.php?action_kouhyou_detail_004_kani=true&JigyosyoCd=3873501146-00&ServiceCd=110&Type=search", "url2": null }, "geometry": { "type": "Point", "coordinates": [ 132.788855352989742, 33.757844998898477 ] } },
{ "type": "Feature", "properties": { "内容": "ひふみ訪問介護【訪問介護】愛媛県伊予郡砥部町重光159-1", "url": "https://www.kaigokensaku.mhlw.go.jp/38/index.php?action_kouhyou_detail_004_kani=true&JigyosyoCd=3873500973-00&ServiceCd=110&Type=search", "url2": null }, "geometry": { "type": "Point", "coordinates": [ 132.782471, 33.7866137 ] } },
{ "type": "Feature", "properties": { "内容": "訪問介護センターやすらぎ【訪問介護】愛媛県喜多郡内子町内子716番地", "url": "https://www.kaigokensaku.mhlw.go.jp/38/index.php?action_kouhyou_detail_004_kani=true&JigyosyoCd=3873600575-00&ServiceCd=110&Type=search", "url2": "http://forcecorp.pupu.jp/" }, "geometry": { "type": "Point", "coordinates": [ 132.64789, 33.5446974 ] } },
{ "type": "Feature", "properties": { "内容": "訪問介護事業所　うちこ園【訪問介護】愛媛県喜多郡内子町内子2052番地", "url": "https://www.kaigokensaku.mhlw.go.jp/38/index.php?action_kouhyou_detail_004_kani=true&JigyosyoCd=3873600302-00&ServiceCd=110&Type=search", "url2": "https://www.uchiko.taishikai.com" }, "geometry": { "type": "Point", "coordinates": [ 132.650542427040818, 33.550840602421601 ] } },
{ "type": "Feature", "properties": { "内容": "内子町社会福祉協議会訪問介護事業所【訪問介護】愛媛県喜多郡内子町平岡甲168番地", "url": "https://www.kaigokensaku.mhlw.go.jp/38/index.php?action_kouhyou_detail_004_kani=true&JigyosyoCd=3873600419-00&ServiceCd=110&Type=search", "url2": "http://www.shakyo.or.jp/hp/1486/" }, "geometry": { "type": "Point", "coordinates": [ 132.658073018107643, 33.532875495635245 ] } },
{ "type": "Feature", "properties": { "内容": "内子町社会福祉協議会訪問介護事業所小田支所【訪問介護】愛媛県喜多郡内子町小田８２番地", "url": "https://www.kaigokensaku.mhlw.go.jp/38/index.php?action_kouhyou_detail_004_kani=true&JigyosyoCd=3873600427-00&ServiceCd=110&Type=search", "url2": null }, "geometry": { "type": "Point", "coordinates": [ 132.803793498811302, 33.567521724392464 ] } },
{ "type": "Feature", "properties": { "内容": "ユーミーケアヘルパーステーション内子【訪問介護】愛媛県喜多郡内子町内子251-1", "url": "https://www.kaigokensaku.mhlw.go.jp/38/index.php?action_kouhyou_detail_004_kani=true&JigyosyoCd=3873600567-00&ServiceCd=110&Type=search", "url2": "http://www.you-me-care.co.jp" }, "geometry": { "type": "Point", "coordinates": [ 132.64750760000004, 33.5493013 ] } },
{ "type": "Feature", "properties": { "内容": "有限会社さくら介護【訪問介護】愛媛県喜多郡内子町内子４２７１－１5", "url": "https://www.kaigokensaku.mhlw.go.jp/38/index.php?action_kouhyou_detail_004_kani=true&JigyosyoCd=3873600203-00&ServiceCd=110&Type=search", "url2": null }, "geometry": { "type": "Point", "coordinates": [ 132.643633725562182, 33.556054397938283 ] } },
{ "type": "Feature", "properties": { "内容": "訪問介護おひさま【訪問介護】愛媛県喜多郡内子町内子2877番地", "url": "https://www.kaigokensaku.mhlw.go.jp/38/index.php?action_kouhyou_detail_004_kani=true&JigyosyoCd=3873600591-00&ServiceCd=110&Type=search", "url2": null }, "geometry": { "type": "Point", "coordinates": [ 132.6528789, 33.5565678 ] } },
{ "type": "Feature", "properties": { "内容": "伊方訪問介護事業所【訪問介護】愛媛県西宇和郡伊方町湊浦1995番地1伊方町民会館５階", "url": "https://www.kaigokensaku.mhlw.go.jp/38/index.php?action_kouhyou_detail_004_kani=true&JigyosyoCd=3873700508-00&ServiceCd=110&Type=search", "url2": null }, "geometry": { "type": "Point", "coordinates": [ 132.354446864720103, 33.488301617518594 ] } },
{ "type": "Feature", "properties": { "内容": "訪問介護事業所虹【訪問介護】愛媛県北宇和郡松野町大字豊岡3011番地1", "url": "https://www.kaigokensaku.mhlw.go.jp/38/index.php?action_kouhyou_detail_004_kani=true&JigyosyoCd=3873900884-00&ServiceCd=110&Type=search", "url2": null }, "geometry": { "type": "Point", "coordinates": [ 132.702782599999978, 33.2315164 ] } },
{ "type": "Feature", "properties": { "内容": "訪問介護　ゆずの家【訪問介護】愛媛県北宇和郡鬼北町大字北川450-2", "url": "https://www.kaigokensaku.mhlw.go.jp/38/index.php?action_kouhyou_detail_004_kani=true&JigyosyoCd=3870301953-00&ServiceCd=110&Type=search", "url2": null }, "geometry": { "type": "Point", "coordinates": [ 132.629050830685401, 33.245011658543646 ] } },
{ "type": "Feature", "properties": { "内容": "介護福祉サービスさくら【訪問介護】愛媛県北宇和郡鬼北町大字内深田1067番地2", "url": "https://www.kaigokensaku.mhlw.go.jp/38/index.php?action_kouhyou_detail_004_kani=true&JigyosyoCd=3873900421-00&ServiceCd=110&Type=search", "url2": null }, "geometry": { "type": "Point", "coordinates": [ 132.6649804, 33.2616672 ] } },
{ "type": "Feature", "properties": { "内容": "有限会社介護サービスゆう指定訪問介護事業所【訪問介護】愛媛県北宇和郡鬼北町大字永野市469番地", "url": "https://www.kaigokensaku.mhlw.go.jp/38/index.php?action_kouhyou_detail_004_kani=true&JigyosyoCd=3873900447-00&ServiceCd=110&Type=search", "url2": null }, "geometry": { "type": "Point", "coordinates": [ 132.6827538, 33.2517855 ] } },
{ "type": "Feature", "properties": { "内容": "社会福祉法人　鬼北町社会福祉協議会【訪問介護】愛媛県北宇和郡鬼北町大字近永782番地", "url": "https://www.kaigokensaku.mhlw.go.jp/38/index.php?action_kouhyou_detail_004_kani=true&JigyosyoCd=3873900629-00&ServiceCd=110&Type=search", "url2": "http://kihoku-syakyo.or.jp/" }, "geometry": { "type": "Point", "coordinates": [ 132.6843814, 33.2573933 ] } },
{ "type": "Feature", "properties": { "内容": "介護サービス野の花有限会社【訪問介護】愛媛県北宇和郡鬼北町大字上大野822番地", "url": "https://www.kaigokensaku.mhlw.go.jp/38/index.php?action_kouhyou_detail_004_kani=true&JigyosyoCd=3873900751-00&ServiceCd=110&Type=search", "url2": null }, "geometry": { "type": "Point", "coordinates": [ 132.793459963128072, 33.318109339773535 ] } },
{ "type": "Feature", "properties": { "内容": "ヘルパーステーション　あかね丸【訪問介護】愛媛県南宇和郡愛南町岩水162番地", "url": "https://www.kaigokensaku.mhlw.go.jp/38/index.php?action_kouhyou_detail_004_kani=true&JigyosyoCd=3874000775-00&ServiceCd=110&Type=search", "url2": null }, "geometry": { "type": "Point", "coordinates": [ 132.603587, 32.9441616 ] } },
{ "type": "Feature", "properties": { "内容": "ラポールヘルパーステーション【訪問介護】愛媛県南宇和郡愛南町城辺甲2463-2グリーンハイツ206号", "url": "https://www.kaigokensaku.mhlw.go.jp/38/index.php?action_kouhyou_detail_004_kani=true&JigyosyoCd=3870300443-00&ServiceCd=110&Type=search", "url2": "http://www.apotry.net/" }, "geometry": { "type": "Point", "coordinates": [ 132.584473888760414, 32.963369830873447 ] } },
{ "type": "Feature", "properties": { "内容": "有限会社梅田介護サービス【訪問介護】愛媛県南宇和郡愛南町御荘平城2714", "url": "https://www.kaigokensaku.mhlw.go.jp/38/index.php?action_kouhyou_detail_004_kani=true&JigyosyoCd=3874000304-00&ServiceCd=110&Type=search", "url2": null }, "geometry": { "type": "Point", "coordinates": [ 132.566800699999931, 32.9665599 ] } },
{ "type": "Feature", "properties": { "内容": "有限会社　愛ミング・ケアセンター【訪問介護】愛媛県南宇和郡愛南町御荘平城658-1", "url": "https://www.kaigokensaku.mhlw.go.jp/38/index.php?action_kouhyou_detail_004_kani=true&JigyosyoCd=3874000379-00&ServiceCd=110&Type=search", "url2": "https://ai-ming.jp/" }, "geometry": { "type": "Point", "coordinates": [ 132.553591200000028, 32.9652234 ] } },
{ "type": "Feature", "properties": { "内容": "愛南町社協訪問介護事業所【訪問介護】愛媛県南宇和郡愛南町御荘菊川1157番地", "url": "https://www.kaigokensaku.mhlw.go.jp/38/index.php?action_kouhyou_detail_004_kani=true&JigyosyoCd=3874000437-00&ServiceCd=110&Type=search", "url2": "http://www.ainan-shakyo.or.jp/" }, "geometry": { "type": "Point", "coordinates": [ 132.517456409326883, 32.990969810623518 ] } },
{ "type": "Feature", "properties": { "内容": "株式会社ケアサポートそよかぜ【訪問介護】南宇和郡愛南町城辺甲２５７５番地４", "url": "https://www.kaigokensaku.mhlw.go.jp/38/index.php?action_kouhyou_detail_004_kani=true&JigyosyoCd=3874000627-00&ServiceCd=110&Type=search", "url2": null }, "geometry": { "type": "Point", "coordinates": [ 132.585826288929752, 32.962219923092363 ] } },
{ "type": "Feature", "properties": { "内容": "株式会社なでしこ訪問介護事業所【訪問介護】愛媛県南宇和郡愛南町御荘平城３６９９－２埜々下ハイツ２－２", "url": "https://www.kaigokensaku.mhlw.go.jp/38/index.php?action_kouhyou_detail_004_kani=true&JigyosyoCd=3874000700-00&ServiceCd=110&Type=search", "url2": null }, "geometry": { "type": "Point", "coordinates": [ 132.564490299999989, 32.9588609 ] } },
{ "type": "Feature", "properties": { "内容": "有限会社　サン・ケアワーク【訪問介護】愛媛県南宇和郡愛南町城辺甲1988城辺総合事務所３階", "url": "https://www.kaigokensaku.mhlw.go.jp/38/index.php?action_kouhyou_detail_004_kani=true&JigyosyoCd=3874000056-00&ServiceCd=110&Type=search", "url2": "https://r.goope.jp/sr-38-385061s0006" }, "geometry": { "type": "Point", "coordinates": [ 132.581425431946599, 32.959638056742726 ] } }
]
}
