{
"type": "FeatureCollection",
"name": "geo_38_認知症対応型共同生活介護",
"crs": { "type": "name", "properties": { "name": "urn:ogc:def:crs:OGC:1.3:CRS84" } },
"features": [
{ "type": "Feature", "properties": { "内容": "グループホーム　清風【認知症対応型共同生活介護】愛媛県松山市味酒町１丁目９番地15株式会社ケアセンターとかじ　2階・3階・4階", "url": "https://www.kaigokensaku.mhlw.go.jp/38/index.php?action_kouhyou_detail_004_kani=true&JigyosyoCd=3870102898-00&ServiceCd=320&Type=search", "url2": "http:/www.carecenter-tokaji.co.jp" }, "geometry": { "type": "Point", "coordinates": [ 132.756037200000037, 33.842129 ] } },
{ "type": "Feature", "properties": { "内容": "はまゆう堀江【認知症対応型共同生活介護】愛媛県松山市福角町甲２００番地１", "url": "https://www.kaigokensaku.mhlw.go.jp/38/index.php?action_kouhyou_detail_004_kani=true&JigyosyoCd=3870102922-00&ServiceCd=320&Type=search", "url2": null }, "geometry": { "type": "Point", "coordinates": [ 132.752545018910268, 33.895545950259866 ] } },
{ "type": "Feature", "properties": { "内容": "ファミリーケアなかの【認知症対応型共同生活介護】愛媛県松山市中野町甲２９３－２", "url": "https://www.kaigokensaku.mhlw.go.jp/38/index.php?action_kouhyou_detail_004_kani=true&JigyosyoCd=3870103995-00&ServiceCd=320&Type=search", "url2": "http:/familycare.co.jp" }, "geometry": { "type": "Point", "coordinates": [ 132.826866900000027, 33.7786016 ] } },
{ "type": "Feature", "properties": { "内容": "グループホーム　ユニットまつやま【認知症対応型共同生活介護】愛媛県松山市井門町790-1", "url": "https://www.kaigokensaku.mhlw.go.jp/38/index.php?action_kouhyou_detail_004_kani=true&JigyosyoCd=3870104555-00&ServiceCd=320&Type=search", "url2": "http://www.unit-1.jp" }, "geometry": { "type": "Point", "coordinates": [ 132.775316400000065, 33.7994207 ] } },
{ "type": "Feature", "properties": { "内容": "グループホーム　かざはや【認知症対応型共同生活介護】愛媛県松山市中西内469", "url": "https://www.kaigokensaku.mhlw.go.jp/38/index.php?action_kouhyou_detail_004_kani=true&JigyosyoCd=3870105578-00&ServiceCd=320&Type=search", "url2": null }, "geometry": { "type": "Point", "coordinates": [ 132.7879934, 33.9706174 ] } },
{ "type": "Feature", "properties": { "内容": "グループホームよろこび【認知症対応型共同生活介護】愛媛県松山市堀江町甲2082番地1", "url": "https://www.kaigokensaku.mhlw.go.jp/38/index.php?action_kouhyou_detail_004_kani=true&JigyosyoCd=3890101763-00&ServiceCd=320&Type=search", "url2": "http://www.yuyusya.co.jp" }, "geometry": { "type": "Point", "coordinates": [ 132.754954, 33.910186 ] } },
{ "type": "Feature", "properties": { "内容": "グループホーム　せと【認知症対応型共同生活介護】愛媛県松山市余戸南２丁目１９－３３", "url": "https://www.kaigokensaku.mhlw.go.jp/38/index.php?action_kouhyou_detail_004_kani=true&JigyosyoCd=3870102120-00&ServiceCd=320&Type=search", "url2": null }, "geometry": { "type": "Point", "coordinates": [ 132.733208594442772, 33.809381954859312 ] } },
{ "type": "Feature", "properties": { "内容": "グループホーム　星岡【認知症対応型共同生活介護】松山市星岡二丁目8番24号", "url": "https://www.kaigokensaku.mhlw.go.jp/38/index.php?action_kouhyou_detail_004_kani=true&JigyosyoCd=3870104969-00&ServiceCd=320&Type=search", "url2": "http://www.junpu.or.jp/kanfu.center/" }, "geometry": { "type": "Point", "coordinates": [ 132.782562699999971, 33.8192992 ] } },
{ "type": "Feature", "properties": { "内容": "ファミリーケアなかの【認知症対応型共同生活介護】愛媛県松山市中野町甲293-2", "url": "https://www.kaigokensaku.mhlw.go.jp/38/index.php?action_kouhyou_detail_004_kani=true&JigyosyoCd=3890102209-00&ServiceCd=320&Type=search", "url2": "http://familycare.co.jp/" }, "geometry": { "type": "Point", "coordinates": [ 132.824921100000012, 33.7805591 ] } },
{ "type": "Feature", "properties": { "内容": "グループホームいまづ【認知症対応型共同生活介護】愛媛県松山市西垣生町１１８４番地6ファミリーケア垣生", "url": "https://www.kaigokensaku.mhlw.go.jp/38/index.php?action_kouhyou_detail_004_kani=true&JigyosyoCd=3890102217-00&ServiceCd=320&Type=search", "url2": "http://familycare.co.jp/" }, "geometry": { "type": "Point", "coordinates": [ 132.703458, 33.8150125 ] } },
{ "type": "Feature", "properties": { "内容": "グループホームだんだん【認知症対応型共同生活介護】愛媛県松山市朝生田町７丁目8-4", "url": "https://www.kaigokensaku.mhlw.go.jp/38/index.php?action_kouhyou_detail_004_kani=true&JigyosyoCd=3870101379-00&ServiceCd=320&Type=search", "url2": "http://www.cross-service.co.jp/welfare.html" }, "geometry": { "type": "Point", "coordinates": [ 132.762304481089814, 33.820357351172774 ] } },
{ "type": "Feature", "properties": { "内容": "グループホーム　つばきの家【認知症対応型共同生活介護】松山市古川北４丁目１－１６", "url": "https://www.kaigokensaku.mhlw.go.jp/38/index.php?action_kouhyou_detail_004_kani=true&JigyosyoCd=3870102088-00&ServiceCd=320&Type=search", "url2": "http://www.tsubaki-clinic.jp/" }, "geometry": { "type": "Point", "coordinates": [ 132.766825700000027, 33.8090861 ] } },
{ "type": "Feature", "properties": { "内容": "グループホーム御幸の杜【認知症対応型共同生活介護】愛媛県松山市御幸２丁目８番１８号", "url": "https://www.kaigokensaku.mhlw.go.jp/38/index.php?action_kouhyou_detail_004_kani=true&JigyosyoCd=3870102153-00&ServiceCd=320&Type=search", "url2": "http://www.iyomedical.co.jp/miyuki.html" }, "geometry": { "type": "Point", "coordinates": [ 132.762816168824855, 33.857897286608043 ] } },
{ "type": "Feature", "properties": { "内容": "グループホーム　梅本の里【認知症対応型共同生活介護】愛媛県松山市北梅本町1624番地1", "url": "https://www.kaigokensaku.mhlw.go.jp/38/index.php?action_kouhyou_detail_004_kani=true&JigyosyoCd=3870102187-00&ServiceCd=320&Type=search", "url2": "http://www.umemotonosato.com/" }, "geometry": { "type": "Point", "coordinates": [ 132.853180899999984, 33.814637 ] } },
{ "type": "Feature", "properties": { "内容": "特定非営利活動法人　グループホームしいのみ【認知症対応型共同生活介護】松山市緑町１丁目７番地１５号", "url": "https://www.kaigokensaku.mhlw.go.jp/38/index.php?action_kouhyou_detail_004_kani=true&JigyosyoCd=3870102195-00&ServiceCd=320&Type=search", "url2": "http://www.npo-shiinomi.com/" }, "geometry": { "type": "Point", "coordinates": [ 132.77121360000001, 33.8462623 ] } },
{ "type": "Feature", "properties": { "内容": "グループホームおあしす【認知症対応型共同生活介護】愛媛県松山市北久米町１００４番地７", "url": "https://www.kaigokensaku.mhlw.go.jp/38/index.php?action_kouhyou_detail_004_kani=true&JigyosyoCd=3870102245-00&ServiceCd=320&Type=search", "url2": "http://care-net.biz/38/ishiioasis/index.php" }, "geometry": { "type": "Point", "coordinates": [ 132.791192300000034, 33.8149222 ] } },
{ "type": "Feature", "properties": { "内容": "グループホームルンビニー【認知症対応型共同生活介護】松山市安城寺町５３０番地１", "url": "https://www.kaigokensaku.mhlw.go.jp/38/index.php?action_kouhyou_detail_004_kani=true&JigyosyoCd=3870102336-00&ServiceCd=320&Type=search", "url2": "http://vihara.or.jp" }, "geometry": { "type": "Point", "coordinates": [ 132.740769099999966, 33.8747803 ] } },
{ "type": "Feature", "properties": { "内容": "グループホーム　すみれの家【認知症対応型共同生活介護】松山市南斎院町1298-1", "url": "https://www.kaigokensaku.mhlw.go.jp/38/index.php?action_kouhyou_detail_004_kani=true&JigyosyoCd=3870102401-00&ServiceCd=320&Type=search", "url2": "http://www.sumire-group.jp/" }, "geometry": { "type": "Point", "coordinates": [ 132.725362075645819, 33.832553584224641 ] } },
{ "type": "Feature", "properties": { "内容": "有限会社：優寿の里【認知症対応型共同生活介護】愛媛県松山市堀江町甲207-1グループホーム・優寿の里", "url": "https://www.kaigokensaku.mhlw.go.jp/38/index.php?action_kouhyou_detail_004_kani=true&JigyosyoCd=3870102690-00&ServiceCd=320&Type=search", "url2": null }, "geometry": { "type": "Point", "coordinates": [ 132.743191971172308, 33.897854032504981 ] } },
{ "type": "Feature", "properties": { "内容": "グループホーム　あんじゅ【認知症対応型共同生活介護】松山市安城寺町1427番地1", "url": "https://www.kaigokensaku.mhlw.go.jp/38/index.php?action_kouhyou_detail_004_kani=true&JigyosyoCd=3870102807-00&ServiceCd=320&Type=search", "url2": "http://anju-kai-jp" }, "geometry": { "type": "Point", "coordinates": [ 132.737256109262034, 33.885482066457186 ] } },
{ "type": "Feature", "properties": { "内容": "グループホーム　つばきの里【認知症対応型共同生活介護】松山市古川北１丁目２５－２４", "url": "https://www.kaigokensaku.mhlw.go.jp/38/index.php?action_kouhyou_detail_004_kani=true&JigyosyoCd=3870102948-00&ServiceCd=320&Type=search", "url2": "http://tsubaki-clinic.jp/" }, "geometry": { "type": "Point", "coordinates": [ 132.7616567, 33.8143881 ] } },
{ "type": "Feature", "properties": { "内容": "グループホームたいさんじ【認知症対応型共同生活介護】愛媛県松山市太山寺町９５０－７", "url": "https://www.kaigokensaku.mhlw.go.jp/38/index.php?action_kouhyou_detail_004_kani=true&JigyosyoCd=3870102955-00&ServiceCd=320&Type=search", "url2": "https://taisanji-seikei.com/kaigo/gh-taisanji/" }, "geometry": { "type": "Point", "coordinates": [ 132.730297800000017, 33.8927034 ] } },
{ "type": "Feature", "properties": { "内容": "グループホームみつはま【認知症対応型共同生活介護】愛媛県松山市住吉２丁目２番２１号グループホームみつはま", "url": "https://www.kaigokensaku.mhlw.go.jp/38/index.php?action_kouhyou_detail_004_kani=true&JigyosyoCd=3870102997-00&ServiceCd=320&Type=search", "url2": null }, "geometry": { "type": "Point", "coordinates": [ 132.715699500000028, 33.8630724 ] } },
{ "type": "Feature", "properties": { "内容": "アトラス堀江【認知症対応型共同生活介護】愛媛県松山市堀江町甲８４４－６", "url": "https://www.kaigokensaku.mhlw.go.jp/38/index.php?action_kouhyou_detail_004_kani=true&JigyosyoCd=3870103003-00&ServiceCd=320&Type=search", "url2": "http://unicare-atlas.com/" }, "geometry": { "type": "Point", "coordinates": [ 132.7508765, 33.90565560000001 ] } },
{ "type": "Feature", "properties": { "内容": "テルウェル西日本愛松園　グループホーム愛松園【認知症対応型共同生活介護】松山市喜与町1-8-4", "url": "https://www.kaigokensaku.mhlw.go.jp/38/index.php?action_kouhyou_detail_004_kani=true&JigyosyoCd=3870103037-00&ServiceCd=320&Type=search", "url2": "http://www.telwel-west.co.jp/kaigo/" }, "geometry": { "type": "Point", "coordinates": [ 132.773832800000037, 33.8436516 ] } },
{ "type": "Feature", "properties": { "内容": "グループホーム　はなの家【認知症対応型共同生活介護】愛媛県松山市六軒家町3-19", "url": "https://www.kaigokensaku.mhlw.go.jp/38/index.php?action_kouhyou_detail_004_kani=true&JigyosyoCd=3870103136-00&ServiceCd=320&Type=search", "url2": "http://kawadanoushinkeigeka.jp/hananoie_index.html" }, "geometry": { "type": "Point", "coordinates": [ 132.7502488, 33.8518443 ] } },
{ "type": "Feature", "properties": { "内容": "グループホーム　じゃんけんぽん【認知症対応型共同生活介護】愛媛県松山市古川北３丁目１２番２９号", "url": "https://www.kaigokensaku.mhlw.go.jp/38/index.php?action_kouhyou_detail_004_kani=true&JigyosyoCd=3870103177-00&ServiceCd=320&Type=search", "url2": null }, "geometry": { "type": "Point", "coordinates": [ 132.764170400000012, 33.8104442 ] } },
{ "type": "Feature", "properties": { "内容": "アトラス馬木【認知症対応型共同生活介護】松山市馬木町2174番地", "url": "https://www.kaigokensaku.mhlw.go.jp/38/index.php?action_kouhyou_detail_004_kani=true&JigyosyoCd=3870103250-00&ServiceCd=320&Type=search", "url2": "http://www.crescent-seto.jp/gh/umaki/umaki.htm" }, "geometry": { "type": "Point", "coordinates": [ 132.7446549, 33.8939121 ] } },
{ "type": "Feature", "properties": { "内容": "グループホーム　あんき十人十色【認知症対応型共同生活介護】西垣生町1682－7", "url": "https://www.kaigokensaku.mhlw.go.jp/38/index.php?action_kouhyou_detail_004_kani=true&JigyosyoCd=3870103292-00&ServiceCd=320&Type=search", "url2": "http://anki-m.net/" }, "geometry": { "type": "Point", "coordinates": [ 132.699407477384995, 33.813392731549243 ] } },
{ "type": "Feature", "properties": { "内容": "パートナーハウスこすもす【認知症対応型共同生活介護】松山市高井町７２４番１", "url": "https://www.kaigokensaku.mhlw.go.jp/38/index.php?action_kouhyou_detail_004_kani=true&JigyosyoCd=3870103417-00&ServiceCd=320&Type=search", "url2": "http://www.ehime-medix.jp" }, "geometry": { "type": "Point", "coordinates": [ 132.813904200000025, 33.7985574 ] } },
{ "type": "Feature", "properties": { "内容": "グループホームハッピー【認知症対応型共同生活介護】松山市中央１丁目１７番３５号", "url": "https://www.kaigokensaku.mhlw.go.jp/38/index.php?action_kouhyou_detail_004_kani=true&JigyosyoCd=3870103458-00&ServiceCd=320&Type=search", "url2": "http://www.carejapan.co.jp/" }, "geometry": { "type": "Point", "coordinates": [ 132.748771199999965, 33.8547273 ] } },
{ "type": "Feature", "properties": { "内容": "グループホームあき【認知症対応型共同生活介護】松山市富久町１４３－２", "url": "https://www.kaigokensaku.mhlw.go.jp/38/index.php?action_kouhyou_detail_004_kani=true&JigyosyoCd=3870103482-00&ServiceCd=320&Type=search", "url2": null }, "geometry": { "type": "Point", "coordinates": [ 132.730831200000011, 33.8225695 ] } },
{ "type": "Feature", "properties": { "内容": "グループホームすみれの園【認知症対応型共同生活介護】松山市　畑寺3丁目15－8", "url": "https://www.kaigokensaku.mhlw.go.jp/38/index.php?action_kouhyou_detail_004_kani=true&JigyosyoCd=3870103490-00&ServiceCd=320&Type=search", "url2": "http://www.sumire-group.jp/" }, "geometry": { "type": "Point", "coordinates": [ 132.796544499999982, 33.8290734 ] } },
{ "type": "Feature", "properties": { "内容": "グループホームこころ【認知症対応型共同生活介護】愛媛県松山市西垣生町５７５番地６", "url": "https://www.kaigokensaku.mhlw.go.jp/38/index.php?action_kouhyou_detail_004_kani=true&JigyosyoCd=3870103664-00&ServiceCd=320&Type=search", "url2": null }, "geometry": { "type": "Point", "coordinates": [ 132.70704760000001, 33.8120924 ] } },
{ "type": "Feature", "properties": { "内容": "グループホームあゆーら【認知症対応型共同生活介護】枝松６丁目３番１５号グループホームあゆーら", "url": "https://www.kaigokensaku.mhlw.go.jp/38/index.php?action_kouhyou_detail_004_kani=true&JigyosyoCd=3870103714-00&ServiceCd=320&Type=search", "url2": "www.ayurastation-matsuyama.jp" }, "geometry": { "type": "Point", "coordinates": [ 132.7843514, 33.8245236 ] } },
{ "type": "Feature", "properties": { "内容": "グループホーム　ファミリー【認知症対応型共同生活介護】松山市北梅本町甲3264", "url": "https://www.kaigokensaku.mhlw.go.jp/38/index.php?action_kouhyou_detail_004_kani=true&JigyosyoCd=3870103722-00&ServiceCd=320&Type=search", "url2": null }, "geometry": { "type": "Point", "coordinates": [ 132.845931728372193, 33.799116899137537 ] } },
{ "type": "Feature", "properties": { "内容": "グループホームウェルケアみどろ【認知症対応型共同生活介護】愛媛県松山市水泥町１３２番地１", "url": "https://www.kaigokensaku.mhlw.go.jp/38/index.php?action_kouhyou_detail_004_kani=true&JigyosyoCd=3870103730-00&ServiceCd=320&Type=search", "url2": "http://kikuju.or.jp" }, "geometry": { "type": "Point", "coordinates": [ 132.828114, 33.8015406 ] } },
{ "type": "Feature", "properties": { "内容": "グループホームさんこう【認知症対応型共同生活介護】愛媛県松山市南土居町１３１－１", "url": "https://www.kaigokensaku.mhlw.go.jp/38/index.php?action_kouhyou_detail_004_kani=true&JigyosyoCd=3870103755-00&ServiceCd=320&Type=search", "url2": null }, "geometry": { "type": "Point", "coordinates": [ 132.803830100000027, 33.7962132 ] } },
{ "type": "Feature", "properties": { "内容": "グループホームふくい【認知症対応型共同生活介護】高井町795-1", "url": "https://www.kaigokensaku.mhlw.go.jp/38/index.php?action_kouhyou_detail_004_kani=true&JigyosyoCd=3870103805-00&ServiceCd=320&Type=search", "url2": "https://www.fukui-g.com/" }, "geometry": { "type": "Point", "coordinates": [ 132.814443, 33.7966937 ] } },
{ "type": "Feature", "properties": { "内容": "グループホーム里の家【認知症対応型共同生活介護】松山市今在家３丁目９番２９号", "url": "https://www.kaigokensaku.mhlw.go.jp/38/index.php?action_kouhyou_detail_004_kani=true&JigyosyoCd=3870103821-00&ServiceCd=320&Type=search", "url2": "https://www.kawahara-cln.jp" }, "geometry": { "type": "Point", "coordinates": [ 132.7936588, 33.8048706 ] } },
{ "type": "Feature", "properties": { "内容": "グループホーム・アショカ【認知症対応型共同生活介護】松山市南吉田町964番地１", "url": "https://www.kaigokensaku.mhlw.go.jp/38/index.php?action_kouhyou_detail_004_kani=true&JigyosyoCd=3870103854-00&ServiceCd=320&Type=search", "url2": "http://vihara.or.jp" }, "geometry": { "type": "Point", "coordinates": [ 132.715306113491806, 33.823989378533845 ] } },
{ "type": "Feature", "properties": { "内容": "グループホームすみれの里【認知症対応型共同生活介護】愛媛県松山市南高井1808番地4", "url": "https://www.kaigokensaku.mhlw.go.jp/38/index.php?action_kouhyou_detail_004_kani=true&JigyosyoCd=3870103862-00&ServiceCd=320&Type=search", "url2": "http://www.sumire-group.jp/" }, "geometry": { "type": "Point", "coordinates": [ 132.805646600000046, 33.7908665 ] } },
{ "type": "Feature", "properties": { "内容": "グループホーム　四葉のクローバー【認知症対応型共同生活介護】愛媛県松山市石風呂町甲1014-1グループホーム四葉のクローバー", "url": "https://www.kaigokensaku.mhlw.go.jp/38/index.php?action_kouhyou_detail_004_kani=true&JigyosyoCd=3870103946-00&ServiceCd=320&Type=search", "url2": "http://www.yotsuba4165.com/" }, "geometry": { "type": "Point", "coordinates": [ 132.718561073541196, 33.872954064883217 ] } },
{ "type": "Feature", "properties": { "内容": "グループホーム　ぷうさんのおうち【認知症対応型共同生活介護】愛媛県松山市久万の台137番6", "url": "https://www.kaigokensaku.mhlw.go.jp/38/index.php?action_kouhyou_detail_004_kani=true&JigyosyoCd=3870103953-00&ServiceCd=320&Type=search", "url2": null }, "geometry": { "type": "Point", "coordinates": [ 132.747426899999937, 33.8561965 ] } },
{ "type": "Feature", "properties": { "内容": "グループホーム　とみひさ【認知症対応型共同生活介護】松山市富久町95-5", "url": "https://www.kaigokensaku.mhlw.go.jp/38/index.php?action_kouhyou_detail_004_kani=true&JigyosyoCd=3870104050-00&ServiceCd=320&Type=search", "url2": null }, "geometry": { "type": "Point", "coordinates": [ 132.732114499999966, 33.8237194 ] } },
{ "type": "Feature", "properties": { "内容": "アトラス　奥道後【認知症対応型共同生活介護】愛媛県松山市末町乙41番地3", "url": "https://www.kaigokensaku.mhlw.go.jp/38/index.php?action_kouhyou_detail_004_kani=true&JigyosyoCd=3870104068-00&ServiceCd=320&Type=search", "url2": "http://atlas-okudogo.com/" }, "geometry": { "type": "Point", "coordinates": [ 132.822296899999969, 33.8653615 ] } },
{ "type": "Feature", "properties": { "内容": "グループホーム　ファミール立花【認知症対応型共同生活介護】愛媛県松山市立花1丁目1番23号", "url": "https://www.kaigokensaku.mhlw.go.jp/38/index.php?action_kouhyou_detail_004_kani=true&JigyosyoCd=3870104100-00&ServiceCd=320&Type=search", "url2": "famiru-ta@shirt.och.ne.jp" }, "geometry": { "type": "Point", "coordinates": [ 132.772844099999929, 33.8310531 ] } },
{ "type": "Feature", "properties": { "内容": "グループホームえくぼ【認知症対応型共同生活介護】松山市西長戸町440", "url": "https://www.kaigokensaku.mhlw.go.jp/38/index.php?action_kouhyou_detail_004_kani=true&JigyosyoCd=3870104191-00&ServiceCd=320&Type=search", "url2": null }, "geometry": { "type": "Point", "coordinates": [ 132.73966919999998, 33.8645453 ] } },
{ "type": "Feature", "properties": { "内容": "グループホームハッピー余戸【認知症対応型共同生活介護】松山市余戸東２－７－１３", "url": "https://www.kaigokensaku.mhlw.go.jp/38/index.php?action_kouhyou_detail_004_kani=true&JigyosyoCd=3870104209-00&ServiceCd=320&Type=search", "url2": "http://www.carejapan.co.jp/" }, "geometry": { "type": "Point", "coordinates": [ 132.73372280000001, 33.8138706 ] } },
{ "type": "Feature", "properties": { "内容": "トータルケアサポート花みずき【認知症対応型共同生活介護】愛媛県松山市泉町23番地６", "url": "https://www.kaigokensaku.mhlw.go.jp/38/index.php?action_kouhyou_detail_004_kani=true&JigyosyoCd=3870104217-00&ServiceCd=320&Type=search", "url2": "http:/hanamizuki-kaigo.jp" }, "geometry": { "type": "Point", "coordinates": [ 132.766825199999971, 33.8335887 ] } },
{ "type": "Feature", "properties": { "内容": "グループホームむく【認知症対応型共同生活介護】愛媛県松山市西野町甲434番地1", "url": "https://www.kaigokensaku.mhlw.go.jp/38/index.php?action_kouhyou_detail_004_kani=true&JigyosyoCd=3870104241-00&ServiceCd=320&Type=search", "url2": "http://www.cross-service.co.jp/welfare.html" }, "geometry": { "type": "Point", "coordinates": [ 132.802677300000028, 33.7643054 ] } },
{ "type": "Feature", "properties": { "内容": "グループホーム　わかば【認知症対応型共同生活介護】愛媛県松山市若葉町7番6号", "url": "https://www.kaigokensaku.mhlw.go.jp/38/index.php?action_kouhyou_detail_004_kani=true&JigyosyoCd=3870104308-00&ServiceCd=320&Type=search", "url2": "http://www.ikiiki-wakaba.com/group.html" }, "geometry": { "type": "Point", "coordinates": [ 132.716693225131166, 33.856886946756326 ] } },
{ "type": "Feature", "properties": { "内容": "グループホームいしい【認知症対応型共同生活介護】愛媛県松山市北井門３丁目14番２８号グループホームいしい", "url": "https://www.kaigokensaku.mhlw.go.jp/38/index.php?action_kouhyou_detail_004_kani=true&JigyosyoCd=3870104381-00&ServiceCd=320&Type=search", "url2": "http://www.yoshiken-c.jp/" }, "geometry": { "type": "Point", "coordinates": [ 132.7747359, 33.8060811 ] } },
{ "type": "Feature", "properties": { "内容": "グループホーム　であい【認知症対応型共同生活介護】愛媛県松山市余戸南５丁目３－１８高齢者総合福祉施設であい", "url": "https://www.kaigokensaku.mhlw.go.jp/38/index.php?action_kouhyou_detail_004_kani=true&JigyosyoCd=3870104449-00&ServiceCd=320&Type=search", "url2": "http://www.aijukai-group.com" }, "geometry": { "type": "Point", "coordinates": [ 132.724445599999967, 33.8088459 ] } },
{ "type": "Feature", "properties": { "内容": "グループホームひがし野【認知症対応型共同生活介護】愛媛県松山市畑寺町丙68番地1", "url": "https://www.kaigokensaku.mhlw.go.jp/38/index.php?action_kouhyou_detail_004_kani=true&JigyosyoCd=3870104720-00&ServiceCd=320&Type=search", "url2": "http://www.higashino-group.com/" }, "geometry": { "type": "Point", "coordinates": [ 132.807254300000068, 33.839517 ] } },
{ "type": "Feature", "properties": { "内容": "グループホームかがやき【認知症対応型共同生活介護】松山市東方町甲1438-1", "url": "https://www.kaigokensaku.mhlw.go.jp/38/index.php?action_kouhyou_detail_004_kani=true&JigyosyoCd=3870104803-00&ServiceCd=320&Type=search", "url2": "https://gh-kagayaki.co.jp/" }, "geometry": { "type": "Point", "coordinates": [ 132.819747184759876, 33.76832457487518 ] } },
{ "type": "Feature", "properties": { "内容": "グループホーム　軽井沢【認知症対応型共同生活介護】愛媛県松山市土居田町141－1", "url": "https://www.kaigokensaku.mhlw.go.jp/38/index.php?action_kouhyou_detail_004_kani=true&JigyosyoCd=3870104811-00&ServiceCd=320&Type=search", "url2": "https://ls-sakuraso.com/" }, "geometry": { "type": "Point", "coordinates": [ 132.751670000648176, 33.820379308209006 ] } },
{ "type": "Feature", "properties": { "内容": "グループホームはぶやま【認知症対応型共同生活介護】愛媛県松山市高岡町７７９－６", "url": "https://www.kaigokensaku.mhlw.go.jp/38/index.php?action_kouhyou_detail_004_kani=true&JigyosyoCd=3870105016-00&ServiceCd=320&Type=search", "url2": null }, "geometry": { "type": "Point", "coordinates": [ 132.718990599999984, 33.836170400000022 ] } },
{ "type": "Feature", "properties": { "内容": "グループホーム　四ッ葉【認知症対応型共同生活介護】愛媛県松山市桜ヶ丘６４３－２グループホーム四ッ葉", "url": "https://www.kaigokensaku.mhlw.go.jp/38/index.php?action_kouhyou_detail_004_kani=true&JigyosyoCd=3870105040-00&ServiceCd=320&Type=search", "url2": "http://www.yotsuba4165.com/" }, "geometry": { "type": "Point", "coordinates": [ 132.723317899999984, 33.8699941 ] } },
{ "type": "Feature", "properties": { "内容": "パートナーハウス　すずらん【認知症対応型共同生活介護】愛媛県松山市高井町１２９６－１", "url": "https://www.kaigokensaku.mhlw.go.jp/38/index.php?action_kouhyou_detail_004_kani=true&JigyosyoCd=3870105180-00&ServiceCd=320&Type=search", "url2": "http://www.ehime-medix.jp/" }, "geometry": { "type": "Point", "coordinates": [ 132.8073326, 33.7969381 ] } },
{ "type": "Feature", "properties": { "内容": "グループホームフレンド【認知症対応型共同生活介護】松山市湯渡町３－１８2階", "url": "https://www.kaigokensaku.mhlw.go.jp/38/index.php?action_kouhyou_detail_004_kani=true&JigyosyoCd=3870105263-00&ServiceCd=320&Type=search", "url2": "https://mmcdreamservice.jimdo.com/" }, "geometry": { "type": "Point", "coordinates": [ 132.7831486, 33.8394079 ] } },
{ "type": "Feature", "properties": { "内容": "グループホームなないろ【認知症対応型共同生活介護】愛媛県松山市立花二丁目２番１５号", "url": "https://www.kaigokensaku.mhlw.go.jp/38/index.php?action_kouhyou_detail_004_kani=true&JigyosyoCd=3870105354-00&ServiceCd=320&Type=search", "url2": "http://www.mhca.jp/" }, "geometry": { "type": "Point", "coordinates": [ 132.772410799999989, 33.8284284 ] } },
{ "type": "Feature", "properties": { "内容": "グループホーム　こころ今出【認知症対応型共同生活介護】愛媛県松山市西垣生町1607-1", "url": "https://www.kaigokensaku.mhlw.go.jp/38/index.php?action_kouhyou_detail_004_kani=true&JigyosyoCd=3870105396-00&ServiceCd=320&Type=search", "url2": "https://konomi-kokoro.co.jp/" }, "geometry": { "type": "Point", "coordinates": [ 132.701348300000063, 33.8162641 ] } },
{ "type": "Feature", "properties": { "内容": "グループホーム杜の里【認知症対応型共同生活介護】鷹子町185-1", "url": "https://www.kaigokensaku.mhlw.go.jp/38/index.php?action_kouhyou_detail_004_kani=true&JigyosyoCd=3870105487-00&ServiceCd=320&Type=search", "url2": "http://www.fukui-g.com/fukui_clinic" }, "geometry": { "type": "Point", "coordinates": [ 132.81141260000004, 33.8114644 ] } },
{ "type": "Feature", "properties": { "内容": "グループホームすみれの丘【認知症対応型共同生活介護】梅津寺町乙56-214", "url": "https://www.kaigokensaku.mhlw.go.jp/38/index.php?action_kouhyou_detail_004_kani=true&JigyosyoCd=3870105628-00&ServiceCd=320&Type=search", "url2": "http://www.sumire-group.jp/" }, "geometry": { "type": "Point", "coordinates": [ 132.70717860000002, 33.8777454 ] } },
{ "type": "Feature", "properties": { "内容": "グループホーム　ひめやまの里【認知症対応型共同生活介護】愛媛県松山市山越三丁目6番15号", "url": "https://www.kaigokensaku.mhlw.go.jp/38/index.php?action_kouhyou_detail_004_kani=true&JigyosyoCd=3870105636-00&ServiceCd=320&Type=search", "url2": null }, "geometry": { "type": "Point", "coordinates": [ 132.759528499999988, 33.860488 ] } },
{ "type": "Feature", "properties": { "内容": "グループホームあいじゅ【認知症対応型共同生活介護】愛媛県松山市来住町1171番地1", "url": "https://www.kaigokensaku.mhlw.go.jp/38/index.php?action_kouhyou_detail_004_kani=true&JigyosyoCd=3870105644-00&ServiceCd=320&Type=search", "url2": "http://www.aijukai-group.com/" }, "geometry": { "type": "Point", "coordinates": [ 132.797317211872837, 33.809341205667359 ] } },
{ "type": "Feature", "properties": { "内容": "グループホーム　つかさ【認知症対応型共同生活介護】愛媛県松山市浅海原甲405番地", "url": "https://www.kaigokensaku.mhlw.go.jp/38/index.php?action_kouhyou_detail_004_kani=true&JigyosyoCd=3870105677-00&ServiceCd=320&Type=search", "url2": null }, "geometry": { "type": "Point", "coordinates": [ 132.796222157008401, 34.00892533190131 ] } },
{ "type": "Feature", "properties": { "内容": "医療法人啓蟄会グループホームお城下【認知症対応型共同生活介護】松山市千舟町4丁目4番地5西田千舟町ビル", "url": "https://www.kaigokensaku.mhlw.go.jp/38/index.php?action_kouhyou_detail_004_kani=true&JigyosyoCd=3870105685-00&ServiceCd=320&Type=search", "url2": "https://matsuyama-ojoka.jp/" }, "geometry": { "type": "Point", "coordinates": [ 132.7649642, 33.8369993 ] } },
{ "type": "Feature", "properties": { "内容": "グループホーム　ひめ椿【認知症対応型共同生活介護】愛媛県松山市今在家4丁目7-28", "url": "https://www.kaigokensaku.mhlw.go.jp/38/index.php?action_kouhyou_detail_004_kani=true&JigyosyoCd=3870105693-00&ServiceCd=320&Type=search", "url2": "https://www.kawahara-cln.jp/post-189/" }, "geometry": { "type": "Point", "coordinates": [ 132.79257, 33.8028041 ] } },
{ "type": "Feature", "properties": { "内容": "グループホーム　しらゆり【認知症対応型共同生活介護】鷹子町154番地１", "url": "https://www.kaigokensaku.mhlw.go.jp/38/index.php?action_kouhyou_detail_004_kani=true&JigyosyoCd=3870105727-00&ServiceCd=320&Type=search", "url2": null }, "geometry": { "type": "Point", "coordinates": [ 132.812145900000019, 33.8099812 ] } },
{ "type": "Feature", "properties": { "内容": "グループホーム　媛のくに【認知症対応型共同生活介護】枝松３丁目１－２３", "url": "https://www.kaigokensaku.mhlw.go.jp/38/index.php?action_kouhyou_detail_004_kani=true&JigyosyoCd=3870105743-00&ServiceCd=320&Type=search", "url2": "http://ameblo.jp/ds-himenokuni/" }, "geometry": { "type": "Point", "coordinates": [ 132.785673399999951, 33.8326199 ] } },
{ "type": "Feature", "properties": { "内容": "グループホーム　媛の華【認知症対応型共同生活介護】松山市別府町１８３番地２", "url": "https://www.kaigokensaku.mhlw.go.jp/38/index.php?action_kouhyou_detail_004_kani=true&JigyosyoCd=3870105834-00&ServiceCd=320&Type=search", "url2": "http://www.himenohana.jp" }, "geometry": { "type": "Point", "coordinates": [ 132.7269106, 33.843361799999975 ] } },
{ "type": "Feature", "properties": { "内容": "グループホーム・コミュニティーハウス北条【認知症対応型共同生活介護】愛媛県松山市北条588番地３", "url": "https://www.kaigokensaku.mhlw.go.jp/38/index.php?action_kouhyou_detail_004_kani=true&JigyosyoCd=3871100230-00&ServiceCd=320&Type=search", "url2": "https://www.community-1220.com/" }, "geometry": { "type": "Point", "coordinates": [ 132.780949599999985, 33.9765472 ] } },
{ "type": "Feature", "properties": { "内容": "グループホーム　憩の郷【認知症対応型共同生活介護】愛媛県松山市柳原７２０番地", "url": "https://www.kaigokensaku.mhlw.go.jp/38/index.php?action_kouhyou_detail_004_kani=true&JigyosyoCd=3871100255-00&ServiceCd=320&Type=search", "url2": "https://grouphome-ikoinosato.com" }, "geometry": { "type": "Point", "coordinates": [ 132.7720008, 33.9589132 ] } },
{ "type": "Feature", "properties": { "内容": "グループホーム　なぎさ　(サテライト)【認知症対応型共同生活介護】愛媛県松山市北条辻1170番地22", "url": "https://www.kaigokensaku.mhlw.go.jp/38/index.php?action_kouhyou_detail_004_kani=true&JigyosyoCd=3871100263-00&ServiceCd=320&Type=search", "url2": "http://www.takanawasou.jp/" }, "geometry": { "type": "Point", "coordinates": [ 132.772070100000064, 33.9609157 ] } },
{ "type": "Feature", "properties": { "内容": "グループホームくまた【認知症対応型共同生活介護】愛媛県松山市土手内５２－１", "url": "https://www.kaigokensaku.mhlw.go.jp/38/index.php?action_kouhyou_detail_004_kani=true&JigyosyoCd=3871100347-00&ServiceCd=320&Type=search", "url2": "https://www.medica-site.com/shisetsu_detail.php?recid=159" }, "geometry": { "type": "Point", "coordinates": [ 132.773222499999946, 33.9705396 ] } },
{ "type": "Feature", "properties": { "内容": "アンジュールともの家【認知症対応型共同生活介護】松山市溝辺町甲94", "url": "https://www.kaigokensaku.mhlw.go.jp/38/index.php?action_kouhyou_detail_004_kani=true&JigyosyoCd=3890100104-00&ServiceCd=320&Type=search", "url2": "http://www.tomo-home.jp" }, "geometry": { "type": "Point", "coordinates": [ 132.807799179901167, 33.847948415418564 ] } },
{ "type": "Feature", "properties": { "内容": "ともの家この道【認知症対応型共同生活介護】愛媛県松山市溝辺甲９３-1", "url": "https://www.kaigokensaku.mhlw.go.jp/38/index.php?action_kouhyou_detail_004_kani=true&JigyosyoCd=3890100112-00&ServiceCd=320&Type=search", "url2": "http://www.tomo-home.jp" }, "geometry": { "type": "Point", "coordinates": [ 132.80796547686009, 33.847819213096201 ] } },
{ "type": "Feature", "properties": { "内容": "溝辺ともの家【認知症対応型共同生活介護】愛媛県松山市溝辺町甲１１９－１", "url": "https://www.kaigokensaku.mhlw.go.jp/38/index.php?action_kouhyou_detail_004_kani=true&JigyosyoCd=3890100120-00&ServiceCd=320&Type=search", "url2": "http://www.tomo-home.jp" }, "geometry": { "type": "Point", "coordinates": [ 132.808501918663069, 33.847039539756643 ] } },
{ "type": "Feature", "properties": { "内容": "グループホーム　ゆうかの里【認知症対応型共同生活介護】松山市北条辻922番地3", "url": "https://www.kaigokensaku.mhlw.go.jp/38/index.php?action_kouhyou_detail_004_kani=true&JigyosyoCd=3890100427-00&ServiceCd=320&Type=search", "url2": "https://care-net.biz/38/kotobuki/" }, "geometry": { "type": "Point", "coordinates": [ 132.775614099999984, 33.965181899999983 ] } },
{ "type": "Feature", "properties": { "内容": "グループホーム　ゆずはなの里【認知症対応型共同生活介護】松山市古三津３丁目１７番５号", "url": "https://www.kaigokensaku.mhlw.go.jp/38/index.php?action_kouhyou_detail_004_kani=true&JigyosyoCd=3890100435-00&ServiceCd=320&Type=search", "url2": "https://care-net.biz/38/kotobuki/" }, "geometry": { "type": "Point", "coordinates": [ 132.731128300000023, 33.8594234 ] } },
{ "type": "Feature", "properties": { "内容": "グループホームつばきクリニック【認知症対応型共同生活介護】愛媛県松山市古川西2丁目10番15号", "url": "https://www.kaigokensaku.mhlw.go.jp/38/index.php?action_kouhyou_detail_004_kani=true&JigyosyoCd=3890100492-00&ServiceCd=320&Type=search", "url2": "www.tsubaki-clinic.jp" }, "geometry": { "type": "Point", "coordinates": [ 132.756173941941825, 33.809061534808272 ] } },
{ "type": "Feature", "properties": { "内容": "ニチイケアセンター松山【認知症対応型共同生活介護】愛媛県松山市余戸南4丁目4-2", "url": "https://www.kaigokensaku.mhlw.go.jp/38/index.php?action_kouhyou_detail_004_kani=true&JigyosyoCd=3890100518-00&ServiceCd=320&Type=search", "url2": "https://www.nichiigakkan.co.jp/" }, "geometry": { "type": "Point", "coordinates": [ 132.72708990000001, 33.8089016 ] } },
{ "type": "Feature", "properties": { "内容": "グループホームいくし【認知症対応型共同生活介護】愛媛県松山市生石町４７２", "url": "https://www.kaigokensaku.mhlw.go.jp/38/index.php?action_kouhyou_detail_004_kani=true&JigyosyoCd=3890100666-00&ServiceCd=320&Type=search", "url2": "https://www.yawaragi-ehime.com/" }, "geometry": { "type": "Point", "coordinates": [ 132.7409414, 33.8324825 ] } },
{ "type": "Feature", "properties": { "内容": "グループホームファミール桑原【認知症対応型共同生活介護】愛媛県松山市畑寺3丁目12番30号", "url": "https://www.kaigokensaku.mhlw.go.jp/38/index.php?action_kouhyou_detail_004_kani=true&JigyosyoCd=3890100989-00&ServiceCd=320&Type=search", "url2": null }, "geometry": { "type": "Point", "coordinates": [ 132.797611579901059, 33.829532617736049 ] } },
{ "type": "Feature", "properties": { "内容": "グループホームミネルワ【認知症対応型共同生活介護】愛媛県松山市衣山5丁目717番地1グループホームミネルワ", "url": "https://www.kaigokensaku.mhlw.go.jp/38/index.php?action_kouhyou_detail_004_kani=true&JigyosyoCd=3890101037-00&ServiceCd=320&Type=search", "url2": "http://www.mineruwa.jp/link.php" }, "geometry": { "type": "Point", "coordinates": [ 132.736700606745899, 33.84906988634053 ] } },
{ "type": "Feature", "properties": { "内容": "グループホームジェントルハートみつ【認知症対応型共同生活介護】愛媛県松山市梅田町4番35号", "url": "https://www.kaigokensaku.mhlw.go.jp/38/index.php?action_kouhyou_detail_004_kani=true&JigyosyoCd=3890101052-00&ServiceCd=320&Type=search", "url2": "http://www.aijukai-group.com/" }, "geometry": { "type": "Point", "coordinates": [ 132.712833199999977, 33.8603087 ] } },
{ "type": "Feature", "properties": { "内容": "グループホーム　あわい【認知症対応型共同生活介護】愛媛県松山市小川甲214番1", "url": "https://www.kaigokensaku.mhlw.go.jp/38/index.php?action_kouhyou_detail_004_kani=true&JigyosyoCd=3890101102-00&ServiceCd=320&Type=search", "url2": "http://www.anjukai.com" }, "geometry": { "type": "Point", "coordinates": [ 132.76133040000002, 33.9281058 ] } },
{ "type": "Feature", "properties": { "内容": "グループホーム　持田のいえ【認知症対応型共同生活介護】愛媛県松山市持田町４丁目７番９号", "url": "https://www.kaigokensaku.mhlw.go.jp/38/index.php?action_kouhyou_detail_004_kani=true&JigyosyoCd=3890101219-00&ServiceCd=320&Type=search", "url2": null }, "geometry": { "type": "Point", "coordinates": [ 132.779110100000054, 33.8451682 ] } },
{ "type": "Feature", "properties": { "内容": "グループホームごごしま【認知症対応型共同生活介護】愛媛県松山市泊町266番地", "url": "https://www.kaigokensaku.mhlw.go.jp/38/index.php?action_kouhyou_detail_004_kani=true&JigyosyoCd=3890101235-00&ServiceCd=320&Type=search", "url2": "https://www.gh-gogoshima.com/" }, "geometry": { "type": "Point", "coordinates": [ 132.682363782309039, 33.877857490424965 ] } },
{ "type": "Feature", "properties": { "内容": "パートナーハウスやまぶき【認知症対応型共同生活介護】愛媛県松山市下伊台町1293番3", "url": "https://www.kaigokensaku.mhlw.go.jp/38/index.php?action_kouhyou_detail_004_kani=true&JigyosyoCd=3890101243-00&ServiceCd=320&Type=search", "url2": "http://www.ehime-medix.jp/page0120.html" }, "geometry": { "type": "Point", "coordinates": [ 132.791908899999953, 33.872732 ] } },
{ "type": "Feature", "properties": { "内容": "高齢者グループホーム　竹の郷【認知症対応型共同生活介護】愛媛県松山市太山寺町1470番地", "url": "https://www.kaigokensaku.mhlw.go.jp/38/index.php?action_kouhyou_detail_004_kani=true&JigyosyoCd=3890101318-00&ServiceCd=320&Type=search", "url2": "http://www.setofukuzikai.com/" }, "geometry": { "type": "Point", "coordinates": [ 132.726442600000041, 33.8922061 ] } },
{ "type": "Feature", "properties": { "内容": "グループホーム里山【認知症対応型共同生活介護】愛媛県松山市鷹子町乙402-9", "url": "https://www.kaigokensaku.mhlw.go.jp/38/index.php?action_kouhyou_detail_004_kani=true&JigyosyoCd=3890101342-00&ServiceCd=320&Type=search", "url2": "https://tobe-k.com" }, "geometry": { "type": "Point", "coordinates": [ 132.813173399999982, 33.8177721 ] } },
{ "type": "Feature", "properties": { "内容": "グループホームこうの【認知症対応型共同生活介護】愛媛県松山市河野別府179-1小規模多機能の家こうの", "url": "https://www.kaigokensaku.mhlw.go.jp/38/index.php?action_kouhyou_detail_004_kani=true&JigyosyoCd=3890101359-00&ServiceCd=320&Type=search", "url2": "http://anju-kai.jp/" }, "geometry": { "type": "Point", "coordinates": [ 132.781481273016396, 33.949008303459898 ] } },
{ "type": "Feature", "properties": { "内容": "グループホーム　ふくずみ【認知症対応型共同生活介護】愛媛県松山市福角町甲616番地1", "url": "https://www.kaigokensaku.mhlw.go.jp/38/index.php?action_kouhyou_detail_004_kani=true&JigyosyoCd=3890101367-00&ServiceCd=320&Type=search", "url2": "http://anju-kai.jp/fukuzumi/index.html" }, "geometry": { "type": "Point", "coordinates": [ 132.753226300000051, 33.8956261 ] } },
{ "type": "Feature", "properties": { "内容": "グループホームここち【認知症対応型共同生活介護】愛媛県松山市志津川町200番地", "url": "https://www.kaigokensaku.mhlw.go.jp/38/index.php?action_kouhyou_detail_004_kani=true&JigyosyoCd=3890101482-00&ServiceCd=320&Type=search", "url2": "http://mikankai.com/" }, "geometry": { "type": "Point", "coordinates": [ 132.750134900000035, 33.8781386 ] } },
{ "type": "Feature", "properties": { "内容": "グループホームガリラヤ久米【認知症対応型共同生活介護】愛媛県松山市久米窪田町667番地1高齢者総合福祉施設ガリラヤ久米", "url": "https://www.kaigokensaku.mhlw.go.jp/38/index.php?action_kouhyou_detail_004_kani=true&JigyosyoCd=3890101516-00&ServiceCd=320&Type=search", "url2": "https://www.galilaya-ailin.com/" }, "geometry": { "type": "Point", "coordinates": [ 132.813432576026884, 33.805680593771015 ] } },
{ "type": "Feature", "properties": { "内容": "グループホームすみれ【認知症対応型共同生活介護】愛媛県松山市古三津４丁目６３８番地", "url": "https://www.kaigokensaku.mhlw.go.jp/38/index.php?action_kouhyou_detail_004_kani=true&JigyosyoCd=3890101532-00&ServiceCd=320&Type=search", "url2": "https://josui-kai.jp" }, "geometry": { "type": "Point", "coordinates": [ 132.731072130163511, 33.855848542569802 ] } },
{ "type": "Feature", "properties": { "内容": "グループホーム四葉　問屋【認知症対応型共同生活介護】愛媛県松山市問屋町8番6号", "url": "https://www.kaigokensaku.mhlw.go.jp/38/index.php?action_kouhyou_detail_004_kani=true&JigyosyoCd=3890101573-00&ServiceCd=320&Type=search", "url2": "https://www.yotsuba4165.com/" }, "geometry": { "type": "Point", "coordinates": [ 132.751440399999979, 33.8658594 ] } },
{ "type": "Feature", "properties": { "内容": "グループホームさわや家【認知症対応型共同生活介護】愛媛県松山市南斎院町1385-1", "url": "https://www.kaigokensaku.mhlw.go.jp/38/index.php?action_kouhyou_detail_004_kani=true&JigyosyoCd=3890101599-00&ServiceCd=320&Type=search", "url2": "https://dousinkai.jp/" }, "geometry": { "type": "Point", "coordinates": [ 132.7264649, 33.8318544 ] } },
{ "type": "Feature", "properties": { "内容": "グループホーム　あいじゅ祝谷【認知症対応型共同生活介護】愛媛県松山市祝谷6丁目1027番地1", "url": "https://www.kaigokensaku.mhlw.go.jp/38/index.php?action_kouhyou_detail_004_kani=true&JigyosyoCd=3890101656-00&ServiceCd=320&Type=search", "url2": "http://www.aijukai-group.com/" }, "geometry": { "type": "Point", "coordinates": [ 132.7754966, 33.862941 ] } },
{ "type": "Feature", "properties": { "内容": "グループホーム優輝【認知症対応型共同生活介護】愛媛県松山市北斎院町476番地1グループホーム優輝", "url": "https://www.kaigokensaku.mhlw.go.jp/38/index.php?action_kouhyou_detail_004_kani=true&JigyosyoCd=3890101847-00&ServiceCd=320&Type=search", "url2": null }, "geometry": { "type": "Point", "coordinates": [ 132.725517200000013, 33.8377643 ] } },
{ "type": "Feature", "properties": { "内容": "グループホームOneLife【認知症対応型共同生活介護】愛媛県松山市山西町７８４番地１", "url": "https://www.kaigokensaku.mhlw.go.jp/38/index.php?action_kouhyou_detail_004_kani=true&JigyosyoCd=3890101854-00&ServiceCd=320&Type=search", "url2": null }, "geometry": { "type": "Point", "coordinates": [ 132.722246380395546, 33.849303079486894 ] } },
{ "type": "Feature", "properties": { "内容": "グループホームすみれの和【認知症対応型共同生活介護】愛媛県松山市畑寺3丁目15-13", "url": "https://www.kaigokensaku.mhlw.go.jp/38/index.php?action_kouhyou_detail_004_kani=true&JigyosyoCd=3890101862-00&ServiceCd=320&Type=search", "url2": "http://sumire-group.jp/" }, "geometry": { "type": "Point", "coordinates": [ 132.7999758, 33.8285147 ] } },
{ "type": "Feature", "properties": { "内容": "グループホームおたふく【認知症対応型共同生活介護】愛媛県松山市空港通4丁目7番1号", "url": "https://www.kaigokensaku.mhlw.go.jp/38/index.php?action_kouhyou_detail_004_kani=true&JigyosyoCd=3890101870-00&ServiceCd=320&Type=search", "url2": "https://www.mitsuwat.co.jp/fukunokami/" }, "geometry": { "type": "Point", "coordinates": [ 132.734947, 33.828822 ] } },
{ "type": "Feature", "properties": { "内容": "グループホーム　サンシティ北条【認知症対応型共同生活介護】愛媛県松山市下難波甲1377番地2", "url": "https://www.kaigokensaku.mhlw.go.jp/38/index.php?action_kouhyou_detail_004_kani=true&JigyosyoCd=3890101896-00&ServiceCd=320&Type=search", "url2": "https://suncity-hojo.jp/" }, "geometry": { "type": "Point", "coordinates": [ 132.775637654183669, 33.987751123701351 ] } },
{ "type": "Feature", "properties": { "内容": "医療法人松山平成会　グループホーム青い鳥【認知症対応型共同生活介護】愛媛県松山市会津町1-19", "url": "https://www.kaigokensaku.mhlw.go.jp/38/index.php?action_kouhyou_detail_004_kani=true&JigyosyoCd=3890101995-00&ServiceCd=320&Type=search", "url2": "http://shirasagien.or.jp" }, "geometry": { "type": "Point", "coordinates": [ 132.7271969, 33.8618153 ] } },
{ "type": "Feature", "properties": { "内容": "グループホームせと家【認知症対応型共同生活介護】愛媛県松山市土居田町434-4", "url": "https://www.kaigokensaku.mhlw.go.jp/38/index.php?action_kouhyou_detail_004_kani=true&JigyosyoCd=3890102092-00&ServiceCd=320&Type=search", "url2": "https://dousinkai.jp/" }, "geometry": { "type": "Point", "coordinates": [ 132.7454443, 33.8235435 ] } },
{ "type": "Feature", "properties": { "内容": "グループホーム紫竹庵【認知症対応型共同生活介護】松山市山越2丁目11番35号", "url": "https://www.kaigokensaku.mhlw.go.jp/38/index.php?action_kouhyou_detail_004_kani=true&JigyosyoCd=3870102914-00&ServiceCd=320&Type=search", "url2": "http://www.npo-shiinomi.com/" }, "geometry": { "type": "Point", "coordinates": [ 132.7540401, 33.8593408 ] } },
{ "type": "Feature", "properties": { "内容": "グループホームつばさ【認知症対応型共同生活介護】愛媛県松山市姫原３丁目３－７", "url": "https://www.kaigokensaku.mhlw.go.jp/38/index.php?action_kouhyou_detail_004_kani=true&JigyosyoCd=3870103169-00&ServiceCd=320&Type=search", "url2": "http://www.medica-site.com/gh-tsubasa" }, "geometry": { "type": "Point", "coordinates": [ 132.75619, 33.8644319 ] } },
{ "type": "Feature", "properties": { "内容": "グループホーム　さしもも【認知症対応型共同生活介護】愛媛県松山市高岡町617番地101～209（部屋番号）", "url": "https://www.kaigokensaku.mhlw.go.jp/38/index.php?action_kouhyou_detail_004_kani=true&JigyosyoCd=3870103466-00&ServiceCd=320&Type=search", "url2": null }, "geometry": { "type": "Point", "coordinates": [ 132.717668600000025, 33.831196 ] } },
{ "type": "Feature", "properties": { "内容": "グループホームみなみ【認知症対応型共同生活介護】愛媛県松山市津吉町1142番地1", "url": "https://www.kaigokensaku.mhlw.go.jp/38/index.php?action_kouhyou_detail_004_kani=true&JigyosyoCd=3870103698-00&ServiceCd=320&Type=search", "url2": "russell-ehime.com" }, "geometry": { "type": "Point", "coordinates": [ 132.8326525, 33.7741218 ] } },
{ "type": "Feature", "properties": { "内容": "ぐるうぷほうむ3丁目【認知症対応型共同生活介護】愛媛県松山市水泥町631番地", "url": "https://www.kaigokensaku.mhlw.go.jp/38/index.php?action_kouhyou_detail_004_kani=true&JigyosyoCd=3870103870-00&ServiceCd=320&Type=search", "url2": "http://www.slowlife.co.jp/" }, "geometry": { "type": "Point", "coordinates": [ 132.83299420000003, 33.8031461 ] } },
{ "type": "Feature", "properties": { "内容": "グループホームやわらぎ【認知症対応型共同生活介護】松山市枝松６丁目７－１２", "url": "https://www.kaigokensaku.mhlw.go.jp/38/index.php?action_kouhyou_detail_004_kani=true&JigyosyoCd=3870103961-00&ServiceCd=320&Type=search", "url2": "http://www.yawaragi-ehime.com" }, "geometry": { "type": "Point", "coordinates": [ 132.785595699999931, 33.8251903 ] } },
{ "type": "Feature", "properties": { "内容": "グループホーム元気家【認知症対応型共同生活介護】松山市福音寺町615-5", "url": "https://www.kaigokensaku.mhlw.go.jp/38/index.php?action_kouhyou_detail_004_kani=true&JigyosyoCd=3870105271-00&ServiceCd=320&Type=search", "url2": null }, "geometry": { "type": "Point", "coordinates": [ 132.782062699999983, 33.8204546 ] } },
{ "type": "Feature", "properties": { "内容": "グループホーム我が家【認知症対応型共同生活介護】松山市鷹子町705-2", "url": "https://www.kaigokensaku.mhlw.go.jp/38/index.php?action_kouhyou_detail_004_kani=true&JigyosyoCd=3870105610-00&ServiceCd=320&Type=search", "url2": null }, "geometry": { "type": "Point", "coordinates": [ 132.809815500000013, 33.8129642 ] } },
{ "type": "Feature", "properties": { "内容": "グループホーム　あゆみ【認知症対応型共同生活介護】愛媛県松山市北久米町９３３－１", "url": "https://www.kaigokensaku.mhlw.go.jp/38/index.php?action_kouhyou_detail_004_kani=true&JigyosyoCd=3870105669-00&ServiceCd=320&Type=search", "url2": null }, "geometry": { "type": "Point", "coordinates": [ 132.793425399999933, 33.8161471 ] } },
{ "type": "Feature", "properties": { "内容": "グループホームしょうせきあいあい【認知症対応型共同生活介護】松山市南吉田町１８７２－２", "url": "https://www.kaigokensaku.mhlw.go.jp/38/index.php?action_kouhyou_detail_004_kani=true&JigyosyoCd=3870105784-00&ServiceCd=320&Type=search", "url2": "kitayoshida-clinic.biz" }, "geometry": { "type": "Point", "coordinates": [ 132.7089446, 33.8298072 ] } },
{ "type": "Feature", "properties": { "内容": "ぐるうぷほうむ54番地【認知症対応型共同生活介護】愛媛県松山市水泥町54番地", "url": "https://www.kaigokensaku.mhlw.go.jp/38/index.php?action_kouhyou_detail_004_kani=true&JigyosyoCd=3890100096-00&ServiceCd=320&Type=search", "url2": "http://www.slowlife.co.jp/" }, "geometry": { "type": "Point", "coordinates": [ 132.830408300000045, 33.8034821 ] } },
{ "type": "Feature", "properties": { "内容": "グループホーム風花【認知症対応型共同生活介護】愛媛県松山市来住町１０５７番地１", "url": "https://www.kaigokensaku.mhlw.go.jp/38/index.php?action_kouhyou_detail_004_kani=true&JigyosyoCd=3890100765-00&ServiceCd=320&Type=search", "url2": "http://www.gh-kazahana.jp/" }, "geometry": { "type": "Point", "coordinates": [ 132.798191699999961, 33.8037957 ] } },
{ "type": "Feature", "properties": { "内容": "ツクイ松山南江戸グループホーム【認知症対応型共同生活介護】愛媛県松山市南江戸2丁目1-29", "url": "https://www.kaigokensaku.mhlw.go.jp/38/index.php?action_kouhyou_detail_004_kani=true&JigyosyoCd=3890101912-00&ServiceCd=320&Type=search", "url2": "https://www.tsukui.net" }, "geometry": { "type": "Point", "coordinates": [ 132.748400800000013, 33.8352606 ] } },
{ "type": "Feature", "properties": { "内容": "グループホーム　かざはや【認知症対応型共同生活介護】愛媛県松山市中西内469番地グループホーム　かざはや", "url": "https://www.kaigokensaku.mhlw.go.jp/38/index.php?action_kouhyou_detail_004_kani=true&JigyosyoCd=3890102183-00&ServiceCd=320&Type=search", "url2": "https://yuyusya.co.jp/" }, "geometry": { "type": "Point", "coordinates": [ 132.788038699999987, 33.9705529 ] } },
{ "type": "Feature", "properties": { "内容": "グループホーム大将【認知症対応型共同生活介護】愛媛県松山市福角町甲200番地1", "url": "https://www.kaigokensaku.mhlw.go.jp/38/index.php?action_kouhyou_detail_004_kani=true&JigyosyoCd=3890102258-00&ServiceCd=320&Type=search", "url2": null }, "geometry": { "type": "Point", "coordinates": [ 132.7525027, 33.8965635 ] } },
{ "type": "Feature", "properties": { "内容": "グループホームよしの【認知症対応型共同生活介護】松山市平田町19-2", "url": "https://www.kaigokensaku.mhlw.go.jp/38/index.php?action_kouhyou_detail_004_kani=true&JigyosyoCd=3870104548-00&ServiceCd=320&Type=search", "url2": "http://yoshinoco.sakura.ne.jp/homeyoshino/" }, "geometry": { "type": "Point", "coordinates": [ 132.752498599999967, 33.8826078 ] } },
{ "type": "Feature", "properties": { "内容": "グループホーム朝生田の里【認知症対応型共同生活介護】朝生田町2丁目１０番１０号", "url": "https://www.kaigokensaku.mhlw.go.jp/38/index.php?action_kouhyou_detail_004_kani=true&JigyosyoCd=3890100302-00&ServiceCd=320&Type=search", "url2": "http://www.satohp.co.jp/asodanosato/" }, "geometry": { "type": "Point", "coordinates": [ 132.769187749768093, 33.823816432861669 ] } },
{ "type": "Feature", "properties": { "内容": "グループホームいしい和泉【認知症対応型共同生活介護】愛媛県松山市和泉南2丁目5番1号地域密着型総合介護施設いしいの里", "url": "https://www.kaigokensaku.mhlw.go.jp/38/index.php?action_kouhyou_detail_004_kani=true&JigyosyoCd=3890101540-00&ServiceCd=320&Type=search", "url2": "http://www.yoshiken-c.jp" }, "geometry": { "type": "Point", "coordinates": [ 132.764094800000066, 33.8167594 ] } },
{ "type": "Feature", "properties": { "内容": "グループホーム斎院の杜【認知症対応型共同生活介護】愛媛県松山市北斎院町９４７番地１", "url": "https://www.kaigokensaku.mhlw.go.jp/38/index.php?action_kouhyou_detail_004_kani=true&JigyosyoCd=3870105750-00&ServiceCd=320&Type=search", "url2": "http://www14.ocn.ne.jp/~iyo.m/" }, "geometry": { "type": "Point", "coordinates": [ 132.728475800000069, 33.8363011 ] } },
{ "type": "Feature", "properties": { "内容": "グループホーム　いだい【認知症対応型共同生活介護】愛媛県松山市下伊台町1382番1", "url": "https://www.kaigokensaku.mhlw.go.jp/38/index.php?action_kouhyou_detail_004_kani=true&JigyosyoCd=3890101011-00&ServiceCd=320&Type=search", "url2": "http://www.taitofukushikai.jp/" }, "geometry": { "type": "Point", "coordinates": [ 132.795447299999978, 33.8760067 ] } },
{ "type": "Feature", "properties": { "内容": "株式会社悠遊社　グループホームせと【認知症対応型共同生活介護】愛媛県松山市余戸南２丁目１９番３３号", "url": "https://www.kaigokensaku.mhlw.go.jp/38/index.php?action_kouhyou_detail_004_kani=true&JigyosyoCd=3890102316-00&ServiceCd=320&Type=search", "url2": null }, "geometry": { "type": "Point", "coordinates": [ 132.733208458860787, 33.80940791371286 ] } },
{ "type": "Feature", "properties": { "内容": "グループホーム星岡【認知症対応型共同生活介護】星岡2丁目8番24号高齢者総合福祉施設白寿荘", "url": "https://www.kaigokensaku.mhlw.go.jp/38/index.php?action_kouhyou_detail_004_kani=true&JigyosyoCd=3890102282-00&ServiceCd=320&Type=search", "url2": "https://www.atomgroup.jp/fukushi/list.html" }, "geometry": { "type": "Point", "coordinates": [ 132.7825135, 33.8193295 ] } },
{ "type": "Feature", "properties": { "内容": "グループホーム　なでしこ【認知症対応型共同生活介護】愛媛県松山市下難波甲86番地1", "url": "https://www.kaigokensaku.mhlw.go.jp/38/index.php?action_kouhyou_detail_004_kani=true&JigyosyoCd=3890101672-00&ServiceCd=320&Type=search", "url2": "http://www.takanawasou.jp" }, "geometry": { "type": "Point", "coordinates": [ 132.788373900000011, 33.9841991 ] } },
{ "type": "Feature", "properties": { "内容": "グループホーム廣寿苑【認知症対応型共同生活介護】今治市南大門町3-5-33", "url": "https://www.kaigokensaku.mhlw.go.jp/38/index.php?action_kouhyou_detail_004_kani=true&JigyosyoCd=3870200650-00&ServiceCd=320&Type=search", "url2": null }, "geometry": { "type": "Point", "coordinates": [ 132.993177400000036, 34.0678722 ] } },
{ "type": "Feature", "properties": { "内容": "ハートフルケアホーム青空【認知症対応型共同生活介護】愛媛県今治市南高下町2丁目2-67", "url": "https://www.kaigokensaku.mhlw.go.jp/38/index.php?action_kouhyou_detail_004_kani=true&JigyosyoCd=3870200908-00&ServiceCd=320&Type=search", "url2": null }, "geometry": { "type": "Point", "coordinates": [ 133.015679500000033, 34.0501454 ] } },
{ "type": "Feature", "properties": { "内容": "グループホーム松風園【認知症対応型共同生活介護】愛媛県今治市上徳乙284番地1", "url": "https://www.kaigokensaku.mhlw.go.jp/38/index.php?action_kouhyou_detail_004_kani=true&JigyosyoCd=3890200425-00&ServiceCd=320&Type=search", "url2": "https://www.facebook.com/profile.php?id=100064771033313" }, "geometry": { "type": "Point", "coordinates": [ 133.013025789024368, 34.03329259352752 ] } },
{ "type": "Feature", "properties": { "内容": "グループホームひまわり【認知症対応型共同生活介護】今治市八町西4丁目1番14号", "url": "https://www.kaigokensaku.mhlw.go.jp/38/index.php?action_kouhyou_detail_004_kani=true&JigyosyoCd=3870200593-00&ServiceCd=320&Type=search", "url2": "https://care-net.biz/38/himawari/" }, "geometry": { "type": "Point", "coordinates": [ 132.993260100000043, 34.0437868 ] } },
{ "type": "Feature", "properties": { "内容": "グループホーム亀天福寿苑【認知症対応型共同生活介護】愛媛県今治市高部字碁石山甲６６１番地１", "url": "https://www.kaigokensaku.mhlw.go.jp/38/index.php?action_kouhyou_detail_004_kani=true&JigyosyoCd=3870200676-00&ServiceCd=320&Type=search", "url2": "http://www.kitenkai.or.jp/" }, "geometry": { "type": "Point", "coordinates": [ 132.975746399999906, 34.1021002 ] } },
{ "type": "Feature", "properties": { "内容": "グループホームさつき【認知症対応型共同生活介護】泉川町１丁目１－２９", "url": "https://www.kaigokensaku.mhlw.go.jp/38/index.php?action_kouhyou_detail_004_kani=true&JigyosyoCd=3870200767-00&ServiceCd=320&Type=search", "url2": "http://gh-satuki.org" }, "geometry": { "type": "Point", "coordinates": [ 132.998009381367638, 34.058477300735163 ] } },
{ "type": "Feature", "properties": { "内容": "ほっとやまうち【認知症対応型共同生活介護】今治市常盤町8丁目4-31", "url": "https://www.kaigokensaku.mhlw.go.jp/38/index.php?action_kouhyou_detail_004_kani=true&JigyosyoCd=3870200783-00&ServiceCd=320&Type=search", "url2": "http://www.hp-yamauchi.or.jp" }, "geometry": { "type": "Point", "coordinates": [ 132.986094399999956, 34.0541184 ] } },
{ "type": "Feature", "properties": { "内容": "今治市社協グループホームゆいの家【認知症対応型共同生活介護】今治市大三島町野々江２４３５－１", "url": "https://www.kaigokensaku.mhlw.go.jp/38/index.php?action_kouhyou_detail_004_kani=true&JigyosyoCd=3870201120-00&ServiceCd=320&Type=search", "url2": "http://www.imabari-shakyo.jp/" }, "geometry": { "type": "Point", "coordinates": [ 132.9898584, 34.221063 ] } },
{ "type": "Feature", "properties": { "内容": "グループホームひまわりの家【認知症対応型共同生活介護】愛媛県今治市古谷甲１９番１", "url": "https://www.kaigokensaku.mhlw.go.jp/38/index.php?action_kouhyou_detail_004_kani=true&JigyosyoCd=3870201153-00&ServiceCd=320&Type=search", "url2": "https://care-net.biz/38/himawari/" }, "geometry": { "type": "Point", "coordinates": [ 132.999064299999986, 34.0138296 ] } },
{ "type": "Feature", "properties": { "内容": "グループホームヒロセ【認知症対応型共同生活介護】愛媛県今治市国分7丁目4-36", "url": "https://www.kaigokensaku.mhlw.go.jp/38/index.php?action_kouhyou_detail_004_kani=true&JigyosyoCd=3870201179-00&ServiceCd=320&Type=search", "url2": "http://www.hirose-youseikai.org/" }, "geometry": { "type": "Point", "coordinates": [ 133.0221398, 34.0230375 ] } },
{ "type": "Feature", "properties": { "内容": "今治市社協グループホームゆいの里【認知症対応型共同生活介護】愛媛県今治市大三島町野々江2435番地14グループホームゆいの里", "url": "https://www.kaigokensaku.mhlw.go.jp/38/index.php?action_kouhyou_detail_004_kani=true&JigyosyoCd=3870201195-00&ServiceCd=320&Type=search", "url2": "http://www.imabari-shakyo.jp/" }, "geometry": { "type": "Point", "coordinates": [ 132.990291699999943, 34.2213324 ] } },
{ "type": "Feature", "properties": { "内容": "グループホーム関前【認知症対応型共同生活介護】愛媛県今治市関前岡村甲2574-3", "url": "https://www.kaigokensaku.mhlw.go.jp/38/index.php?action_kouhyou_detail_004_kani=true&JigyosyoCd=3870201237-00&ServiceCd=320&Type=search", "url2": null }, "geometry": { "type": "Point", "coordinates": [ 132.883504, 34.1848786 ] } },
{ "type": "Feature", "properties": { "内容": "都市型グループホームゆう【認知症対応型共同生活介護】今治市立花町2丁目９－３５", "url": "https://www.kaigokensaku.mhlw.go.jp/38/index.php?action_kouhyou_detail_004_kani=true&JigyosyoCd=3870201294-00&ServiceCd=320&Type=search", "url2": null }, "geometry": { "type": "Point", "coordinates": [ 132.996051599999987, 34.0504998 ] } },
{ "type": "Feature", "properties": { "内容": "あしょかの里【認知症対応型共同生活介護】愛媛県今治市吉海町仁江２６２－１", "url": "https://www.kaigokensaku.mhlw.go.jp/38/index.php?action_kouhyou_detail_004_kani=true&JigyosyoCd=3870201328-00&ServiceCd=320&Type=search", "url2": "asyokaen.jp" }, "geometry": { "type": "Point", "coordinates": [ 133.053910299999984, 34.1511437 ] } },
{ "type": "Feature", "properties": { "内容": "ハートフルケアホームあけぼの【認知症対応型共同生活介護】今治市室屋町6丁目1-9", "url": "https://www.kaigokensaku.mhlw.go.jp/38/index.php?action_kouhyou_detail_004_kani=true&JigyosyoCd=3870201336-00&ServiceCd=320&Type=search", "url2": null }, "geometry": { "type": "Point", "coordinates": [ 132.9956019, 34.0738219 ] } },
{ "type": "Feature", "properties": { "内容": "グループホーム　パラディ【認知症対応型共同生活介護】愛媛県今治市波方町樋口甲１２０番地１", "url": "https://www.kaigokensaku.mhlw.go.jp/38/index.php?action_kouhyou_detail_004_kani=true&JigyosyoCd=3873200780-00&ServiceCd=320&Type=search", "url2": null }, "geometry": { "type": "Point", "coordinates": [ 132.954624768925413, 34.095148751950191 ] } },
{ "type": "Feature", "properties": { "内容": "クループホーム瑞鳳荘【認知症対応型共同生活介護】愛媛県今治市玉川町畑寺甲15-5", "url": "https://www.kaigokensaku.mhlw.go.jp/38/index.php?action_kouhyou_detail_004_kani=true&JigyosyoCd=3873200806-00&ServiceCd=320&Type=search", "url2": null }, "geometry": { "type": "Point", "coordinates": [ 132.949238, 34.0033571 ] } },
{ "type": "Feature", "properties": { "内容": "ウェルえがお【認知症対応型共同生活介護】愛媛県今治市恵美須町2丁目2番地1", "url": "https://www.kaigokensaku.mhlw.go.jp/38/index.php?action_kouhyou_detail_004_kani=true&JigyosyoCd=3890200011-00&ServiceCd=320&Type=search", "url2": "http://www.welcare.ne.jp/" }, "geometry": { "type": "Point", "coordinates": [ 133.005347799999981, 34.0662929 ] } },
{ "type": "Feature", "properties": { "内容": "グループホーム　はとり【認知症対応型共同生活介護】愛媛県今治市南宝来町３丁目４番地１", "url": "https://www.kaigokensaku.mhlw.go.jp/38/index.php?action_kouhyou_detail_004_kani=true&JigyosyoCd=3890200029-00&ServiceCd=320&Type=search", "url2": null }, "geometry": { "type": "Point", "coordinates": [ 133.0023926, 34.0585186 ] } },
{ "type": "Feature", "properties": { "内容": "グループホーム　ステラ【認知症対応型共同生活介護】愛媛県今治市大西町紺原甲1166番地1", "url": "https://www.kaigokensaku.mhlw.go.jp/38/index.php?action_kouhyou_detail_004_kani=true&JigyosyoCd=3890200037-00&ServiceCd=320&Type=search", "url2": "http://kouhukai.com" }, "geometry": { "type": "Point", "coordinates": [ 132.937963500000023, 34.0678222 ] } },
{ "type": "Feature", "properties": { "内容": "ちかみシーサイド【認知症対応型共同生活介護】愛媛県今治市近見町1丁目7番50号", "url": "https://www.kaigokensaku.mhlw.go.jp/38/index.php?action_kouhyou_detail_004_kani=true&JigyosyoCd=3890200078-00&ServiceCd=320&Type=search", "url2": "http:/www16.ocn.ne.jp/~csupport/" }, "geometry": { "type": "Point", "coordinates": [ 132.984243699999979, 34.0923703 ] } },
{ "type": "Feature", "properties": { "内容": "グループホームつどい【認知症対応型共同生活介護】愛媛県今治市南大門町二丁目2番地2", "url": "https://www.kaigokensaku.mhlw.go.jp/38/index.php?action_kouhyou_detail_004_kani=true&JigyosyoCd=3890200334-00&ServiceCd=320&Type=search", "url2": "http://yasuragi-suzuki.or.jp/" }, "geometry": { "type": "Point", "coordinates": [ 132.996027402021099, 34.066451366953807 ] } },
{ "type": "Feature", "properties": { "内容": "グループホームヒロセドゥーエ【認知症対応型共同生活介護】愛媛県今治市国分7丁目5-11", "url": "https://www.kaigokensaku.mhlw.go.jp/38/index.php?action_kouhyou_detail_004_kani=true&JigyosyoCd=3890200342-00&ServiceCd=320&Type=search", "url2": "http://www.hirose-youseikai.org/" }, "geometry": { "type": "Point", "coordinates": [ 133.021805626458644, 34.023630296772765 ] } },
{ "type": "Feature", "properties": { "内容": "ウェルえびす【認知症対応型共同生活介護】愛媛県今治市恵美須町2丁目2番地4", "url": "https://www.kaigokensaku.mhlw.go.jp/38/index.php?action_kouhyou_detail_004_kani=true&JigyosyoCd=3890200474-00&ServiceCd=320&Type=search", "url2": "http://welcare.ne.jp" }, "geometry": { "type": "Point", "coordinates": [ 133.005434255827367, 34.066069189208697 ] } },
{ "type": "Feature", "properties": { "内容": "グループホームはなみずき【認知症対応型共同生活介護】愛媛県今治市伯方町北浦甲2458番地グループホームはなみずき", "url": "https://www.kaigokensaku.mhlw.go.jp/38/index.php?action_kouhyou_detail_004_kani=true&JigyosyoCd=3890200516-00&ServiceCd=320&Type=search", "url2": "https://www.arouzu-murakamiclinic.com/group-home" }, "geometry": { "type": "Point", "coordinates": [ 133.09415694524526, 34.229725671947534 ] } },
{ "type": "Feature", "properties": { "内容": "シーサイドきくま【認知症対応型共同生活介護】愛媛県今治市菊間町浜１０６１番地", "url": "https://www.kaigokensaku.mhlw.go.jp/38/index.php?action_kouhyou_detail_004_kani=true&JigyosyoCd=3890200656-00&ServiceCd=320&Type=search", "url2": "http://npo-caresupport.main.jp/" }, "geometry": { "type": "Point", "coordinates": [ 132.843578690213008, 34.037599922882443 ] } },
{ "type": "Feature", "properties": { "内容": "シーサイド【認知症対応型共同生活介護】愛媛県今治市吉海町臥間46-2高齢者総合福祉施設シーサイド", "url": "https://www.kaigokensaku.mhlw.go.jp/38/index.php?action_kouhyou_detail_004_kani=true&JigyosyoCd=3890200714-00&ServiceCd=320&Type=search", "url2": "https://www.meishikai.info/" }, "geometry": { "type": "Point", "coordinates": [ 133.020785499999988, 34.1288357 ] } },
{ "type": "Feature", "properties": { "内容": "グループホーム　ラ・ファミーユ【認知症対応型共同生活介護】愛媛県今治市菊間町浜1453番地1", "url": "https://www.kaigokensaku.mhlw.go.jp/38/index.php?action_kouhyou_detail_004_kani=true&JigyosyoCd=3870201286-00&ServiceCd=320&Type=search", "url2": "http://www.nissinkai.jp/" }, "geometry": { "type": "Point", "coordinates": [ 132.84742940000001, 34.0430979 ] } },
{ "type": "Feature", "properties": { "内容": "グループホーム　清水【認知症対応型共同生活介護】愛媛県今治市四村103番地5", "url": "https://www.kaigokensaku.mhlw.go.jp/38/index.php?action_kouhyou_detail_004_kani=true&JigyosyoCd=3890200482-00&ServiceCd=320&Type=search", "url2": null }, "geometry": { "type": "Point", "coordinates": [ 132.984449499999982, 34.0338101 ] } },
{ "type": "Feature", "properties": { "内容": "グループホーム愛【認知症対応型共同生活介護】愛媛県今治市東鳥生町1丁目6番37-2号", "url": "https://www.kaigokensaku.mhlw.go.jp/38/index.php?action_kouhyou_detail_004_kani=true&JigyosyoCd=3890200789-00&ServiceCd=320&Type=search", "url2": null }, "geometry": { "type": "Point", "coordinates": [ 133.01820355833587, 34.05738946787995 ] } },
{ "type": "Feature", "properties": { "内容": "グループホーム　コスモス【認知症対応型共同生活介護】愛媛県宇和島市三間町黒川385-1", "url": "https://www.kaigokensaku.mhlw.go.jp/38/index.php?action_kouhyou_detail_004_kani=true&JigyosyoCd=3873900702-00&ServiceCd=320&Type=search", "url2": null }, "geometry": { "type": "Point", "coordinates": [ 132.660380700000019, 33.2906303 ] } },
{ "type": "Feature", "properties": { "内容": "グループホーム　丸の内はとぽっぽ【認知症対応型共同生活介護】宇和島市　丸之内　１-4-7", "url": "https://www.kaigokensaku.mhlw.go.jp/38/index.php?action_kouhyou_detail_004_kani=true&JigyosyoCd=3870300690-00&ServiceCd=320&Type=search", "url2": null }, "geometry": { "type": "Point", "coordinates": [ 132.566744822090186, 33.218797529763926 ] } },
{ "type": "Feature", "properties": { "内容": "グループホームのぞみ・ささえ【認知症対応型共同生活介護】愛媛県宇和島市保田甲１９３２番地２", "url": "https://www.kaigokensaku.mhlw.go.jp/38/index.php?action_kouhyou_detail_004_kani=true&JigyosyoCd=3870300377-00&ServiceCd=320&Type=search", "url2": "http://shouwakai.jp/" }, "geometry": { "type": "Point", "coordinates": [ 132.5420097, 33.1842995 ] } },
{ "type": "Feature", "properties": { "内容": "グループホームいぶき【認知症対応型共同生活介護】愛媛県宇和島市伊吹町甲１３６－８", "url": "https://www.kaigokensaku.mhlw.go.jp/38/index.php?action_kouhyou_detail_004_kani=true&JigyosyoCd=3870300880-00&ServiceCd=320&Type=search", "url2": null }, "geometry": { "type": "Point", "coordinates": [ 132.57384090000005, 33.234557 ] } },
{ "type": "Feature", "properties": { "内容": "グループホーム紙ふうせん【認知症対応型共同生活介護】愛媛県宇和島市三間町成家845番地", "url": "https://www.kaigokensaku.mhlw.go.jp/38/index.php?action_kouhyou_detail_004_kani=true&JigyosyoCd=3870300906-00&ServiceCd=320&Type=search", "url2": null }, "geometry": { "type": "Point", "coordinates": [ 132.5935445, 33.2964275 ] } },
{ "type": "Feature", "properties": { "内容": "グループホーム　よしの里【認知症対応型共同生活介護】愛媛県宇和島市吉田町魚棚20番地5", "url": "https://www.kaigokensaku.mhlw.go.jp/38/index.php?action_kouhyou_detail_004_kani=true&JigyosyoCd=3873900694-00&ServiceCd=320&Type=search", "url2": null }, "geometry": { "type": "Point", "coordinates": [ 132.54038689999993, 33.2759923 ] } },
{ "type": "Feature", "properties": { "内容": "グループホームやすらぎ【認知症対応型共同生活介護】宇和島市蛤９５－３", "url": "https://www.kaigokensaku.mhlw.go.jp/38/index.php?action_kouhyou_detail_004_kani=true&JigyosyoCd=3890300035-00&ServiceCd=320&Type=search", "url2": "http://shouwakai.jp/yasuragi/" }, "geometry": { "type": "Point", "coordinates": [ 132.533156599999984, 33.2285031 ] } },
{ "type": "Feature", "properties": { "内容": "グループホームあかり【認知症対応型共同生活介護】愛媛県宇和島市丸穂甲９３７番地１５", "url": "https://www.kaigokensaku.mhlw.go.jp/38/index.php?action_kouhyou_detail_004_kani=true&JigyosyoCd=3890300068-00&ServiceCd=320&Type=search", "url2": null }, "geometry": { "type": "Point", "coordinates": [ 132.575108900000032, 33.2219018 ] } },
{ "type": "Feature", "properties": { "内容": "グループホーム　柿の里【認知症対応型共同生活介護】愛媛県宇和島市柿原甲１３８番地１", "url": "https://www.kaigokensaku.mhlw.go.jp/38/index.php?action_kouhyou_detail_004_kani=true&JigyosyoCd=3890300076-00&ServiceCd=320&Type=search", "url2": null }, "geometry": { "type": "Point", "coordinates": [ 132.579322400000024, 33.2367585 ] } },
{ "type": "Feature", "properties": { "内容": "グループホームしおり【認知症対応型共同生活介護】愛媛県宇和島市丸穂甲937-15", "url": "https://www.kaigokensaku.mhlw.go.jp/38/index.php?action_kouhyou_detail_004_kani=true&JigyosyoCd=3890300126-00&ServiceCd=320&Type=search", "url2": null }, "geometry": { "type": "Point", "coordinates": [ 132.574770941664156, 33.222000527813599 ] } },
{ "type": "Feature", "properties": { "内容": "グループホーム　薬師谷マナー【認知症対応型共同生活介護】愛媛県宇和島市川内甲２１０１番地", "url": "https://www.kaigokensaku.mhlw.go.jp/38/index.php?action_kouhyou_detail_004_kani=true&JigyosyoCd=3890300191-00&ServiceCd=320&Type=search", "url2": null }, "geometry": { "type": "Point", "coordinates": [ 132.5576552, 33.1943321 ] } },
{ "type": "Feature", "properties": { "内容": "グループホームラポール【認知症対応型共同生活介護】愛媛県宇和島市柿原甲1350番地1号", "url": "https://www.kaigokensaku.mhlw.go.jp/38/index.php?action_kouhyou_detail_004_kani=true&JigyosyoCd=3890300241-00&ServiceCd=320&Type=search", "url2": "https://apotry.net/" }, "geometry": { "type": "Point", "coordinates": [ 132.584170866981509, 33.238030496797755 ] } },
{ "type": "Feature", "properties": { "内容": "グループホーム岩松【認知症対応型共同生活介護】愛媛県宇和島市津島町岩松823", "url": "https://www.kaigokensaku.mhlw.go.jp/38/index.php?action_kouhyou_detail_004_kani=true&JigyosyoCd=3890300266-00&ServiceCd=320&Type=search", "url2": "https://apotry.net/" }, "geometry": { "type": "Point", "coordinates": [ 132.5219065, 33.1218681 ] } },
{ "type": "Feature", "properties": { "内容": "グループホーム紙ひこうき【認知症対応型共同生活介護】愛媛県宇和島市三間町戸雁６０４番地　2なし", "url": "https://www.kaigokensaku.mhlw.go.jp/38/index.php?action_kouhyou_detail_004_kani=true&JigyosyoCd=3890300308-00&ServiceCd=320&Type=search", "url2": null }, "geometry": { "type": "Point", "coordinates": [ 132.6010269, 33.2937511 ] } },
{ "type": "Feature", "properties": { "内容": "グループホーム　つしま【認知症対応型共同生活介護】宇和島市津島町高田甲83-1", "url": "https://www.kaigokensaku.mhlw.go.jp/38/index.php?action_kouhyou_detail_004_kani=true&JigyosyoCd=3870300864-00&ServiceCd=320&Type=search", "url2": "https://miyuki-tsushima.tkc.best-hp.jp/" }, "geometry": { "type": "Point", "coordinates": [ 132.520357728835052, 33.128591525014421 ] } },
{ "type": "Feature", "properties": { "内容": "グループホーム　夏みかん【認知症対応型共同生活介護】愛媛県八幡浜市八代４５番地", "url": "https://www.kaigokensaku.mhlw.go.jp/38/index.php?action_kouhyou_detail_004_kani=true&JigyosyoCd=3870400227-00&ServiceCd=320&Type=search", "url2": "http://www.kujira.biz/" }, "geometry": { "type": "Point", "coordinates": [ 132.4310332, 33.4473692 ] } },
{ "type": "Feature", "properties": { "内容": "アクティブライフ松柏【認知症対応型共同生活介護】愛媛県八幡浜市松柏甲７２８－１", "url": "https://www.kaigokensaku.mhlw.go.jp/38/index.php?action_kouhyou_detail_004_kani=true&JigyosyoCd=3870400417-00&ServiceCd=320&Type=search", "url2": "http://www.kujira.biz/shien2/main.html" }, "geometry": { "type": "Point", "coordinates": [ 132.445109226180989, 33.464529920095536 ] } },
{ "type": "Feature", "properties": { "内容": "グループホーム橙園【認知症対応型共同生活介護】愛媛県八幡浜市保内町宮内1番耕地583番地1", "url": "https://www.kaigokensaku.mhlw.go.jp/38/index.php?action_kouhyou_detail_004_kani=true&JigyosyoCd=3870400425-00&ServiceCd=320&Type=search", "url2": null }, "geometry": { "type": "Point", "coordinates": [ 132.400406299999986, 33.4886613 ] } },
{ "type": "Feature", "properties": { "内容": "アクティブライフ保内【認知症対応型共同生活介護】愛媛県八幡浜市保内町宮内１－３２４", "url": "https://www.kaigokensaku.mhlw.go.jp/38/index.php?action_kouhyou_detail_004_kani=true&JigyosyoCd=3873700441-00&ServiceCd=320&Type=search", "url2": null }, "geometry": { "type": "Point", "coordinates": [ 132.400989699999968, 33.4863643 ] } },
{ "type": "Feature", "properties": { "内容": "ニチイケアセンター八幡浜【認知症対応型共同生活介護】愛媛県八幡浜市産業通4番18号", "url": "https://www.kaigokensaku.mhlw.go.jp/38/index.php?action_kouhyou_detail_004_kani=true&JigyosyoCd=3890400066-00&ServiceCd=320&Type=search", "url2": null }, "geometry": { "type": "Point", "coordinates": [ 132.433241100000032, 33.4560766 ] } },
{ "type": "Feature", "properties": { "内容": "アクティブライフ千代田【認知症対応型共同生活介護】愛媛県八幡浜市須崎一丁目1455番地1", "url": "https://www.kaigokensaku.mhlw.go.jp/38/index.php?action_kouhyou_detail_004_kani=true&JigyosyoCd=3890400090-00&ServiceCd=320&Type=search", "url2": "http://www.kujira.biz/" }, "geometry": { "type": "Point", "coordinates": [ 132.424461358711596, 33.456971964193606 ] } },
{ "type": "Feature", "properties": { "内容": "グループホームきららハウスアイリス【認知症対応型共同生活介護】愛媛県八幡浜市保内町川之石６番耕地１６４番地１", "url": "https://www.kaigokensaku.mhlw.go.jp/38/index.php?action_kouhyou_detail_004_kani=true&JigyosyoCd=3890400124-00&ServiceCd=320&Type=search", "url2": null }, "geometry": { "type": "Point", "coordinates": [ 132.386602700138894, 33.475139529853202 ] } },
{ "type": "Feature", "properties": { "内容": "グループホームきららハウスカトレア【認知症対応型共同生活介護】愛媛県八幡浜市保内町須川17-1", "url": "https://www.kaigokensaku.mhlw.go.jp/38/index.php?action_kouhyou_detail_004_kani=true&JigyosyoCd=3890400132-00&ServiceCd=320&Type=search", "url2": null }, "geometry": { "type": "Point", "coordinates": [ 132.4160574, 33.4836263 ] } },
{ "type": "Feature", "properties": { "内容": "グループホーム優瑠里【認知症対応型共同生活介護】愛媛県八幡浜市保内町喜木１番耕地１６６番地１", "url": "https://www.kaigokensaku.mhlw.go.jp/38/index.php?action_kouhyou_detail_004_kani=true&JigyosyoCd=3890400140-00&ServiceCd=320&Type=search", "url2": "http://www.yuyusya.co.jp/" }, "geometry": { "type": "Point", "coordinates": [ 132.40731790000001, 33.4834565 ] } },
{ "type": "Feature", "properties": { "内容": "グループホーム　サルビア【認知症対応型共同生活介護】愛媛県八幡浜市江戸岡１丁目2-9", "url": "https://www.kaigokensaku.mhlw.go.jp/38/index.php?action_kouhyou_detail_004_kani=true&JigyosyoCd=3870400383-00&ServiceCd=320&Type=search", "url2": "https：//www.telwel-west.co.jp/kaigo/" }, "geometry": { "type": "Point", "coordinates": [ 132.432471699999951, 33.4572126 ] } },
{ "type": "Feature", "properties": { "内容": "グループホームおくじま【認知症対応型共同生活介護】愛媛県新居浜市北新町１２－５２", "url": "https://www.kaigokensaku.mhlw.go.jp/38/index.php?action_kouhyou_detail_004_kani=true&JigyosyoCd=3870501438-00&ServiceCd=320&Type=search", "url2": "http://www.houko.jp" }, "geometry": { "type": "Point", "coordinates": [ 133.270099335582017, 33.958686190424885 ] } },
{ "type": "Feature", "properties": { "内容": "グループホーム香り草【認知症対応型共同生活介護】愛媛県新居浜市新田町二丁目８番２４号", "url": "https://www.kaigokensaku.mhlw.go.jp/38/index.php?action_kouhyou_detail_004_kani=true&JigyosyoCd=3870500414-00&ServiceCd=320&Type=search", "url2": "http://www.niihama-mcoop.or.jp/" }, "geometry": { "type": "Point", "coordinates": [ 133.261930099999972, 33.9567256 ] } },
{ "type": "Feature", "properties": { "内容": "グループホーム「むつみの家」【認知症対応型共同生活介護】愛媛県新居浜市中萩町９－５２", "url": "https://www.kaigokensaku.mhlw.go.jp/38/index.php?action_kouhyou_detail_004_kani=true&JigyosyoCd=3870500422-00&ServiceCd=320&Type=search", "url2": "https://juzenhp.jp/" }, "geometry": { "type": "Point", "coordinates": [ 133.283003199999939, 33.929487 ] } },
{ "type": "Feature", "properties": { "内容": "グループホーム夕日館【認知症対応型共同生活介護】愛媛県新居浜市中西町8番17号", "url": "https://www.kaigokensaku.mhlw.go.jp/38/index.php?action_kouhyou_detail_004_kani=true&JigyosyoCd=3870500638-00&ServiceCd=320&Type=search", "url2": null }, "geometry": { "type": "Point", "coordinates": [ 133.302714833995225, 33.926024877510606 ] } },
{ "type": "Feature", "properties": { "内容": "グループホームおてだま【認知症対応型共同生活介護】新居浜市若水町１－９－１３", "url": "https://www.kaigokensaku.mhlw.go.jp/38/index.php?action_kouhyou_detail_004_kani=true&JigyosyoCd=3870500810-00&ServiceCd=320&Type=search", "url2": "http://www.hapinesu.com/index.html" }, "geometry": { "type": "Point", "coordinates": [ 133.277701699999966, 33.9659138 ] } },
{ "type": "Feature", "properties": { "内容": "グループホーム桜【認知症対応型共同生活介護】新居浜市船木甲3656-8", "url": "https://www.kaigokensaku.mhlw.go.jp/38/index.php?action_kouhyou_detail_004_kani=true&JigyosyoCd=3870501230-00&ServiceCd=320&Type=search", "url2": "http://kyuuwa-niihama.jp" }, "geometry": { "type": "Point", "coordinates": [ 133.329376, 33.928677 ] } },
{ "type": "Feature", "properties": { "内容": "グループホームとらや【認知症対応型共同生活介護】愛媛県新居浜市若水町2-7-33", "url": "https://www.kaigokensaku.mhlw.go.jp/38/index.php?action_kouhyou_detail_004_kani=true&JigyosyoCd=3870501511-00&ServiceCd=320&Type=search", "url2": null }, "geometry": { "type": "Point", "coordinates": [ 133.278954364418041, 33.967292519730755 ] } },
{ "type": "Feature", "properties": { "内容": "グループホーム微笑の家【認知症対応型共同生活介護】愛媛県新居浜市船木甲581-2", "url": "https://www.kaigokensaku.mhlw.go.jp/38/index.php?action_kouhyou_detail_004_kani=true&JigyosyoCd=3870501552-00&ServiceCd=320&Type=search", "url2": null }, "geometry": { "type": "Point", "coordinates": [ 133.356059460124243, 33.939795193202826 ] } },
{ "type": "Feature", "properties": { "内容": "グループホーム　竹トンボ【認知症対応型共同生活介護】新居浜市落神町3番11号", "url": "https://www.kaigokensaku.mhlw.go.jp/38/index.php?action_kouhyou_detail_004_kani=true&JigyosyoCd=3870501628-00&ServiceCd=320&Type=search", "url2": null }, "geometry": { "type": "Point", "coordinates": [ 133.324021799999969, 33.9675168 ] } },
{ "type": "Feature", "properties": { "内容": "グループホーム上の茶屋【認知症対応型共同生活介護】愛媛県新居浜市西の土居町二丁目８番１５号", "url": "https://www.kaigokensaku.mhlw.go.jp/38/index.php?action_kouhyou_detail_004_kani=true&JigyosyoCd=3890500022-00&ServiceCd=320&Type=search", "url2": "http://ochayanosato.jp/" }, "geometry": { "type": "Point", "coordinates": [ 133.274442730688378, 33.94928902750555 ] } },
{ "type": "Feature", "properties": { "内容": "グループホーム下の茶屋【認知症対応型共同生活介護】愛媛県新居浜市西の土居町二丁目８番２３号", "url": "https://www.kaigokensaku.mhlw.go.jp/38/index.php?action_kouhyou_detail_004_kani=true&JigyosyoCd=3890500030-00&ServiceCd=320&Type=search", "url2": "http://ochayanosato.jp/" }, "geometry": { "type": "Point", "coordinates": [ 133.273931882209041, 33.949957012792794 ] } },
{ "type": "Feature", "properties": { "内容": "グループホーム　けやきの里【認知症対応型共同生活介護】愛媛県新居浜市大生院154-3", "url": "https://www.kaigokensaku.mhlw.go.jp/38/index.php?action_kouhyou_detail_004_kani=true&JigyosyoCd=3890500097-00&ServiceCd=320&Type=search", "url2": null }, "geometry": { "type": "Point", "coordinates": [ 133.256521499999963, 33.9162547 ] } },
{ "type": "Feature", "properties": { "内容": "グループホームはなれ茶屋【認知症対応型共同生活介護】愛媛県新居浜市西の土居町二丁目８番２１号", "url": "https://www.kaigokensaku.mhlw.go.jp/38/index.php?action_kouhyou_detail_004_kani=true&JigyosyoCd=3890500188-00&ServiceCd=320&Type=search", "url2": "http://ochayanosato.jp/" }, "geometry": { "type": "Point", "coordinates": [ 133.274843, 33.949996 ] } },
{ "type": "Feature", "properties": { "内容": "あったかほーむ　たかつ【認知症対応型共同生活介護】愛媛県新居浜市高津町３番２０号", "url": "https://www.kaigokensaku.mhlw.go.jp/38/index.php?action_kouhyou_detail_004_kani=true&JigyosyoCd=3890500212-00&ServiceCd=320&Type=search", "url2": "http://www.niihama-mcoop.or.jp" }, "geometry": { "type": "Point", "coordinates": [ 133.300430300000016, 33.9709331 ] } },
{ "type": "Feature", "properties": { "内容": "グループホームふたばの森【認知症対応型共同生活介護】愛媛県新居浜市船木３００１－３", "url": "https://www.kaigokensaku.mhlw.go.jp/38/index.php?action_kouhyou_detail_004_kani=true&JigyosyoCd=3890500220-00&ServiceCd=320&Type=search", "url2": "www.futabakai.group" }, "geometry": { "type": "Point", "coordinates": [ 133.333803399999965, 33.9328542 ] } },
{ "type": "Feature", "properties": { "内容": "グループホーム微笑の家なかむら【認知症対応型共同生活介護】愛媛県新居浜市中村二丁目４番２５号", "url": "https://www.kaigokensaku.mhlw.go.jp/38/index.php?action_kouhyou_detail_004_kani=true&JigyosyoCd=3890500246-00&ServiceCd=320&Type=search", "url2": null }, "geometry": { "type": "Point", "coordinates": [ 133.289191800000026, 33.929987 ] } },
{ "type": "Feature", "properties": { "内容": "グループホームかがやき【認知症対応型共同生活介護】新居浜市阿島1丁目7-20", "url": "https://www.kaigokensaku.mhlw.go.jp/38/index.php?action_kouhyou_detail_004_kani=true&JigyosyoCd=3890500303-00&ServiceCd=320&Type=search", "url2": "http://megumi.sankeikai.com/" }, "geometry": { "type": "Point", "coordinates": [ 133.353732199999968, 33.9789846 ] } },
{ "type": "Feature", "properties": { "内容": "グループホーム・カミングケアステーション【認知症対応型共同生活介護】愛媛県新居浜市政枝町２丁目３番３２号", "url": "https://www.kaigokensaku.mhlw.go.jp/38/index.php?action_kouhyou_detail_004_kani=true&JigyosyoCd=3890500329-00&ServiceCd=320&Type=search", "url2": "https://www.haginodai.co.jp/" }, "geometry": { "type": "Point", "coordinates": [ 133.289558599999964, 33.9439856 ] } },
{ "type": "Feature", "properties": { "内容": "グループホーム多喜浜【認知症対応型共同生活介護】愛媛県新居浜市多喜浜二丁目4番43号", "url": "https://www.kaigokensaku.mhlw.go.jp/38/index.php?action_kouhyou_detail_004_kani=true&JigyosyoCd=3890500360-00&ServiceCd=320&Type=search", "url2": null }, "geometry": { "type": "Point", "coordinates": [ 133.332776400000057, 33.9763241 ] } },
{ "type": "Feature", "properties": { "内容": "グループホームうわばら【認知症対応型共同生活介護】愛媛県新居浜市上原四丁目1番15号", "url": "https://www.kaigokensaku.mhlw.go.jp/38/index.php?action_kouhyou_detail_004_kani=true&JigyosyoCd=3890500378-00&ServiceCd=320&Type=search", "url2": "http://www.okuranosato.com/" }, "geometry": { "type": "Point", "coordinates": [ 133.285011500000024, 33.917213500000017 ] } },
{ "type": "Feature", "properties": { "内容": "グループホーム集い【認知症対応型共同生活介護】愛媛県新居浜市東田３丁目乙１１番地８６", "url": "https://www.kaigokensaku.mhlw.go.jp/38/index.php?action_kouhyou_detail_004_kani=true&JigyosyoCd=3890500394-00&ServiceCd=320&Type=search", "url2": "https://www.housyuukai.jp/" }, "geometry": { "type": "Point", "coordinates": [ 133.320743799999946, 33.9450306 ] } },
{ "type": "Feature", "properties": { "内容": "グループホームあかがね【認知症対応型共同生活介護】愛媛県新居浜市垣生5丁目8番45号", "url": "https://www.kaigokensaku.mhlw.go.jp/38/index.php?action_kouhyou_detail_004_kani=true&JigyosyoCd=3890500436-00&ServiceCd=320&Type=search", "url2": null }, "geometry": { "type": "Point", "coordinates": [ 133.319983500000035, 33.9878755 ] } },
{ "type": "Feature", "properties": { "内容": "グループホーム　たちばな【認知症対応型共同生活介護】愛媛県　新居浜市　宮原町　４番３号", "url": "https://www.kaigokensaku.mhlw.go.jp/38/index.php?action_kouhyou_detail_004_kani=true&JigyosyoCd=3890500444-00&ServiceCd=320&Type=search", "url2": "http://kyuuwa-niihama.jp/" }, "geometry": { "type": "Point", "coordinates": [ 133.302054099999964, 33.932478700000011 ] } },
{ "type": "Feature", "properties": { "内容": "グループホーム「サン愛」【認知症対応型共同生活介護】愛媛県新居浜市萩生692-1", "url": "https://www.kaigokensaku.mhlw.go.jp/38/index.php?action_kouhyou_detail_004_kani=true&JigyosyoCd=3890500469-00&ServiceCd=320&Type=search", "url2": "http://www.sun-i.biz" }, "geometry": { "type": "Point", "coordinates": [ 133.2769647, 33.9310646 ] } },
{ "type": "Feature", "properties": { "内容": "グループホームしおさい【認知症対応型共同生活介護】愛媛県新居浜市阿島１丁目７番２７号", "url": "https://www.kaigokensaku.mhlw.go.jp/38/index.php?action_kouhyou_detail_004_kani=true&JigyosyoCd=3890500477-00&ServiceCd=320&Type=search", "url2": null }, "geometry": { "type": "Point", "coordinates": [ 133.352016592632253, 33.979362378687519 ] } },
{ "type": "Feature", "properties": { "内容": "グループホーム　プラチナガーデン【認知症対応型共同生活介護】愛媛県新居浜市一宮町二丁目6番72号", "url": "https://www.kaigokensaku.mhlw.go.jp/38/index.php?action_kouhyou_detail_004_kani=true&JigyosyoCd=3890500535-00&ServiceCd=320&Type=search", "url2": "http://www.hapinesu.com/" }, "geometry": { "type": "Point", "coordinates": [ 133.278259700000035, 33.958350700000025 ] } },
{ "type": "Feature", "properties": { "内容": "グループホームあすなろ【認知症対応型共同生活介護】愛媛県新居浜市北内町一丁目2番29号", "url": "https://www.kaigokensaku.mhlw.go.jp/38/index.php?action_kouhyou_detail_004_kani=true&JigyosyoCd=3890500550-00&ServiceCd=320&Type=search", "url2": "http://www.yuyusya.co.jp/" }, "geometry": { "type": "Point", "coordinates": [ 133.306676399999986, 33.9340645 ] } },
{ "type": "Feature", "properties": { "内容": "グループホームソラストのりか新居浜【認知症対応型共同生活介護】愛媛県新居浜市萩生131-80", "url": "https://www.kaigokensaku.mhlw.go.jp/38/index.php?action_kouhyou_detail_004_kani=true&JigyosyoCd=3890500576-00&ServiceCd=320&Type=search", "url2": "https://solasto-kaigo.com" }, "geometry": { "type": "Point", "coordinates": [ 133.267166300000014, 33.930754 ] } },
{ "type": "Feature", "properties": { "内容": "グループホームあおぞら【認知症対応型共同生活介護】愛媛県新居浜市桜木町１５番１５号", "url": "https://www.kaigokensaku.mhlw.go.jp/38/index.php?action_kouhyou_detail_004_kani=true&JigyosyoCd=3870501636-00&ServiceCd=320&Type=search", "url2": "http://www.niihama-mcoop.or.jp/" }, "geometry": { "type": "Point", "coordinates": [ 133.300839278601586, 33.970771866100279 ] } },
{ "type": "Feature", "properties": { "内容": "グループホーム　ＬＯＨＡＳ・ＫＯＴＩ【認知症対応型共同生活介護】愛媛県新居浜市船木甲２２１６－３９", "url": "https://www.kaigokensaku.mhlw.go.jp/38/index.php?action_kouhyou_detail_004_kani=true&JigyosyoCd=3890500162-00&ServiceCd=320&Type=search", "url2": "http://www.hapinesu.com/lohaskoti.html" }, "geometry": { "type": "Point", "coordinates": [ 133.33064539999998, 33.9294795 ] } },
{ "type": "Feature", "properties": { "内容": "グループホーム　ほの花【認知症対応型共同生活介護】愛媛県新居浜市郷３－１６－３３", "url": "https://www.kaigokensaku.mhlw.go.jp/38/index.php?action_kouhyou_detail_004_kani=true&JigyosyoCd=3890500170-00&ServiceCd=320&Type=search", "url2": "http://www.asokaen.jp" }, "geometry": { "type": "Point", "coordinates": [ 133.310348299999987, 33.9617674 ] } },
{ "type": "Feature", "properties": { "内容": "グループホーム市営野球場前【認知症対応型共同生活介護】愛媛県新居浜市新須賀町3丁目4-15", "url": "https://www.kaigokensaku.mhlw.go.jp/38/index.php?action_kouhyou_detail_004_kani=true&JigyosyoCd=3890500634-00&ServiceCd=320&Type=search", "url2": "https://yuyusya.co.jp/" }, "geometry": { "type": "Point", "coordinates": [ 133.28593349999997, 33.9710228 ] } },
{ "type": "Feature", "properties": { "内容": "グループホームまじゅん新居浜【認知症対応型共同生活介護】愛媛県新居浜市北新町12番52号", "url": "https://www.kaigokensaku.mhlw.go.jp/38/index.php?action_kouhyou_detail_004_kani=true&JigyosyoCd=3890500642-00&ServiceCd=320&Type=search", "url2": null }, "geometry": { "type": "Point", "coordinates": [ 133.269895100000014, 33.9589326 ] } },
{ "type": "Feature", "properties": { "内容": "グループホームかわせみ【認知症対応型共同生活介護】愛媛県西条市大町776番地23", "url": "https://www.kaigokensaku.mhlw.go.jp/38/index.php?action_kouhyou_detail_004_kani=true&JigyosyoCd=3870600339-00&ServiceCd=320&Type=search", "url2": "http://www.koumyokai-saijo.com/" }, "geometry": { "type": "Point", "coordinates": [ 133.189447, 33.9143751 ] } },
{ "type": "Feature", "properties": { "内容": "グループホーム　あんど【認知症対応型共同生活介護】愛媛県西条市桑村456番地", "url": "https://www.kaigokensaku.mhlw.go.jp/38/index.php?action_kouhyou_detail_004_kani=true&JigyosyoCd=3871200154-00&ServiceCd=320&Type=search", "url2": null }, "geometry": { "type": "Point", "coordinates": [ 133.05374340000003, 33.9417491 ] } },
{ "type": "Feature", "properties": { "内容": "グループホーム　フルーツの家【認知症対応型共同生活介護】愛媛県西条市喜多川792番地1", "url": "https://www.kaigokensaku.mhlw.go.jp/38/index.php?action_kouhyou_detail_004_kani=true&JigyosyoCd=3870600297-00&ServiceCd=320&Type=search", "url2": "https://angel-call.co.jp/" }, "geometry": { "type": "Point", "coordinates": [ 133.170582885115209, 33.924668566226302 ] } },
{ "type": "Feature", "properties": { "内容": "グループホーム　福寿【認知症対応型共同生活介護】愛媛県西条市飯岡３３８１－１", "url": "https://www.kaigokensaku.mhlw.go.jp/38/index.php?action_kouhyou_detail_004_kani=true&JigyosyoCd=3870600362-00&ServiceCd=320&Type=search", "url2": null }, "geometry": { "type": "Point", "coordinates": [ 133.2105034, 33.912026 ] } },
{ "type": "Feature", "properties": { "内容": "グループホーム　杜の家【認知症対応型共同生活介護】愛媛県西条市朔日市892番地", "url": "https://www.kaigokensaku.mhlw.go.jp/38/index.php?action_kouhyou_detail_004_kani=true&JigyosyoCd=3870600511-00&ServiceCd=320&Type=search", "url2": "https://angel-call.co.jp/" }, "geometry": { "type": "Point", "coordinates": [ 133.177763357641652, 33.929880547887926 ] } },
{ "type": "Feature", "properties": { "内容": "グループホーム　まなべ【認知症対応型共同生活介護】愛媛県西条市氷見乙７６９番地", "url": "https://www.kaigokensaku.mhlw.go.jp/38/index.php?action_kouhyou_detail_004_kani=true&JigyosyoCd=3870600719-00&ServiceCd=320&Type=search", "url2": "http://www.manabe-gp.jp" }, "geometry": { "type": "Point", "coordinates": [ 133.133531799999986, 33.8949537 ] } },
{ "type": "Feature", "properties": { "内容": "グループホーム多賀の里【認知症対応型共同生活介護】愛媛県西条市北条２３１番地１", "url": "https://www.kaigokensaku.mhlw.go.jp/38/index.php?action_kouhyou_detail_004_kani=true&JigyosyoCd=3870600735-00&ServiceCd=320&Type=search", "url2": "http:/www/jcomm-care.co.jp" }, "geometry": { "type": "Point", "coordinates": [ 133.091552900000011, 33.9253076 ] } },
{ "type": "Feature", "properties": { "内容": "グループホーム丹原の郷【認知症対応型共同生活介護】愛媛県西条市丹原町池田1267-1", "url": "https://www.kaigokensaku.mhlw.go.jp/38/index.php?action_kouhyou_detail_004_kani=true&JigyosyoCd=3870600750-00&ServiceCd=320&Type=search", "url2": "http://jcomm-care.co.jp/" }, "geometry": { "type": "Point", "coordinates": [ 133.056084100000021, 33.9070643 ] } },
{ "type": "Feature", "properties": { "内容": "グループホーム　水車の家【認知症対応型共同生活介護】愛媛県西条市周布494番地１", "url": "https://www.kaigokensaku.mhlw.go.jp/38/index.php?action_kouhyou_detail_004_kani=true&JigyosyoCd=3871200238-00&ServiceCd=320&Type=search", "url2": "https://angel-call.co.jp/" }, "geometry": { "type": "Point", "coordinates": [ 133.076782399999956, 33.9278319 ] } },
{ "type": "Feature", "properties": { "内容": "グループホーム　鶴翠【認知症対応型共同生活介護】愛媛県西条市大野284番地2", "url": "https://www.kaigokensaku.mhlw.go.jp/38/index.php?action_kouhyou_detail_004_kani=true&JigyosyoCd=3871200329-00&ServiceCd=320&Type=search", "url2": "http://kitenkai.or.jp/" }, "geometry": { "type": "Point", "coordinates": [ 133.050753618385329, 33.945810848482807 ] } },
{ "type": "Feature", "properties": { "内容": "グループホームこうゆう庵【認知症対応型共同生活介護】愛媛県西条市丹原町寺尾甲31番地9", "url": "https://www.kaigokensaku.mhlw.go.jp/38/index.php?action_kouhyou_detail_004_kani=true&JigyosyoCd=3873100154-00&ServiceCd=320&Type=search", "url2": null }, "geometry": { "type": "Point", "coordinates": [ 133.042441300000064, 33.8611659 ] } },
{ "type": "Feature", "properties": { "内容": "グループホーム　小松の里【認知症対応型共同生活介護】愛媛県西条市小松町妙口甲1番地1", "url": "https://www.kaigokensaku.mhlw.go.jp/38/index.php?action_kouhyou_detail_004_kani=true&JigyosyoCd=3890600145-00&ServiceCd=320&Type=search", "url2": null }, "geometry": { "type": "Point", "coordinates": [ 133.094728934041996, 33.892611872396962 ] } },
{ "type": "Feature", "properties": { "内容": "グループホーム　緑の家【認知症対応型共同生活介護】愛媛県西条市飯岡　1896番地グループホーム　緑の家", "url": "https://www.kaigokensaku.mhlw.go.jp/38/index.php?action_kouhyou_detail_004_kani=true&JigyosyoCd=3890600251-00&ServiceCd=320&Type=search", "url2": "https://angel-call.co.jp/" }, "geometry": { "type": "Point", "coordinates": [ 133.219920079068061, 33.918528077065666 ] } },
{ "type": "Feature", "properties": { "内容": "グループホーム　あかね【認知症対応型共同生活介護】愛媛県西条市北条858番1", "url": "https://www.kaigokensaku.mhlw.go.jp/38/index.php?action_kouhyou_detail_004_kani=true&JigyosyoCd=3890600327-00&ServiceCd=320&Type=search", "url2": "http://www.koujin.net" }, "geometry": { "type": "Point", "coordinates": [ 133.098325527925113, 33.929503742494376 ] } },
{ "type": "Feature", "properties": { "内容": "グループホーム竹梅小路【認知症対応型共同生活介護】愛媛県西条市本町48番", "url": "https://www.kaigokensaku.mhlw.go.jp/38/index.php?action_kouhyou_detail_004_kani=true&JigyosyoCd=3890600343-00&ServiceCd=320&Type=search", "url2": "http://kitenkai.or.jp/" }, "geometry": { "type": "Point", "coordinates": [ 133.181929012707883, 33.92122573554412 ] } },
{ "type": "Feature", "properties": { "内容": "グループホームたまつ【認知症対応型共同生活介護】下島山甲2055-52", "url": "https://www.kaigokensaku.mhlw.go.jp/38/index.php?action_kouhyou_detail_004_kani=true&JigyosyoCd=3890600376-00&ServiceCd=320&Type=search", "url2": null }, "geometry": { "type": "Point", "coordinates": [ 133.220811550787346, 33.9275112 ] } },
{ "type": "Feature", "properties": { "内容": "グループホームちとせ【認知症対応型共同生活介護】愛媛県西条市三津屋南8番24", "url": "https://www.kaigokensaku.mhlw.go.jp/38/index.php?action_kouhyou_detail_004_kani=true&JigyosyoCd=3890600384-00&ServiceCd=320&Type=search", "url2": "http://www.koujin.net" }, "geometry": { "type": "Point", "coordinates": [ 133.088519091401679, 33.933207241235621 ] } },
{ "type": "Feature", "properties": { "内容": "グループホーム　くれない【認知症対応型共同生活介護】愛媛県西条市樋之口380番地1", "url": "https://www.kaigokensaku.mhlw.go.jp/38/index.php?action_kouhyou_detail_004_kani=true&JigyosyoCd=3890600392-00&ServiceCd=320&Type=search", "url2": "http://www.yuyusya.co.jp" }, "geometry": { "type": "Point", "coordinates": [ 133.162285700000012, 33.9228113 ] } },
{ "type": "Feature", "properties": { "内容": "グループホーム　あんど【認知症対応型共同生活介護】愛媛県西条市桑村456番地", "url": "https://www.kaigokensaku.mhlw.go.jp/38/index.php?action_kouhyou_detail_004_kani=true&JigyosyoCd=3890600434-00&ServiceCd=320&Type=search", "url2": "https://yuyusya.co.jp/" }, "geometry": { "type": "Point", "coordinates": [ 133.0536758, 33.9417774 ] } },
{ "type": "Feature", "properties": { "内容": "グループホーム　かわせみ【認知症対応型共同生活介護】愛媛県西条市大町３０７番地６", "url": "https://www.kaigokensaku.mhlw.go.jp/38/index.php?action_kouhyou_detail_004_kani=true&JigyosyoCd=3890600442-00&ServiceCd=320&Type=search", "url2": "https://www.koumyokai-saijo.com/" }, "geometry": { "type": "Point", "coordinates": [ 133.1912302, 33.9145982 ] } },
{ "type": "Feature", "properties": { "内容": "グループホーム恵須栄【認知症対応型共同生活介護】愛媛県西条市大野３３０－１", "url": "https://www.kaigokensaku.mhlw.go.jp/38/index.php?action_kouhyou_detail_004_kani=true&JigyosyoCd=3871200139-00&ServiceCd=320&Type=search", "url2": "http://esuei-service.com/" }, "geometry": { "type": "Point", "coordinates": [ 133.0478577, 33.94460990000001 ] } },
{ "type": "Feature", "properties": { "内容": "グループホーム銀河【認知症対応型共同生活介護】大洲市徳森１４７７番地１", "url": "https://www.kaigokensaku.mhlw.go.jp/38/index.php?action_kouhyou_detail_004_kani=true&JigyosyoCd=3870700147-00&ServiceCd=320&Type=search", "url2": null }, "geometry": { "type": "Point", "coordinates": [ 132.583527299999986, 33.5304973 ] } },
{ "type": "Feature", "properties": { "内容": "グループホーム　やすらぎの家【認知症対応型共同生活介護】大洲市西大洲甲５２５番地", "url": "https://www.kaigokensaku.mhlw.go.jp/38/index.php?action_kouhyou_detail_004_kani=true&JigyosyoCd=3870700261-00&ServiceCd=320&Type=search", "url2": null }, "geometry": { "type": "Point", "coordinates": [ 132.521423575502013, 33.50446903695434 ] } },
{ "type": "Feature", "properties": { "内容": "グループホーム星城【認知症対応型共同生活介護】大洲市徳森字土肥1790番地3", "url": "https://www.kaigokensaku.mhlw.go.jp/38/index.php?action_kouhyou_detail_004_kani=true&JigyosyoCd=3870700295-00&ServiceCd=320&Type=search", "url2": null }, "geometry": { "type": "Point", "coordinates": [ 132.586521700000048, 33.5241787 ] } },
{ "type": "Feature", "properties": { "内容": "グループホームはるか【認知症対応型共同生活介護】愛媛県大洲市春賀甲1666番地1", "url": "https://www.kaigokensaku.mhlw.go.jp/38/index.php?action_kouhyou_detail_004_kani=true&JigyosyoCd=3870700345-00&ServiceCd=320&Type=search", "url2": "http://www.ecomnet.or.jp/~ohzuhome" }, "geometry": { "type": "Point", "coordinates": [ 132.553900191982848, 33.563606186485245 ] } },
{ "type": "Feature", "properties": { "内容": "グループホーム春のうらら【認知症対応型共同生活介護】愛媛県大洲市新谷乙９１７番地１", "url": "https://www.kaigokensaku.mhlw.go.jp/38/index.php?action_kouhyou_detail_004_kani=true&JigyosyoCd=3870700501-00&ServiceCd=320&Type=search", "url2": "https://nagami-no-kai.com/harunourara/" }, "geometry": { "type": "Point", "coordinates": [ 132.597942800000027, 33.5291785 ] } },
{ "type": "Feature", "properties": { "内容": "グループホーム　やまと【認知症対応型共同生活介護】愛媛県大洲市長浜町下須戒13番地8", "url": "https://www.kaigokensaku.mhlw.go.jp/38/index.php?action_kouhyou_detail_004_kani=true&JigyosyoCd=3873600369-00&ServiceCd=320&Type=search", "url2": null }, "geometry": { "type": "Point", "coordinates": [ 132.496288899999968, 33.5926605 ] } },
{ "type": "Feature", "properties": { "内容": "グループホーム白雲【認知症対応型共同生活介護】愛媛県大洲市白滝甲669番地4", "url": "https://www.kaigokensaku.mhlw.go.jp/38/index.php?action_kouhyou_detail_004_kani=true&JigyosyoCd=3873600377-00&ServiceCd=320&Type=search", "url2": "http:shinpukai.co.jp/shisetsu/#hakuun" }, "geometry": { "type": "Point", "coordinates": [ 132.528214199999979, 33.5784409 ] } },
{ "type": "Feature", "properties": { "内容": "グループホーム阿蔵の森【認知症対応型共同生活介護】愛媛県大洲市阿蔵甲1961番地4", "url": "https://www.kaigokensaku.mhlw.go.jp/38/index.php?action_kouhyou_detail_004_kani=true&JigyosyoCd=3890700036-00&ServiceCd=320&Type=search", "url2": null }, "geometry": { "type": "Point", "coordinates": [ 132.530119600000035, 33.512772499999983 ] } },
{ "type": "Feature", "properties": { "内容": "グループホーム嶺南【認知症対応型共同生活介護】愛媛県大洲市肱川町山鳥坂241番地1", "url": "https://www.kaigokensaku.mhlw.go.jp/38/index.php?action_kouhyou_detail_004_kani=true&JigyosyoCd=3890700069-00&ServiceCd=320&Type=search", "url2": null }, "geometry": { "type": "Point", "coordinates": [ 132.689802500000042, 33.4498703 ] } },
{ "type": "Feature", "properties": { "内容": "グループホーム春の風【認知症対応型共同生活介護】愛媛県大洲市長浜甲５７０番地", "url": "https://www.kaigokensaku.mhlw.go.jp/38/index.php?action_kouhyou_detail_004_kani=true&JigyosyoCd=3890700085-00&ServiceCd=320&Type=search", "url2": "http://www.ecomnet.or.jp/~ohzuhome/" }, "geometry": { "type": "Point", "coordinates": [ 132.479785337156727, 33.615135224190198 ] } },
{ "type": "Feature", "properties": { "内容": "グループホームパートナーハウスたんぽぽ【認知症対応型共同生活介護】愛媛県大洲市長浜町出海乙4番地グループホームパートナーハウスたんぽぽ", "url": "https://www.kaigokensaku.mhlw.go.jp/38/index.php?action_kouhyou_detail_004_kani=true&JigyosyoCd=3890700127-00&ServiceCd=320&Type=search", "url2": "https://www.instagram.com/kiamekicare/?hl=ja" }, "geometry": { "type": "Point", "coordinates": [ 132.433599500000014, 33.557056 ] } },
{ "type": "Feature", "properties": { "内容": "グループホーム零月【認知症対応型共同生活介護】愛媛県大洲市新谷町甲261番地1", "url": "https://www.kaigokensaku.mhlw.go.jp/38/index.php?action_kouhyou_detail_004_kani=true&JigyosyoCd=3890700184-00&ServiceCd=320&Type=search", "url2": "http://shinpukai.co.jp" }, "geometry": { "type": "Point", "coordinates": [ 132.5981275, 33.5373731 ] } },
{ "type": "Feature", "properties": { "内容": "グループホーム楽生苑【認知症対応型共同生活介護】愛媛県大洲市松尾465番地1", "url": "https://www.kaigokensaku.mhlw.go.jp/38/index.php?action_kouhyou_detail_004_kani=true&JigyosyoCd=3890700077-00&ServiceCd=320&Type=search", "url2": "https://www.enjoylife-care.jp/" }, "geometry": { "type": "Point", "coordinates": [ 132.54632361831591, 33.491833209704374 ] } },
{ "type": "Feature", "properties": { "内容": "グループホーム香寿【認知症対応型共同生活介護】愛媛県大洲市中村８５３－１　２階３階", "url": "https://www.kaigokensaku.mhlw.go.jp/38/index.php?action_kouhyou_detail_004_kani=true&JigyosyoCd=3890700234-00&ServiceCd=320&Type=search", "url2": "https://kazuozu.com/" }, "geometry": { "type": "Point", "coordinates": [ 132.545636, 33.5102724 ] } },
{ "type": "Feature", "properties": { "内容": "グループホーム龍星【認知症対応型共同生活介護】愛媛県大洲市柚木字王子ヶ平５８７番地１", "url": "https://www.kaigokensaku.mhlw.go.jp/38/index.php?action_kouhyou_detail_004_kani=true&JigyosyoCd=3890700028-00&ServiceCd=320&Type=search", "url2": null }, "geometry": { "type": "Point", "coordinates": [ 132.548610899999971, 33.5033857 ] } },
{ "type": "Feature", "properties": { "内容": "グループホーム　伊予の郷【認知症対応型共同生活介護】愛媛県伊予市八倉919番地5", "url": "https://www.kaigokensaku.mhlw.go.jp/38/index.php?action_kouhyou_detail_004_kani=true&JigyosyoCd=3871000174-00&ServiceCd=320&Type=search", "url2": "http://www.iyohp.jp/" }, "geometry": { "type": "Point", "coordinates": [ 132.771177699999953, 33.7844053 ] } },
{ "type": "Feature", "properties": { "内容": "グループホーム　ユニット　ぐんちゅう【認知症対応型共同生活介護】愛媛県伊予市米湊字西窪１１３１－３", "url": "https://www.kaigokensaku.mhlw.go.jp/38/index.php?action_kouhyou_detail_004_kani=true&JigyosyoCd=3871000190-00&ServiceCd=320&Type=search", "url2": "https://care-net.biz/38/unit-1" }, "geometry": { "type": "Point", "coordinates": [ 132.7043986, 33.7595457 ] } },
{ "type": "Feature", "properties": { "内容": "グル-プホ-ム森の園【認知症対応型共同生活介護】愛媛県伊予市森甲440-1", "url": "https://www.kaigokensaku.mhlw.go.jp/38/index.php?action_kouhyou_detail_004_kani=true&JigyosyoCd=3871000224-00&ServiceCd=320&Type=search", "url2": "http://morinosono.sakura.ne.jp/" }, "geometry": { "type": "Point", "coordinates": [ 132.688370820542104, 33.739088912488462 ] } },
{ "type": "Feature", "properties": { "内容": "グループホームユニットいよ【認知症対応型共同生活介護】伊予市灘町302番地１", "url": "https://www.kaigokensaku.mhlw.go.jp/38/index.php?action_kouhyou_detail_004_kani=true&JigyosyoCd=3871000281-00&ServiceCd=320&Type=search", "url2": "http://care-net.biz/38/unit-1" }, "geometry": { "type": "Point", "coordinates": [ 132.699207500000057, 33.7555571 ] } },
{ "type": "Feature", "properties": { "内容": "グループホーム　あいらんど【認知症対応型共同生活介護】愛媛県伊予市下三谷2278-1", "url": "https://www.kaigokensaku.mhlw.go.jp/38/index.php?action_kouhyou_detail_004_kani=true&JigyosyoCd=3871000372-00&ServiceCd=320&Type=search", "url2": "http://in-island.com" }, "geometry": { "type": "Point", "coordinates": [ 132.716400099999987, 33.7648149 ] } },
{ "type": "Feature", "properties": { "内容": "グループホーム　ぽかぽか　（ふたみ）【認知症対応型共同生活介護】愛媛県伊予市双海町大久保字石ノ久保甲９７４番地８", "url": "https://www.kaigokensaku.mhlw.go.jp/38/index.php?action_kouhyou_detail_004_kani=true&JigyosyoCd=3891000063-00&ServiceCd=320&Type=search", "url2": "https://pokapoka-oasis.jimdo.com/" }, "geometry": { "type": "Point", "coordinates": [ 132.591834899999981, 33.657595 ] } },
{ "type": "Feature", "properties": { "内容": "グループホーム伊予あいじゅ【認知症対応型共同生活介護】愛媛県伊予市下吾川字北西原1781番地1", "url": "https://www.kaigokensaku.mhlw.go.jp/38/index.php?action_kouhyou_detail_004_kani=true&JigyosyoCd=3891000139-00&ServiceCd=320&Type=search", "url2": "http://www.aijukai-group.com/facilities/iyoaiju.html" }, "geometry": { "type": "Point", "coordinates": [ 132.700158915769208, 33.772230383330296 ] } },
{ "type": "Feature", "properties": { "内容": "グループホーム　土香里【認知症対応型共同生活介護】愛媛県伊予市大平字片山甲225番地1", "url": "https://www.kaigokensaku.mhlw.go.jp/38/index.php?action_kouhyou_detail_004_kani=true&JigyosyoCd=3871000414-00&ServiceCd=320&Type=search", "url2": null }, "geometry": { "type": "Point", "coordinates": [ 132.703828084803035, 33.727121546757445 ] } },
{ "type": "Feature", "properties": { "内容": "グループホーム秦皇【認知症対応型共同生活介護】伊予市中山町中山丑523番1", "url": "https://www.kaigokensaku.mhlw.go.jp/38/index.php?action_kouhyou_detail_004_kani=true&JigyosyoCd=3891000048-00&ServiceCd=320&Type=search", "url2": "gh-shinkou@shinpukai.co.jp>" }, "geometry": { "type": "Point", "coordinates": [ 132.708649409754258, 33.635663714657525 ] } },
{ "type": "Feature", "properties": { "内容": "グループホームこもれびの家【認知症対応型共同生活介護】愛媛県四国中央市下柏町５４番地１グループホームこもれびの家", "url": "https://www.kaigokensaku.mhlw.go.jp/38/index.php?action_kouhyou_detail_004_kani=true&JigyosyoCd=3891300075-00&ServiceCd=320&Type=search", "url2": "meisei-hasegawa.com" }, "geometry": { "type": "Point", "coordinates": [ 133.558455399999957, 33.9832463 ] } },
{ "type": "Feature", "properties": { "内容": "グループホームレオナ【認知症対応型共同生活介護】愛媛県四国中央市金生町下分1423グループホームレオナ", "url": "https://www.kaigokensaku.mhlw.go.jp/38/index.php?action_kouhyou_detail_004_kani=true&JigyosyoCd=3870800202-00&ServiceCd=320&Type=search", "url2": "http://www2.patt.gr.jp/~leona" }, "geometry": { "type": "Point", "coordinates": [ 133.582013700000061, 34.0003299 ] } },
{ "type": "Feature", "properties": { "内容": "グループホームさわらび【認知症対応型共同生活介護】愛媛県四国中央市三島金子２丁目７番２２号", "url": "https://www.kaigokensaku.mhlw.go.jp/38/index.php?action_kouhyou_detail_004_kani=true&JigyosyoCd=3870900150-00&ServiceCd=320&Type=search", "url2": "http://www.nishioka-hp.com" }, "geometry": { "type": "Point", "coordinates": [ 133.537529, 33.9798576 ] } },
{ "type": "Feature", "properties": { "内容": "グループホーム桃太郎【認知症対応型共同生活介護】愛媛県四国中央市中曽根町994", "url": "https://www.kaigokensaku.mhlw.go.jp/38/index.php?action_kouhyou_detail_004_kani=true&JigyosyoCd=3870900192-00&ServiceCd=320&Type=search", "url2": null }, "geometry": { "type": "Point", "coordinates": [ 133.553605800000014, 33.9707565 ] } },
{ "type": "Feature", "properties": { "内容": "グループホーム　どんぐり【認知症対応型共同生活介護】愛媛県四国中央市中之庄町393-1", "url": "https://www.kaigokensaku.mhlw.go.jp/38/index.php?action_kouhyou_detail_004_kani=true&JigyosyoCd=3870900259-00&ServiceCd=320&Type=search", "url2": null }, "geometry": { "type": "Point", "coordinates": [ 133.531833820237694, 33.976750694085752 ] } },
{ "type": "Feature", "properties": { "内容": "グループホーム　テレサ【認知症対応型共同生活介護】四国中央市土居町蕪崎１６７", "url": "https://www.kaigokensaku.mhlw.go.jp/38/index.php?action_kouhyou_detail_004_kani=true&JigyosyoCd=3871300152-00&ServiceCd=320&Type=search", "url2": null }, "geometry": { "type": "Point", "coordinates": [ 133.42958520000002, 33.9724092 ] } },
{ "type": "Feature", "properties": { "内容": "グループホーム菜の花【認知症対応型共同生活介護】愛媛県四国中央市中之庄町60番1", "url": "https://www.kaigokensaku.mhlw.go.jp/38/index.php?action_kouhyou_detail_004_kani=true&JigyosyoCd=3891300109-00&ServiceCd=320&Type=search", "url2": "http://www6.ocn.ne.jp/~csnanoha/" }, "geometry": { "type": "Point", "coordinates": [ 133.528734864418055, 33.975172440230487 ] } },
{ "type": "Feature", "properties": { "内容": "グループホームいしかわ【認知症対応型共同生活介護】愛媛県四国中央市上分町861-20", "url": "https://www.kaigokensaku.mhlw.go.jp/38/index.php?action_kouhyou_detail_004_kani=true&JigyosyoCd=3891300166-00&ServiceCd=320&Type=search", "url2": "http://kenkou-kai.jp/" }, "geometry": { "type": "Point", "coordinates": [ 133.58698030000005, 33.9819187 ] } },
{ "type": "Feature", "properties": { "内容": "グループホーム　三島の杜【認知症対応型共同生活介護】愛媛県四国中央市上柏町202番地1", "url": "https://www.kaigokensaku.mhlw.go.jp/38/index.php?action_kouhyou_detail_004_kani=true&JigyosyoCd=3891300190-00&ServiceCd=320&Type=search", "url2": "http://www.aibikai.jp/" }, "geometry": { "type": "Point", "coordinates": [ 133.5588553, 33.9803912 ] } },
{ "type": "Feature", "properties": { "内容": "グループホーム四つ葉【認知症対応型共同生活介護】愛媛県四国中央市土居町入野121", "url": "https://www.kaigokensaku.mhlw.go.jp/38/index.php?action_kouhyou_detail_004_kani=true&JigyosyoCd=3891300398-00&ServiceCd=320&Type=search", "url2": null }, "geometry": { "type": "Point", "coordinates": [ 133.422327599999988, 33.9521888 ] } },
{ "type": "Feature", "properties": { "内容": "まちなか【認知症対応型共同生活介護】川之江町2651-6", "url": "https://www.kaigokensaku.mhlw.go.jp/38/index.php?action_kouhyou_detail_004_kani=true&JigyosyoCd=3891300059-00&ServiceCd=320&Type=search", "url2": "http://www.slowlife.co.jp/" }, "geometry": { "type": "Point", "coordinates": [ 133.578207933343492, 34.016942249859248 ] } },
{ "type": "Feature", "properties": { "内容": "グループホーム　愛【認知症対応型共同生活介護】土居町上野乙１５６－２", "url": "https://www.kaigokensaku.mhlw.go.jp/38/index.php?action_kouhyou_detail_004_kani=true&JigyosyoCd=3891300091-00&ServiceCd=320&Type=search", "url2": null }, "geometry": { "type": "Point", "coordinates": [ 133.386676, 33.94242 ] } },
{ "type": "Feature", "properties": { "内容": "認知症対応型共同生活介護事業所　くりのみ土居【認知症対応型共同生活介護】愛媛県四国中央市土居町津根3008番地1", "url": "https://www.kaigokensaku.mhlw.go.jp/38/index.php?action_kouhyou_detail_004_kani=true&JigyosyoCd=3891300133-00&ServiceCd=320&Type=search", "url2": null }, "geometry": { "type": "Point", "coordinates": [ 133.45356860000004, 33.9663965 ] } },
{ "type": "Feature", "properties": { "内容": "グループホームだんだん【認知症対応型共同生活介護】愛媛県四国中央市川之江町701-4", "url": "https://www.kaigokensaku.mhlw.go.jp/38/index.php?action_kouhyou_detail_004_kani=true&JigyosyoCd=3891300430-00&ServiceCd=320&Type=search", "url2": "https://yotuba-soudan.jimdofree.com/" }, "geometry": { "type": "Point", "coordinates": [ 133.568310839286795, 34.006728281715048 ] } },
{ "type": "Feature", "properties": { "内容": "グループホーム新町【認知症対応型共同生活介護】愛媛県四国中央市中之庄町60番1", "url": "https://www.kaigokensaku.mhlw.go.jp/38/index.php?action_kouhyou_detail_004_kani=true&JigyosyoCd=3891300331-00&ServiceCd=320&Type=search", "url2": "http://www.yuyusya.co.jp/" }, "geometry": { "type": "Point", "coordinates": [ 133.528945888202742, 33.975212759629926 ] } },
{ "type": "Feature", "properties": { "内容": "グループホーム　蘭【認知症対応型共同生活介護】愛媛県西予市宇和町河内１６６－１", "url": "https://www.kaigokensaku.mhlw.go.jp/38/index.php?action_kouhyou_detail_004_kani=true&JigyosyoCd=3871400259-00&ServiceCd=320&Type=search", "url2": "https://www.wakehime.com/" }, "geometry": { "type": "Point", "coordinates": [ 132.506161099999986, 33.4274869 ] } },
{ "type": "Feature", "properties": { "内容": "アクティブライフ宇和【認知症対応型共同生活介護】愛媛県西予市宇和町卯之町５丁目２３３番地", "url": "https://www.kaigokensaku.mhlw.go.jp/38/index.php?action_kouhyou_detail_004_kani=true&JigyosyoCd=3871400226-00&ServiceCd=320&Type=search", "url2": "http://www.kujira.biz/" }, "geometry": { "type": "Point", "coordinates": [ 132.524166400000013, 33.3592737 ] } },
{ "type": "Feature", "properties": { "内容": "株式会社　新風会　グループホーム蒼月【認知症対応型共同生活介護】愛媛県西予市宇和町岡山545番地", "url": "https://www.kaigokensaku.mhlw.go.jp/38/index.php?action_kouhyou_detail_004_kani=true&JigyosyoCd=3871400267-00&ServiceCd=320&Type=search", "url2": "shinpukai.co.jp" }, "geometry": { "type": "Point", "coordinates": [ 132.505575099999987, 33.4232874 ] } },
{ "type": "Feature", "properties": { "内容": "医療法人　竹林院　グループホーム竹の園【認知症対応型共同生活介護】西予市野村町野村12号106番地", "url": "https://www.kaigokensaku.mhlw.go.jp/38/index.php?action_kouhyou_detail_004_kani=true&JigyosyoCd=3871400275-00&ServiceCd=320&Type=search", "url2": "iseki-mc.wixsite.com" }, "geometry": { "type": "Point", "coordinates": [ 132.646409899999981, 33.3747428 ] } },
{ "type": "Feature", "properties": { "内容": "グループホーム昴星【認知症対応型共同生活介護】西予市城川町下相693番地", "url": "https://www.kaigokensaku.mhlw.go.jp/38/index.php?action_kouhyou_detail_004_kani=true&JigyosyoCd=3871400317-00&ServiceCd=320&Type=search", "url2": "http://shinpukai.co.jp" }, "geometry": { "type": "Point", "coordinates": [ 132.7522914, 33.3781865 ] } },
{ "type": "Feature", "properties": { "内容": "グループホームうつのみやさんの家【認知症対応型共同生活介護】宇和町田苗真土１９９４－１", "url": "https://www.kaigokensaku.mhlw.go.jp/38/index.php?action_kouhyou_detail_004_kani=true&JigyosyoCd=3873800290-00&ServiceCd=320&Type=search", "url2": "https://www.seiyofukushi.com/" }, "geometry": { "type": "Point", "coordinates": [ 132.507418975221299, 33.399792384164797 ] } },
{ "type": "Feature", "properties": { "内容": "グループホーム宇和ひまわり【認知症対応型共同生活介護】愛媛県西予市宇和町坂戸336-1", "url": "https://www.kaigokensaku.mhlw.go.jp/38/index.php?action_kouhyou_detail_004_kani=true&JigyosyoCd=3873800373-00&ServiceCd=320&Type=search", "url2": null }, "geometry": { "type": "Point", "coordinates": [ 132.504095, 33.390558 ] } },
{ "type": "Feature", "properties": { "内容": "グループホーム　あいの里【認知症対応型共同生活介護】愛媛県西予市野村町阿下６号５８８番地", "url": "https://www.kaigokensaku.mhlw.go.jp/38/index.php?action_kouhyou_detail_004_kani=true&JigyosyoCd=3891400016-00&ServiceCd=320&Type=search", "url2": null }, "geometry": { "type": "Point", "coordinates": [ 132.64706810000007, 33.3826499 ] } },
{ "type": "Feature", "properties": { "内容": "アクティブライフ三瓶【認知症対応型共同生活介護】愛媛県西予市三瓶町朝立7番耕地84番地1", "url": "https://www.kaigokensaku.mhlw.go.jp/38/index.php?action_kouhyou_detail_004_kani=true&JigyosyoCd=3891400024-00&ServiceCd=320&Type=search", "url2": "http://www.kujira.biz/" }, "geometry": { "type": "Point", "coordinates": [ 132.43334, 33.3928417 ] } },
{ "type": "Feature", "properties": { "内容": "グループホームもみの木【認知症対応型共同生活介護】愛媛県西予市宇和町上松葉165番地1", "url": "https://www.kaigokensaku.mhlw.go.jp/38/index.php?action_kouhyou_detail_004_kani=true&JigyosyoCd=3891400040-00&ServiceCd=320&Type=search", "url2": null }, "geometry": { "type": "Point", "coordinates": [ 132.501362100000051, 33.3853613 ] } },
{ "type": "Feature", "properties": { "内容": "グループホーム　ひねもす【認知症対応型共同生活介護】愛媛県西予市宇和町卯之町五丁目1番地4", "url": "https://www.kaigokensaku.mhlw.go.jp/38/index.php?action_kouhyou_detail_004_kani=true&JigyosyoCd=3891400081-00&ServiceCd=320&Type=search", "url2": null }, "geometry": { "type": "Point", "coordinates": [ 132.528440899999964, 33.3618651 ] } },
{ "type": "Feature", "properties": { "内容": "グループホーム　明浜館【認知症対応型共同生活介護】愛媛県西予市明浜町高山甲６８８番地", "url": "https://www.kaigokensaku.mhlw.go.jp/38/index.php?action_kouhyou_detail_004_kani=true&JigyosyoCd=3891400156-00&ServiceCd=320&Type=search", "url2": "http://www.care-net.biz/38/hyakushouikki/" }, "geometry": { "type": "Point", "coordinates": [ 132.435305241235113, 33.316669163720498 ] } },
{ "type": "Feature", "properties": { "内容": "グループホーム　蘭【認知症対応型共同生活介護】愛媛県西予市宇和町河内１６６－１", "url": "https://www.kaigokensaku.mhlw.go.jp/38/index.php?action_kouhyou_detail_004_kani=true&JigyosyoCd=3891400164-00&ServiceCd=320&Type=search", "url2": "http://www.seiyofukusi.com" }, "geometry": { "type": "Point", "coordinates": [ 132.5061325, 33.4275069 ] } },
{ "type": "Feature", "properties": { "内容": "グループホームかぐや姫【認知症対応型共同生活介護】愛媛県西予市野村町野村11-95-1", "url": "https://www.kaigokensaku.mhlw.go.jp/38/index.php?action_kouhyou_detail_004_kani=true&JigyosyoCd=3871400200-00&ServiceCd=320&Type=search", "url2": "http://iseki-mc.wixsite.com/iseki-mc" }, "geometry": { "type": "Point", "coordinates": [ 132.643438, 33.3720792 ] } },
{ "type": "Feature", "properties": { "内容": "グループホームまほろば【認知症対応型共同生活介護】愛媛県西予市三瓶町朝立2-1-7", "url": "https://www.kaigokensaku.mhlw.go.jp/38/index.php?action_kouhyou_detail_004_kani=true&JigyosyoCd=3873700383-00&ServiceCd=320&Type=search", "url2": "http://minorikai.net/index.html" }, "geometry": { "type": "Point", "coordinates": [ 132.42526010000006, 33.3846535 ] } },
{ "type": "Feature", "properties": { "内容": "うっかり長屋きなはいや【認知症対応型共同生活介護】愛媛県西予市野村町野村１１－１", "url": "https://www.kaigokensaku.mhlw.go.jp/38/index.php?action_kouhyou_detail_004_kani=true&JigyosyoCd=3873800415-00&ServiceCd=320&Type=search", "url2": null }, "geometry": { "type": "Point", "coordinates": [ 132.642282600000044, 33.3739789 ] } },
{ "type": "Feature", "properties": { "内容": "グループホーム　つるかめ【認知症対応型共同生活介護】野村町野村2号109番地1", "url": "https://www.kaigokensaku.mhlw.go.jp/38/index.php?action_kouhyou_detail_004_kani=true&JigyosyoCd=3891400073-00&ServiceCd=320&Type=search", "url2": null }, "geometry": { "type": "Point", "coordinates": [ 132.644435, 33.3801836 ] } },
{ "type": "Feature", "properties": { "内容": "グループホームつじい【認知症対応型共同生活介護】愛媛県東温市田窪２５３－２", "url": "https://www.kaigokensaku.mhlw.go.jp/38/index.php?action_kouhyou_detail_004_kani=true&JigyosyoCd=3873300283-00&ServiceCd=320&Type=search", "url2": "http://www.tsujii-clinic.com/" }, "geometry": { "type": "Point", "coordinates": [ 132.8693409, 33.7915375 ] } },
{ "type": "Feature", "properties": { "内容": "グループホーム菜の花【認知症対応型共同生活介護】愛媛県東温市志津川91番地3", "url": "https://www.kaigokensaku.mhlw.go.jp/38/index.php?action_kouhyou_detail_004_kani=true&JigyosyoCd=3873300291-00&ServiceCd=320&Type=search", "url2": null }, "geometry": { "type": "Point", "coordinates": [ 132.880159300000059, 33.8066193 ] } },
{ "type": "Feature", "properties": { "内容": "アンダンテ【認知症対応型共同生活介護】志津川1578-1", "url": "https://www.kaigokensaku.mhlw.go.jp/38/index.php?action_kouhyou_detail_004_kani=true&JigyosyoCd=3891500021-00&ServiceCd=320&Type=search", "url2": "http://www.andante.or.jp" }, "geometry": { "type": "Point", "coordinates": [ 132.869060399999967, 33.800753 ] } },
{ "type": "Feature", "properties": { "内容": "グループホームはあと【認知症対応型共同生活介護】愛媛県東温市田窪2054番地1", "url": "https://www.kaigokensaku.mhlw.go.jp/38/index.php?action_kouhyou_detail_004_kani=true&JigyosyoCd=3891500054-00&ServiceCd=320&Type=search", "url2": "http://www.tsujii-clinic.com/" }, "geometry": { "type": "Point", "coordinates": [ 132.8655857, 33.792765 ] } },
{ "type": "Feature", "properties": { "内容": "グループホームやわらぎ川内【認知症対応型共同生活介護】愛媛県東温市南方1787-2グループホームやわらぎ川内", "url": "https://www.kaigokensaku.mhlw.go.jp/38/index.php?action_kouhyou_detail_004_kani=true&JigyosyoCd=3871500025-00&ServiceCd=320&Type=search", "url2": "http://www.yawaragi-ehime.com/" }, "geometry": { "type": "Point", "coordinates": [ 132.897491, 33.7971237 ] } },
{ "type": "Feature", "properties": { "内容": "グループホーム重信の郷【認知症対応型共同生活介護】愛媛県東温市志津川1820-6", "url": "https://www.kaigokensaku.mhlw.go.jp/38/index.php?action_kouhyou_detail_004_kani=true&JigyosyoCd=3891500070-00&ServiceCd=320&Type=search", "url2": "http://www.yuyusya.co.jp/" }, "geometry": { "type": "Point", "coordinates": [ 132.87299889999997, 33.7977313 ] } },
{ "type": "Feature", "properties": { "内容": "グループホームさくらや【認知症対応型共同生活介護】愛媛県越智郡上島町岩城２２３９グループホームさくらや", "url": "https://www.kaigokensaku.mhlw.go.jp/38/index.php?action_kouhyou_detail_004_kani=true&JigyosyoCd=3893200034-00&ServiceCd=320&Type=search", "url2": "https://www.kaigokensaku.mhlw.go.jp/38/index.php?action_kouhyou_detail_007_kihon=true&JigyosyoCd=3893200034-00&ServiceCd=720" }, "geometry": { "type": "Point", "coordinates": [ 133.141865700000039, 34.2482635 ] } },
{ "type": "Feature", "properties": { "内容": "グループホーム・サマリヤの家【認知症対応型共同生活介護】愛媛県上浮穴郡久万高原町上野尻甲６２３－２", "url": "https://www.kaigokensaku.mhlw.go.jp/38/index.php?action_kouhyou_detail_004_kani=true&JigyosyoCd=3873400208-00&ServiceCd=320&Type=search", "url2": "https://care-net.biz/38/jesus/" }, "geometry": { "type": "Point", "coordinates": [ 132.909237399999938, 33.643182 ] } },
{ "type": "Feature", "properties": { "内容": "グループホーム・シオンの家【認知症対応型共同生活介護】愛媛県上浮穴郡久万高原町上野尻甲５３５", "url": "https://www.kaigokensaku.mhlw.go.jp/38/index.php?action_kouhyou_detail_004_kani=true&JigyosyoCd=3873400224-00&ServiceCd=320&Type=search", "url2": "https://care-net.biz/38/jesus/" }, "geometry": { "type": "Point", "coordinates": [ 132.906372800772033, 33.648611245626356 ] } },
{ "type": "Feature", "properties": { "内容": "グループホーム　久万いこいの郷【認知症対応型共同生活介護】入野1726番地５号", "url": "https://www.kaigokensaku.mhlw.go.jp/38/index.php?action_kouhyou_detail_004_kani=true&JigyosyoCd=3873400273-00&ServiceCd=320&Type=search", "url2": null }, "geometry": { "type": "Point", "coordinates": [ 132.896060199999965, 33.6609438 ] } },
{ "type": "Feature", "properties": { "内容": "くま安心館グループホーム【認知症対応型共同生活介護】愛媛県上浮穴郡久万高原町久万540-3", "url": "https://www.kaigokensaku.mhlw.go.jp/38/index.php?action_kouhyou_detail_004_kani=true&JigyosyoCd=3873400216-00&ServiceCd=320&Type=search", "url2": "http://tampopo.ikegawa.jp/tampopo-wp/index.php/kuma/" }, "geometry": { "type": "Point", "coordinates": [ 132.900481094581693, 33.661202369902206 ] } },
{ "type": "Feature", "properties": { "内容": "グループホーム浜っ子【認知症対応型共同生活介護】愛媛県伊予郡松前町浜８５８番地", "url": "https://www.kaigokensaku.mhlw.go.jp/38/index.php?action_kouhyou_detail_004_kani=true&JigyosyoCd=3873500650-00&ServiceCd=320&Type=search", "url2": null }, "geometry": { "type": "Point", "coordinates": [ 132.708372700000041, 33.7866648 ] } },
{ "type": "Feature", "properties": { "内容": "グループホーム　ひなたぼっこ【認知症対応型共同生活介護】伊予郡松前町西高柳２６７－１", "url": "https://www.kaigokensaku.mhlw.go.jp/38/index.php?action_kouhyou_detail_004_kani=true&JigyosyoCd=3893500011-00&ServiceCd=320&Type=search", "url2": null }, "geometry": { "type": "Point", "coordinates": [ 132.7148661, 33.8045767 ] } },
{ "type": "Feature", "properties": { "内容": "グループホームエンゼルなかがわら【認知症対応型共同生活介護】愛媛県伊予郡松前町大字中川原168番地1", "url": "https://www.kaigokensaku.mhlw.go.jp/38/index.php?action_kouhyou_detail_004_kani=true&JigyosyoCd=3893500060-00&ServiceCd=320&Type=search", "url2": "http://www.angel-welfare.jp/" }, "geometry": { "type": "Point", "coordinates": [ 132.754615899999976, 33.7971953 ] } },
{ "type": "Feature", "properties": { "内容": "グループホームひまわりのたね【認知症対応型共同生活介護】愛媛県伊予郡松前町昌農内347-1", "url": "https://www.kaigokensaku.mhlw.go.jp/38/index.php?action_kouhyou_detail_004_kani=true&JigyosyoCd=3893500094-00&ServiceCd=320&Type=search", "url2": null }, "geometry": { "type": "Point", "coordinates": [ 132.723240199999964, 33.8004691 ] } },
{ "type": "Feature", "properties": { "内容": "グループホーム　おきた【認知症対応型共同生活介護】愛媛県伊予郡砥部町原町370-1", "url": "https://www.kaigokensaku.mhlw.go.jp/38/index.php?action_kouhyou_detail_004_kani=true&JigyosyoCd=3873500593-00&ServiceCd=320&Type=search", "url2": null }, "geometry": { "type": "Point", "coordinates": [ 132.794203571163933, 33.771096951983424 ] } },
{ "type": "Feature", "properties": { "内容": "グループホームさくら【認知症対応型共同生活介護】愛媛県伊予郡砥部町高尾田１００８－６", "url": "https://www.kaigokensaku.mhlw.go.jp/38/index.php?action_kouhyou_detail_004_kani=true&JigyosyoCd=3873500676-00&ServiceCd=320&Type=search", "url2": null }, "geometry": { "type": "Point", "coordinates": [ 132.796422399999983, 33.7773427 ] } },
{ "type": "Feature", "properties": { "内容": "グループホームぽかぽか【認知症対応型共同生活介護】拾町３５３番地３", "url": "https://www.kaigokensaku.mhlw.go.jp/38/index.php?action_kouhyou_detail_004_kani=true&JigyosyoCd=3873500767-00&ServiceCd=320&Type=search", "url2": null }, "geometry": { "type": "Point", "coordinates": [ 132.787060489969718, 33.780310714809403 ] } },
{ "type": "Feature", "properties": { "内容": "ぐるうぷほーむ　砥辺【認知症対応型共同生活介護】愛媛県伊予郡砥部町原町260", "url": "https://www.kaigokensaku.mhlw.go.jp/38/index.php?action_kouhyou_detail_004_kani=true&JigyosyoCd=3873500775-00&ServiceCd=320&Type=search", "url2": null }, "geometry": { "type": "Point", "coordinates": [ 132.792810249073796, 33.772034185576935 ] } },
{ "type": "Feature", "properties": { "内容": "グループホーム　すまいる【認知症対応型共同生活介護】愛媛県伊予郡砥部町北川毛1442番地16グループホームすまいる", "url": "https://www.kaigokensaku.mhlw.go.jp/38/index.php?action_kouhyou_detail_004_kani=true&JigyosyoCd=3873500536-00&ServiceCd=320&Type=search", "url2": "http://www.you-smile.jp/" }, "geometry": { "type": "Point", "coordinates": [ 132.785708699999986, 33.7385719 ] } },
{ "type": "Feature", "properties": { "内容": "グループホームあおぞら【認知症対応型共同生活介護】愛媛県喜多郡内子町平岡甲1243番地1", "url": "https://www.kaigokensaku.mhlw.go.jp/38/index.php?action_kouhyou_detail_004_kani=true&JigyosyoCd=3873600476-00&ServiceCd=320&Type=search", "url2": "https://care-net.biz/38/firststep/" }, "geometry": { "type": "Point", "coordinates": [ 132.659945200000038, 33.5350129 ] } },
{ "type": "Feature", "properties": { "内容": "グループホーム慶雲【認知症対応型共同生活介護】喜多郡内子町大瀬中央5652番３", "url": "https://www.kaigokensaku.mhlw.go.jp/38/index.php?action_kouhyou_detail_004_kani=true&JigyosyoCd=3893600019-00&ServiceCd=320&Type=search", "url2": "http://shinpukai.co.jp/shisetsu/index.html" }, "geometry": { "type": "Point", "coordinates": [ 132.713652599999932, 33.5712762 ] } },
{ "type": "Feature", "properties": { "内容": "グループホーム　紅葉の里・おだ【認知症対応型共同生活介護】愛媛県喜多郡内子町本川２４２４－１９", "url": "https://www.kaigokensaku.mhlw.go.jp/38/index.php?action_kouhyou_detail_004_kani=true&JigyosyoCd=3893600035-00&ServiceCd=320&Type=search", "url2": "http://www.yuyusya.co.jp" }, "geometry": { "type": "Point", "coordinates": [ 132.813798099999985, 33.5718483 ] } },
{ "type": "Feature", "properties": { "内容": "グループホーム　早雲【認知症対応型共同生活介護】愛媛県喜多郡内子町大瀬中央5652番5", "url": "https://www.kaigokensaku.mhlw.go.jp/38/index.php?action_kouhyou_detail_004_kani=true&JigyosyoCd=3893600043-00&ServiceCd=320&Type=search", "url2": null }, "geometry": { "type": "Point", "coordinates": [ 132.713466499999981, 33.5713734 ] } },
{ "type": "Feature", "properties": { "内容": "グループホームゆうなぎ【認知症対応型共同生活介護】愛媛県喜多郡内子町城廻613番地1", "url": "https://www.kaigokensaku.mhlw.go.jp/38/index.php?action_kouhyou_detail_004_kani=true&JigyosyoCd=3893600084-00&ServiceCd=320&Type=search", "url2": "http://forcecorp.pupu.jp" }, "geometry": { "type": "Point", "coordinates": [ 132.6562793, 33.5610443 ] } },
{ "type": "Feature", "properties": { "内容": "グループホーム　葵【認知症対応型共同生活介護】愛媛県喜多郡内子町内子4271番地10", "url": "https://www.kaigokensaku.mhlw.go.jp/38/index.php?action_kouhyou_detail_004_kani=true&JigyosyoCd=3893600092-00&ServiceCd=320&Type=search", "url2": null }, "geometry": { "type": "Point", "coordinates": [ 132.643784900000014, 33.5556559 ] } },
{ "type": "Feature", "properties": { "内容": "グループホームあまご【認知症対応型共同生活介護】愛媛県喜多郡内子町只海甲８５５番地１５", "url": "https://www.kaigokensaku.mhlw.go.jp/38/index.php?action_kouhyou_detail_004_kani=true&JigyosyoCd=3873600450-00&ServiceCd=320&Type=search", "url2": "https://gh-amago.com/" }, "geometry": { "type": "Point", "coordinates": [ 132.700307299999963, 33.5249674 ] } },
{ "type": "Feature", "properties": { "内容": "グループホームうちこ園【認知症対応型共同生活介護】愛媛県喜多郡内子町内子3683番地", "url": "https://www.kaigokensaku.mhlw.go.jp/38/index.php?action_kouhyou_detail_004_kani=true&JigyosyoCd=3873600468-00&ServiceCd=320&Type=search", "url2": "https://www.uchiko.taishikai.com" }, "geometry": { "type": "Point", "coordinates": [ 132.6428575, 33.5518993 ] } },
{ "type": "Feature", "properties": { "内容": "グループホーム瀬戸あいじゅ【認知症対応型共同生活介護】愛媛県西宇和郡伊方町川之浜５９４番地", "url": "https://www.kaigokensaku.mhlw.go.jp/38/index.php?action_kouhyou_detail_004_kani=true&JigyosyoCd=3873700367-00&ServiceCd=320&Type=search", "url2": "http:/www.aijukai-group.com" }, "geometry": { "type": "Point", "coordinates": [ 132.229136299999936, 33.4264078 ] } },
{ "type": "Feature", "properties": { "内容": "グループホーム　三崎つわぶき荘【認知症対応型共同生活介護】愛媛県西宇和郡伊方町三崎4414番地1", "url": "https://www.kaigokensaku.mhlw.go.jp/38/index.php?action_kouhyou_detail_004_kani=true&JigyosyoCd=3893700025-00&ServiceCd=320&Type=search", "url2": "misakituwabuki@mb.pikara.ne.jp" }, "geometry": { "type": "Point", "coordinates": [ 132.110695699999951, 33.3901425 ] } },
{ "type": "Feature", "properties": { "内容": "グループホームよろこび大久【認知症対応型共同生活介護】愛媛県西宇和郡伊方町大久1391番地1", "url": "https://www.kaigokensaku.mhlw.go.jp/38/index.php?action_kouhyou_detail_004_kani=true&JigyosyoCd=3893700041-00&ServiceCd=320&Type=search", "url2": "http://www.yuyusya.co.jp/" }, "geometry": { "type": "Point", "coordinates": [ 132.1923919, 33.4147771 ] } },
{ "type": "Feature", "properties": { "内容": "グループホームゆうゆう伊方【認知症対応型共同生活介護】愛媛県西宇和郡伊方町川永田乙181番地1グループホームゆうゆう伊方", "url": "https://www.kaigokensaku.mhlw.go.jp/38/index.php?action_kouhyou_detail_004_kani=true&JigyosyoCd=3893700058-00&ServiceCd=320&Type=search", "url2": "https://yuyusya.co.jp/info/" }, "geometry": { "type": "Point", "coordinates": [ 132.340437400000013, 33.4852663 ] } },
{ "type": "Feature", "properties": { "内容": "グループホーム　虹の森【認知症対応型共同生活介護】愛媛県北宇和郡松野町大字松丸548番地1", "url": "https://www.kaigokensaku.mhlw.go.jp/38/index.php?action_kouhyou_detail_004_kani=true&JigyosyoCd=3873900470-00&ServiceCd=320&Type=search", "url2": null }, "geometry": { "type": "Point", "coordinates": [ 132.7129510325409, 33.223646835954305 ] } },
{ "type": "Feature", "properties": { "内容": "グループホーム　虹【認知症対応型共同生活介護】愛媛県北宇和郡松野町大字豊岡3011-12グループホーム　虹", "url": "https://www.kaigokensaku.mhlw.go.jp/38/index.php?action_kouhyou_detail_004_kani=true&JigyosyoCd=3893900062-00&ServiceCd=320&Type=search", "url2": null }, "geometry": { "type": "Point", "coordinates": [ 132.7029576, 33.2321718 ] } },
{ "type": "Feature", "properties": { "内容": "グループホーム　さくら【認知症対応型共同生活介護】愛媛県北宇和郡鬼北町大字内深田1067番地2グループホームさくら", "url": "https://www.kaigokensaku.mhlw.go.jp/38/index.php?action_kouhyou_detail_004_kani=true&JigyosyoCd=3873900488-00&ServiceCd=320&Type=search", "url2": null }, "geometry": { "type": "Point", "coordinates": [ 132.6649804, 33.2616672 ] } },
{ "type": "Feature", "properties": { "内容": "グループホームゆう【認知症対応型共同生活介護】北宇和郡鬼北町大字奈良3768-3", "url": "https://www.kaigokensaku.mhlw.go.jp/38/index.php?action_kouhyou_detail_004_kani=true&JigyosyoCd=3873900561-00&ServiceCd=320&Type=search", "url2": null }, "geometry": { "type": "Point", "coordinates": [ 132.671302, 33.2502604 ] } },
{ "type": "Feature", "properties": { "内容": "グループホームいずみ【認知症対応型共同生活介護】愛媛県北宇和郡鬼北町大字永野市98番地1", "url": "https://www.kaigokensaku.mhlw.go.jp/38/index.php?action_kouhyou_detail_004_kani=true&JigyosyoCd=3873900769-00&ServiceCd=320&Type=search", "url2": null }, "geometry": { "type": "Point", "coordinates": [ 132.686067399999956, 33.2542104 ] } },
{ "type": "Feature", "properties": { "内容": "グループホームわたしの青空【認知症対応型共同生活介護】愛媛県南宇和郡愛南町城辺乙696番10", "url": "https://www.kaigokensaku.mhlw.go.jp/38/index.php?action_kouhyou_detail_004_kani=true&JigyosyoCd=3894000045-00&ServiceCd=320&Type=search", "url2": null }, "geometry": { "type": "Point", "coordinates": [ 132.583893, 32.9675108 ] } },
{ "type": "Feature", "properties": { "内容": "グループホーム　みしょうの里【認知症対応型共同生活介護】愛媛県南宇和郡愛南町満倉2301番地1", "url": "https://www.kaigokensaku.mhlw.go.jp/38/index.php?action_kouhyou_detail_004_kani=true&JigyosyoCd=3874000353-00&ServiceCd=320&Type=search", "url2": "https://m-fukushi.or.jp/" }, "geometry": { "type": "Point", "coordinates": [ 132.601965750359341, 32.953587967313922 ] } },
{ "type": "Feature", "properties": { "内容": "グループホーム　きらり【認知症対応型共同生活介護】愛媛県南宇和郡愛南町御荘平城1308-2", "url": "https://www.kaigokensaku.mhlw.go.jp/38/index.php?action_kouhyou_detail_004_kani=true&JigyosyoCd=3894000037-00&ServiceCd=320&Type=search", "url2": "https://f-step.info/kirari.html" }, "geometry": { "type": "Point", "coordinates": [ 132.55789070000003, 32.9658206 ] } },
{ "type": "Feature", "properties": { "内容": "グループホームさくらさく【認知症対応型共同生活介護】愛媛県南宇和郡愛南町広見2579-1", "url": "https://www.kaigokensaku.mhlw.go.jp/38/index.php?action_kouhyou_detail_004_kani=true&JigyosyoCd=3894000078-00&ServiceCd=320&Type=search", "url2": "https://care-net.biz/38/firststep/b32.php#sakura" }, "geometry": { "type": "Point", "coordinates": [ 132.64879589660336, 32.967949403441139 ] } },
{ "type": "Feature", "properties": { "内容": "グループホームあけぼの【認知症対応型共同生活介護】愛媛県南宇和郡愛南町増田５３６２番地", "url": "https://www.kaigokensaku.mhlw.go.jp/38/index.php?action_kouhyou_detail_004_kani=true&JigyosyoCd=3894000102-00&ServiceCd=320&Type=search", "url2": "http://www.gkwaraku.co.jp/akebono/" }, "geometry": { "type": "Point", "coordinates": [ 132.656002, 32.965231 ] } },
{ "type": "Feature", "properties": { "内容": "グループホーム福寿草【認知症対応型共同生活介護】愛媛県南宇和郡愛南町御荘平城２８２９番地１", "url": "https://www.kaigokensaku.mhlw.go.jp/38/index.php?action_kouhyou_detail_004_kani=true&JigyosyoCd=3894000110-00&ServiceCd=320&Type=search", "url2": "http://www.gkwaraku.co.jp/hukujusou/" }, "geometry": { "type": "Point", "coordinates": [ 132.566640869311527, 32.965395187397185 ] } }
]
}
